{"nm":"Flow 1","ddd":0,"h":150,"w":150,"meta":{"g":"LottieFiles Figma v59"},"layers":[{"ty":0,"nm":"Group 1","sr":1,"st":0,"op":37,"ip":0,"hd":false,"ddd":0,"bm":0,"hasMask":false,"ao":0,"ks":{"a":{"a":1,"k":[{"o":{"x":0.33,"y":1},"i":{"x":0.68,"y":1},"s":[16,18.5],"t":0},{"o":{"x":0.33,"y":1},"i":{"x":0.68,"y":1},"s":[16,18.5],"t":18},{"s":[16,18.5],"t":36}]},"s":{"a":1,"k":[{"o":{"x":0.33,"y":1},"i":{"x":0.68,"y":1},"s":[100,100],"t":0},{"o":{"x":0.33,"y":1},"i":{"x":0.68,"y":1},"s":[100,100],"t":18},{"s":[100,100],"t":36}]},"sk":{"a":0,"k":0},"p":{"a":1,"k":[{"o":{"x":0.33,"y":1},"i":{"x":0.68,"y":1},"s":[75,32.5],"t":0},{"o":{"x":0.33,"y":1},"i":{"x":0.68,"y":1},"s":[75,38.5],"t":18},{"s":[75,32.5],"t":36}]},"r":{"a":1,"k":[{"o":{"x":0.33,"y":1},"i":{"x":0.68,"y":1},"s":[0],"t":0},{"o":{"x":0.33,"y":1},"i":{"x":0.68,"y":1},"s":[0],"t":18},{"s":[0],"t":36}]},"sa":{"a":0,"k":0},"o":{"a":1,"k":[{"o":{"x":0.33,"y":1},"i":{"x":0.68,"y":1},"s":[100],"t":0},{"o":{"x":0.33,"y":1},"i":{"x":0.68,"y":1},"s":[100],"t":18},{"s":[100],"t":36}]}},"w":150,"h":150,"refId":"1","ind":1},{"ty":0,"nm":"Group 2","sr":1,"st":0,"op":37,"ip":0,"hd":false,"ddd":0,"bm":0,"hasMask":false,"ao":0,"ks":{"a":{"a":1,"k":[{"o":{"x":0.33,"y":1},"i":{"x":0.68,"y":1},"s":[23.53,29.28],"t":0},{"o":{"x":0.33,"y":1},"i":{"x":0.68,"y":1},"s":[23.53,29.28],"t":18},{"s":[23.53,29.28],"t":36}]},"s":{"a":1,"k":[{"o":{"x":0.33,"y":1},"i":{"x":0.68,"y":1},"s":[100,100],"t":0},{"o":{"x":0.33,"y":1},"i":{"x":0.68,"y":1},"s":[100,100],"t":18},{"s":[100,100],"t":36}]},"sk":{"a":0,"k":0},"p":{"a":1,"k":[{"o":{"x":0.33,"y":1},"i":{"x":0.68,"y":1},"s":[72.53,65.28],"t":0},{"o":{"x":0.33,"y":1},"i":{"x":0.68,"y":1},"s":[72.53,71.28],"t":18},{"s":[72.53,65.28],"t":36}]},"r":{"a":1,"k":[{"o":{"x":0.33,"y":1},"i":{"x":0.68,"y":1},"s":[0],"t":0},{"o":{"x":0.33,"y":1},"i":{"x":0.68,"y":1},"s":[0],"t":18},{"s":[0],"t":36}]},"sa":{"a":0,"k":0},"o":{"a":1,"k":[{"o":{"x":0.33,"y":1},"i":{"x":0.68,"y":1},"s":[100],"t":0},{"o":{"x":0.33,"y":1},"i":{"x":0.68,"y":1},"s":[100],"t":18},{"s":[100],"t":36}]}},"w":150,"h":150,"refId":"2","ind":2},{"ty":0,"nm":"Group 4","sr":1,"st":0,"op":37,"ip":0,"hd":false,"ddd":0,"bm":0,"hasMask":false,"ao":0,"ks":{"a":{"a":1,"k":[{"o":{"x":0.33,"y":1},"i":{"x":0.68,"y":1},"s":[14.75,7.25],"t":0},{"o":{"x":0.33,"y":1},"i":{"x":0.68,"y":1},"s":[14.75,6.5],"t":18},{"s":[14.75,7.25],"t":36}]},"s":{"a":1,"k":[{"o":{"x":0.33,"y":1},"i":{"x":0.68,"y":1},"s":[100,-100],"t":0},{"o":{"x":0.33,"y":1},"i":{"x":0.68,"y":1},"s":[100,-100],"t":18},{"s":[100,-100],"t":36}]},"sk":{"a":0,"k":0},"p":{"a":1,"k":[{"o":{"x":0.33,"y":1},"i":{"x":0.68,"y":1},"s":[49.75,49.25],"t":0},{"o":{"x":0.33,"y":1},"i":{"x":0.68,"y":1},"s":[49.75,56.5],"t":18},{"s":[49.75,49.25],"t":36}]},"r":{"a":1,"k":[{"o":{"x":0.33,"y":1},"i":{"x":0.68,"y":1},"s":[180],"t":0},{"o":{"x":0.33,"y":1},"i":{"x":0.68,"y":1},"s":[180],"t":18},{"s":[180],"t":36}]},"sa":{"a":0,"k":0},"o":{"a":1,"k":[{"o":{"x":0.33,"y":1},"i":{"x":0.68,"y":1},"s":[100],"t":0},{"o":{"x":0.33,"y":1},"i":{"x":0.68,"y":1},"s":[100],"t":18},{"s":[100],"t":36}]}},"w":150,"h":150,"refId":"3","ind":3},{"ty":0,"nm":"Group 3","sr":1,"st":0,"op":37,"ip":0,"hd":false,"ddd":0,"bm":0,"hasMask":false,"ao":0,"ks":{"a":{"a":1,"k":[{"o":{"x":0.33,"y":1},"i":{"x":0.68,"y":1},"s":[14.75,7.25],"t":0},{"o":{"x":0.33,"y":1},"i":{"x":0.68,"y":1},"s":[14.75,6.75],"t":18},{"s":[14.75,7.25],"t":36}]},"s":{"a":1,"k":[{"o":{"x":0.33,"y":1},"i":{"x":0.68,"y":1},"s":[100,100],"t":0},{"o":{"x":0.33,"y":1},"i":{"x":0.68,"y":1},"s":[100,100],"t":18},{"s":[100,100],"t":36}]},"sk":{"a":0,"k":0},"p":{"a":1,"k":[{"o":{"x":0.33,"y":1},"i":{"x":0.68,"y":1},"s":[99.75,48.25],"t":0},{"o":{"x":0.33,"y":1},"i":{"x":0.68,"y":1},"s":[99.75,55.25],"t":18},{"s":[99.75,48.25],"t":36}]},"r":{"a":1,"k":[{"o":{"x":0.33,"y":1},"i":{"x":0.68,"y":1},"s":[0],"t":0},{"o":{"x":0.33,"y":1},"i":{"x":0.68,"y":1},"s":[0],"t":18},{"s":[0],"t":36}]},"sa":{"a":0,"k":0},"o":{"a":1,"k":[{"o":{"x":0.33,"y":1},"i":{"x":0.68,"y":1},"s":[100],"t":0},{"o":{"x":0.33,"y":1},"i":{"x":0.68,"y":1},"s":[100],"t":18},{"s":[100],"t":36}]}},"w":150,"h":150,"refId":"4","ind":4},{"ty":0,"nm":"Group 5","sr":1,"st":0,"op":37,"ip":0,"hd":false,"ddd":0,"bm":0,"hasMask":false,"ao":0,"ks":{"a":{"a":1,"k":[{"o":{"x":0.33,"y":1},"i":{"x":0.68,"y":1},"s":[7.89,22.17],"t":0},{"o":{"x":0.33,"y":1},"i":{"x":0.68,"y":1},"s":[7.41,22.17],"t":18},{"s":[7.89,22.17],"t":36}]},"s":{"a":1,"k":[{"o":{"x":0.33,"y":1},"i":{"x":0.68,"y":1},"s":[100,100],"t":0},{"o":{"x":0.33,"y":1},"i":{"x":0.68,"y":1},"s":[100,100],"t":18},{"s":[100,100],"t":36}]},"sk":{"a":0,"k":0},"p":{"a":1,"k":[{"o":{"x":0.33,"y":1},"i":{"x":0.68,"y":1},"s":[66.89,109.17],"t":0},{"o":{"x":0.33,"y":1},"i":{"x":0.68,"y":1},"s":[67.36,109.17],"t":18},{"s":[66.89,109.17],"t":36}]},"r":{"a":1,"k":[{"o":{"x":0.33,"y":1},"i":{"x":0.68,"y":1},"s":[0],"t":0},{"o":{"x":0.33,"y":1},"i":{"x":0.68,"y":1},"s":[0],"t":18},{"s":[0],"t":36}]},"sa":{"a":0,"k":0},"o":{"a":1,"k":[{"o":{"x":0.33,"y":1},"i":{"x":0.68,"y":1},"s":[100],"t":0},{"o":{"x":0.33,"y":1},"i":{"x":0.68,"y":1},"s":[100],"t":18},{"s":[100],"t":36}]}},"w":150,"h":150,"refId":"5","ind":5},{"ty":0,"nm":"Group 6","sr":1,"st":0,"op":37,"ip":0,"hd":false,"ddd":0,"bm":0,"hasMask":false,"ao":0,"ks":{"a":{"a":1,"k":[{"o":{"x":0.33,"y":1},"i":{"x":0.68,"y":1},"s":[8.26,22.5],"t":0},{"o":{"x":0.33,"y":1},"i":{"x":0.68,"y":1},"s":[7.7,22.5],"t":18},{"s":[8.26,22.5],"t":36}]},"s":{"a":1,"k":[{"o":{"x":0.33,"y":1},"i":{"x":0.68,"y":1},"s":[100,100],"t":0},{"o":{"x":0.33,"y":1},"i":{"x":0.68,"y":1},"s":[100,100],"t":18},{"s":[100,100],"t":36}]},"sk":{"a":0,"k":0},"p":{"a":1,"k":[{"o":{"x":0.33,"y":1},"i":{"x":0.68,"y":1},"s":[82.26,108.5],"t":0},{"o":{"x":0.33,"y":1},"i":{"x":0.68,"y":1},"s":[82.83,108.5],"t":18},{"s":[82.26,108.5],"t":36}]},"r":{"a":1,"k":[{"o":{"x":0.33,"y":1},"i":{"x":0.68,"y":1},"s":[0],"t":0},{"o":{"x":0.33,"y":1},"i":{"x":0.68,"y":1},"s":[0],"t":18},{"s":[0],"t":36}]},"sa":{"a":0,"k":0},"o":{"a":1,"k":[{"o":{"x":0.33,"y":1},"i":{"x":0.68,"y":1},"s":[100],"t":0},{"o":{"x":0.33,"y":1},"i":{"x":0.68,"y":1},"s":[100],"t":18},{"s":[100],"t":36}]}},"w":150,"h":150,"refId":"6","ind":6},{"ty":4,"nm":"Ellipse 8","sr":1,"st":0,"op":37,"ip":0,"hd":false,"ddd":0,"bm":0,"hasMask":false,"ao":0,"ks":{"a":{"a":1,"k":[{"o":{"x":0.33,"y":1},"i":{"x":0.68,"y":1},"s":[37.5,6],"t":0},{"o":{"x":0.33,"y":1},"i":{"x":0.68,"y":1},"s":[43.5,6],"t":18},{"s":[37.5,6],"t":36}]},"s":{"a":1,"k":[{"o":{"x":0.33,"y":1},"i":{"x":0.68,"y":1},"s":[100,100],"t":0},{"o":{"x":0.33,"y":1},"i":{"x":0.68,"y":1},"s":[100,100],"t":18},{"s":[100,100],"t":36}]},"sk":{"a":0,"k":0},"p":{"a":1,"k":[{"o":{"x":0.33,"y":1},"i":{"x":0.68,"y":1},"s":[75.5,132],"t":0},{"o":{"x":0.33,"y":1},"i":{"x":0.68,"y":1},"s":[75.5,132],"t":18},{"s":[75.5,132],"t":36}]},"r":{"a":1,"k":[{"o":{"x":0.33,"y":1},"i":{"x":0.68,"y":1},"s":[0],"t":0},{"o":{"x":0.33,"y":1},"i":{"x":0.68,"y":1},"s":[0],"t":18},{"s":[0],"t":36}]},"sa":{"a":0,"k":0},"o":{"a":1,"k":[{"o":{"x":0.33,"y":1},"i":{"x":0.68,"y":1},"s":[100],"t":0},{"o":{"x":0.33,"y":1},"i":{"x":0.68,"y":1},"s":[100],"t":18},{"s":[100],"t":36}]}},"shapes":[{"ty":"sh","bm":0,"hd":false,"nm":"","d":1,"ks":{"a":1,"k":[{"o":{"x":0.33,"y":1},"i":{"x":0.68,"y":1},"s":[{"c":true,"i":[[0,0],[20.71,0],[0,3.31],[-20.71,0],[0,-3.31]],"o":[[0,3.31],[-20.71,0],[0,-3.31],[20.71,0],[0,0]],"v":[[75,6],[37.5,12],[0,6],[37.5,0],[75,6]]}],"t":0},{"o":{"x":0.33,"y":1},"i":{"x":0.68,"y":1},"s":[{"c":true,"i":[[0,0],[24.02,0],[0,3.31],[-24.02,0],[0,-3.31]],"o":[[0,3.31],[-24.02,0],[0,-3.31],[24.02,0],[0,0]],"v":[[87,6],[43.5,12],[0,6],[43.5,0],[87,6]]}],"t":18},{"s":[{"c":true,"i":[[0,0],[20.71,0],[0,3.31],[-20.71,0],[0,-3.31]],"o":[[0,3.31],[-20.71,0],[0,-3.31],[20.71,0],[0,0]],"v":[[75,6],[37.5,12],[0,6],[37.5,0],[75,6]]}],"t":36}]}},{"ty":"fl","bm":0,"hd":false,"nm":"","c":{"a":1,"k":[{"o":{"x":0.33,"y":1},"i":{"x":0.68,"y":1},"s":[0.851,0.851,0.851],"t":0},{"o":{"x":0.33,"y":1},"i":{"x":0.68,"y":1},"s":[0.851,0.851,0.851],"t":18},{"s":[0.851,0.851,0.851],"t":36}]},"r":1,"o":{"a":1,"k":[{"o":{"x":0.33,"y":1},"i":{"x":0.68,"y":1},"s":[100],"t":0},{"o":{"x":0.33,"y":1},"i":{"x":0.68,"y":1},"s":[100],"t":18},{"s":[100],"t":36}]}}],"ind":7},{"ty":4,"nm":"Frame 1 Bg","sr":1,"st":0,"op":37,"ip":0,"hd":false,"ddd":0,"bm":0,"hasMask":false,"ao":0,"ks":{"a":{"a":1,"k":[{"o":{"x":0.33,"y":1},"i":{"x":0.68,"y":1},"s":[75,75],"t":0},{"o":{"x":0.33,"y":1},"i":{"x":0.68,"y":1},"s":[75,75],"t":18},{"s":[75,75],"t":36}]},"s":{"a":1,"k":[{"o":{"x":0.33,"y":1},"i":{"x":0.68,"y":1},"s":[100,100],"t":0},{"o":{"x":0.33,"y":1},"i":{"x":0.68,"y":1},"s":[100,100],"t":18},{"s":[100,100],"t":36}]},"sk":{"a":0,"k":0},"p":{"a":1,"k":[{"o":{"x":0.33,"y":1},"i":{"x":0.68,"y":1},"s":[75,75],"t":0},{"o":{"x":0.33,"y":1},"i":{"x":0.68,"y":1},"s":[75,75],"t":18},{"s":[75,75],"t":36}]},"r":{"a":1,"k":[{"o":{"x":0.33,"y":1},"i":{"x":0.68,"y":1},"s":[0],"t":0},{"o":{"x":0.33,"y":1},"i":{"x":0.68,"y":1},"s":[0],"t":18},{"s":[0],"t":36}]},"sa":{"a":0,"k":0},"o":{"a":1,"k":[{"o":{"x":0.33,"y":1},"i":{"x":0.68,"y":1},"s":[100],"t":0},{"o":{"x":0.33,"y":1},"i":{"x":0.68,"y":1},"s":[100],"t":18},{"s":[100],"t":36}]}},"shapes":[{"ty":"sh","bm":0,"hd":false,"nm":"","d":1,"ks":{"a":1,"k":[{"o":{"x":0.33,"y":1},"i":{"x":0.68,"y":1},"s":[{"c":true,"i":[[0,0],[0,0],[0,0],[0,0]],"o":[[0,0],[0,0],[0,0],[0,0]],"v":[[150,0],[150,150],[0,150],[0,0]]}],"t":0},{"o":{"x":0.33,"y":1},"i":{"x":0.68,"y":1},"s":[{"c":true,"i":[[0,0],[0,0],[0,0],[0,0]],"o":[[0,0],[0,0],[0,0],[0,0]],"v":[[150,0],[150,150],[0,150],[0,0]]}],"t":18},{"s":[{"c":true,"i":[[0,0],[0,0],[0,0],[0,0]],"o":[[0,0],[0,0],[0,0],[0,0]],"v":[[150,0],[150,150],[0,150],[0,0]]}],"t":36}]}},{"ty":"fl","bm":0,"hd":false,"nm":"","c":{"a":1,"k":[{"o":{"x":0.33,"y":1},"i":{"x":0.68,"y":1},"s":[1,1,1],"t":0},{"o":{"x":0.33,"y":1},"i":{"x":0.68,"y":1},"s":[1,1,1],"t":18},{"s":[1,1,1],"t":36}]},"r":1,"o":{"a":1,"k":[{"o":{"x":0.33,"y":1},"i":{"x":0.68,"y":1},"s":[100],"t":0},{"o":{"x":0.33,"y":1},"i":{"x":0.68,"y":1},"s":[100],"t":18},{"s":[100],"t":36}]}}],"ind":8}],"v":"5.7.0","fr":60,"op":36,"ip":0,"assets":[{"nm":"[Asset] Group 1","id":"1","layers":[{"ty":4,"nm":"Vector 1","sr":1,"st":0,"op":37,"ip":0,"hd":false,"ddd":0,"bm":0,"hasMask":false,"ao":0,"ks":{"a":{"a":1,"k":[{"o":{"x":0.33,"y":1},"i":{"x":0.68,"y":1},"s":[8.5,2.37],"t":0},{"o":{"x":0.33,"y":1},"i":{"x":0.68,"y":1},"s":[8.5,2.37],"t":18},{"s":[8.5,2.37],"t":36}]},"s":{"a":1,"k":[{"o":{"x":0.33,"y":1},"i":{"x":0.68,"y":1},"s":[100,100],"t":0},{"o":{"x":0.33,"y":1},"i":{"x":0.68,"y":1},"s":[100,100],"t":18},{"s":[100,100],"t":36}]},"sk":{"a":0,"k":0},"p":{"a":1,"k":[{"o":{"x":0.33,"y":1},"i":{"x":0.68,"y":1},"s":[16.5,25.87],"t":0},{"o":{"x":0.33,"y":1},"i":{"x":0.68,"y":1},"s":[18.5,27.37],"t":18},{"s":[16.5,25.87],"t":36}]},"r":{"a":1,"k":[{"o":{"x":0.33,"y":1},"i":{"x":0.68,"y":1},"s":[0],"t":0},{"o":{"x":0.33,"y":1},"i":{"x":0.68,"y":1},"s":[0],"t":18},{"s":[0],"t":36}]},"sa":{"a":0,"k":0},"o":{"a":1,"k":[{"o":{"x":0.33,"y":1},"i":{"x":0.68,"y":1},"s":[100],"t":0},{"o":{"x":0.33,"y":1},"i":{"x":0.68,"y":1},"s":[100],"t":18},{"s":[100],"t":36}]}},"ef":[],"shapes":[{"ty":"sh","bm":0,"hd":false,"nm":"","d":1,"ks":{"a":1,"k":[{"o":{"x":0.33,"y":1},"i":{"x":0.68,"y":1},"s":[{"c":true,"i":[[0,0],[0,0],[0,0]],"o":[[0,0],[0,0],[0,0]],"v":[[5,4.5],[4.86,4.98],[5,4.5]]}],"t":0},{"o":{"x":0.33,"y":1},"i":{"x":0.68,"y":1},"s":[{"c":true,"i":[[0,0],[0,0],[0,0]],"o":[[0,0],[0,0],[0,0]],"v":[[5,4.5],[4.86,4.98],[5,4.5]]}],"t":18},{"s":[{"c":true,"i":[[0,0],[0,0],[0,0]],"o":[[0,0],[0,0],[0,0]],"v":[[5,4.5],[4.86,4.98],[5,4.5]]}],"t":36}]}},{"ty":"sh","bm":0,"hd":false,"nm":"","d":1,"ks":{"a":1,"k":[{"o":{"x":0.33,"y":1},"i":{"x":0.68,"y":1},"s":[{"c":true,"i":[[0,0],[-4.08,-1.22],[0,0],[0,0.5],[0,0]],"o":[[0,1.16],[0,0],[-3.92,-1.18],[0,0],[0,0]],"v":[[-0.5,0.5],[4.86,4.98],[5.14,4.02],[0.5,0.5],[-0.5,0.5]]}],"t":0},{"o":{"x":0.33,"y":1},"i":{"x":0.68,"y":1},"s":[{"c":true,"i":[[0,0],[-4.08,-1.22],[0,0],[0,0.5],[0,0]],"o":[[0,1.16],[0,0],[-3.92,-1.18],[0,0],[0,0]],"v":[[-0.5,0.5],[4.86,4.98],[5.14,4.02],[0.5,0.5],[-0.5,0.5]]}],"t":18},{"s":[{"c":true,"i":[[0,0],[-4.08,-1.22],[0,0],[0,0.5],[0,0]],"o":[[0,1.16],[0,0],[-3.92,-1.18],[0,0],[0,0]],"v":[[-0.5,0.5],[4.86,4.98],[5.14,4.02],[0.5,0.5],[-0.5,0.5]]}],"t":36}]}},{"ty":"sh","bm":0,"hd":false,"nm":"","d":1,"ks":{"a":1,"k":[{"o":{"x":0.33,"y":1},"i":{"x":0.68,"y":1},"s":[{"c":true,"i":[[0,0],[-1.41,0.37],[-1.21,0.67],[-0.75,0.55],[-0.21,0.16],[-0.05,0.05],[-0.01,0.01],[0,0],[0,0],[0,0],[0,0],[0.33,0.38],[0,0],[0,0],[0,0],[0,0],[0.01,-0.01],[0.03,-0.02],[0.1,-0.08],[0.36,-0.26],[1.16,-0.64],[1.31,-0.34],[1.13,0.34],[0,0]],"o":[[1.37,0.41],[1.41,-0.37],[1.21,-0.67],[0.37,-0.27],[0.1,-0.08],[0.03,-0.02],[0.01,-0.01],[0,0],[0,0],[0,0],[0,0],[-0.33,-0.38],[0,0],[0,0],[0,0],[0,0],[-0.01,0.01],[-0.05,0.04],[-0.2,0.16],[-0.72,0.53],[-1.17,0.64],[-1.31,0.34],[0,0],[0,0]],"v":[[4.86,4.98],[9.11,4.91],[13.12,3.25],[16.12,1.32],[17,0.65],[17.24,0.45],[17.3,0.4],[17.32,0.39],[17.32,0.38],[17.32,0.38],[17.33,0.38],[17,0],[16.67,-0.38],[16.67,-0.38],[16.67,-0.38],[16.67,-0.38],[16.66,-0.36],[16.6,-0.32],[16.38,-0.14],[15.53,0.51],[12.63,2.37],[8.86,3.95],[5.14,4.02],[4.86,4.98]]}],"t":0},{"o":{"x":0.33,"y":1},"i":{"x":0.68,"y":1},"s":[{"c":true,"i":[[0,0],[-1.41,0.37],[-1.21,0.67],[-0.75,0.55],[-0.21,0.16],[-0.05,0.05],[-0.01,0.01],[0,0],[0,0],[0,0],[0,0],[0.33,0.38],[0,0],[0,0],[0,0],[0,0],[0.01,-0.01],[0.03,-0.02],[0.1,-0.08],[0.36,-0.26],[1.16,-0.64],[1.31,-0.34],[1.13,0.34],[0,0]],"o":[[1.37,0.41],[1.41,-0.37],[1.21,-0.67],[0.37,-0.27],[0.1,-0.08],[0.03,-0.02],[0.01,-0.01],[0,0],[0,0],[0,0],[0,0],[-0.33,-0.38],[0,0],[0,0],[0,0],[0,0],[-0.01,0.01],[-0.05,0.04],[-0.2,0.16],[-0.72,0.53],[-1.17,0.64],[-1.31,0.34],[0,0],[0,0]],"v":[[4.86,4.98],[9.11,4.91],[13.12,3.25],[16.12,1.32],[17,0.65],[17.24,0.45],[17.3,0.4],[17.32,0.39],[17.32,0.38],[17.32,0.38],[17.33,0.38],[17,0],[16.67,-0.38],[16.67,-0.38],[16.67,-0.38],[16.67,-0.38],[16.66,-0.36],[16.6,-0.32],[16.38,-0.14],[15.53,0.51],[12.63,2.37],[8.86,3.95],[5.14,4.02],[4.86,4.98]]}],"t":18},{"s":[{"c":true,"i":[[0,0],[-1.41,0.37],[-1.21,0.67],[-0.75,0.55],[-0.21,0.16],[-0.05,0.05],[-0.01,0.01],[0,0],[0,0],[0,0],[0,0],[0.33,0.38],[0,0],[0,0],[0,0],[0,0],[0.01,-0.01],[0.03,-0.02],[0.1,-0.08],[0.36,-0.26],[1.16,-0.64],[1.31,-0.34],[1.13,0.34],[0,0]],"o":[[1.37,0.41],[1.41,-0.37],[1.21,-0.67],[0.37,-0.27],[0.1,-0.08],[0.03,-0.02],[0.01,-0.01],[0,0],[0,0],[0,0],[0,0],[-0.33,-0.38],[0,0],[0,0],[0,0],[0,0],[-0.01,0.01],[-0.05,0.04],[-0.2,0.16],[-0.72,0.53],[-1.17,0.64],[-1.31,0.34],[0,0],[0,0]],"v":[[4.86,4.98],[9.11,4.91],[13.12,3.25],[16.12,1.32],[17,0.65],[17.24,0.45],[17.3,0.4],[17.32,0.39],[17.32,0.38],[17.32,0.38],[17.33,0.38],[17,0],[16.67,-0.38],[16.67,-0.38],[16.67,-0.38],[16.67,-0.38],[16.66,-0.36],[16.6,-0.32],[16.38,-0.14],[15.53,0.51],[12.63,2.37],[8.86,3.95],[5.14,4.02],[4.86,4.98]]}],"t":36}]}},{"ty":"fl","bm":0,"hd":false,"nm":"","c":{"a":1,"k":[{"o":{"x":0.33,"y":1},"i":{"x":0.68,"y":1},"s":[0,0,0],"t":0},{"o":{"x":0.33,"y":1},"i":{"x":0.68,"y":1},"s":[0,0,0],"t":18},{"s":[0,0,0],"t":36}]},"r":1,"o":{"a":1,"k":[{"o":{"x":0.33,"y":1},"i":{"x":0.68,"y":1},"s":[100],"t":0},{"o":{"x":0.33,"y":1},"i":{"x":0.68,"y":1},"s":[100],"t":18},{"s":[100],"t":36}]}}],"ind":1},{"ty":4,"nm":"Ellipse 3","sr":1,"st":0,"op":37,"ip":0,"hd":false,"ddd":0,"bm":0,"hasMask":false,"ao":0,"ks":{"a":{"a":1,"k":[{"o":{"x":0.33,"y":1},"i":{"x":0.68,"y":1},"s":[2,2],"t":0},{"o":{"x":0.33,"y":1},"i":{"x":0.68,"y":1},"s":[2,2],"t":18},{"s":[2,2],"t":36}]},"s":{"a":1,"k":[{"o":{"x":0.33,"y":1},"i":{"x":0.68,"y":1},"s":[100,100],"t":0},{"o":{"x":0.33,"y":1},"i":{"x":0.68,"y":1},"s":[100,100],"t":18},{"s":[100,100],"t":36}]},"sk":{"a":0,"k":0},"p":{"a":1,"k":[{"o":{"x":0.33,"y":1},"i":{"x":0.68,"y":1},"s":[18,17],"t":0},{"o":{"x":0.33,"y":1},"i":{"x":0.68,"y":1},"s":[24,17],"t":18},{"s":[18,17],"t":36}]},"r":{"a":1,"k":[{"o":{"x":0.33,"y":1},"i":{"x":0.68,"y":1},"s":[0],"t":0},{"o":{"x":0.33,"y":1},"i":{"x":0.68,"y":1},"s":[0],"t":18},{"s":[0],"t":36}]},"sa":{"a":0,"k":0},"o":{"a":1,"k":[{"o":{"x":0.33,"y":1},"i":{"x":0.68,"y":1},"s":[100],"t":0},{"o":{"x":0.33,"y":1},"i":{"x":0.68,"y":1},"s":[100],"t":18},{"s":[100],"t":36}]}},"ef":[],"shapes":[{"ty":"sh","bm":0,"hd":false,"nm":"","d":1,"ks":{"a":1,"k":[{"o":{"x":0.33,"y":1},"i":{"x":0.68,"y":1},"s":[{"c":true,"i":[[0,0],[1.1,0],[0,1.1],[-1.1,0],[0,-1.1]],"o":[[0,1.1],[-1.1,0],[0,-1.1],[1.1,0],[0,0]],"v":[[4,2],[2,4],[0,2],[2,0],[4,2]]}],"t":0},{"o":{"x":0.33,"y":1},"i":{"x":0.68,"y":1},"s":[{"c":true,"i":[[0,0],[1.1,0],[0,1.1],[-1.1,0],[0,-1.1]],"o":[[0,1.1],[-1.1,0],[0,-1.1],[1.1,0],[0,0]],"v":[[4,2],[2,4],[0,2],[2,0],[4,2]]}],"t":18},{"s":[{"c":true,"i":[[0,0],[1.1,0],[0,1.1],[-1.1,0],[0,-1.1]],"o":[[0,1.1],[-1.1,0],[0,-1.1],[1.1,0],[0,0]],"v":[[4,2],[2,4],[0,2],[2,0],[4,2]]}],"t":36}]}},{"ty":"fl","bm":0,"hd":false,"nm":"","c":{"a":1,"k":[{"o":{"x":0.33,"y":1},"i":{"x":0.68,"y":1},"s":[0,0,0],"t":0},{"o":{"x":0.33,"y":1},"i":{"x":0.68,"y":1},"s":[0,0,0],"t":18},{"s":[0,0,0],"t":36}]},"r":1,"o":{"a":1,"k":[{"o":{"x":0.33,"y":1},"i":{"x":0.68,"y":1},"s":[100],"t":0},{"o":{"x":0.33,"y":1},"i":{"x":0.68,"y":1},"s":[100],"t":18},{"s":[100],"t":36}]}}],"ind":2},{"ty":4,"nm":"Ellipse 2","sr":1,"st":0,"op":37,"ip":0,"hd":false,"ddd":0,"bm":0,"hasMask":false,"ao":0,"ks":{"a":{"a":1,"k":[{"o":{"x":0.33,"y":1},"i":{"x":0.68,"y":1},"s":[2,2],"t":0},{"o":{"x":0.33,"y":1},"i":{"x":0.68,"y":1},"s":[2,2],"t":18},{"s":[2,2],"t":36}]},"s":{"a":1,"k":[{"o":{"x":0.33,"y":1},"i":{"x":0.68,"y":1},"s":[100,100],"t":0},{"o":{"x":0.33,"y":1},"i":{"x":0.68,"y":1},"s":[100,100],"t":18},{"s":[100,100],"t":36}]},"sk":{"a":0,"k":0},"p":{"a":1,"k":[{"o":{"x":0.33,"y":1},"i":{"x":0.68,"y":1},"s":[7,17],"t":0},{"o":{"x":0.33,"y":1},"i":{"x":0.68,"y":1},"s":[13,17],"t":18},{"s":[7,17],"t":36}]},"r":{"a":1,"k":[{"o":{"x":0.33,"y":1},"i":{"x":0.68,"y":1},"s":[0],"t":0},{"o":{"x":0.33,"y":1},"i":{"x":0.68,"y":1},"s":[0],"t":18},{"s":[0],"t":36}]},"sa":{"a":0,"k":0},"o":{"a":1,"k":[{"o":{"x":0.33,"y":1},"i":{"x":0.68,"y":1},"s":[100],"t":0},{"o":{"x":0.33,"y":1},"i":{"x":0.68,"y":1},"s":[100],"t":18},{"s":[100],"t":36}]}},"ef":[],"shapes":[{"ty":"sh","bm":0,"hd":false,"nm":"","d":1,"ks":{"a":1,"k":[{"o":{"x":0.33,"y":1},"i":{"x":0.68,"y":1},"s":[{"c":true,"i":[[0,0],[1.1,0],[0,1.1],[-1.1,0],[0,-1.1]],"o":[[0,1.1],[-1.1,0],[0,-1.1],[1.1,0],[0,0]],"v":[[4,2],[2,4],[0,2],[2,0],[4,2]]}],"t":0},{"o":{"x":0.33,"y":1},"i":{"x":0.68,"y":1},"s":[{"c":true,"i":[[0,0],[1.1,0],[0,1.1],[-1.1,0],[0,-1.1]],"o":[[0,1.1],[-1.1,0],[0,-1.1],[1.1,0],[0,0]],"v":[[4,2],[2,4],[0,2],[2,0],[4,2]]}],"t":18},{"s":[{"c":true,"i":[[0,0],[1.1,0],[0,1.1],[-1.1,0],[0,-1.1]],"o":[[0,1.1],[-1.1,0],[0,-1.1],[1.1,0],[0,0]],"v":[[4,2],[2,4],[0,2],[2,0],[4,2]]}],"t":36}]}},{"ty":"fl","bm":0,"hd":false,"nm":"","c":{"a":1,"k":[{"o":{"x":0.33,"y":1},"i":{"x":0.68,"y":1},"s":[0,0,0],"t":0},{"o":{"x":0.33,"y":1},"i":{"x":0.68,"y":1},"s":[0,0,0],"t":18},{"s":[0,0,0],"t":36}]},"r":1,"o":{"a":1,"k":[{"o":{"x":0.33,"y":1},"i":{"x":0.68,"y":1},"s":[100],"t":0},{"o":{"x":0.33,"y":1},"i":{"x":0.68,"y":1},"s":[100],"t":18},{"s":[100],"t":36}]}}],"ind":3},{"ty":4,"nm":"Ellipse 1","sr":1,"st":0,"op":37,"ip":0,"hd":false,"ddd":0,"bm":0,"hasMask":false,"ao":0,"ks":{"a":{"a":1,"k":[{"o":{"x":0.33,"y":1},"i":{"x":0.68,"y":1},"s":[16,18.5],"t":0},{"o":{"x":0.33,"y":1},"i":{"x":0.68,"y":1},"s":[16,18.5],"t":18},{"s":[16,18.5],"t":36}]},"s":{"a":1,"k":[{"o":{"x":0.33,"y":1},"i":{"x":0.68,"y":1},"s":[100,100],"t":0},{"o":{"x":0.33,"y":1},"i":{"x":0.68,"y":1},"s":[100,100],"t":18},{"s":[100,100],"t":36}]},"sk":{"a":0,"k":0},"p":{"a":1,"k":[{"o":{"x":0.33,"y":1},"i":{"x":0.68,"y":1},"s":[16.5,19],"t":0},{"o":{"x":0.33,"y":1},"i":{"x":0.68,"y":1},"s":[16.5,19],"t":18},{"s":[16.5,19],"t":36}]},"r":{"a":1,"k":[{"o":{"x":0.33,"y":1},"i":{"x":0.68,"y":1},"s":[0],"t":0},{"o":{"x":0.33,"y":1},"i":{"x":0.68,"y":1},"s":[0],"t":18},{"s":[0],"t":36}]},"sa":{"a":0,"k":0},"o":{"a":1,"k":[{"o":{"x":0.33,"y":1},"i":{"x":0.68,"y":1},"s":[100],"t":0},{"o":{"x":0.33,"y":1},"i":{"x":0.68,"y":1},"s":[100],"t":18},{"s":[100],"t":36}]}},"ef":[],"shapes":[{"ty":"sh","bm":0,"hd":false,"nm":"","d":1,"ks":{"a":1,"k":[{"o":{"x":0.33,"y":1},"i":{"x":0.68,"y":1},"s":[{"c":true,"i":[[0,0],[8.56375,0],[0,9.943783783783784],[-8.56375,0],[0,-9.943783783783784]],"o":[[0,9.943783783783784],[-8.56375,0],[0,-9.943783783783784],[8.56375,0],[0,0]],"v":[[31,18],[15.5,36],[0,18],[15.5,0],[31,18]]}],"t":0},{"o":{"x":0.33,"y":1},"i":{"x":0.68,"y":1},"s":[{"c":true,"i":[[0,0],[8.56375,0],[0,9.943783783783784],[-8.56375,0],[0,-9.943783783783784]],"o":[[0,9.943783783783784],[-8.56375,0],[0,-9.943783783783784],[8.56375,0],[0,0]],"v":[[31,18],[15.5,36],[0,18],[15.5,0],[31,18]]}],"t":18},{"s":[{"c":true,"i":[[0,0],[8.56375,0],[0,9.943783783783784],[-8.56375,0],[0,-9.943783783783784]],"o":[[0,9.943783783783784],[-8.56375,0],[0,-9.943783783783784],[8.56375,0],[0,0]],"v":[[31,18],[15.5,36],[0,18],[15.5,0],[31,18]]}],"t":36}]}},{"ty":"st","bm":0,"hd":false,"nm":"","lc":1,"lj":1,"ml":4,"o":{"a":1,"k":[{"o":{"x":0.33,"y":1},"i":{"x":0.68,"y":1},"s":[100],"t":0},{"o":{"x":0.33,"y":1},"i":{"x":0.68,"y":1},"s":[100],"t":18},{"s":[100],"t":36}]},"w":{"a":1,"k":[{"o":{"x":0.33,"y":1},"i":{"x":0.68,"y":1},"s":[1],"t":0},{"o":{"x":0.33,"y":1},"i":{"x":0.68,"y":1},"s":[1],"t":18},{"s":[1],"t":36}]},"c":{"a":1,"k":[{"o":{"x":0.33,"y":1},"i":{"x":0.68,"y":1},"s":[0,0,0],"t":0},{"o":{"x":0.33,"y":1},"i":{"x":0.68,"y":1},"s":[0,0,0],"t":18},{"s":[0,0,0],"t":36}]}},{"ty":"fl","bm":0,"hd":false,"nm":"","c":{"a":1,"k":[{"o":{"x":0.33,"y":1},"i":{"x":0.68,"y":1},"s":[1,1,1],"t":0},{"o":{"x":0.33,"y":1},"i":{"x":0.68,"y":1},"s":[1,1,1],"t":18},{"s":[1,1,1],"t":36}]},"r":1,"o":{"a":1,"k":[{"o":{"x":0.33,"y":1},"i":{"x":0.68,"y":1},"s":[100],"t":0},{"o":{"x":0.33,"y":1},"i":{"x":0.68,"y":1},"s":[100],"t":18},{"s":[100],"t":36}]}}],"ind":4}]},{"nm":"[Asset] Group 2","id":"2","layers":[{"ty":4,"nm":"Ellipse 5","sr":1,"st":0,"op":37,"ip":0,"hd":false,"ddd":0,"bm":0,"hasMask":false,"ao":0,"ks":{"a":{"a":1,"k":[{"o":{"x":0.33,"y":1},"i":{"x":0.68,"y":1},"s":[12.93,24.1],"t":0},{"o":{"x":0.33,"y":1},"i":{"x":0.68,"y":1},"s":[12.93,24.1],"t":18},{"s":[12.93,24.1],"t":36}]},"s":{"a":1,"k":[{"o":{"x":0.33,"y":1},"i":{"x":0.68,"y":1},"s":[100,-100],"t":0},{"o":{"x":0.33,"y":1},"i":{"x":0.68,"y":1},"s":[100,-100],"t":18},{"s":[100,-100],"t":36}]},"sk":{"a":0,"k":0},"p":{"a":1,"k":[{"o":{"x":0.33,"y":1},"i":{"x":0.68,"y":1},"s":[24.36,29.76],"t":0},{"o":{"x":0.33,"y":1},"i":{"x":0.68,"y":1},"s":[24.36,29.76],"t":18},{"s":[24.36,29.76],"t":36}]},"r":{"a":1,"k":[{"o":{"x":0.33,"y":1},"i":{"x":0.68,"y":1},"s":[22.22],"t":0},{"o":{"x":0.33,"y":1},"i":{"x":0.68,"y":1},"s":[22.22],"t":18},{"s":[22.22],"t":36}]},"sa":{"a":0,"k":0},"o":{"a":1,"k":[{"o":{"x":0.33,"y":1},"i":{"x":0.68,"y":1},"s":[100],"t":0},{"o":{"x":0.33,"y":1},"i":{"x":0.68,"y":1},"s":[100],"t":18},{"s":[100],"t":36}]}},"ef":[],"shapes":[{"ty":"sh","bm":0,"hd":false,"nm":"","d":1,"ks":{"a":1,"k":[{"o":{"x":0.33,"y":1},"i":{"x":0.68,"y":1},"s":[{"c":true,"i":[[0,0],[7.14,0],[0,12.01],[-7.14,0],[0,-12.01]],"o":[[0,12.01],[-7.14,0],[0,-12.01],[7.14,0],[0,0]],"v":[[25.85,21.74],[10.18,48.21],[0,21.74],[12.93,0],[25.85,21.74]]}],"t":0},{"o":{"x":0.33,"y":1},"i":{"x":0.68,"y":1},"s":[{"c":true,"i":[[0,0],[7.14,0],[0,12.01],[-7.14,0],[0,-12.01]],"o":[[0,12.01],[-7.14,0],[0,-12.01],[7.14,0],[0,0]],"v":[[25.85,21.74],[10.18,48.21],[0,21.74],[12.93,0],[25.85,21.74]]}],"t":18},{"s":[{"c":true,"i":[[0,0],[7.14,0],[0,12.01],[-7.14,0],[0,-12.01]],"o":[[0,12.01],[-7.14,0],[0,-12.01],[7.14,0],[0,0]],"v":[[25.85,21.74],[10.18,48.21],[0,21.74],[12.93,0],[25.85,21.74]]}],"t":36}]}},{"ty":"fl","bm":0,"hd":false,"nm":"","c":{"a":1,"k":[{"o":{"x":0.33,"y":1},"i":{"x":0.68,"y":1},"s":[0.3348,0.9625,0.2326],"t":0},{"o":{"x":0.33,"y":1},"i":{"x":0.68,"y":1},"s":[0.3348,0.9625,0.2326],"t":18},{"s":[0.3348,0.9625,0.2326],"t":36}]},"r":1,"o":{"a":1,"k":[{"o":{"x":0.33,"y":1},"i":{"x":0.68,"y":1},"s":[100],"t":0},{"o":{"x":0.33,"y":1},"i":{"x":0.68,"y":1},"s":[100],"t":18},{"s":[100],"t":36}]}}],"ind":1},{"ty":4,"nm":"Ellipse 4","sr":1,"st":0,"op":37,"ip":0,"hd":false,"ddd":0,"bm":0,"hasMask":false,"ao":0,"ks":{"a":{"a":1,"k":[{"o":{"x":0.33,"y":1},"i":{"x":0.68,"y":1},"s":[15,25.5],"t":0},{"o":{"x":0.33,"y":1},"i":{"x":0.68,"y":1},"s":[15,25.5],"t":18},{"s":[15,25.5],"t":36}]},"s":{"a":1,"k":[{"o":{"x":0.33,"y":1},"i":{"x":0.68,"y":1},"s":[100,-100],"t":0},{"o":{"x":0.33,"y":1},"i":{"x":0.68,"y":1},"s":[100,-100],"t":18},{"s":[100,-100],"t":36}]},"sk":{"a":0,"k":0},"p":{"a":1,"k":[{"o":{"x":0.33,"y":1},"i":{"x":0.68,"y":1},"s":[24.03,29.78],"t":0},{"o":{"x":0.33,"y":1},"i":{"x":0.68,"y":1},"s":[24.03,29.78],"t":18},{"s":[24.03,29.78],"t":36}]},"r":{"a":1,"k":[{"o":{"x":0.33,"y":1},"i":{"x":0.68,"y":1},"s":[22.22],"t":0},{"o":{"x":0.33,"y":1},"i":{"x":0.68,"y":1},"s":[22.22],"t":18},{"s":[22.22],"t":36}]},"sa":{"a":0,"k":0},"o":{"a":1,"k":[{"o":{"x":0.33,"y":1},"i":{"x":0.68,"y":1},"s":[100],"t":0},{"o":{"x":0.33,"y":1},"i":{"x":0.68,"y":1},"s":[100],"t":18},{"s":[100],"t":36}]}},"ef":[],"shapes":[{"ty":"sh","bm":0,"hd":false,"nm":"","d":1,"ks":{"a":1,"k":[{"o":{"x":0.33,"y":1},"i":{"x":0.68,"y":1},"s":[{"c":true,"i":[[0,0],[8.004,0],[0,12.450980392156861],[-8.004,0],[0,-12.450980392156861]],"o":[[0,12.450980392156861],[-8.004,0],[0,-12.450980392156861],[8.004,0],[0,0]],"v":[[29,22.549019607843135],[11.426,50],[0,22.549019607843135],[14.5,0],[29,22.549019607843135]]}],"t":0},{"o":{"x":0.33,"y":1},"i":{"x":0.68,"y":1},"s":[{"c":true,"i":[[0,0],[8.004,0],[0,12.450980392156861],[-8.004,0],[0,-12.450980392156861]],"o":[[0,12.450980392156861],[-8.004,0],[0,-12.450980392156861],[8.004,0],[0,0]],"v":[[29,22.549019607843135],[11.426,50],[0,22.549019607843135],[14.5,0],[29,22.549019607843135]]}],"t":18},{"s":[{"c":true,"i":[[0,0],[8.004,0],[0,12.450980392156861],[-8.004,0],[0,-12.450980392156861]],"o":[[0,12.450980392156861],[-8.004,0],[0,-12.450980392156861],[8.004,0],[0,0]],"v":[[29,22.549019607843135],[11.426,50],[0,22.549019607843135],[14.5,0],[29,22.549019607843135]]}],"t":36}]}},{"ty":"st","bm":0,"hd":false,"nm":"","lc":1,"lj":1,"ml":4,"o":{"a":1,"k":[{"o":{"x":0.33,"y":1},"i":{"x":0.68,"y":1},"s":[100],"t":0},{"o":{"x":0.33,"y":1},"i":{"x":0.68,"y":1},"s":[100],"t":18},{"s":[100],"t":36}]},"w":{"a":1,"k":[{"o":{"x":0.33,"y":1},"i":{"x":0.68,"y":1},"s":[1],"t":0},{"o":{"x":0.33,"y":1},"i":{"x":0.68,"y":1},"s":[1],"t":18},{"s":[1],"t":36}]},"c":{"a":1,"k":[{"o":{"x":0.33,"y":1},"i":{"x":0.68,"y":1},"s":[0,0,0],"t":0},{"o":{"x":0.33,"y":1},"i":{"x":0.68,"y":1},"s":[0,0,0],"t":18},{"s":[0,0,0],"t":36}]}},{"ty":"fl","bm":0,"hd":false,"nm":"","c":{"a":1,"k":[{"o":{"x":0.33,"y":1},"i":{"x":0.68,"y":1},"s":[0.2413,0.8625,0.1402],"t":0},{"o":{"x":0.33,"y":1},"i":{"x":0.68,"y":1},"s":[0.2413,0.8625,0.1402],"t":18},{"s":[0.2413,0.8625,0.1402],"t":36}]},"r":1,"o":{"a":1,"k":[{"o":{"x":0.33,"y":1},"i":{"x":0.68,"y":1},"s":[100],"t":0},{"o":{"x":0.33,"y":1},"i":{"x":0.68,"y":1},"s":[100],"t":18},{"s":[100],"t":36}]}}],"ind":2}]},{"nm":"[Asset] Group 4","id":"3","layers":[{"ty":4,"nm":"Ellipse 6","sr":1,"st":0,"op":37,"ip":0,"hd":false,"ddd":0,"bm":0,"hasMask":false,"ao":0,"ks":{"a":{"a":1,"k":[{"o":{"x":0.33,"y":1},"i":{"x":0.68,"y":1},"s":[5,5],"t":0},{"o":{"x":0.33,"y":1},"i":{"x":0.68,"y":1},"s":[5,5],"t":18},{"s":[5,5],"t":36}]},"s":{"a":1,"k":[{"o":{"x":0.33,"y":1},"i":{"x":0.68,"y":1},"s":[100,100],"t":0},{"o":{"x":0.33,"y":1},"i":{"x":0.68,"y":1},"s":[100,100],"t":18},{"s":[100,100],"t":36}]},"sk":{"a":0,"k":0},"p":{"a":1,"k":[{"o":{"x":0.33,"y":1},"i":{"x":0.68,"y":1},"s":[24,5.5],"t":0},{"o":{"x":0.33,"y":1},"i":{"x":0.68,"y":1},"s":[24,8.5],"t":18},{"s":[24,5.5],"t":36}]},"r":{"a":1,"k":[{"o":{"x":0.33,"y":1},"i":{"x":0.68,"y":1},"s":[0],"t":0},{"o":{"x":0.33,"y":1},"i":{"x":0.68,"y":1},"s":[0],"t":18},{"s":[0],"t":36}]},"sa":{"a":0,"k":0},"o":{"a":1,"k":[{"o":{"x":0.33,"y":1},"i":{"x":0.68,"y":1},"s":[100],"t":0},{"o":{"x":0.33,"y":1},"i":{"x":0.68,"y":1},"s":[100],"t":18},{"s":[100],"t":36}]}},"ef":[],"shapes":[{"ty":"sh","bm":0,"hd":false,"nm":"","d":1,"ks":{"a":1,"k":[{"o":{"x":0.33,"y":1},"i":{"x":0.68,"y":1},"s":[{"c":true,"i":[[0,0],[2.484,0],[0,2.484],[-2.484,0],[0,-2.484]],"o":[[0,2.484],[-2.484,0],[0,-2.484],[2.484,0],[0,0]],"v":[[9,4.5],[4.5,9],[0,4.5],[4.5,0],[9,4.5]]}],"t":0},{"o":{"x":0.33,"y":1},"i":{"x":0.68,"y":1},"s":[{"c":true,"i":[[0,0],[2.484,0],[0,2.484],[-2.484,0],[0,-2.484]],"o":[[0,2.484],[-2.484,0],[0,-2.484],[2.484,0],[0,0]],"v":[[9,4.5],[4.5,9],[0,4.5],[4.5,0],[9,4.5]]}],"t":18},{"s":[{"c":true,"i":[[0,0],[2.484,0],[0,2.484],[-2.484,0],[0,-2.484]],"o":[[0,2.484],[-2.484,0],[0,-2.484],[2.484,0],[0,0]],"v":[[9,4.5],[4.5,9],[0,4.5],[4.5,0],[9,4.5]]}],"t":36}]}},{"ty":"st","bm":0,"hd":false,"nm":"","lc":1,"lj":1,"ml":4,"o":{"a":1,"k":[{"o":{"x":0.33,"y":1},"i":{"x":0.68,"y":1},"s":[100],"t":0},{"o":{"x":0.33,"y":1},"i":{"x":0.68,"y":1},"s":[100],"t":18},{"s":[100],"t":36}]},"w":{"a":1,"k":[{"o":{"x":0.33,"y":1},"i":{"x":0.68,"y":1},"s":[1],"t":0},{"o":{"x":0.33,"y":1},"i":{"x":0.68,"y":1},"s":[1],"t":18},{"s":[1],"t":36}]},"c":{"a":1,"k":[{"o":{"x":0.33,"y":1},"i":{"x":0.68,"y":1},"s":[0,0,0],"t":0},{"o":{"x":0.33,"y":1},"i":{"x":0.68,"y":1},"s":[0,0,0],"t":18},{"s":[0,0,0],"t":36}]}},{"ty":"fl","bm":0,"hd":false,"nm":"","c":{"a":1,"k":[{"o":{"x":0.33,"y":1},"i":{"x":0.68,"y":1},"s":[1,1,1],"t":0},{"o":{"x":0.33,"y":1},"i":{"x":0.68,"y":1},"s":[1,1,1],"t":18},{"s":[1,1,1],"t":36}]},"r":1,"o":{"a":1,"k":[{"o":{"x":0.33,"y":1},"i":{"x":0.68,"y":1},"s":[100],"t":0},{"o":{"x":0.33,"y":1},"i":{"x":0.68,"y":1},"s":[100],"t":18},{"s":[100],"t":36}]}}],"ind":1},{"ty":4,"nm":"Vector 2","sr":1,"st":0,"op":37,"ip":0,"hd":false,"ddd":0,"bm":0,"hasMask":false,"ao":0,"ks":{"a":{"a":1,"k":[{"o":{"x":0.33,"y":1},"i":{"x":0.68,"y":1},"s":[11,3.25],"t":0},{"o":{"x":0.33,"y":1},"i":{"x":0.68,"y":1},"s":[11,3.49],"t":18},{"s":[11,3.25],"t":36}]},"s":{"a":1,"k":[{"o":{"x":0.33,"y":1},"i":{"x":0.68,"y":1},"s":[100,100],"t":0},{"o":{"x":0.33,"y":1},"i":{"x":0.68,"y":1},"s":[100,100],"t":18},{"s":[100,100],"t":36}]},"sk":{"a":0,"k":0},"p":{"a":1,"k":[{"o":{"x":0.33,"y":1},"i":{"x":0.68,"y":1},"s":[11,11.25],"t":0},{"o":{"x":0.33,"y":1},"i":{"x":0.68,"y":1},"s":[11,3.49],"t":18},{"s":[11,11.25],"t":36}]},"r":{"a":1,"k":[{"o":{"x":0.33,"y":1},"i":{"x":0.68,"y":1},"s":[0],"t":0},{"o":{"x":0.33,"y":1},"i":{"x":0.68,"y":1},"s":[0],"t":18},{"s":[0],"t":36}]},"sa":{"a":0,"k":0},"o":{"a":1,"k":[{"o":{"x":0.33,"y":1},"i":{"x":0.68,"y":1},"s":[100],"t":0},{"o":{"x":0.33,"y":1},"i":{"x":0.68,"y":1},"s":[100],"t":18},{"s":[100],"t":36}]}},"ef":[],"shapes":[{"ty":"sh","bm":0,"hd":false,"nm":"","d":1,"ks":{"a":1,"k":[{"o":{"x":0.33,"y":1},"i":{"x":0.68,"y":1},"s":[{"c":true,"i":[[0,0],[0,0],[0,0],[0,0],[0,0],[0,-0.01],[-0.01,-0.03],[-0.05,-0.09],[-0.18,-0.31],[-0.7,-0.84],[-2.82,0],[0,0],[1.31,1.58],[0.33,0.59],[0.08,0.17],[0.02,0.04],[0,0.01],[0,0],[0,0],[0,0],[0,0],[0.46,-0.2]],"o":[[-0.46,0.2],[0,0],[0,0],[0,0],[0,0],[0.01,0.01],[0.02,0.05],[0.09,0.19],[0.35,0.63],[1.39,1.67],[0,0],[-2.38,0],[-0.65,-0.78],[-0.17,-0.29],[-0.04,-0.08],[-0.01,-0.02],[0,-0.01],[0,0],[0,0],[0,0],[0,0],[0,0]],"v":[[0,0],[-0.46,0.2],[-0.46,0.2],[-0.46,0.2],[-0.46,0.2],[-0.45,0.22],[-0.42,0.28],[-0.32,0.5],[0.08,1.26],[1.67,3.57],[8,7],[8,6],[2.43,2.93],[0.95,0.77],[0.58,0.06],[0.49,-0.13],[0.47,-0.18],[0.46,-0.2],[0.46,-0.2],[0.46,-0.2],[0.46,-0.2],[0,0]]}],"t":0},{"o":{"x":0.33,"y":1},"i":{"x":0.68,"y":1},"s":[{"c":true,"i":[[0,0],[0,0],[0,0],[0,0],[0,0],[0,0],[-0.01,0.02],[-0.04,0.08],[-0.17,0.27],[-0.65,0.72],[-2.4,0],[0,0],[1.39,-1.55],[0.36,-0.58],[0.09,-0.17],[0.02,-0.05],[0.01,-0.01],[0,0],[0,0],[0,0],[0,0],[-0.45,-0.21]],"o":[[0.45,0.21],[0,0],[0,0],[0,0],[0,0],[0,-0.01],[0.02,-0.04],[0.08,-0.16],[0.33,-0.54],[1.31,-1.45],[0,0],[-2.8,0],[-0.7,0.78],[-0.18,0.29],[-0.05,0.09],[-0.01,0.02],[0,0.01],[0,0],[0,0],[0,0],[0,0],[0,0]],"v":[[0,6],[0.45,6.21],[0.45,6.21],[0.45,6.21],[0.45,6.21],[0.46,6.2],[0.48,6.15],[0.57,5.98],[0.95,5.32],[2.42,3.33],[8,0.5],[8,-0.5],[1.68,2.67],[0.09,4.8],[-0.31,5.51],[-0.42,5.71],[-0.44,5.77],[-0.45,5.78],[-0.45,5.79],[-0.45,5.79],[-0.45,5.79],[0,6]]}],"t":18},{"s":[{"c":true,"i":[[0,0],[0,0],[0,0],[0,0],[0,0],[0,-0.01],[-0.01,-0.03],[-0.05,-0.09],[-0.18,-0.31],[-0.7,-0.84],[-2.82,0],[0,0],[1.31,1.58],[0.33,0.59],[0.08,0.17],[0.02,0.04],[0,0.01],[0,0],[0,0],[0,0],[0,0],[0.46,-0.2]],"o":[[-0.46,0.2],[0,0],[0,0],[0,0],[0,0],[0.01,0.01],[0.02,0.05],[0.09,0.19],[0.35,0.63],[1.39,1.67],[0,0],[-2.38,0],[-0.65,-0.78],[-0.17,-0.29],[-0.04,-0.08],[-0.01,-0.02],[0,-0.01],[0,0],[0,0],[0,0],[0,0],[0,0]],"v":[[0,0],[-0.46,0.2],[-0.46,0.2],[-0.46,0.2],[-0.46,0.2],[-0.45,0.22],[-0.42,0.28],[-0.32,0.5],[0.08,1.26],[1.67,3.57],[8,7],[8,6],[2.43,2.93],[0.95,0.77],[0.58,0.06],[0.49,-0.13],[0.47,-0.18],[0.46,-0.2],[0.46,-0.2],[0.46,-0.2],[0.46,-0.2],[0,0]]}],"t":36}]}},{"ty":"sh","bm":0,"hd":false,"nm":"","d":1,"ks":{"a":1,"k":[{"o":{"x":0.33,"y":1},"i":{"x":0.68,"y":1},"s":[{"c":true,"i":[[0,0],[0,0],[0,0],[-3.62,2.63],[-3.62,2.63],[0,0],[0,0],[6.8,0],[6.8,0],[0,0],[0,0]],"o":[[7.2,0],[7.2,0],[7.2,0],[0,0],[0,0],[-3.71,2.7],[-3.71,2.7],[0,0],[0,0],[0,0],[0,0]],"v":[[8,7],[8,7],[8,7],[22.29,0.9],[22.29,0.9],[21.71,0.1],[21.71,0.1],[8,6],[8,6],[8,7],[8,7]]}],"t":0},{"o":{"x":0.33,"y":1},"i":{"x":0.68,"y":1},"s":[{"c":true,"i":[[0,0],[-2.19,-1.98],[-1.01,-0.52],[-0.56,0.01],[-0.53,0.39],[0,0],[0.34,0],[0.42,0.22],[1.1,1],[3.72,0],[0,0]],"o":[[3.28,0],[1.06,0.96],[0.51,0.27],[0.57,-0.01],[0,0],[-0.38,0.28],[-0.35,0],[-0.87,-0.45],[-2.14,-1.94],[0,0],[0,0]],"v":[[8,0.5],[15.91,4.62],[19.02,7.05],[20.64,7.49],[22.29,6.9],[21.71,6.1],[20.63,6.49],[19.48,6.17],[16.59,3.88],[8,-0.5],[8,0.5]]}],"t":18},{"s":[{"c":true,"i":[[0,0],[0,0],[0,0],[-3.62,2.63],[-3.62,2.63],[0,0],[0,0],[6.8,0],[6.8,0],[0,0],[0,0]],"o":[[7.2,0],[7.2,0],[7.2,0],[0,0],[0,0],[-3.71,2.7],[-3.71,2.7],[0,0],[0,0],[0,0],[0,0]],"v":[[8,7],[8,7],[8,7],[22.29,0.9],[22.29,0.9],[21.71,0.1],[21.71,0.1],[8,6],[8,6],[8,7],[8,7]]}],"t":36}]}},{"ty":"fl","bm":0,"hd":false,"nm":"","c":{"a":1,"k":[{"o":{"x":0.33,"y":1},"i":{"x":0.68,"y":1},"s":[0,0,0],"t":0},{"o":{"x":0.33,"y":1},"i":{"x":0.68,"y":1},"s":[0,0,0],"t":18},{"s":[0,0,0],"t":36}]},"r":1,"o":{"a":1,"k":[{"o":{"x":0.33,"y":1},"i":{"x":0.68,"y":1},"s":[100],"t":0},{"o":{"x":0.33,"y":1},"i":{"x":0.68,"y":1},"s":[100],"t":18},{"s":[100],"t":36}]}}],"ind":2}]},{"nm":"[Asset] Group 3","id":"4","layers":[{"ty":4,"nm":"Ellipse 6","sr":1,"st":0,"op":37,"ip":0,"hd":false,"ddd":0,"bm":0,"hasMask":false,"ao":0,"ks":{"a":{"a":1,"k":[{"o":{"x":0.33,"y":1},"i":{"x":0.68,"y":1},"s":[5,5],"t":0},{"o":{"x":0.33,"y":1},"i":{"x":0.68,"y":1},"s":[5,5],"t":18},{"s":[5,5],"t":36}]},"s":{"a":1,"k":[{"o":{"x":0.33,"y":1},"i":{"x":0.68,"y":1},"s":[100,100],"t":0},{"o":{"x":0.33,"y":1},"i":{"x":0.68,"y":1},"s":[100,100],"t":18},{"s":[100,100],"t":36}]},"sk":{"a":0,"k":0},"p":{"a":1,"k":[{"o":{"x":0.33,"y":1},"i":{"x":0.68,"y":1},"s":[25,5.5],"t":0},{"o":{"x":0.33,"y":1},"i":{"x":0.68,"y":1},"s":[25,9],"t":18},{"s":[25,5.5],"t":36}]},"r":{"a":1,"k":[{"o":{"x":0.33,"y":1},"i":{"x":0.68,"y":1},"s":[0],"t":0},{"o":{"x":0.33,"y":1},"i":{"x":0.68,"y":1},"s":[0],"t":18},{"s":[0],"t":36}]},"sa":{"a":0,"k":0},"o":{"a":1,"k":[{"o":{"x":0.33,"y":1},"i":{"x":0.68,"y":1},"s":[100],"t":0},{"o":{"x":0.33,"y":1},"i":{"x":0.68,"y":1},"s":[100],"t":18},{"s":[100],"t":36}]}},"ef":[],"shapes":[{"ty":"sh","bm":0,"hd":false,"nm":"","d":1,"ks":{"a":1,"k":[{"o":{"x":0.33,"y":1},"i":{"x":0.68,"y":1},"s":[{"c":true,"i":[[0,0],[2.484,0],[0,2.484],[-2.484,0],[0,-2.484]],"o":[[0,2.484],[-2.484,0],[0,-2.484],[2.484,0],[0,0]],"v":[[9,4.5],[4.5,9],[0,4.5],[4.5,0],[9,4.5]]}],"t":0},{"o":{"x":0.33,"y":1},"i":{"x":0.68,"y":1},"s":[{"c":true,"i":[[0,0],[2.484,0],[0,2.484],[-2.484,0],[0,-2.484]],"o":[[0,2.484],[-2.484,0],[0,-2.484],[2.484,0],[0,0]],"v":[[9,4.5],[4.5,9],[0,4.5],[4.5,0],[9,4.5]]}],"t":18},{"s":[{"c":true,"i":[[0,0],[2.484,0],[0,2.484],[-2.484,0],[0,-2.484]],"o":[[0,2.484],[-2.484,0],[0,-2.484],[2.484,0],[0,0]],"v":[[9,4.5],[4.5,9],[0,4.5],[4.5,0],[9,4.5]]}],"t":36}]}},{"ty":"st","bm":0,"hd":false,"nm":"","lc":1,"lj":1,"ml":4,"o":{"a":1,"k":[{"o":{"x":0.33,"y":1},"i":{"x":0.68,"y":1},"s":[100],"t":0},{"o":{"x":0.33,"y":1},"i":{"x":0.68,"y":1},"s":[100],"t":18},{"s":[100],"t":36}]},"w":{"a":1,"k":[{"o":{"x":0.33,"y":1},"i":{"x":0.68,"y":1},"s":[1],"t":0},{"o":{"x":0.33,"y":1},"i":{"x":0.68,"y":1},"s":[1],"t":18},{"s":[1],"t":36}]},"c":{"a":1,"k":[{"o":{"x":0.33,"y":1},"i":{"x":0.68,"y":1},"s":[0,0,0],"t":0},{"o":{"x":0.33,"y":1},"i":{"x":0.68,"y":1},"s":[0,0,0],"t":18},{"s":[0,0,0],"t":36}]}},{"ty":"fl","bm":0,"hd":false,"nm":"","c":{"a":1,"k":[{"o":{"x":0.33,"y":1},"i":{"x":0.68,"y":1},"s":[1,1,1],"t":0},{"o":{"x":0.33,"y":1},"i":{"x":0.68,"y":1},"s":[1,1,1],"t":18},{"s":[1,1,1],"t":36}]},"r":1,"o":{"a":1,"k":[{"o":{"x":0.33,"y":1},"i":{"x":0.68,"y":1},"s":[100],"t":0},{"o":{"x":0.33,"y":1},"i":{"x":0.68,"y":1},"s":[100],"t":18},{"s":[100],"t":36}]}}],"ind":1},{"ty":4,"nm":"Vector 2","sr":1,"st":0,"op":37,"ip":0,"hd":false,"ddd":0,"bm":0,"hasMask":false,"ao":0,"ks":{"a":{"a":1,"k":[{"o":{"x":0.33,"y":1},"i":{"x":0.68,"y":1},"s":[11,3.25],"t":0},{"o":{"x":0.33,"y":1},"i":{"x":0.68,"y":1},"s":[11,3.73],"t":18},{"s":[11,3.25],"t":36}]},"s":{"a":1,"k":[{"o":{"x":0.33,"y":1},"i":{"x":0.68,"y":1},"s":[100,100],"t":0},{"o":{"x":0.33,"y":1},"i":{"x":0.68,"y":1},"s":[100,100],"t":18},{"s":[100,100],"t":36}]},"sk":{"a":0,"k":0},"p":{"a":1,"k":[{"o":{"x":0.33,"y":1},"i":{"x":0.68,"y":1},"s":[11,11.25],"t":0},{"o":{"x":0.33,"y":1},"i":{"x":0.68,"y":1},"s":[11,3.73],"t":18},{"s":[11,11.25],"t":36}]},"r":{"a":1,"k":[{"o":{"x":0.33,"y":1},"i":{"x":0.68,"y":1},"s":[0],"t":0},{"o":{"x":0.33,"y":1},"i":{"x":0.68,"y":1},"s":[0],"t":18},{"s":[0],"t":36}]},"sa":{"a":0,"k":0},"o":{"a":1,"k":[{"o":{"x":0.33,"y":1},"i":{"x":0.68,"y":1},"s":[100],"t":0},{"o":{"x":0.33,"y":1},"i":{"x":0.68,"y":1},"s":[100],"t":18},{"s":[100],"t":36}]}},"ef":[],"shapes":[{"ty":"sh","bm":0,"hd":false,"nm":"","d":1,"ks":{"a":1,"k":[{"o":{"x":0.33,"y":1},"i":{"x":0.68,"y":1},"s":[{"c":true,"i":[[0,0],[0,0],[0,0],[0,0],[0,0],[0,-0.01],[-0.01,-0.03],[-0.05,-0.09],[-0.18,-0.31],[-0.7,-0.84],[-2.82,0],[0,0],[1.31,1.58],[0.33,0.59],[0.08,0.17],[0.02,0.04],[0,0.01],[0,0],[0,0],[0,0],[0,0],[0.46,-0.2]],"o":[[-0.46,0.2],[0,0],[0,0],[0,0],[0,0],[0.01,0.01],[0.02,0.05],[0.09,0.19],[0.35,0.63],[1.39,1.67],[0,0],[-2.38,0],[-0.65,-0.78],[-0.17,-0.29],[-0.04,-0.08],[-0.01,-0.02],[0,-0.01],[0,0],[0,0],[0,0],[0,0],[0,0]],"v":[[0,0],[-0.46,0.2],[-0.46,0.2],[-0.46,0.2],[-0.46,0.2],[-0.45,0.22],[-0.42,0.28],[-0.32,0.5],[0.08,1.26],[1.67,3.57],[8,7],[8,6],[2.43,2.93],[0.95,0.77],[0.58,0.06],[0.49,-0.13],[0.47,-0.18],[0.46,-0.2],[0.46,-0.2],[0.46,-0.2],[0.46,-0.2],[0,0]]}],"t":0},{"o":{"x":0.33,"y":1},"i":{"x":0.68,"y":1},"s":[{"c":true,"i":[[0,0],[0,0],[0,0],[0,0],[0,0],[0,0.01],[-0.02,0.02],[-0.08,0.09],[-0.28,0.3],[-0.97,0.8],[-2.42,0],[0,0],[1.99,-1.64],[0.59,-0.62],[0.16,-0.18],[0.04,-0.05],[0.01,-0.01],[0,0],[0,0],[0,0],[0,0],[-0.39,-0.32]],"o":[[0.39,0.32],[0,0],[0,0],[0,0],[0,0],[0.01,-0.01],[0.04,-0.05],[0.15,-0.17],[0.57,-0.6],[1.96,-1.61],[0,0],[-2.78,0],[-1.01,0.83],[-0.29,0.31],[-0.08,0.09],[-0.02,0.02],[-0.01,0.01],[0,0],[0,0],[0,0],[0,0],[0,0]],"v":[[0,6.5],[0.39,6.82],[0.39,6.82],[0.39,6.82],[0.39,6.81],[0.4,6.8],[0.44,6.75],[0.61,6.55],[1.27,5.83],[3.62,3.64],[10.5,0.5],[10.5,-0.5],[2.98,2.86],[0.55,5.14],[-0.14,5.89],[-0.32,6.1],[-0.37,6.16],[-0.38,6.18],[-0.39,6.18],[-0.39,6.18],[-0.39,6.18],[0,6.5]]}],"t":18},{"s":[{"c":true,"i":[[0,0],[0,0],[0,0],[0,0],[0,0],[0,-0.01],[-0.01,-0.03],[-0.05,-0.09],[-0.18,-0.31],[-0.7,-0.84],[-2.82,0],[0,0],[1.31,1.58],[0.33,0.59],[0.08,0.17],[0.02,0.04],[0,0.01],[0,0],[0,0],[0,0],[0,0],[0.46,-0.2]],"o":[[-0.46,0.2],[0,0],[0,0],[0,0],[0,0],[0.01,0.01],[0.02,0.05],[0.09,0.19],[0.35,0.63],[1.39,1.67],[0,0],[-2.38,0],[-0.65,-0.78],[-0.17,-0.29],[-0.04,-0.08],[-0.01,-0.02],[0,-0.01],[0,0],[0,0],[0,0],[0,0],[0,0]],"v":[[0,0],[-0.46,0.2],[-0.46,0.2],[-0.46,0.2],[-0.46,0.2],[-0.45,0.22],[-0.42,0.28],[-0.32,0.5],[0.08,1.26],[1.67,3.57],[8,7],[8,6],[2.43,2.93],[0.95,0.77],[0.58,0.06],[0.49,-0.13],[0.47,-0.18],[0.46,-0.2],[0.46,-0.2],[0.46,-0.2],[0.46,-0.2],[0,0]]}],"t":36}]}},{"ty":"sh","bm":0,"hd":false,"nm":"","d":1,"ks":{"a":1,"k":[{"o":{"x":0.33,"y":1},"i":{"x":0.68,"y":1},"s":[{"c":true,"i":[[0,0],[0,0],[0,0],[-3.62,2.63],[-3.62,2.63],[-3.62,2.63],[0,0],[0,0],[0,0],[6.8,0],[6.8,0],[0,0],[0,0]],"o":[[7.2,0],[7.2,0],[7.2,0],[0,0],[0,0],[0,0],[-3.71,2.7],[-3.71,2.7],[-3.71,2.7],[0,0],[0,0],[0,0],[0,0]],"v":[[8,7],[8,7],[8,7],[22.29,0.9],[22.29,0.9],[22.29,0.9],[21.71,0.1],[21.71,0.1],[21.71,0.1],[8,6],[8,6],[8,7],[8,7]]}],"t":0},{"o":{"x":0.33,"y":1},"i":{"x":0.68,"y":1},"s":[{"c":true,"i":[[0,0],[-1.55,-2.09],[-0.36,-0.45],[-0.4,-0.3],[-0.52,-0.01],[-0.52,0.38],[0,0],[0.25,0.01],[0.3,0.23],[0.34,0.43],[0.39,0.53],[3.77,0],[0,0]],"o":[[3.23,0],[0.38,0.51],[0.36,0.45],[0.4,0.31],[0.53,0.01],[0,0],[-0.4,0.29],[-0.25,-0.01],[-0.3,-0.23],[-0.34,-0.43],[-1.54,-2.08],[0,0],[0,0]],"v":[[10.5,0.5],[17.1,4.8],[18.21,6.27],[19.34,7.43],[20.73,7.96],[22.29,7.4],[21.71,6.6],[20.75,6.96],[19.94,6.63],[18.99,5.64],[17.9,4.2],[10.5,-0.5],[10.5,0.5]]}],"t":18},{"s":[{"c":true,"i":[[0,0],[0,0],[0,0],[-3.62,2.63],[-3.62,2.63],[-3.62,2.63],[0,0],[0,0],[0,0],[6.8,0],[6.8,0],[0,0],[0,0]],"o":[[7.2,0],[7.2,0],[7.2,0],[0,0],[0,0],[0,0],[-3.71,2.7],[-3.71,2.7],[-3.71,2.7],[0,0],[0,0],[0,0],[0,0]],"v":[[8,7],[8,7],[8,7],[22.29,0.9],[22.29,0.9],[22.29,0.9],[21.71,0.1],[21.71,0.1],[21.71,0.1],[8,6],[8,6],[8,7],[8,7]]}],"t":36}]}},{"ty":"fl","bm":0,"hd":false,"nm":"","c":{"a":1,"k":[{"o":{"x":0.33,"y":1},"i":{"x":0.68,"y":1},"s":[0,0,0],"t":0},{"o":{"x":0.33,"y":1},"i":{"x":0.68,"y":1},"s":[0,0,0],"t":18},{"s":[0,0,0],"t":36}]},"r":1,"o":{"a":1,"k":[{"o":{"x":0.33,"y":1},"i":{"x":0.68,"y":1},"s":[100],"t":0},{"o":{"x":0.33,"y":1},"i":{"x":0.68,"y":1},"s":[100],"t":18},{"s":[100],"t":36}]}}],"ind":2}]},{"nm":"[Asset] Group 5","id":"5","layers":[{"ty":4,"nm":"Ellipse 6","sr":1,"st":0,"op":37,"ip":0,"hd":false,"ddd":0,"bm":0,"hasMask":false,"ao":0,"ks":{"a":{"a":1,"k":[{"o":{"x":0.33,"y":1},"i":{"x":0.68,"y":1},"s":[5.78,3.68],"t":0},{"o":{"x":0.33,"y":1},"i":{"x":0.68,"y":1},"s":[5.78,3.68],"t":18},{"s":[5.78,3.68],"t":36}]},"s":{"a":1,"k":[{"o":{"x":0.33,"y":1},"i":{"x":0.68,"y":1},"s":[100,-100],"t":0},{"o":{"x":0.33,"y":1},"i":{"x":0.68,"y":1},"s":[100,-100],"t":18},{"s":[100,-100],"t":36}]},"sk":{"a":0,"k":0},"p":{"a":1,"k":[{"o":{"x":0.33,"y":1},"i":{"x":0.68,"y":1},"s":[10.01,40.35],"t":0},{"o":{"x":0.33,"y":1},"i":{"x":0.68,"y":1},"s":[9.06,40.35],"t":18},{"s":[10.01,40.35],"t":36}]},"r":{"a":1,"k":[{"o":{"x":0.33,"y":1},"i":{"x":0.68,"y":1},"s":[171.47],"t":0},{"o":{"x":0.33,"y":1},"i":{"x":0.68,"y":1},"s":[171.47],"t":18},{"s":[171.47],"t":36}]},"sa":{"a":0,"k":0},"o":{"a":1,"k":[{"o":{"x":0.33,"y":1},"i":{"x":0.68,"y":1},"s":[100],"t":0},{"o":{"x":0.33,"y":1},"i":{"x":0.68,"y":1},"s":[100],"t":18},{"s":[100],"t":36}]}},"ef":[],"shapes":[{"ty":"sh","bm":0,"hd":false,"nm":"","d":1,"ks":{"a":1,"k":[{"o":{"x":0.33,"y":1},"i":{"x":0.68,"y":1},"s":[{"c":true,"i":[[0,0],[2.91414282870264,0],[0,1.7541428238276784],[-2.91414282870264,0],[0,-1.7541428238276784]],"o":[[0,1.7541428238276784],[-2.91414282870264,0],[0,-1.7541428238276784],[2.91414282870264,0],[0,0]],"v":[[10.56034203755565,3.1799239367910626],[5.280171018777825,6.359847873582125],[0,3.1799239367910626],[5.280171018777825,0],[10.56034203755565,3.1799239367910626]]}],"t":0},{"o":{"x":0.33,"y":1},"i":{"x":0.68,"y":1},"s":[{"c":true,"i":[[0,0],[2.91414282870264,0],[0,1.7541428238276784],[-2.91414282870264,0],[0,-1.7541428238276784]],"o":[[0,1.7541428238276784],[-2.91414282870264,0],[0,-1.7541428238276784],[2.91414282870264,0],[0,0]],"v":[[10.56034203755565,3.1799239367910626],[5.280171018777825,6.359847873582125],[0,3.1799239367910626],[5.280171018777825,0],[10.56034203755565,3.1799239367910626]]}],"t":18},{"s":[{"c":true,"i":[[0,0],[2.91414282870264,0],[0,1.7541428238276784],[-2.91414282870264,0],[0,-1.7541428238276784]],"o":[[0,1.7541428238276784],[-2.91414282870264,0],[0,-1.7541428238276784],[2.91414282870264,0],[0,0]],"v":[[10.56034203755565,3.1799239367910626],[5.280171018777825,6.359847873582125],[0,3.1799239367910626],[5.280171018777825,0],[10.56034203755565,3.1799239367910626]]}],"t":36}]}},{"ty":"st","bm":0,"hd":false,"nm":"","lc":1,"lj":1,"ml":4,"o":{"a":1,"k":[{"o":{"x":0.33,"y":1},"i":{"x":0.68,"y":1},"s":[100],"t":0},{"o":{"x":0.33,"y":1},"i":{"x":0.68,"y":1},"s":[100],"t":18},{"s":[100],"t":36}]},"w":{"a":1,"k":[{"o":{"x":0.33,"y":1},"i":{"x":0.68,"y":1},"s":[1],"t":0},{"o":{"x":0.33,"y":1},"i":{"x":0.68,"y":1},"s":[1],"t":18},{"s":[1],"t":36}]},"c":{"a":1,"k":[{"o":{"x":0.33,"y":1},"i":{"x":0.68,"y":1},"s":[0,0,0],"t":0},{"o":{"x":0.33,"y":1},"i":{"x":0.68,"y":1},"s":[0,0,0],"t":18},{"s":[0,0,0],"t":36}]}},{"ty":"fl","bm":0,"hd":false,"nm":"","c":{"a":1,"k":[{"o":{"x":0.33,"y":1},"i":{"x":0.68,"y":1},"s":[0.1958,0.1958,0.1958],"t":0},{"o":{"x":0.33,"y":1},"i":{"x":0.68,"y":1},"s":[0.1958,0.1958,0.1958],"t":18},{"s":[0.1958,0.1958,0.1958],"t":36}]},"r":1,"o":{"a":1,"k":[{"o":{"x":0.33,"y":1},"i":{"x":0.68,"y":1},"s":[100],"t":0},{"o":{"x":0.33,"y":1},"i":{"x":0.68,"y":1},"s":[100],"t":18},{"s":[100],"t":36}]}}],"ind":1},{"ty":4,"nm":"Vector 3","sr":1,"st":0,"op":37,"ip":0,"hd":false,"ddd":0,"bm":0,"hasMask":false,"ao":0,"ks":{"a":{"a":1,"k":[{"o":{"x":0.33,"y":1},"i":{"x":0.68,"y":1},"s":[2.5,20],"t":0},{"o":{"x":0.33,"y":1},"i":{"x":0.68,"y":1},"s":[5.65,20],"t":18},{"s":[2.5,20],"t":36}]},"s":{"a":1,"k":[{"o":{"x":0.33,"y":1},"i":{"x":0.68,"y":1},"s":[100,100],"t":0},{"o":{"x":0.33,"y":1},"i":{"x":0.68,"y":1},"s":[100,100],"t":18},{"s":[100,100],"t":36}]},"sk":{"a":0,"k":0},"p":{"a":1,"k":[{"o":{"x":0.33,"y":1},"i":{"x":0.68,"y":1},"s":[2.5,20],"t":0},{"o":{"x":0.33,"y":1},"i":{"x":0.68,"y":1},"s":[5.65,20],"t":18},{"s":[2.5,20],"t":36}]},"r":{"a":1,"k":[{"o":{"x":0.33,"y":1},"i":{"x":0.68,"y":1},"s":[0],"t":0},{"o":{"x":0.33,"y":1},"i":{"x":0.68,"y":1},"s":[0],"t":18},{"s":[0],"t":36}]},"sa":{"a":0,"k":0},"o":{"a":1,"k":[{"o":{"x":0.33,"y":1},"i":{"x":0.68,"y":1},"s":[100],"t":0},{"o":{"x":0.33,"y":1},"i":{"x":0.68,"y":1},"s":[100],"t":18},{"s":[100],"t":36}]}},"ef":[],"shapes":[{"ty":"sh","bm":0,"hd":false,"nm":"","d":1,"ks":{"a":1,"k":[{"o":{"x":0.33,"y":1},"i":{"x":0.68,"y":1},"s":[{"c":true,"i":[[0,0],[0,0],[0.13,-3.98],[0.13,-3.98],[-0.9,-6.95],[-0.9,-6.95],[0,0],[0,0],[-0.13,3.94],[-0.35,1.02],[0,0]],"o":[[-0.4,1.16],[-0.4,1.16],[-0.13,3.99],[-0.13,3.99],[0,0],[0,0],[-0.89,-6.9],[-0.89,-6.9],[0.13,-3.95],[0,0],[0,0]],"v":[[0.51,-0.16],[0.51,-0.16],[-0.46,7.55],[-0.46,7.55],[0.49,23.94],[0.49,23.94],[1.48,23.82],[1.48,23.82],[0.54,7.58],[1.46,0.16],[0.51,-0.16]]}],"t":0},{"o":{"x":0.33,"y":1},"i":{"x":0.68,"y":1},"s":[{"c":true,"i":[[0,0],[-0.24,-0.4],[-0.43,-0.45],[-1.31,-1.49],[-0.88,-6.8],[0,0],[2.67,3.05],[0.83,0.86],[0.17,0.29],[-0.02,0.07],[0,0]],"o":[[-0.16,0.48],[0.24,0.4],[0.89,0.93],[2.58,2.94],[0,0],[-0.91,-7.05],[-1.32,-1.5],[-0.43,-0.45],[-0.17,-0.29],[0,0],[0,0]],"v":[[-0.43,-0.16],[-0.2,1.18],[0.84,2.45],[4.22,5.96],[10.56,20.06],[11.55,19.94],[4.98,5.3],[1.56,1.75],[0.66,0.66],[0.51,0.16],[-0.43,-0.16]]}],"t":18},{"s":[{"c":true,"i":[[0,0],[0,0],[0.13,-3.98],[0.13,-3.98],[-0.9,-6.95],[-0.9,-6.95],[0,0],[0,0],[-0.13,3.94],[-0.35,1.02],[0,0]],"o":[[-0.4,1.16],[-0.4,1.16],[-0.13,3.99],[-0.13,3.99],[0,0],[0,0],[-0.89,-6.9],[-0.89,-6.9],[0.13,-3.95],[0,0],[0,0]],"v":[[0.51,-0.16],[0.51,-0.16],[-0.46,7.55],[-0.46,7.55],[0.49,23.94],[0.49,23.94],[1.48,23.82],[1.48,23.82],[0.54,7.58],[1.46,0.16],[0.51,-0.16]]}],"t":36}]}},{"ty":"sh","bm":0,"hd":false,"nm":"","d":1,"ks":{"a":1,"k":[{"o":{"x":0.33,"y":1},"i":{"x":0.68,"y":1},"s":[{"c":true,"i":[[0,0],[-0.79,-2.34],[-0.25,-0.46],[-0.08,-0.11],[-0.02,-0.03],[-0.01,-0.01],[0,0],[0,0],[0,0],[0,0],[-0.36,0.35],[0,0],[0,0],[0,0],[0,0],[0,0],[0,0.01],[0.03,0.04],[0.11,0.2],[0.38,1.13],[0.89,6.91],[0,0]],"o":[[0.89,6.95],[0.4,1.17],[0.13,0.23],[0.04,0.05],[0.01,0.01],[0,0],[0,0],[0,0],[0,0],[0,0],[0.36,-0.35],[0,0],[0,0],[0,0],[0,0],[0,0],[-0.01,-0.01],[-0.05,-0.07],[-0.22,-0.4],[-0.77,-2.26],[0,0],[0,0]],"v":[[0.49,23.94],[3.19,37.3],[4.19,39.67],[4.5,40.17],[4.59,40.29],[4.62,40.33],[4.63,40.34],[4.64,40.35],[4.64,40.35],[4.64,40.35],[5,40],[5.36,39.65],[5.36,39.65],[5.36,39.65],[5.36,39.66],[5.36,39.66],[5.36,39.65],[5.31,39.58],[5.06,39.19],[4.14,36.97],[1.48,23.82],[0.49,23.94]]}],"t":0},{"o":{"x":0.33,"y":1},"i":{"x":0.68,"y":1},"s":[{"c":true,"i":[[0,0],[1.92,-3.18],[0.77,-0.77],[0.23,-0.19],[0.06,-0.04],[0.01,-0.01],[0,0],[0,0],[0,0],[0,0],[-0.29,-0.41],[0,0],[0,0],[0,0],[0,0],[-0.01,0.01],[-0.03,0.03],[-0.12,0.1],[-0.41,0.41],[-1.01,1.67],[0.91,7.05],[0,0]],"o":[[0.88,6.8],[-0.96,1.59],[-0.39,0.38],[-0.11,0.09],[-0.03,0.02],[-0.01,0.01],[0,0],[0,0],[0,0],[0,0],[0.29,0.41],[0,0],[0,0],[0,0],[0.01,0],[0.02,-0.01],[0.07,-0.05],[0.25,-0.2],[0.82,-0.82],[2.03,-3.36],[0,0],[0,0]],"v":[[10.56,20.06],[7.8,34.94],[5.05,38.47],[4.11,39.32],[3.85,39.53],[3.79,39.58],[3.77,39.59],[3.77,39.59],[3.77,39.59],[3.77,39.59],[4.05,40],[4.34,40.41],[4.34,40.41],[4.34,40.41],[4.35,40.4],[4.37,40.39],[4.45,40.33],[4.75,40.09],[5.75,39.18],[8.65,35.45],[11.55,19.94],[10.56,20.06]]}],"t":18},{"s":[{"c":true,"i":[[0,0],[-0.79,-2.34],[-0.25,-0.46],[-0.08,-0.11],[-0.02,-0.03],[-0.01,-0.01],[0,0],[0,0],[0,0],[0,0],[-0.36,0.35],[0,0],[0,0],[0,0],[0,0],[0,0],[0,0.01],[0.03,0.04],[0.11,0.2],[0.38,1.13],[0.89,6.91],[0,0]],"o":[[0.89,6.95],[0.4,1.17],[0.13,0.23],[0.04,0.05],[0.01,0.01],[0,0],[0,0],[0,0],[0,0],[0,0],[0.36,-0.35],[0,0],[0,0],[0,0],[0,0],[0,0],[-0.01,-0.01],[-0.05,-0.07],[-0.22,-0.4],[-0.77,-2.26],[0,0],[0,0]],"v":[[0.49,23.94],[3.19,37.3],[4.19,39.67],[4.5,40.17],[4.59,40.29],[4.62,40.33],[4.63,40.34],[4.64,40.35],[4.64,40.35],[4.64,40.35],[5,40],[5.36,39.65],[5.36,39.65],[5.36,39.65],[5.36,39.66],[5.36,39.66],[5.36,39.65],[5.31,39.58],[5.06,39.19],[4.14,36.97],[1.48,23.82],[0.49,23.94]]}],"t":36}]}},{"ty":"fl","bm":0,"hd":false,"nm":"","c":{"a":1,"k":[{"o":{"x":0.33,"y":1},"i":{"x":0.68,"y":1},"s":[0,0,0],"t":0},{"o":{"x":0.33,"y":1},"i":{"x":0.68,"y":1},"s":[0,0,0],"t":18},{"s":[0,0,0],"t":36}]},"r":1,"o":{"a":1,"k":[{"o":{"x":0.33,"y":1},"i":{"x":0.68,"y":1},"s":[100],"t":0},{"o":{"x":0.33,"y":1},"i":{"x":0.68,"y":1},"s":[100],"t":18},{"s":[100],"t":36}]}}],"ind":2}]},{"nm":"[Asset] Group 6","id":"6","layers":[{"ty":4,"nm":"Ellipse 7","sr":1,"st":0,"op":37,"ip":0,"hd":false,"ddd":0,"bm":0,"hasMask":false,"ao":0,"ks":{"a":{"a":1,"k":[{"o":{"x":0.33,"y":1},"i":{"x":0.68,"y":1},"s":[5.78,3.68],"t":0},{"o":{"x":0.33,"y":1},"i":{"x":0.68,"y":1},"s":[5.78,3.68],"t":18},{"s":[5.78,3.68],"t":36}]},"s":{"a":1,"k":[{"o":{"x":0.33,"y":1},"i":{"x":0.68,"y":1},"s":[100,-100],"t":0},{"o":{"x":0.33,"y":1},"i":{"x":0.68,"y":1},"s":[100,-100],"t":18},{"s":[100,-100],"t":36}]},"sk":{"a":0,"k":0},"p":{"a":1,"k":[{"o":{"x":0.33,"y":1},"i":{"x":0.68,"y":1},"s":[10.76,41],"t":0},{"o":{"x":0.33,"y":1},"i":{"x":0.68,"y":1},"s":[9.63,41],"t":18},{"s":[10.76,41],"t":36}]},"r":{"a":1,"k":[{"o":{"x":0.33,"y":1},"i":{"x":0.68,"y":1},"s":[171.47],"t":0},{"o":{"x":0.33,"y":1},"i":{"x":0.68,"y":1},"s":[171.47],"t":18},{"s":[171.47],"t":36}]},"sa":{"a":0,"k":0},"o":{"a":1,"k":[{"o":{"x":0.33,"y":1},"i":{"x":0.68,"y":1},"s":[100],"t":0},{"o":{"x":0.33,"y":1},"i":{"x":0.68,"y":1},"s":[100],"t":18},{"s":[100],"t":36}]}},"ef":[],"shapes":[{"ty":"sh","bm":0,"hd":false,"nm":"","d":1,"ks":{"a":1,"k":[{"o":{"x":0.33,"y":1},"i":{"x":0.68,"y":1},"s":[{"c":true,"i":[[0,0],[2.91414282870264,0],[0,1.7541428238276784],[-2.91414282870264,0],[0,-1.7541428238276784]],"o":[[0,1.7541428238276784],[-2.91414282870264,0],[0,-1.7541428238276784],[2.91414282870264,0],[0,0]],"v":[[10.56034203755565,3.1799239367910626],[5.280171018777825,6.359847873582125],[0,3.1799239367910626],[5.280171018777825,0],[10.56034203755565,3.1799239367910626]]}],"t":0},{"o":{"x":0.33,"y":1},"i":{"x":0.68,"y":1},"s":[{"c":true,"i":[[0,0],[2.91414282870264,0],[0,1.7541428238276784],[-2.91414282870264,0],[0,-1.7541428238276784]],"o":[[0,1.7541428238276784],[-2.91414282870264,0],[0,-1.7541428238276784],[2.91414282870264,0],[0,0]],"v":[[10.56034203755565,3.1799239367910626],[5.280171018777825,6.359847873582125],[0,3.1799239367910626],[5.280171018777825,0],[10.56034203755565,3.1799239367910626]]}],"t":18},{"s":[{"c":true,"i":[[0,0],[2.91414282870264,0],[0,1.7541428238276784],[-2.91414282870264,0],[0,-1.7541428238276784]],"o":[[0,1.7541428238276784],[-2.91414282870264,0],[0,-1.7541428238276784],[2.91414282870264,0],[0,0]],"v":[[10.56034203755565,3.1799239367910626],[5.280171018777825,6.359847873582125],[0,3.1799239367910626],[5.280171018777825,0],[10.56034203755565,3.1799239367910626]]}],"t":36}]}},{"ty":"st","bm":0,"hd":false,"nm":"","lc":1,"lj":1,"ml":4,"o":{"a":1,"k":[{"o":{"x":0.33,"y":1},"i":{"x":0.68,"y":1},"s":[100],"t":0},{"o":{"x":0.33,"y":1},"i":{"x":0.68,"y":1},"s":[100],"t":18},{"s":[100],"t":36}]},"w":{"a":1,"k":[{"o":{"x":0.33,"y":1},"i":{"x":0.68,"y":1},"s":[1],"t":0},{"o":{"x":0.33,"y":1},"i":{"x":0.68,"y":1},"s":[1],"t":18},{"s":[1],"t":36}]},"c":{"a":1,"k":[{"o":{"x":0.33,"y":1},"i":{"x":0.68,"y":1},"s":[0,0,0],"t":0},{"o":{"x":0.33,"y":1},"i":{"x":0.68,"y":1},"s":[0,0,0],"t":18},{"s":[0,0,0],"t":36}]}},{"ty":"fl","bm":0,"hd":false,"nm":"","c":{"a":1,"k":[{"o":{"x":0.33,"y":1},"i":{"x":0.68,"y":1},"s":[0.1958,0.1958,0.1958],"t":0},{"o":{"x":0.33,"y":1},"i":{"x":0.68,"y":1},"s":[0.1958,0.1958,0.1958],"t":18},{"s":[0.1958,0.1958,0.1958],"t":36}]},"r":1,"o":{"a":1,"k":[{"o":{"x":0.33,"y":1},"i":{"x":0.68,"y":1},"s":[100],"t":0},{"o":{"x":0.33,"y":1},"i":{"x":0.68,"y":1},"s":[100],"t":18},{"s":[100],"t":36}]}}],"ind":1},{"ty":4,"nm":"Vector 4","sr":1,"st":0,"op":37,"ip":0,"hd":false,"ddd":0,"bm":0,"hasMask":false,"ao":0,"ks":{"a":{"a":1,"k":[{"o":{"x":0.33,"y":1},"i":{"x":0.68,"y":1},"s":[3,20],"t":0},{"o":{"x":0.33,"y":1},"i":{"x":0.68,"y":1},"s":[6.34,20],"t":18},{"s":[3,20],"t":36}]},"s":{"a":1,"k":[{"o":{"x":0.33,"y":1},"i":{"x":0.68,"y":1},"s":[100,100],"t":0},{"o":{"x":0.33,"y":1},"i":{"x":0.68,"y":1},"s":[100,100],"t":18},{"s":[100,100],"t":36}]},"sk":{"a":0,"k":0},"p":{"a":1,"k":[{"o":{"x":0.33,"y":1},"i":{"x":0.68,"y":1},"s":[3,20],"t":0},{"o":{"x":0.33,"y":1},"i":{"x":0.68,"y":1},"s":[6.34,20],"t":18},{"s":[3,20],"t":36}]},"r":{"a":1,"k":[{"o":{"x":0.33,"y":1},"i":{"x":0.68,"y":1},"s":[0],"t":0},{"o":{"x":0.33,"y":1},"i":{"x":0.68,"y":1},"s":[0],"t":18},{"s":[0],"t":36}]},"sa":{"a":0,"k":0},"o":{"a":1,"k":[{"o":{"x":0.33,"y":1},"i":{"x":0.68,"y":1},"s":[100],"t":0},{"o":{"x":0.33,"y":1},"i":{"x":0.68,"y":1},"s":[100],"t":18},{"s":[100],"t":36}]}},"ef":[],"shapes":[{"ty":"sh","bm":0,"hd":false,"nm":"","d":1,"ks":{"a":1,"k":[{"o":{"x":0.33,"y":1},"i":{"x":0.68,"y":1},"s":[{"c":true,"i":[[0,0],[0,0],[0.16,-3.99],[0.16,-3.99],[-1.07,-6.95],[-1.07,-6.95],[0,0],[0,0],[-0.15,3.93],[-0.41,1.01],[0,0]],"o":[[-0.48,1.17],[-0.48,1.17],[-0.16,4],[-0.16,4],[0,0],[0,0],[-1.07,-6.9],[-1.07,-6.9],[0.16,-3.94],[0,0],[0,0]],"v":[[0.72,-0.19],[0.72,-0.19],[-0.45,7.55],[-0.45,7.55],[0.69,23.96],[0.69,23.96],[1.68,23.8],[1.68,23.8],[0.54,7.59],[1.65,0.19],[0.72,-0.19]]}],"t":0},{"o":{"x":0.33,"y":1},"i":{"x":0.68,"y":1},"s":[{"c":true,"i":[[0,0],[-0.25,-0.41],[-0.47,-0.47],[-1.46,-1.56],[-1.05,-6.79],[0,0],[2.97,3.17],[0.91,0.91],[0.19,0.3],[-0.02,0.05],[0,0]],"o":[[-0.2,0.5],[0.25,0.41],[0.98,0.98],[2.88,3.07],[0,0],[-1.09,-7.06],[-1.46,-1.56],[-0.47,-0.47],[-0.19,-0.31],[0,0],[0,0]],"v":[[-0.41,-0.19],[-0.19,1.2],[0.95,2.53],[4.71,6.22],[11.87,20.58],[12.86,20.42],[5.44,5.54],[1.65,1.82],[0.66,0.68],[0.51,0.19],[-0.41,-0.19]]}],"t":18},{"s":[{"c":true,"i":[[0,0],[0,0],[0.16,-3.99],[0.16,-3.99],[-1.07,-6.95],[-1.07,-6.95],[0,0],[0,0],[-0.15,3.93],[-0.41,1.01],[0,0]],"o":[[-0.48,1.17],[-0.48,1.17],[-0.16,4],[-0.16,4],[0,0],[0,0],[-1.07,-6.9],[-1.07,-6.9],[0.16,-3.94],[0,0],[0,0]],"v":[[0.72,-0.19],[0.72,-0.19],[-0.45,7.55],[-0.45,7.55],[0.69,23.96],[0.69,23.96],[1.68,23.8],[1.68,23.8],[0.54,7.59],[1.65,0.19],[0.72,-0.19]]}],"t":36}]}},{"ty":"sh","bm":0,"hd":false,"nm":"","d":1,"ks":{"a":1,"k":[{"o":{"x":0.33,"y":1},"i":{"x":0.68,"y":1},"s":[{"c":true,"i":[[0,0],[-0.96,-2.35],[-0.31,-0.46],[-0.09,-0.11],[-0.03,-0.03],[-0.01,-0.01],[0,0],[0,0],[0,0],[0,0],[-0.32,0.38],[0,0],[0,0],[0,0],[0,0],[0,0],[0.01,0.01],[0.03,0.04],[0.13,0.2],[0.46,1.12],[1.07,6.9],[0,0]],"o":[[1.07,6.95],[0.48,1.17],[0.15,0.23],[0.05,0.05],[0.01,0.01],[0.01,0],[0,0],[0,0],[0,0],[0,0],[0.32,-0.38],[0,0],[0,0],[0,0],[0,0],[0,0],[-0.01,-0.01],[-0.06,-0.07],[-0.26,-0.4],[-0.92,-2.25],[0,0],[0,0]],"v":[[0.69,23.96],[3.93,37.32],[5.13,39.71],[5.5,40.2],[5.62,40.33],[5.65,40.36],[5.67,40.37],[5.67,40.38],[5.67,40.38],[5.68,40.38],[6,40],[6.32,39.62],[6.33,39.62],[6.33,39.62],[6.33,39.62],[6.33,39.63],[6.32,39.62],[6.26,39.55],[5.97,39.15],[4.86,36.95],[1.68,23.8],[0.69,23.96]]}],"t":0},{"o":{"x":0.33,"y":1},"i":{"x":0.68,"y":1},"s":[{"c":true,"i":[[0,0],[2.08,-3.05],[0.84,-0.72],[0.25,-0.17],[0.06,-0.04],[0.02,-0.01],[0,0],[0,0],[0,0],[0,0],[-0.25,-0.43],[0,0],[0,0],[0,0],[0,0],[-0.01,0.01],[-0.04,0.02],[-0.14,0.1],[-0.45,0.38],[-1.1,1.61],[1.09,7.06],[0,0]],"o":[[1.05,6.79],[-1.04,1.53],[-0.42,0.36],[-0.12,0.09],[-0.03,0.02],[-0.01,0],[0,0],[0,0],[0,0],[0,0],[0.25,0.43],[0,0],[0,0],[0,0],[0.01,0],[0.02,-0.01],[0.08,-0.05],[0.27,-0.19],[0.9,-0.77],[2.21,-3.24],[0,0],[0,0]],"v":[[11.87,20.58],[9.01,35.16],[6.02,38.52],[4.99,39.32],[4.71,39.51],[4.64,39.56],[4.62,39.57],[4.62,39.57],[4.62,39.57],[4.62,39.57],[4.87,40],[5.12,40.43],[5.12,40.43],[5.13,40.43],[5.13,40.42],[5.16,40.41],[5.25,40.35],[5.57,40.14],[6.67,39.28],[9.83,35.73],[12.86,20.42],[11.87,20.58]]}],"t":18},{"s":[{"c":true,"i":[[0,0],[-0.96,-2.35],[-0.31,-0.46],[-0.09,-0.11],[-0.03,-0.03],[-0.01,-0.01],[0,0],[0,0],[0,0],[0,0],[-0.32,0.38],[0,0],[0,0],[0,0],[0,0],[0,0],[0.01,0.01],[0.03,0.04],[0.13,0.2],[0.46,1.12],[1.07,6.9],[0,0]],"o":[[1.07,6.95],[0.48,1.17],[0.15,0.23],[0.05,0.05],[0.01,0.01],[0.01,0],[0,0],[0,0],[0,0],[0,0],[0.32,-0.38],[0,0],[0,0],[0,0],[0,0],[0,0],[-0.01,-0.01],[-0.06,-0.07],[-0.26,-0.4],[-0.92,-2.25],[0,0],[0,0]],"v":[[0.69,23.96],[3.93,37.32],[5.13,39.71],[5.5,40.2],[5.62,40.33],[5.65,40.36],[5.67,40.37],[5.67,40.38],[5.67,40.38],[5.68,40.38],[6,40],[6.32,39.62],[6.33,39.62],[6.33,39.62],[6.33,39.62],[6.33,39.63],[6.32,39.62],[6.26,39.55],[5.97,39.15],[4.86,36.95],[1.68,23.8],[0.69,23.96]]}],"t":36}]}},{"ty":"fl","bm":0,"hd":false,"nm":"","c":{"a":1,"k":[{"o":{"x":0.33,"y":1},"i":{"x":0.68,"y":1},"s":[0,0,0],"t":0},{"o":{"x":0.33,"y":1},"i":{"x":0.68,"y":1},"s":[0,0,0],"t":18},{"s":[0,0,0],"t":36}]},"r":1,"o":{"a":1,"k":[{"o":{"x":0.33,"y":1},"i":{"x":0.68,"y":1},"s":[100],"t":0},{"o":{"x":0.33,"y":1},"i":{"x":0.68,"y":1},"s":[100],"t":18},{"s":[100],"t":36}]}}],"ind":2}]}]}