{"v":"5.5.7","meta":{"g":"LottieFiles AE 0.1.20","a":"","k":"","d":"","tc":"#FFFFFF"},"fr":60,"ip":0,"op":296,"w":512,"h":512,"nm":"Clapper Monster","ddd":0,"assets":[],"layers":[{"ddd":0,"ind":1,"ty":3,"nm":"Universal Move","sr":1,"ks":{"o":{"a":0,"k":0,"ix":11},"r":{"a":0,"k":0,"ix":10},"p":{"s":true,"x":{"a":1,"k":[{"i":{"x":[0.667],"y":[1]},"o":{"x":[0.333],"y":[0]},"t":57,"s":[256]},{"i":{"x":[0.667],"y":[1]},"o":{"x":[0.167],"y":[0]},"t":102,"s":[256]},{"i":{"x":[0.016],"y":[1]},"o":{"x":[0.333],"y":[0]},"t":225,"s":[256]},{"t":268.560546875,"s":[256]}],"ix":3},"y":{"a":1,"k":[{"i":{"x":[0.667],"y":[1]},"o":{"x":[0.333],"y":[0]},"t":57.439,"s":[272]},{"i":{"x":[0.667],"y":[1]},"o":{"x":[0.167],"y":[0]},"t":102,"s":[318]},{"i":{"x":[0.028],"y":[1]},"o":{"x":[0.167],"y":[0]},"t":225,"s":[318]},{"t":269,"s":[272]}],"ix":4}},"a":{"a":0,"k":[50,50,0],"ix":1},"s":{"a":1,"k":[{"i":{"x":[0.667,0.667,0.667],"y":[1,1,1]},"o":{"x":[0.333,0.333,0.333],"y":[0,0,0]},"t":57.439,"s":[102,102,100]},{"i":{"x":[0.667,0.667,0.667],"y":[1,1,1]},"o":{"x":[0.167,0.167,0.167],"y":[0,0,0]},"t":101.965,"s":[70,70,100]},{"i":{"x":[0.028,0.028,0.667],"y":[1,1,1]},"o":{"x":[0.333,0.333,0.333],"y":[0,0,0]},"t":224.561,"s":[70,70,100]},{"t":269,"s":[102,102,100]}],"ix":6}},"ao":0,"ip":0,"op":1200,"st":0,"bm":0},{"ddd":0,"ind":2,"ty":3,"nm":"Clapper Move","parent":1,"sr":1,"ks":{"o":{"a":0,"k":0,"ix":11},"r":{"a":0,"k":0,"ix":10},"p":{"a":0,"k":[50,23.2,0],"ix":2},"a":{"a":0,"k":[50,50,0],"ix":1},"s":{"a":0,"k":[100,100,100],"ix":6}},"ao":0,"ip":0,"op":1200,"st":0,"bm":0},{"ddd":0,"ind":3,"ty":3,"nm":"Mega control","parent":1,"sr":1,"ks":{"o":{"a":0,"k":0,"ix":11},"r":{"a":0,"k":-14,"ix":10},"p":{"a":1,"k":[{"i":{"x":0.833,"y":1},"o":{"x":0.309,"y":0},"t":72,"s":[171.25,167.5,0],"to":[0,0,0],"ti":[0,0,0]},{"i":{"x":0,"y":1},"o":{"x":0.388,"y":0},"t":93,"s":[216.25,167.5,0],"to":[0,0,0],"ti":[0,0,0]},{"i":{"x":0.83,"y":0.83},"o":{"x":0.309,"y":0.309},"t":118,"s":[171.25,167.5,0],"to":[0,0,0],"ti":[0,0,0]},{"i":{"x":0.667,"y":1},"o":{"x":0.333,"y":0},"t":208.561,"s":[171.25,167.5,0],"to":[-2.667,0,0],"ti":[-6.333,0,0]},{"i":{"x":0.667,"y":1},"o":{"x":0.333,"y":0},"t":225.561,"s":[155.25,167.5,0],"to":[6.333,0,0],"ti":[-9,0,0]},{"t":238.560546875,"s":[209.25,167.5,0]}],"ix":2},"a":{"a":0,"k":[50,50,0],"ix":1},"s":{"a":0,"k":[87.5,87.5,100],"ix":6}},"ao":0,"ip":0,"op":1200,"st":0,"bm":0},{"ddd":0,"ind":4,"ty":3,"nm":"Action Text","sr":1,"ks":{"o":{"a":0,"k":0,"ix":11},"r":{"a":0,"k":0,"ix":10},"p":{"a":0,"k":[238.551,250.324,0],"ix":2},"a":{"a":0,"k":[50,50,0],"ix":1},"s":{"a":0,"k":[99,99,100],"ix":6}},"ao":0,"ip":0,"op":1200,"st":0,"bm":0},{"ddd":0,"ind":5,"ty":4,"nm":"Megaphone Shout FX","parent":6,"sr":1,"ks":{"o":{"a":0,"k":100,"ix":11},"r":{"a":0,"k":36.998,"ix":10},"p":{"a":0,"k":[106.281,-93.193,0],"ix":2},"a":{"a":0,"k":[0,0,0],"ix":1},"s":{"a":0,"k":[133.779,133.779,100],"ix":6}},"ao":0,"shapes":[{"ty":"gr","it":[{"ind":0,"ty":"sh","ix":1,"ks":{"a":1,"k":[{"i":{"x":0.667,"y":1},"o":{"x":0.167,"y":0},"t":97,"s":[{"i":[[0,0],[0,0],[0,0]],"o":[[0,0],[0,0],[0,0]],"v":[[105,45.5],[105,46],[106,45.5]],"c":true}]},{"i":{"x":0.667,"y":1},"o":{"x":0.333,"y":0},"t":117,"s":[{"i":[[0,0],[0,0],[0,0]],"o":[[0,0],[0,0],[0,0]],"v":[[144,-27],[105,46],[162,-6]],"c":true}]},{"t":129.306640625,"s":[{"i":[[0,0],[0,0],[0,0]],"o":[[0,0],[0,0],[0,0]],"v":[[154,-13.5],[154,-12],[154,-12]],"c":true}]}],"ix":2},"nm":"Path 1","mn":"ADBE Vector Shape - Group","hd":false},{"ty":"fl","c":{"a":0,"k":[0.952941236309,0,0,1],"ix":4},"o":{"a":0,"k":100,"ix":5},"r":1,"bm":0,"nm":"Fill 1","mn":"ADBE Vector Graphic - Fill","hd":false},{"ty":"tr","p":{"a":0,"k":[0,0],"ix":2},"a":{"a":0,"k":[0,0],"ix":1},"s":{"a":0,"k":[100,100],"ix":3},"r":{"a":0,"k":0,"ix":6},"o":{"a":0,"k":100,"ix":7},"sk":{"a":0,"k":0,"ix":4},"sa":{"a":0,"k":0,"ix":5},"nm":"Transform"}],"nm":"Shape 3","np":3,"cix":2,"bm":0,"ix":1,"mn":"ADBE Vector Group","hd":false},{"ty":"gr","it":[{"ind":0,"ty":"sh","ix":1,"ks":{"a":1,"k":[{"i":{"x":0.667,"y":1},"o":{"x":0.167,"y":0},"t":101.617,"s":[{"i":[[0,0],[0,0],[0,0]],"o":[[0,0],[0,0],[0,0]],"v":[[112.5,53.5],[112,53.5],[112,53.5]],"c":true}]},{"i":{"x":0.667,"y":1},"o":{"x":0.333,"y":0},"t":121.617,"s":[{"i":[[0,0],[0,0],[0,0]],"o":[[0,0],[0,0],[0,0]],"v":[[179,24.5],[112,53.5],[186,46.5]],"c":true}]},{"t":133.923828125,"s":[{"i":[[0,0],[0,0],[0,0]],"o":[[0,0],[0,0],[0,0]],"v":[[187,32],[186,32.5],[187,32]],"c":true}]}],"ix":2},"nm":"Path 1","mn":"ADBE Vector Shape - Group","hd":false},{"ty":"fl","c":{"a":0,"k":[0.952941236309,0,0,1],"ix":4},"o":{"a":0,"k":100,"ix":5},"r":1,"bm":0,"nm":"Fill 1","mn":"ADBE Vector Graphic - Fill","hd":false},{"ty":"tr","p":{"a":0,"k":[0,0],"ix":2},"a":{"a":0,"k":[0,0],"ix":1},"s":{"a":0,"k":[100,100],"ix":3},"r":{"a":0,"k":0,"ix":6},"o":{"a":0,"k":100,"ix":7},"sk":{"a":0,"k":0,"ix":4},"sa":{"a":0,"k":0,"ix":5},"nm":"Transform"}],"nm":"Shape 2","np":3,"cix":2,"bm":0,"ix":2,"mn":"ADBE Vector Group","hd":false},{"ty":"gr","it":[{"ind":0,"ty":"sh","ix":1,"ks":{"a":1,"k":[{"i":{"x":0.667,"y":1},"o":{"x":0.167,"y":0},"t":104.693,"s":[{"i":[[0,0],[0,0],[0,0]],"o":[[0,0],[0,0],[0,0]],"v":[[98,40],[98,41],[98,41]],"c":true}]},{"i":{"x":0.667,"y":1},"o":{"x":0.333,"y":0},"t":124.693,"s":[{"i":[[0,0],[0,0],[0,0]],"o":[[0,0],[0,0],[0,0]],"v":[[96,-59.5],[98,41],[110,-47.5]],"c":true}]},{"t":137,"s":[{"i":[[0,0],[0,0],[0,0]],"o":[[0,0],[0,0],[0,0]],"v":[[100.5,-55.5],[100.5,-55.5],[101,-56]],"c":true}]}],"ix":2},"nm":"Path 1","mn":"ADBE Vector Shape - Group","hd":false},{"ty":"fl","c":{"a":0,"k":[0.952941236309,0,0,1],"ix":4},"o":{"a":0,"k":100,"ix":5},"r":1,"bm":0,"nm":"Fill 1","mn":"ADBE Vector Graphic - Fill","hd":false},{"ty":"tr","p":{"a":0,"k":[0,0],"ix":2},"a":{"a":0,"k":[0,0],"ix":1},"s":{"a":0,"k":[100,100],"ix":3},"r":{"a":0,"k":0,"ix":6},"o":{"a":0,"k":100,"ix":7},"sk":{"a":0,"k":0,"ix":4},"sa":{"a":0,"k":0,"ix":5},"nm":"Transform"}],"nm":"Shape 1","np":3,"cix":2,"bm":0,"ix":3,"mn":"ADBE Vector Group","hd":false}],"ip":0,"op":1200,"st":0,"bm":0},{"ddd":0,"ind":6,"ty":4,"nm":"Megaphone","parent":3,"sr":1,"ks":{"o":{"a":1,"k":[{"i":{"x":[0.667],"y":[1]},"o":{"x":[0.333],"y":[0]},"t":235.895,"s":[100]},{"t":260.560546875,"s":[0]}],"ix":11},"r":{"a":1,"k":[{"i":{"x":[0.833],"y":[1]},"o":{"x":[0.333],"y":[0]},"t":75,"s":[35]},{"i":{"x":[0.667],"y":[1]},"o":{"x":[0.167],"y":[0]},"t":98.021,"s":[-24]},{"i":{"x":[0.667],"y":[1]},"o":{"x":[0.167],"y":[0]},"t":111.178,"s":[-12]},{"i":{"x":[0.667],"y":[1.276]},"o":{"x":[0.333],"y":[0]},"t":219.561,"s":[-12]},{"i":{"x":[0.667],"y":[0.958]},"o":{"x":[0.333],"y":[0.13]},"t":232.561,"s":[-45.91]},{"t":257.2265625,"s":[90.654]}],"ix":10},"p":{"a":1,"k":[{"i":{"x":0.833,"y":1},"o":{"x":0.333,"y":0},"t":104,"s":[54.769,79.257,0],"to":[0,-2.333,0],"ti":[0,0,0]},{"i":{"x":0.667,"y":0.872},"o":{"x":0.333,"y":0},"t":207.801,"s":[54.769,65.257,0],"to":[0,0,0],"ti":[0,0,0]},{"i":{"x":0.667,"y":1},"o":{"x":0.333,"y":0.17},"t":231.561,"s":[32.769,69.003,0],"to":[0,0,0],"ti":[0,-1.468,0]},{"i":{"x":0.667,"y":0.667},"o":{"x":0.333,"y":0.333},"t":266.111,"s":[54.769,79.257,0],"to":[0,0,0],"ti":[0,0,0]},{"i":{"x":0.667,"y":1},"o":{"x":0.333,"y":0},"t":329.43,"s":[54.769,79.257,0],"to":[0,-2.333,0],"ti":[0,2.333,0]},{"t":378,"s":[54.769,65.257,0]}],"ix":2},"a":{"a":0,"k":[75.161,114.067,0],"ix":1},"s":{"a":1,"k":[{"i":{"x":[0.833,0.833,0.833],"y":[1,1,1]},"o":{"x":[0.333,0.333,0.333],"y":[0,0,0]},"t":75,"s":[0,0,100]},{"i":{"x":[0.667,0.667,0.667],"y":[1,1,1]},"o":{"x":[0.167,0.167,0.167],"y":[0,0,0]},"t":94.137,"s":[122,122,100]},{"i":{"x":[0.667,0.667,0.667],"y":[1,1,1]},"o":{"x":[0.167,0.167,0.167],"y":[0,0,0]},"t":112,"s":[108,108,100]},{"i":{"x":[0.667,0.667,0.667],"y":[1,1,1]},"o":{"x":[0.333,0.333,0.333],"y":[0,0,0]},"t":233.787,"s":[108,108,100]},{"t":258.89453125,"s":[0,0,100]}],"ix":6}},"ao":0,"shapes":[{"ty":"gr","it":[{"ind":0,"ty":"sh","ix":1,"ks":{"a":0,"k":{"i":[[4.045,8.268],[0,0],[0,0],[-4.243,-3.875],[-7.792,2.775],[0,0]],"o":[[0,0],[0,0],[2.418,4.301],[6.107,5.577],[0,0],[-11.244,-5.675]],"v":[[80.938,81.615],[80.938,81.615],[37.468,98.149],[47.362,110.497],[69.958,115.04],[103.119,103.231]],"c":true},"ix":2},"nm":"Path 1","mn":"ADBE Vector Shape - Group","hd":false},{"ty":"fl","c":{"a":0,"k":[0.658823529412,0,0,1],"ix":4},"o":{"a":0,"k":100,"ix":5},"r":1,"bm":0,"nm":"Fill 1","mn":"ADBE Vector Graphic - Fill","hd":false},{"ty":"tr","p":{"a":0,"k":[0,0],"ix":2},"a":{"a":0,"k":[0,0],"ix":1},"s":{"a":0,"k":[100,100],"ix":3},"r":{"a":0,"k":0,"ix":6},"o":{"a":0,"k":100,"ix":7},"sk":{"a":0,"k":0,"ix":4},"sa":{"a":0,"k":0,"ix":5},"nm":"Transform"}],"nm":"Group 1","np":2,"cix":2,"bm":0,"ix":1,"mn":"ADBE Vector Group","hd":false},{"ty":"gr","it":[{"ind":0,"ty":"sh","ix":1,"ks":{"a":0,"k":{"i":[[9.669,37.615],[16.023,-4.119],[1.398,-16.628],[-2.431,0.625],[-7.026,-27.331],[11.643,-2.993],[1.022,0.061],[-6.989,1.797]],"o":[[-9.669,-37.615],[-9.056,2.328],[1.716,-2.336],[11.643,-2.993],[7.026,27.331],[-0.979,0.252],[7.493,8.377],[16.023,-4.119]],"v":[[210.198,34.069],[163.677,-26.581],[147.642,4.194],[153.871,-0.345],[187.674,43.724],[179.314,98.631],[176.307,98.899],[198.693,109.634]],"c":true},"ix":2},"nm":"Path 1","mn":"ADBE Vector Shape - Group","hd":false},{"ty":"fl","c":{"a":0,"k":[0.713725507259,0.713725507259,0.713725507259,1],"ix":4},"o":{"a":0,"k":100,"ix":5},"r":1,"bm":0,"nm":"Fill 1","mn":"ADBE Vector Graphic - Fill","hd":false},{"ty":"tr","p":{"a":0,"k":[0,0],"ix":2},"a":{"a":0,"k":[0,0],"ix":1},"s":{"a":0,"k":[100,100],"ix":3},"r":{"a":0,"k":0,"ix":6},"o":{"a":0,"k":100,"ix":7},"sk":{"a":0,"k":0,"ix":4},"sa":{"a":0,"k":0,"ix":5},"nm":"Transform"}],"nm":"Group 2","np":2,"cix":2,"bm":0,"ix":2,"mn":"ADBE Vector Group","hd":false},{"ty":"gr","it":[{"ind":0,"ty":"sh","ix":1,"ks":{"a":0,"k":{"i":[[9.238,20.402],[0,0],[-11.244,-5.675],[0,0]],"o":[[0,0],[4.045,8.268],[0,0],[-12.033,-5.003]],"v":[[150.821,77.501],[80.938,81.615],[103.119,103.231],[184.465,117.721]],"c":true},"ix":2},"nm":"Path 1","mn":"ADBE Vector Shape - Group","hd":false},{"ty":"fl","c":{"a":0,"k":[0.890196084976,0.890196084976,0.890196084976,1],"ix":4},"o":{"a":0,"k":100,"ix":5},"r":1,"bm":0,"nm":"Fill 1","mn":"ADBE Vector Graphic - Fill","hd":false},{"ty":"tr","p":{"a":0,"k":[0,0],"ix":2},"a":{"a":0,"k":[0,0],"ix":1},"s":{"a":0,"k":[100,100],"ix":3},"r":{"a":0,"k":0,"ix":6},"o":{"a":0,"k":100,"ix":7},"sk":{"a":0,"k":0,"ix":4},"sa":{"a":0,"k":0,"ix":5},"nm":"Transform"}],"nm":"Group 3","np":2,"cix":2,"bm":0,"ix":3,"mn":"ADBE Vector Group","hd":false},{"ty":"gr","it":[{"ind":0,"ty":"sh","ix":1,"ks":{"a":0,"k":{"i":[[-2.211,-8.6],[3.347,-0.86],[2.211,8.6],[-3.347,0.86]],"o":[[2.211,8.6],[-3.347,0.86],[-2.211,-8.6],[3.347,-0.86]],"v":[[177.041,40.93],[174.983,58.059],[164.919,44.046],[166.977,26.916]],"c":true},"ix":2},"nm":"Path 1","mn":"ADBE Vector Shape - Group","hd":false},{"ty":"fl","c":{"a":0,"k":[0.890196084976,0.890196084976,0.890196084976,1],"ix":4},"o":{"a":0,"k":100,"ix":5},"r":1,"bm":0,"nm":"Fill 1","mn":"ADBE Vector Graphic - Fill","hd":false},{"ty":"tr","p":{"a":0,"k":[0,0],"ix":2},"a":{"a":0,"k":[0,0],"ix":1},"s":{"a":0,"k":[100,100],"ix":3},"r":{"a":0,"k":0,"ix":6},"o":{"a":0,"k":100,"ix":7},"sk":{"a":0,"k":0,"ix":4},"sa":{"a":0,"k":0,"ix":5},"nm":"Transform"}],"nm":"Group 4","np":2,"cix":2,"bm":0,"ix":4,"mn":"ADBE Vector Group","hd":false},{"ty":"gr","it":[{"ind":0,"ty":"sh","ix":1,"ks":{"a":0,"k":{"i":[[2.24,23.418],[0,0],[0,0],[0,0]],"o":[[0,0],[0,0],[0,0],[0,0]],"v":[[148.09,26.83],[167.68,26.83],[176.172,57.394],[159.742,71.456]],"c":true},"ix":2},"nm":"Path 1","mn":"ADBE Vector Shape - Group","hd":false},{"ty":"fl","c":{"a":0,"k":[1,1,1,1],"ix":4},"o":{"a":0,"k":100,"ix":5},"r":1,"bm":0,"nm":"Fill 1","mn":"ADBE Vector Graphic - Fill","hd":false},{"ty":"tr","p":{"a":0,"k":[0,0],"ix":2},"a":{"a":0,"k":[0,0],"ix":1},"s":{"a":0,"k":[100,100],"ix":3},"r":{"a":0,"k":0,"ix":6},"o":{"a":0,"k":100,"ix":7},"sk":{"a":0,"k":0,"ix":4},"sa":{"a":0,"k":0,"ix":5},"nm":"Transform"}],"nm":"Group 5","np":2,"cix":2,"bm":0,"ix":5,"mn":"ADBE Vector Group","hd":false},{"ty":"gr","it":[{"ind":0,"ty":"sh","ix":1,"ks":{"a":0,"k":{"i":[[0,0],[0,0],[0.61,-1.033],[0,0],[0,0],[0,0],[0.352,1.085],[0,0]],"o":[[0,0],[0.387,1.136],[0,0],[0,0],[0,0],[0.554,-0.997],[0,0],[0,0]],"v":[[87.988,108.501],[94.083,126.367],[93.732,129.784],[91.484,133.591],[80.789,136.866],[83.501,131.983],[83.818,128.719],[78.371,111.925]],"c":true},"ix":2},"nm":"Path 1","mn":"ADBE Vector Shape - Group","hd":false},{"ty":"fl","c":{"a":0,"k":[0.658823529412,0,0,1],"ix":4},"o":{"a":0,"k":100,"ix":5},"r":1,"bm":0,"nm":"Fill 1","mn":"ADBE Vector Graphic - Fill","hd":false},{"ty":"tr","p":{"a":0,"k":[0,0],"ix":2},"a":{"a":0,"k":[0,0],"ix":1},"s":{"a":0,"k":[100,100],"ix":3},"r":{"a":0,"k":0,"ix":6},"o":{"a":0,"k":100,"ix":7},"sk":{"a":0,"k":0,"ix":4},"sa":{"a":0,"k":0,"ix":5},"nm":"Transform"}],"nm":"Group 6","np":2,"cix":2,"bm":0,"ix":6,"mn":"ADBE Vector Group","hd":false},{"ty":"gr","it":[{"ind":0,"ty":"sh","ix":1,"ks":{"a":0,"k":{"i":[[0,0],[0,0],[0.552,-0.993],[0,0],[0,0]],"o":[[0,0],[0.35,1.081],[0,0],[0,0],[0,0]],"v":[[78.371,111.925],[83.82,128.725],[83.505,131.977],[80.789,136.866],[73.528,113.65]],"c":true},"ix":2},"nm":"Path 1","mn":"ADBE Vector Shape - Group","hd":false},{"ty":"fl","c":{"a":0,"k":[0.952941176471,0,0,1],"ix":4},"o":{"a":0,"k":100,"ix":5},"r":1,"bm":0,"nm":"Fill 1","mn":"ADBE Vector Graphic - Fill","hd":false},{"ty":"tr","p":{"a":0,"k":[0,0],"ix":2},"a":{"a":0,"k":[0,0],"ix":1},"s":{"a":0,"k":[100,100],"ix":3},"r":{"a":0,"k":0,"ix":6},"o":{"a":0,"k":100,"ix":7},"sk":{"a":0,"k":0,"ix":4},"sa":{"a":0,"k":0,"ix":5},"nm":"Transform"}],"nm":"Group 7","np":2,"cix":2,"bm":0,"ix":7,"mn":"ADBE Vector Group","hd":false},{"ty":"gr","it":[{"ind":0,"ty":"sh","ix":1,"ks":{"a":0,"k":{"i":[[0,0],[1.117,0.155],[0,0],[0.335,1.058],[0,0],[2.563,0.151],[0,0],[-1.087,-0.147],[0,0],[0.595,2.003]],"o":[[-0.321,-1.081],[0,0],[-1.099,-0.153],[0,0],[-2.527,0.751],[0,0],[0.347,1.041],[0,0],[2.07,0.281],[0,0]],"v":[[96.076,168.237],[93.713,166.207],[86.297,165.177],[83.95,163.195],[68.816,115.403],[61.126,116.297],[80.248,173.663],[82.591,175.604],[94.51,177.22],[97.655,173.549]],"c":true},"ix":2},"nm":"Path 1","mn":"ADBE Vector Shape - Group","hd":false},{"ty":"fl","c":{"a":0,"k":[1,1,1,1],"ix":4},"o":{"a":0,"k":100,"ix":5},"r":1,"bm":0,"nm":"Fill 1","mn":"ADBE Vector Graphic - Fill","hd":false},{"ty":"tr","p":{"a":0,"k":[0,0],"ix":2},"a":{"a":0,"k":[0,0],"ix":1},"s":{"a":0,"k":[100,100],"ix":3},"r":{"a":0,"k":0,"ix":6},"o":{"a":0,"k":100,"ix":7},"sk":{"a":0,"k":0,"ix":4},"sa":{"a":0,"k":0,"ix":5},"nm":"Transform"}],"nm":"Group 8","np":2,"cix":2,"bm":0,"ix":8,"mn":"ADBE Vector Group","hd":false},{"ty":"gr","it":[{"ind":0,"ty":"sh","ix":1,"ks":{"a":0,"k":{"i":[[0.398,1.643],[0,0],[1.352,0.183],[0,0],[0.383,1.228],[0,0],[0,0],[0.382,-0.113],[0,0],[-1.553,-0.216],[0,0],[0,0],[0,0],[0,0],[-0.321,-1.081],[0,0],[2.07,0.281],[0,0],[-1.257,0.85],[0,0]],"o":[[0,0],[-0.321,-1.326],[0,0],[-1.275,-0.172],[0,0],[0,0],[-0.378,0.135],[0,0],[0.473,1.495],[0,0],[0,0],[0,0],[0,0],[1.117,0.155],[0,0],[0.595,2.002],[0,0],[1.504,0.204],[0,0],[1.4,-0.947]],"v":[[108.698,168.027],[107.438,162.829],[104.662,160.327],[97.638,159.378],[94.92,157.082],[80.613,111.245],[69.958,115.04],[68.816,115.403],[83.723,162.48],[87.04,165.28],[91.787,165.939],[92.956,166.102],[92.956,166.102],[93.713,166.207],[96.076,168.237],[97.655,173.549],[94.51,177.22],[96.589,177.502],[100.876,176.498],[107.032,172.334]],"c":true},"ix":2},"nm":"Path 1","mn":"ADBE Vector Shape - Group","hd":false},{"ty":"fl","c":{"a":0,"k":[0.890196084976,0.890196084976,0.890196084976,1],"ix":4},"o":{"a":0,"k":100,"ix":5},"r":1,"bm":0,"nm":"Fill 1","mn":"ADBE Vector Graphic - Fill","hd":false},{"ty":"tr","p":{"a":0,"k":[0,0],"ix":2},"a":{"a":0,"k":[0,0],"ix":1},"s":{"a":0,"k":[100,100],"ix":3},"r":{"a":0,"k":0,"ix":6},"o":{"a":0,"k":100,"ix":7},"sk":{"a":0,"k":0,"ix":4},"sa":{"a":0,"k":0,"ix":5},"nm":"Transform"}],"nm":"Group 9","np":2,"cix":2,"bm":0,"ix":9,"mn":"ADBE Vector Group","hd":false},{"ty":"gr","it":[{"ind":0,"ty":"sh","ix":1,"ks":{"a":0,"k":{"i":[[-9.669,-37.615],[16.023,-4.119],[9.669,37.615],[-16.023,4.119]],"o":[[9.669,37.615],[-16.023,4.119],[-9.669,-37.615],[16.023,-4.119]],"v":[[210.198,34.069],[198.693,109.634],[152.172,48.985],[163.677,-26.581]],"c":true},"ix":2},"nm":"Path 1","mn":"ADBE Vector Shape - Group","hd":false},{"ty":"fl","c":{"a":0,"k":[0.611764729023,0.611764729023,0.611764729023,1],"ix":4},"o":{"a":0,"k":100,"ix":5},"r":1,"bm":0,"nm":"Fill 1","mn":"ADBE Vector Graphic - Fill","hd":false},{"ty":"tr","p":{"a":0,"k":[0,0],"ix":2},"a":{"a":0,"k":[0,0],"ix":1},"s":{"a":0,"k":[100,100],"ix":3},"r":{"a":0,"k":0,"ix":6},"o":{"a":0,"k":100,"ix":7},"sk":{"a":0,"k":0,"ix":4},"sa":{"a":0,"k":0,"ix":5},"nm":"Transform"}],"nm":"Group 10","np":2,"cix":2,"bm":0,"ix":10,"mn":"ADBE Vector Group","hd":false},{"ty":"gr","it":[{"ind":0,"ty":"sh","ix":1,"ks":{"a":0,"k":{"i":[[0.017,0.017],[-15.508,3.986],[1.259,28.375]],"o":[[12.683,28.013],[14.693,-3.777],[-31.374,48.486]],"v":[[150.821,77.501],[197.606,119.01],[218.868,64.862]],"c":true},"ix":2},"nm":"Path 1","mn":"ADBE Vector Shape - Group","hd":false},{"ty":"fl","c":{"a":0,"k":[0.658823529412,0.003921568627,0.003921568627,1],"ix":4},"o":{"a":0,"k":100,"ix":5},"r":1,"bm":0,"nm":"Fill 1","mn":"ADBE Vector Graphic - Fill","hd":false},{"ty":"tr","p":{"a":0,"k":[0,0],"ix":2},"a":{"a":0,"k":[0,0],"ix":1},"s":{"a":0,"k":[100,100],"ix":3},"r":{"a":0,"k":0,"ix":6},"o":{"a":0,"k":100,"ix":7},"sk":{"a":0,"k":0,"ix":4},"sa":{"a":0,"k":0,"ix":5},"nm":"Transform"}],"nm":"Group 11","np":2,"cix":2,"bm":0,"ix":11,"mn":"ADBE Vector Group","hd":false},{"ty":"gr","it":[{"ind":0,"ty":"sh","ix":1,"ks":{"a":0,"k":{"i":[[-10.986,-42.735],[19.976,-5.135],[10.986,42.735],[-19.976,5.135]],"o":[[10.986,42.735],[-19.976,5.135],[-10.986,-42.735],[19.976,-5.135]],"v":[[213.884,32.334],[197.606,119.01],[141.545,50.929],[157.823,-35.747]],"c":true},"ix":2},"nm":"Path 1","mn":"ADBE Vector Shape - Group","hd":false},{"ty":"fl","c":{"a":0,"k":[0.952941236309,0,0,1],"ix":4},"o":{"a":0,"k":100,"ix":5},"r":1,"bm":0,"nm":"Fill 1","mn":"ADBE Vector Graphic - Fill","hd":false},{"ty":"tr","p":{"a":0,"k":[0,0],"ix":2},"a":{"a":0,"k":[0,0],"ix":1},"s":{"a":0,"k":[100,100],"ix":3},"r":{"a":0,"k":0,"ix":6},"o":{"a":0,"k":100,"ix":7},"sk":{"a":0,"k":0,"ix":4},"sa":{"a":0,"k":0,"ix":5},"nm":"Transform"}],"nm":"Group 12","np":2,"cix":2,"bm":0,"ix":12,"mn":"ADBE Vector Group","hd":false},{"ty":"gr","it":[{"ind":0,"ty":"sh","ix":1,"ks":{"a":0,"k":{"i":[[8.669,33.723],[-11.579,14.049],[0,0],[0,0],[-43.791,-22.1],[0,0]],"o":[[-8.74,-33.999],[0,0],[0,0],[0,0],[0,0],[-16.793,-6.982]],"v":[[141.545,50.929],[147.212,-28.629],[147.115,-28.96],[81.428,28.745],[103.119,103.231],[184.465,117.721]],"c":true},"ix":2},"nm":"Path 1","mn":"ADBE Vector Shape - Group","hd":false},{"ty":"fl","c":{"a":0,"k":[1,1,1,1],"ix":4},"o":{"a":0,"k":100,"ix":5},"r":1,"bm":0,"nm":"Fill 1","mn":"ADBE Vector Graphic - Fill","hd":false},{"ty":"tr","p":{"a":0,"k":[0,0],"ix":2},"a":{"a":0,"k":[0,0],"ix":1},"s":{"a":0,"k":[100,100],"ix":3},"r":{"a":0,"k":0,"ix":6},"o":{"a":0,"k":100,"ix":7},"sk":{"a":0,"k":0,"ix":4},"sa":{"a":0,"k":0,"ix":5},"nm":"Transform"}],"nm":"Group 13","np":2,"cix":2,"bm":0,"ix":13,"mn":"ADBE Vector Group","hd":false},{"ty":"gr","it":[{"ind":0,"ty":"sh","ix":1,"ks":{"a":0,"k":{"i":[[6.107,5.577],[-4.207,14.518],[-8.778,3.895],[0,0],[-43.791,-22.1],[0,0]],"o":[[-17.623,-16.094],[2.166,-7.475],[0,0],[0,0],[0,0],[-7.792,2.775]],"v":[[47.362,110.497],[33.593,58.697],[48.739,42.225],[81.428,28.746],[103.119,103.231],[69.958,115.04]],"c":true},"ix":2},"nm":"Path 1","mn":"ADBE Vector Shape - Group","hd":false},{"ty":"fl","c":{"a":0,"k":[0.952941236309,0,0,1],"ix":4},"o":{"a":0,"k":100,"ix":5},"r":1,"bm":0,"nm":"Fill 1","mn":"ADBE Vector Graphic - Fill","hd":false},{"ty":"tr","p":{"a":0,"k":[0,0],"ix":2},"a":{"a":0,"k":[0,0],"ix":1},"s":{"a":0,"k":[100,100],"ix":3},"r":{"a":0,"k":0,"ix":6},"o":{"a":0,"k":100,"ix":7},"sk":{"a":0,"k":0,"ix":4},"sa":{"a":0,"k":0,"ix":5},"nm":"Transform"}],"nm":"Group 14","np":2,"cix":2,"bm":0,"ix":14,"mn":"ADBE Vector Group","hd":false}],"ip":0,"op":1200,"st":0,"bm":0},{"ddd":0,"ind":7,"ty":4,"nm":"n Outlines","parent":4,"sr":1,"ks":{"o":{"a":1,"k":[{"i":{"x":[0],"y":[1]},"o":{"x":[0.001],"y":[0]},"t":121.887,"s":[0]},{"i":{"x":[0.833],"y":[1]},"o":{"x":[0.167],"y":[0]},"t":150.508,"s":[100]},{"i":{"x":[0.833],"y":[1]},"o":{"x":[0.167],"y":[0]},"t":204.771,"s":[100]},{"t":225,"s":[0]}],"ix":11},"r":{"a":1,"k":[{"i":{"x":[0.534],"y":[1]},"o":{"x":[0.216],"y":[0.233]},"t":121.834,"s":[119.074]},{"t":164.740234375,"s":[-10]}],"ix":10},"p":{"a":1,"k":[{"i":{"x":0.471,"y":1},"o":{"x":0.175,"y":0.286},"t":121.834,"s":[157.539,185.946,0],"to":[62.153,-64.766,0],"ti":[55.878,67.273,0]},{"t":164.740234375,"s":[164.195,-36.41,0]}],"ix":2},"a":{"a":0,"k":[23.18,1.196,0],"ix":1},"s":{"a":1,"k":[{"i":{"x":[0,0,0],"y":[1,1,1]},"o":{"x":[0,0,0.333],"y":[0,0,0]},"t":121.887,"s":[0,0,100]},{"t":164.740234375,"s":[100,100,100]}],"ix":6}},"ao":0,"shapes":[{"ty":"gr","it":[{"ind":0,"ty":"sh","ix":1,"ks":{"a":0,"k":{"i":[[0,0],[0,0],[-1.396,7.478],[0,0],[0,0],[0,-0.1],[0,0],[-6.58,25.224],[0,0],[0,0],[0.399,3.689],[0,8.574],[-0.1,1.894],[0,0]],"o":[[0,0],[0.698,-6.979],[0,0],[0,0],[0.798,2.094],[0,0],[1.994,-18.544],[0,0],[0,0],[-0.598,-2.293],[-0.499,-6.481],[0,-3.589],[0,0],[0,0]],"v":[[0.399,4.586],[15.354,0.1],[18.544,-21.535],[19.94,-17.248],[24.826,-3.19],[26.022,0.1],[41.077,-4.088],[53.938,-69.791],[37.587,-66.8],[31.206,-29.91],[29.711,-38.883],[28.913,-61.515],[29.113,-69.791],[12.861,-66.501]],"c":true},"ix":2},"nm":"n","mn":"ADBE Vector Shape - Group","hd":false},{"ty":"gf","o":{"a":0,"k":100,"ix":10},"r":1,"bm":0,"g":{"p":3,"k":{"a":0,"k":[0,1,0.565,0,0.5,1,0.282,0,1,1,0,0],"ix":9}},"s":{"a":0,"k":[19.76,-10.012],"ix":5},"e":{"a":0,"k":[33.148,-105.618],"ix":6},"t":1,"nm":"Gradient Fill 1","mn":"ADBE Vector Graphic - G-Fill","hd":false},{"ty":"tr","p":{"a":0,"k":[0,0],"ix":2},"a":{"a":0,"k":[0,0],"ix":1},"s":{"a":0,"k":[100,100],"ix":3},"r":{"a":0,"k":0,"ix":6},"o":{"a":0,"k":100,"ix":7},"sk":{"a":0,"k":0,"ix":4},"sa":{"a":0,"k":0,"ix":5},"nm":"Transform"}],"nm":"n","np":3,"cix":2,"bm":0,"ix":1,"mn":"ADBE Vector Group","hd":false},{"ty":"gr","it":[{"ty":"gf","o":{"a":0,"k":100,"ix":10},"r":1,"bm":0,"g":{"p":3,"k":{"a":0,"k":[0,1,0.565,0,0.5,1,0.282,0,1,1,0,0],"ix":9}},"s":{"a":0,"k":[269.01,-9.512],"ix":5},"e":{"a":0,"k":[181.898,-169.618],"ix":6},"t":1,"nm":"Gradient Fill 1","mn":"ADBE Vector Graphic - G-Fill","hd":false},{"ty":"tr","p":{"a":0,"k":[0,0],"ix":2},"a":{"a":0,"k":[0,0],"ix":1},"s":{"a":0,"k":[100,100],"ix":3},"r":{"a":0,"k":0,"ix":6},"o":{"a":0,"k":100,"ix":7},"sk":{"a":0,"k":0,"ix":4},"sa":{"a":0,"k":0,"ix":5},"nm":"Transform"}],"nm":"Group 1","np":1,"cix":2,"bm":0,"ix":2,"mn":"ADBE Vector Group","hd":false},{"ty":"gf","o":{"a":0,"k":100,"ix":10},"r":1,"bm":0,"g":{"p":3,"k":{"a":0,"k":[0,1,0.565,0,0.5,1,0.282,0,1,1,0,0],"ix":9}},"s":{"a":0,"k":[269.01,-9.512],"ix":5},"e":{"a":0,"k":[181.898,-169.618],"ix":6},"t":1,"nm":"Gradient Fill 1","mn":"ADBE Vector Graphic - G-Fill","hd":false}],"ip":113,"op":1203,"st":3,"bm":0},{"ddd":0,"ind":8,"ty":4,"nm":"o Outlines","parent":4,"sr":1,"ks":{"o":{"a":1,"k":[{"i":{"x":[0],"y":[1]},"o":{"x":[0.001],"y":[0]},"t":119,"s":[0]},{"i":{"x":[0.833],"y":[1]},"o":{"x":[0.167],"y":[0]},"t":147.941,"s":[100]},{"i":{"x":[0.833],"y":[1]},"o":{"x":[0.167],"y":[0]},"t":201.992,"s":[100]},{"t":222.220703125,"s":[0]}],"ix":11},"r":{"a":1,"k":[{"i":{"x":[0],"y":[1]},"o":{"x":[0],"y":[0]},"t":119,"s":[97]},{"t":163.373046875,"s":[-10]}],"ix":10},"p":{"a":1,"k":[{"i":{"x":0.307,"y":1},"o":{"x":0.094,"y":0.146},"t":119,"s":[149.497,188.345,0],"to":[79.443,-33.905,0],"ti":[83.691,22.797,0]},{"t":163.373046875,"s":[111.621,-19.491,0]}],"ix":2},"a":{"a":0,"k":[23.18,1.196,0],"ix":1},"s":{"a":1,"k":[{"i":{"x":[0,0,0],"y":[1,1,1]},"o":{"x":[0,0,0.333],"y":[0,0,0]},"t":119,"s":[0,0,100]},{"t":163.373046875,"s":[100,100,100]}],"ix":6}},"ao":0,"shapes":[{"ty":"gr","it":[{"ind":0,"ty":"sh","ix":1,"ks":{"a":0,"k":{"i":[[6.68,0],[6.979,-9.172],[2.293,-8.873],[0.1,-4.487],[-1.296,-3.689],[-6.68,0],[-6.979,9.073],[-2.293,8.873],[0,4.487],[1.496,3.888]],"o":[[-7.876,0],[-5.683,7.478],[-1.396,5.284],[0.1,4.487],[2.891,7.478],[7.876,0],[5.783,-7.478],[1.396,-5.085],[0,-4.586],[-2.792,-7.478]],"v":[[39.88,-73.978],[17.547,-60.219],[5.583,-35.793],[3.39,-21.137],[5.484,-8.873],[19.84,2.293],[42.074,-11.366],[54.138,-35.793],[56.231,-50.15],[54.038,-62.812]],"c":true},"ix":2},"nm":"o","mn":"ADBE Vector Shape - Group","hd":false},{"ind":1,"ty":"sh","ix":2,"ks":{"a":0,"k":{"i":[[-3.49,0],[-0.698,-4.586],[1.097,-4.686],[2.293,-2.891],[3.49,0],[1.496,1.795],[0,2.592],[-0.598,2.293],[-2.891,4.487]],"o":[[3.091,0],[0.698,4.586],[-0.997,4.088],[-2.792,3.689],[-2.592,0],[-1.296,-1.695],[-0.1,-1.795],[1.097,-4.287],[3.589,-5.683]],"v":[[36.391,-50.548],[42.074,-43.669],[41.376,-29.711],[36.391,-19.242],[26.919,-13.659],[20.837,-16.351],[18.943,-22.732],[19.741,-28.814],[25.823,-41.974]],"c":true},"ix":2},"nm":"o","mn":"ADBE Vector Shape - Group","hd":false},{"ty":"mm","mm":1,"nm":"Merge Paths 1","mn":"ADBE Vector Filter - Merge","hd":false},{"ty":"gf","o":{"a":0,"k":100,"ix":10},"r":1,"bm":0,"g":{"p":3,"k":{"a":0,"k":[0.002,1,0.565,0,0.501,1,0.282,0,1,1,0,0],"ix":9}},"s":{"a":0,"k":[23.354,-4.88],"ix":5},"e":{"a":0,"k":[40.15,-108.882],"ix":6},"t":1,"nm":"Gradient Fill 1","mn":"ADBE Vector Graphic - G-Fill","hd":false},{"ty":"tr","p":{"a":0,"k":[0,0],"ix":2},"a":{"a":0,"k":[0,0],"ix":1},"s":{"a":0,"k":[100,100],"ix":3},"r":{"a":0,"k":0,"ix":6},"o":{"a":0,"k":100,"ix":7},"sk":{"a":0,"k":0,"ix":4},"sa":{"a":0,"k":0,"ix":5},"nm":"Transform"}],"nm":"o","np":5,"cix":2,"bm":0,"ix":1,"mn":"ADBE Vector Group","hd":false},{"ty":"gr","it":[{"ty":"gf","o":{"a":0,"k":100,"ix":10},"r":1,"bm":0,"g":{"p":3,"k":{"a":0,"k":[0.002,1,0.565,0,0.501,1,0.282,0,1,1,0,0],"ix":9}},"s":{"a":0,"k":[0.769,-4.363],"ix":5},"e":{"a":0,"k":[105.312,-33.768],"ix":6},"t":1,"nm":"Gradient Fill 3","mn":"ADBE Vector Graphic - G-Fill","hd":false},{"ty":"tr","p":{"a":0,"k":[0,0],"ix":2},"a":{"a":0,"k":[0,0],"ix":1},"s":{"a":0,"k":[100,100],"ix":3},"r":{"a":0,"k":0,"ix":6},"o":{"a":0,"k":100,"ix":7},"sk":{"a":0,"k":0,"ix":4},"sa":{"a":0,"k":0,"ix":5},"nm":"Transform"}],"nm":"Group 1","np":1,"cix":2,"bm":0,"ix":2,"mn":"ADBE Vector Group","hd":false}],"ip":109,"op":1196,"st":-4,"bm":0},{"ddd":0,"ind":9,"ty":4,"nm":"i Outlines","parent":4,"sr":1,"ks":{"o":{"a":1,"k":[{"i":{"x":[0],"y":[1]},"o":{"x":[0.001],"y":[0]},"t":120,"s":[0]},{"i":{"x":[0.833],"y":[1]},"o":{"x":[0.167],"y":[0]},"t":148.363,"s":[100]},{"i":{"x":[0.833],"y":[1]},"o":{"x":[0.167],"y":[0]},"t":203.139,"s":[100]},{"t":223.3671875,"s":[0]}],"ix":11},"r":{"a":1,"k":[{"i":{"x":[0],"y":[1]},"o":{"x":[0],"y":[0]},"t":120,"s":[75]},{"t":164.119140625,"s":[-10]}],"ix":10},"p":{"a":1,"k":[{"i":{"x":0,"y":1},"o":{"x":0.121,"y":0},"t":120,"s":[157.56,184.575,0],"to":[59.754,-31.329,0],"ti":[88.643,3.053,0]},{"t":164.005859375,"s":[76.562,-9.954,0]}],"ix":2},"a":{"a":0,"k":[14.706,0.1,0],"ix":1},"s":{"a":1,"k":[{"i":{"x":[0,0,0],"y":[1,1,1]},"o":{"x":[0,0,0.333],"y":[0,0,0]},"t":120,"s":[0,0,100]},{"t":164.119140625,"s":[100,100,100]}],"ix":6}},"ao":0,"shapes":[{"ty":"gr","it":[{"ind":0,"ty":"sh","ix":1,"ks":{"a":0,"k":{"i":[[0,0],[0,0],[-6.481,25.224],[0,0]],"o":[[0,0],[2.094,-18.544],[0,0],[0,0]],"v":[[0.798,0.1],[15.753,-4.088],[28.614,-69.791],[12.363,-66.8]],"c":true},"ix":2},"nm":"i","mn":"ADBE Vector Shape - Group","hd":false},{"ty":"gf","o":{"a":0,"k":100,"ix":10},"r":1,"bm":0,"g":{"p":3,"k":{"a":0,"k":[0,1,0.565,0,0.5,1,0.282,0,1,1,0,0],"ix":9}},"s":{"a":0,"k":[10.485,-8.434],"ix":5},"e":{"a":0,"k":[27.685,-100.155],"ix":6},"t":1,"nm":"Gradient Fill 1","mn":"ADBE Vector Graphic - G-Fill","hd":false},{"ty":"tr","p":{"a":0,"k":[0,0],"ix":2},"a":{"a":0,"k":[0,0],"ix":1},"s":{"a":0,"k":[100,100],"ix":3},"r":{"a":0,"k":0,"ix":6},"o":{"a":0,"k":100,"ix":7},"sk":{"a":0,"k":0,"ix":4},"sa":{"a":0,"k":0,"ix":5},"nm":"Transform"}],"nm":"i","np":3,"cix":2,"bm":0,"ix":1,"mn":"ADBE Vector Group","hd":false},{"ty":"gr","it":[{"ty":"gf","o":{"a":0,"k":100,"ix":10},"r":1,"bm":0,"g":{"p":3,"k":{"a":0,"k":[0,1,0.565,0,0.5,1,0.282,0,1,1,0,0],"ix":9}},"s":{"a":0,"k":[259.735,-7.934],"ix":5},"e":{"a":0,"k":[176.435,-164.155],"ix":6},"t":1,"nm":"Gradient Fill 1","mn":"ADBE Vector Graphic - G-Fill","hd":false},{"ty":"tr","p":{"a":0,"k":[0,0],"ix":2},"a":{"a":0,"k":[0,0],"ix":1},"s":{"a":0,"k":[100,100],"ix":3},"r":{"a":0,"k":0,"ix":6},"o":{"a":0,"k":100,"ix":7},"sk":{"a":0,"k":0,"ix":4},"sa":{"a":0,"k":0,"ix":5},"nm":"Transform"}],"nm":"Group 1","np":1,"cix":2,"bm":0,"ix":2,"mn":"ADBE Vector Group","hd":false},{"ty":"gr","it":[{"ty":"gf","o":{"a":0,"k":100,"ix":10},"r":1,"bm":0,"g":{"p":3,"k":{"a":0,"k":[0,1,0.565,0,0.5,1,0.282,0,1,1,0,0],"ix":9}},"s":{"a":0,"k":[259.735,-7.934],"ix":5},"e":{"a":0,"k":[176.435,-164.155],"ix":6},"t":1,"nm":"Gradient Fill 1","mn":"ADBE Vector Graphic - G-Fill","hd":false},{"ty":"tr","p":{"a":0,"k":[0,0],"ix":2},"a":{"a":0,"k":[0,0],"ix":1},"s":{"a":0,"k":[100,100],"ix":3},"r":{"a":0,"k":0,"ix":6},"o":{"a":0,"k":100,"ix":7},"sk":{"a":0,"k":0,"ix":4},"sa":{"a":0,"k":0,"ix":5},"nm":"Transform"}],"nm":"Group 2","np":1,"cix":2,"bm":0,"ix":3,"mn":"ADBE Vector Group","hd":false}],"ip":108,"op":1193,"st":-7,"bm":0},{"ddd":0,"ind":10,"ty":4,"nm":"t Outlines","parent":4,"sr":1,"ks":{"o":{"a":1,"k":[{"i":{"x":[0],"y":[1]},"o":{"x":[0.001],"y":[0]},"t":114,"s":[0]},{"i":{"x":[0.833],"y":[1]},"o":{"x":[0.167],"y":[0]},"t":142.066,"s":[100]},{"i":{"x":[0.833],"y":[1]},"o":{"x":[0.167],"y":[0]},"t":201.213,"s":[100]},{"t":221.44140625,"s":[0]}],"ix":11},"r":{"a":1,"k":[{"i":{"x":[0],"y":[1]},"o":{"x":[0],"y":[0]},"t":114,"s":[56]},{"t":157.01953125,"s":[-10]}],"ix":10},"p":{"a":1,"k":[{"i":{"x":0,"y":1},"o":{"x":0.121,"y":0},"t":114,"s":[158.658,186.522,0],"to":[71.64,-57.642,0],"ti":[105.927,-32.548,0]},{"t":157.01953125,"s":[40.628,-5.861,0]}],"ix":2},"a":{"a":0,"k":[23.18,1.196,0],"ix":1},"s":{"a":1,"k":[{"i":{"x":[0,0,0],"y":[1,1,1]},"o":{"x":[0,0,0.333],"y":[0,0,0]},"t":114,"s":[0,0,100]},{"t":157.01953125,"s":[100,100,100]}],"ix":6}},"ao":0,"shapes":[{"ty":"gr","it":[{"ind":0,"ty":"sh","ix":1,"ks":{"a":0,"k":{"i":[[0,0],[0,0],[0,0],[0,0],[0,0],[0,0],[-4.187,17.448],[0,0],[0,0]],"o":[[0,0],[0,0],[0,0],[0,0],[0,0],[1.396,-14.656],[0,0],[0,0],[0,0]],"v":[[9.172,-66.102],[10.269,-48.455],[15.254,-49.352],[20.339,-50.249],[11.665,0.1],[27.717,-4.088],[36.092,-52.243],[48.554,-53.141],[49.053,-70.788]],"c":true},"ix":2},"nm":"t","mn":"ADBE Vector Shape - Group","hd":false},{"ty":"gf","o":{"a":0,"k":100,"ix":10},"r":1,"bm":0,"g":{"p":3,"k":{"a":0,"k":[0,1,0.565,0,0.5,1,0.282,0,1,1,0,0],"ix":9}},"s":{"a":0,"k":[20.641,-4.073],"ix":5},"e":{"a":0,"k":[35.936,-92.273],"ix":6},"t":1,"nm":"Gradient Fill 1","mn":"ADBE Vector Graphic - G-Fill","hd":false},{"ty":"tr","p":{"a":0,"k":[0,0],"ix":2},"a":{"a":0,"k":[0,0],"ix":1},"s":{"a":0,"k":[100,100],"ix":3},"r":{"a":0,"k":0,"ix":6},"o":{"a":0,"k":100,"ix":7},"sk":{"a":0,"k":0,"ix":4},"sa":{"a":0,"k":0,"ix":5},"nm":"Transform"}],"nm":"t","np":3,"cix":2,"bm":0,"ix":1,"mn":"ADBE Vector Group","hd":false},{"ty":"gr","it":[{"ty":"gf","o":{"a":0,"k":100,"ix":10},"r":1,"bm":0,"g":{"p":3,"k":{"a":0,"k":[0,1,0.565,0,0.5,1,0.282,0,1,1,0,0],"ix":9}},"s":{"a":0,"k":[269.891,-3.573],"ix":5},"e":{"a":0,"k":[184.686,-156.273],"ix":6},"t":1,"nm":"Gradient Fill 1","mn":"ADBE Vector Graphic - G-Fill","hd":false},{"ty":"tr","p":{"a":0,"k":[0,0],"ix":2},"a":{"a":0,"k":[0,0],"ix":1},"s":{"a":0,"k":[100,100],"ix":3},"r":{"a":0,"k":0,"ix":6},"o":{"a":0,"k":100,"ix":7},"sk":{"a":0,"k":0,"ix":4},"sa":{"a":0,"k":0,"ix":5},"nm":"Transform"}],"nm":"Group 1","np":1,"cix":2,"bm":0,"ix":2,"mn":"ADBE Vector Group","hd":false}],"ip":113,"op":1182,"st":-18,"bm":0},{"ddd":0,"ind":11,"ty":4,"nm":"c Outlines","parent":4,"sr":1,"ks":{"o":{"a":1,"k":[{"i":{"x":[0],"y":[1]},"o":{"x":[0.001],"y":[0]},"t":108,"s":[0]},{"i":{"x":[0.833],"y":[1]},"o":{"x":[0.167],"y":[0]},"t":136.344,"s":[100]},{"i":{"x":[0.833],"y":[1]},"o":{"x":[0.167],"y":[0]},"t":199.287,"s":[100]},{"t":219.513671875,"s":[0]}],"ix":11},"r":{"a":1,"k":[{"i":{"x":[0],"y":[1]},"o":{"x":[0],"y":[0]},"t":108,"s":[36]},{"t":151.669921875,"s":[-10]}],"ix":10},"p":{"a":1,"k":[{"i":{"x":0,"y":1},"o":{"x":0.121,"y":0},"t":108,"s":[156.302,187.532,0],"to":[92.169,-84.686,0],"ti":[110.26,-44.112,0]},{"t":151.669921875,"s":[-6.513,7.876,0]}],"ix":2},"a":{"a":0,"k":[23.18,1.196,0],"ix":1},"s":{"a":1,"k":[{"i":{"x":[0,0,0],"y":[1,1,1]},"o":{"x":[0,0,0.333],"y":[0,0,0]},"t":108,"s":[0,0,100]},{"t":151.669921875,"s":[100,100,100]}],"ix":6}},"ao":0,"shapes":[{"ty":"gr","it":[{"ind":0,"ty":"sh","ix":1,"ks":{"a":0,"k":{"i":[[6.481,0],[6.381,-8.375],[1.994,-8.375],[0,-3.689],[-1.795,-4.088],[-6.58,0],[-6.281,6.879],[0,0],[3.29,0],[1.097,0.499],[-0.1,4.287],[-0.399,1.894],[-2.891,4.686],[-3.39,0],[-1.496,-1.496],[0,0]],"o":[[-7.478,0],[-5.184,6.879],[-0.897,4.088],[-0.1,4.985],[2.991,6.879],[6.381,0],[0,0],[-3.589,4.885],[-1.097,0],[-3.091,-1.496],[0,-1.595],[0.897,-4.088],[3.589,-5.683],[1.894,0],[0,0],[-3.091,-7.079]],"v":[[37.488,-71.386],[16.65,-58.824],[5.882,-35.892],[4.586,-24.227],[7.178,-10.668],[21.535,-0.299],[40.578,-10.668],[37.587,-21.934],[27.318,-14.656],[24.028,-15.454],[19.442,-24.128],[20.04,-29.412],[25.723,-42.672],[36.191,-51.246],[41.276,-48.953],[51.944,-60.718]],"c":true},"ix":2},"nm":"c","mn":"ADBE Vector Shape - Group","hd":false},{"ty":"gf","o":{"a":0,"k":100,"ix":10},"r":1,"bm":0,"g":{"p":3,"k":{"a":0,"k":[0,1,0.565,0,0.5,1,0.282,0,1,1,0,0],"ix":9}},"s":{"a":0,"k":[22.547,-7.592],"ix":5},"e":{"a":0,"k":[36.266,-94.143],"ix":6},"t":1,"nm":"Gradient Fill 1","mn":"ADBE Vector Graphic - G-Fill","hd":false},{"ty":"tr","p":{"a":0,"k":[0,0],"ix":2},"a":{"a":0,"k":[0,0],"ix":1},"s":{"a":0,"k":[100,100],"ix":3},"r":{"a":0,"k":0,"ix":6},"o":{"a":0,"k":100,"ix":7},"sk":{"a":0,"k":0,"ix":4},"sa":{"a":0,"k":0,"ix":5},"nm":"Transform"}],"nm":"c","np":3,"cix":2,"bm":0,"ix":1,"mn":"ADBE Vector Group","hd":false},{"ty":"gr","it":[{"ty":"gf","o":{"a":0,"k":100,"ix":10},"r":1,"bm":0,"g":{"p":3,"k":{"a":0,"k":[0,1,0.565,0,0.5,1,0.282,0,1,1,0,0],"ix":9}},"s":{"a":0,"k":[271.797,-7.092],"ix":5},"e":{"a":0,"k":[185.016,-158.143],"ix":6},"t":1,"nm":"Gradient Fill 1","mn":"ADBE Vector Graphic - G-Fill","hd":false},{"ty":"tr","p":{"a":0,"k":[0,0],"ix":2},"a":{"a":0,"k":[0,0],"ix":1},"s":{"a":0,"k":[100,100],"ix":3},"r":{"a":0,"k":0,"ix":6},"o":{"a":0,"k":100,"ix":7},"sk":{"a":0,"k":0,"ix":4},"sa":{"a":0,"k":0,"ix":5},"nm":"Transform"}],"nm":"Group 1","np":1,"cix":2,"bm":0,"ix":2,"mn":"ADBE Vector Group","hd":false}],"ip":103,"op":1172,"st":-28,"bm":0},{"ddd":0,"ind":12,"ty":4,"nm":"A Outlines","parent":4,"sr":1,"ks":{"o":{"a":1,"k":[{"i":{"x":[0],"y":[1]},"o":{"x":[0.001],"y":[0]},"t":102,"s":[0]},{"i":{"x":[0.833],"y":[1]},"o":{"x":[0.167],"y":[0]},"t":130.619,"s":[100]},{"i":{"x":[0.833],"y":[1]},"o":{"x":[0.167],"y":[0]},"t":197.361,"s":[100]},{"t":217.587890625,"s":[0]}],"ix":11},"r":{"a":1,"k":[{"i":{"x":[0],"y":[1]},"o":{"x":[0],"y":[0]},"t":102,"s":[36]},{"t":146.30859375,"s":[-10]}],"ix":10},"p":{"a":1,"k":[{"i":{"x":0,"y":1},"o":{"x":0.121,"y":0},"t":102,"s":[158.034,189.696,0],"to":[105.006,-109.76,0],"ti":[74.27,-82.108,0]},{"t":146.30859375,"s":[-53.532,22.364,0]}],"ix":2},"a":{"a":0,"k":[23.18,1.196,0],"ix":1},"s":{"a":1,"k":[{"i":{"x":[0,0,0],"y":[1,1,1]},"o":{"x":[0,0,0.333],"y":[0,0,0]},"t":102,"s":[0,0,100]},{"t":146.30859375,"s":[100,100,100]}],"ix":6}},"ao":0,"shapes":[{"ty":"gr","it":[{"ind":0,"ty":"sh","ix":1,"ks":{"a":0,"k":{"i":[[0,0],[0,0],[0,0],[0,0],[0,0],[-3.29,19.143],[0,0],[9.272,-23.629]],"o":[[0,0],[0,0],[0,0],[0,0],[-0.299,-26.022],[0,0],[-5.683,22.034],[0,0]],"v":[[17.248,-1.795],[19.342,-10.169],[25.523,-11.366],[24.128,0.499],[44.367,-4.187],[48.754,-71.984],[19.94,-67.198],[-2.393,1.196]],"c":true},"ix":2},"nm":"A","mn":"ADBE Vector Shape - Group","hd":false},{"ind":1,"ty":"sh","ix":2,"ks":{"a":0,"k":{"i":[[0,0],[0,0],[0,0],[0,0]],"o":[[0,0],[0,0],[0,0],[0,0]],"v":[[22.433,-23.131],[31.406,-59.821],[31.505,-59.821],[27.218,-24.028]],"c":true},"ix":2},"nm":"A","mn":"ADBE Vector Shape - Group","hd":false},{"ty":"mm","mm":1,"nm":"Merge Paths 1","mn":"ADBE Vector Filter - Merge","hd":false},{"ty":"gf","o":{"a":0,"k":100,"ix":10},"r":1,"bm":0,"g":{"p":3,"k":{"a":0,"k":[0,1,0.565,0,0.5,1,0.282,0,1,1,0,0],"ix":9}},"s":{"a":0,"k":[22.731,-4.989],"ix":5},"e":{"a":0,"k":[39.674,-102.54],"ix":6},"t":1,"nm":"Gradient Fill 1","mn":"ADBE Vector Graphic - G-Fill","hd":false},{"ty":"tr","p":{"a":0,"k":[0,0],"ix":2},"a":{"a":0,"k":[0,0],"ix":1},"s":{"a":0,"k":[100,100],"ix":3},"r":{"a":0,"k":0,"ix":6},"o":{"a":0,"k":100,"ix":7},"sk":{"a":0,"k":0,"ix":4},"sa":{"a":0,"k":0,"ix":5},"nm":"Transform"}],"nm":"A","np":5,"cix":2,"bm":0,"ix":1,"mn":"ADBE Vector Group","hd":false},{"ty":"gr","it":[{"ty":"gf","o":{"a":0,"k":100,"ix":10},"r":1,"bm":0,"g":{"p":3,"k":{"a":0,"k":[0,1,0.565,0,0.5,1,0.282,0,1,1,0,0],"ix":9}},"s":{"a":0,"k":[271.981,-4.489],"ix":5},"e":{"a":0,"k":[188.424,-166.54],"ix":6},"t":1,"nm":"Gradient Fill 1","mn":"ADBE Vector Graphic - G-Fill","hd":false},{"ty":"tr","p":{"a":0,"k":[0,0],"ix":2},"a":{"a":0,"k":[0,0],"ix":1},"s":{"a":0,"k":[100,100],"ix":3},"r":{"a":0,"k":0,"ix":6},"o":{"a":0,"k":100,"ix":7},"sk":{"a":0,"k":0,"ix":4},"sa":{"a":0,"k":0,"ix":5},"nm":"Transform"}],"nm":"Group 1","np":1,"cix":2,"bm":0,"ix":2,"mn":"ADBE Vector Group","hd":false}],"ip":93,"op":1162,"st":-38,"bm":0},{"ddd":0,"ind":19,"ty":4,"nm":"Hinge","parent":29,"sr":1,"ks":{"o":{"a":0,"k":100,"ix":11},"r":{"a":0,"k":0,"ix":10},"p":{"a":0,"k":[-105.602,-16.331,0],"ix":2},"a":{"a":0,"k":[-113.102,-18.581,0],"ix":1},"s":{"a":0,"k":[100,100,100],"ix":6}},"ao":0,"shapes":[{"ty":"gr","it":[{"ind":0,"ty":"sh","ix":1,"ks":{"a":0,"k":{"i":[[0,0],[0.003,-3.084],[3.083,0.004],[-0.004,3.084],[-3.083,-0.004]],"o":[[3.083,0.004],[-0.004,3.082],[-3.083,-0.004],[0.003,-3.082],[0,0]],"v":[[-126.763,-37.685],[-121.186,-32.093],[-126.777,-26.517],[-132.354,-32.109],[-126.763,-37.685]],"c":true},"ix":2},"nm":"Path 1","mn":"ADBE Vector Shape - Group","hd":false},{"ty":"gf","o":{"a":0,"k":100,"ix":10},"r":1,"bm":0,"g":{"p":3,"k":{"a":0,"k":[0,1,1,1,0.593,0.539,0.539,0.539,1,0.078,0.078,0.078],"ix":9}},"s":{"a":0,"k":[-127,-35],"ix":5},"e":{"a":0,"k":[-119.82,-35],"ix":6},"t":2,"h":{"a":0,"k":0,"ix":7},"a":{"a":0,"k":0,"ix":8},"nm":"Gradient Fill 1","mn":"ADBE Vector Graphic - G-Fill","hd":false},{"ty":"tr","p":{"a":0,"k":[-2,-6.25],"ix":2},"a":{"a":0,"k":[0,0],"ix":1},"s":{"a":0,"k":[100,100],"ix":3},"r":{"a":0,"k":0,"ix":6},"o":{"a":0,"k":100,"ix":7},"sk":{"a":0,"k":0,"ix":4},"sa":{"a":0,"k":0,"ix":5},"nm":"Transform"}],"nm":"Group 1","np":2,"cix":2,"bm":0,"ix":1,"mn":"ADBE Vector Group","hd":false},{"ty":"gr","it":[{"ind":0,"ty":"sh","ix":1,"ks":{"a":0,"k":{"i":[[0,0],[0.003,-3.084],[3.083,0.004],[-0.004,3.084],[-3.083,-0.004]],"o":[[3.083,0.004],[-0.004,3.082],[-3.083,-0.004],[0.003,-3.082],[0,0]],"v":[[-105.096,-37.518],[-99.519,-31.926],[-105.11,-26.35],[-110.687,-31.942],[-105.096,-37.518]],"c":true},"ix":2},"nm":"Path 1","mn":"ADBE Vector Shape - Group","hd":false},{"ty":"gf","o":{"a":0,"k":100,"ix":10},"r":1,"bm":0,"g":{"p":3,"k":{"a":0,"k":[0,1,1,1,0.593,0.539,0.539,0.539,1,0.078,0.078,0.078],"ix":9}},"s":{"a":0,"k":[-105,-35],"ix":5},"e":{"a":0,"k":[-97.82,-35],"ix":6},"t":2,"h":{"a":0,"k":0,"ix":7},"a":{"a":0,"k":0,"ix":8},"nm":"Gradient Fill 1","mn":"ADBE Vector Graphic - G-Fill","hd":false},{"ty":"tr","p":{"a":0,"k":[-3.5,-6.25],"ix":2},"a":{"a":0,"k":[0,0],"ix":1},"s":{"a":0,"k":[100,100],"ix":3},"r":{"a":0,"k":0,"ix":6},"o":{"a":0,"k":100,"ix":7},"sk":{"a":0,"k":0,"ix":4},"sa":{"a":0,"k":0,"ix":5},"nm":"Transform"}],"nm":"Group 2","np":2,"cix":2,"bm":0,"ix":2,"mn":"ADBE Vector Group","hd":false},{"ty":"gr","it":[{"ind":0,"ty":"sh","ix":1,"ks":{"a":0,"k":{"i":[[0,0],[0.003,-3.084],[3.083,0.004],[-0.004,3.084],[-3.083,-0.004]],"o":[[3.083,0.004],[-0.004,3.082],[-3.083,-0.004],[0.003,-3.082],[0,0]],"v":[[-125.43,-107.685],[-119.852,-102.093],[-125.443,-96.517],[-131.02,-102.109],[-125.43,-107.685]],"c":true},"ix":2},"nm":"Path 1","mn":"ADBE Vector Shape - Group","hd":false},{"ty":"gf","o":{"a":0,"k":100,"ix":10},"r":1,"bm":0,"g":{"p":3,"k":{"a":0,"k":[0,1,1,1,0.593,0.539,0.539,0.539,1,0.078,0.078,0.078],"ix":9}},"s":{"a":0,"k":[-125,-105],"ix":5},"e":{"a":0,"k":[-117.82,-105],"ix":6},"t":2,"h":{"a":0,"k":0,"ix":7},"a":{"a":0,"k":0,"ix":8},"nm":"Gradient Fill 1","mn":"ADBE Vector Graphic - G-Fill","hd":false},{"ty":"tr","p":{"a":0,"k":[0.875,25.5],"ix":2},"a":{"a":0,"k":[0,0],"ix":1},"s":{"a":0,"k":[100,100],"ix":3},"r":{"a":0,"k":0,"ix":6},"o":{"a":0,"k":100,"ix":7},"sk":{"a":0,"k":0,"ix":4},"sa":{"a":0,"k":0,"ix":5},"nm":"Transform"}],"nm":"Group 3","np":2,"cix":2,"bm":0,"ix":3,"mn":"ADBE Vector Group","hd":false},{"ty":"gr","it":[{"ind":0,"ty":"sh","ix":1,"ks":{"a":0,"k":{"i":[[0,0],[0,0],[-0.687,-2.625],[-6.122,-20.436],[11.446,-0.149],[0,0],[-0.003,2.688],[0,0],[-3.284,-0.004]],"o":[[0,0],[3.284,0.004],[0,0],[6.122,20.436],[0,0],[-3.282,-0.004],[0,0],[0.003,-2.688],[0,0]],"v":[[-134.912,-102.456],[-116.41,-102.328],[-110.446,-97.436],[-94.872,-48.814],[-102.821,-25.716],[-134.985,-25.617],[-140.949,-30.51],[-140.888,-97.577],[-134.912,-102.456]],"c":true},"ix":2},"nm":"Path 1","mn":"ADBE Vector Shape - Group","hd":false},{"ty":"gf","o":{"a":0,"k":100,"ix":10},"r":1,"bm":0,"g":{"p":3,"k":{"a":0,"k":[0,0.427,0.42,0.427,0.5,0.298,0.288,0.296,1,0.169,0.157,0.165],"ix":9}},"s":{"a":0,"k":[-117,-110],"ix":5},"e":{"a":0,"k":[-116,-23],"ix":6},"t":1,"nm":"Gradient Fill 1","mn":"ADBE Vector Graphic - G-Fill","hd":false},{"ty":"tr","p":{"a":0,"k":[0,-2.75],"ix":2},"a":{"a":0,"k":[0,0],"ix":1},"s":{"a":0,"k":[100,84.574],"ix":3},"r":{"a":0,"k":0,"ix":6},"o":{"a":0,"k":100,"ix":7},"sk":{"a":0,"k":0,"ix":4},"sa":{"a":0,"k":0,"ix":5},"nm":"Transform"}],"nm":"Group 4","np":2,"cix":2,"bm":0,"ix":4,"mn":"ADBE Vector Group","hd":false},{"ty":"gr","it":[{"ind":0,"ty":"sh","ix":1,"ks":{"a":0,"k":{"i":[[0,0],[0,0],[-0.687,-2.625],[-6.122,-20.436],[11.446,-0.149],[0,0],[-0.003,2.688],[0,0],[-3.284,-0.004]],"o":[[0,0],[3.284,0.004],[0,0],[6.122,20.436],[0,0],[-3.282,-0.004],[0,0],[0.003,-2.688],[0,0]],"v":[[-134.912,-102.456],[-116.41,-102.328],[-110.446,-97.436],[-94.872,-48.814],[-102.821,-25.716],[-134.985,-25.617],[-140.949,-30.51],[-140.888,-97.577],[-134.912,-102.456]],"c":true},"ix":2},"nm":"Path 1","mn":"ADBE Vector Shape - Group","hd":false},{"ty":"fl","c":{"a":0,"k":[0.137254901961,0.137254901961,0.137254901961,1],"ix":4},"o":{"a":0,"k":100,"ix":5},"r":1,"bm":0,"nm":"Fill 1","mn":"ADBE Vector Graphic - Fill","hd":false},{"ty":"tr","p":{"a":0,"k":[-2.25,-1],"ix":2},"a":{"a":0,"k":[0,0],"ix":1},"s":{"a":0,"k":[100,84.574],"ix":3},"r":{"a":0,"k":0,"ix":6},"o":{"a":0,"k":100,"ix":7},"sk":{"a":0,"k":0,"ix":4},"sa":{"a":0,"k":0,"ix":5},"nm":"Transform"}],"nm":"Group 5","np":2,"cix":2,"bm":0,"ix":5,"mn":"ADBE Vector Group","hd":false}],"ip":0,"op":1200,"st":0,"bm":0},{"ddd":0,"ind":20,"ty":4,"nm":"Clap down","parent":29,"sr":1,"ks":{"o":{"a":0,"k":100,"ix":11},"r":{"a":1,"k":[{"i":{"x":[0.667],"y":[1]},"o":{"x":[0.333],"y":[0]},"t":57.439,"s":[-16.491]},{"i":{"x":[0.667],"y":[1]},"o":{"x":[1],"y":[0]},"t":79.596,"s":[-26.491]},{"i":{"x":[0.667],"y":[1]},"o":{"x":[1],"y":[0]},"t":89.08,"s":[0]},{"i":{"x":[0.833],"y":[1]},"o":{"x":[0.167],"y":[0]},"t":98.355,"s":[-16.491]},{"i":{"x":[0.667],"y":[1]},"o":{"x":[0.333],"y":[0]},"t":216,"s":[-16.491]},{"i":{"x":[0.667],"y":[1]},"o":{"x":[1],"y":[0]},"t":238.156,"s":[-26.491]},{"i":{"x":[0.667],"y":[1]},"o":{"x":[1],"y":[0]},"t":247.641,"s":[0]},{"t":256.916015625,"s":[-16.491]}],"ix":10},"p":{"a":0,"k":[-110.375,-74.835,0],"ix":2},"a":{"a":0,"k":[-110.031,-78.356,0],"ix":1},"s":{"a":0,"k":[100,100,100],"ix":6}},"ao":0,"hasMask":true,"masksProperties":[{"inv":false,"mode":"s","pt":{"a":0,"k":{"i":[[0,0],[0,0],[0,0]],"o":[[0,0],[0,0],[0,0]],"v":[[-144.899,-84.834],[-143.635,-62.614],[-119.568,-62.718]],"c":true},"ix":1},"o":{"a":0,"k":100,"ix":3},"x":{"a":0,"k":0,"ix":4},"nm":"Mask 1"}],"shapes":[{"ty":"gr","it":[{"ind":0,"ty":"sh","ix":1,"ks":{"a":0,"k":{"i":[[0,0],[0,0],[0,0],[0,0]],"o":[[0,0],[0,0],[0,0],[0,0]],"v":[[107.191,-63.832],[137.317,-63.832],[115.921,-112.088],[85.795,-112.088]],"c":true},"ix":2},"nm":"Path 1","mn":"ADBE Vector Shape - Group","hd":false},{"ty":"fl","c":{"a":0,"k":[1,1,1,1],"ix":4},"o":{"a":0,"k":100,"ix":5},"r":1,"bm":0,"nm":"Fill 1","mn":"ADBE Vector Graphic - Fill","hd":false},{"ty":"tr","p":{"a":0,"k":[0,0],"ix":2},"a":{"a":0,"k":[0,0],"ix":1},"s":{"a":0,"k":[100,100],"ix":3},"r":{"a":0,"k":0,"ix":6},"o":{"a":0,"k":100,"ix":7},"sk":{"a":0,"k":0,"ix":4},"sa":{"a":0,"k":0,"ix":5},"nm":"Transform"}],"nm":"Group 1","np":2,"cix":2,"bm":0,"ix":1,"mn":"ADBE Vector Group","hd":false},{"ty":"gr","it":[{"ind":0,"ty":"sh","ix":1,"ks":{"a":0,"k":{"i":[[0,0],[0,0],[0,0],[0,0]],"o":[[0,0],[0,0],[0,0],[0,0]],"v":[[47.751,-63.832],[77.877,-63.832],[56.481,-112.088],[26.355,-112.088]],"c":true},"ix":2},"nm":"Path 1","mn":"ADBE Vector Shape - Group","hd":false},{"ty":"fl","c":{"a":0,"k":[1,1,1,1],"ix":4},"o":{"a":0,"k":100,"ix":5},"r":1,"bm":0,"nm":"Fill 1","mn":"ADBE Vector Graphic - Fill","hd":false},{"ty":"tr","p":{"a":0,"k":[0,0],"ix":2},"a":{"a":0,"k":[0,0],"ix":1},"s":{"a":0,"k":[100,100],"ix":3},"r":{"a":0,"k":0,"ix":6},"o":{"a":0,"k":100,"ix":7},"sk":{"a":0,"k":0,"ix":4},"sa":{"a":0,"k":0,"ix":5},"nm":"Transform"}],"nm":"Group 2","np":2,"cix":2,"bm":0,"ix":2,"mn":"ADBE Vector Group","hd":false},{"ty":"gr","it":[{"ind":0,"ty":"sh","ix":1,"ks":{"a":0,"k":{"i":[[0,0],[0,0],[0,0],[0,0]],"o":[[0,0],[0,0],[0,0],[0,0]],"v":[[-11.689,-63.832],[18.438,-63.832],[-2.96,-112.088],[-33.084,-112.088]],"c":true},"ix":2},"nm":"Path 1","mn":"ADBE Vector Shape - Group","hd":false},{"ty":"fl","c":{"a":0,"k":[1,1,1,1],"ix":4},"o":{"a":0,"k":100,"ix":5},"r":1,"bm":0,"nm":"Fill 1","mn":"ADBE Vector Graphic - Fill","hd":false},{"ty":"tr","p":{"a":0,"k":[0,0],"ix":2},"a":{"a":0,"k":[0,0],"ix":1},"s":{"a":0,"k":[100,100],"ix":3},"r":{"a":0,"k":0,"ix":6},"o":{"a":0,"k":100,"ix":7},"sk":{"a":0,"k":0,"ix":4},"sa":{"a":0,"k":0,"ix":5},"nm":"Transform"}],"nm":"Group 3","np":2,"cix":2,"bm":0,"ix":3,"mn":"ADBE Vector Group","hd":false},{"ty":"gr","it":[{"ind":0,"ty":"sh","ix":1,"ks":{"a":0,"k":{"i":[[0,0],[0,0],[0,0],[0,0]],"o":[[0,0],[0,0],[0,0],[0,0]],"v":[[-71.128,-63.832],[-41.002,-63.832],[-62.398,-112.088],[-92.524,-112.088]],"c":true},"ix":2},"nm":"Path 1","mn":"ADBE Vector Shape - Group","hd":false},{"ty":"fl","c":{"a":0,"k":[1,1,1,1],"ix":4},"o":{"a":0,"k":100,"ix":5},"r":1,"bm":0,"nm":"Fill 1","mn":"ADBE Vector Graphic - Fill","hd":false},{"ty":"tr","p":{"a":0,"k":[0,0],"ix":2},"a":{"a":0,"k":[0,0],"ix":1},"s":{"a":0,"k":[100,100],"ix":3},"r":{"a":0,"k":0,"ix":6},"o":{"a":0,"k":100,"ix":7},"sk":{"a":0,"k":0,"ix":4},"sa":{"a":0,"k":0,"ix":5},"nm":"Transform"}],"nm":"Group 4","np":2,"cix":2,"bm":0,"ix":4,"mn":"ADBE Vector Group","hd":false},{"ty":"gr","it":[{"ind":0,"ty":"sh","ix":1,"ks":{"a":0,"k":{"i":[[2.207,-7.888],[0,0],[12.355,1.551],[0,0]],"o":[[0,0],[0,0],[0,0],[0,0]],"v":[[-138.217,-100.555],[138.594,-100.555],[123.773,-110.487],[-124.751,-110.099]],"c":true},"ix":2},"nm":"Path 1","mn":"ADBE Vector Shape - Group","hd":false},{"ty":"gf","o":{"a":0,"k":100,"ix":10},"r":1,"bm":0,"g":{"p":3,"k":{"a":0,"k":[0,1,1,1,0.593,0.645,0.675,0.71,1,0.29,0.349,0.42],"ix":9}},"s":{"a":0,"k":[0,-111],"ix":5},"e":{"a":0,"k":[0,-101.068],"ix":6},"t":1,"nm":"Gradient Fill 1","mn":"ADBE Vector Graphic - G-Fill","hd":false},{"ty":"tr","p":{"a":0,"k":[0,0],"ix":2},"a":{"a":0,"k":[0,0],"ix":1},"s":{"a":0,"k":[100,100],"ix":3},"r":{"a":0,"k":0,"ix":6},"o":{"a":0,"k":100,"ix":7},"sk":{"a":0,"k":0,"ix":4},"sa":{"a":0,"k":0,"ix":5},"nm":"Transform"}],"nm":"Group 5","np":2,"cix":2,"bm":0,"ix":5,"mn":"ADBE Vector Group","hd":false},{"ty":"gr","it":[{"ind":0,"ty":"sh","ix":1,"ks":{"a":0,"k":{"i":[[0,0],[0,0],[9.302,-0.009],[0,0],[-0.007,-7.613],[0,0]],"o":[[0,0],[-0.006,-7.614],[0,0],[-9.302,0.009],[0,0],[0,0]],"v":[[143.742,-63.832],[143.71,-98.369],[126.785,-112.088],[-126.358,-112.088],[-143.258,-98.109],[-143.227,-63.832]],"c":true},"ix":2},"nm":"Path 1","mn":"ADBE Vector Shape - Group","hd":false},{"ty":"fl","c":{"a":0,"k":[0.372549027205,0.388235300779,0.411764711142,1],"ix":4},"o":{"a":0,"k":100,"ix":5},"r":1,"bm":0,"nm":"Fill 1","mn":"ADBE Vector Graphic - Fill","hd":false},{"ty":"tr","p":{"a":0,"k":[0,0],"ix":2},"a":{"a":0,"k":[0,0],"ix":1},"s":{"a":0,"k":[100,100],"ix":3},"r":{"a":0,"k":0,"ix":6},"o":{"a":0,"k":100,"ix":7},"sk":{"a":0,"k":0,"ix":4},"sa":{"a":0,"k":0,"ix":5},"nm":"Transform"}],"nm":"Group 6","np":2,"cix":2,"bm":0,"ix":6,"mn":"ADBE Vector Group","hd":false}],"ip":0,"op":1200,"st":0,"bm":0},{"ddd":0,"ind":21,"ty":4,"nm":"Top","parent":29,"sr":1,"ks":{"o":{"a":0,"k":100,"ix":11},"r":{"a":0,"k":0,"ix":10},"p":{"a":0,"k":[0.242,-37.587,0],"ix":2},"a":{"a":0,"k":[0.242,-37.587,0],"ix":1},"s":{"a":0,"k":[100,100,100],"ix":6}},"ao":0,"shapes":[{"ty":"gr","it":[{"ind":0,"ty":"sh","ix":1,"ks":{"a":0,"k":{"i":[[0,0],[0,0],[0,0],[0,0],[0,0]],"o":[[0,0],[0,0],[0,0],[0,0],[0,0]],"v":[[107.086,-63.384],[137.18,-63.345],[115.79,-15.044],[85.696,-15.083],[107.086,-63.384]],"c":true},"ix":2},"nm":"Path 1","mn":"ADBE Vector Shape - Group","hd":false},{"ty":"fl","c":{"a":0,"k":[1,1,1,1],"ix":4},"o":{"a":0,"k":100,"ix":5},"r":1,"bm":0,"nm":"Fill 1","mn":"ADBE Vector Graphic - Fill","hd":false},{"ty":"tr","p":{"a":0,"k":[0,0],"ix":2},"a":{"a":0,"k":[0,0],"ix":1},"s":{"a":0,"k":[100,100],"ix":3},"r":{"a":0,"k":0,"ix":6},"o":{"a":0,"k":100,"ix":7},"sk":{"a":0,"k":0,"ix":4},"sa":{"a":0,"k":0,"ix":5},"nm":"Transform"}],"nm":"Group 1","np":2,"cix":2,"bm":0,"ix":1,"mn":"ADBE Vector Group","hd":false},{"ty":"gr","it":[{"ind":0,"ty":"sh","ix":1,"ks":{"a":0,"k":{"i":[[0,0],[0,0],[0,0],[0,0],[0,0]],"o":[[0,0],[0,0],[0,0],[0,0],[0,0]],"v":[[47.709,-63.458],[77.803,-63.419],[56.413,-15.119],[26.32,-15.158],[47.709,-63.458]],"c":true},"ix":2},"nm":"Path 1","mn":"ADBE Vector Shape - Group","hd":false},{"ty":"fl","c":{"a":0,"k":[1,1,1,1],"ix":4},"o":{"a":0,"k":100,"ix":5},"r":1,"bm":0,"nm":"Fill 1","mn":"ADBE Vector Graphic - Fill","hd":false},{"ty":"tr","p":{"a":0,"k":[0,0],"ix":2},"a":{"a":0,"k":[0,0],"ix":1},"s":{"a":0,"k":[100,100],"ix":3},"r":{"a":0,"k":0,"ix":6},"o":{"a":0,"k":100,"ix":7},"sk":{"a":0,"k":0,"ix":4},"sa":{"a":0,"k":0,"ix":5},"nm":"Transform"}],"nm":"Group 2","np":2,"cix":2,"bm":0,"ix":2,"mn":"ADBE Vector Group","hd":false},{"ty":"gr","it":[{"ind":0,"ty":"sh","ix":1,"ks":{"a":0,"k":{"i":[[0,0],[0,0],[0,0],[0,0],[0,0]],"o":[[0,0],[0,0],[0,0],[0,0],[0,0]],"v":[[-11.667,-63.533],[18.426,-63.496],[-2.964,-15.193],[-33.058,-15.232],[-11.667,-63.533]],"c":true},"ix":2},"nm":"Path 1","mn":"ADBE Vector Shape - Group","hd":false},{"ty":"fl","c":{"a":0,"k":[1,1,1,1],"ix":4},"o":{"a":0,"k":100,"ix":5},"r":1,"bm":0,"nm":"Fill 1","mn":"ADBE Vector Graphic - Fill","hd":false},{"ty":"tr","p":{"a":0,"k":[0,0],"ix":2},"a":{"a":0,"k":[0,0],"ix":1},"s":{"a":0,"k":[100,100],"ix":3},"r":{"a":0,"k":0,"ix":6},"o":{"a":0,"k":100,"ix":7},"sk":{"a":0,"k":0,"ix":4},"sa":{"a":0,"k":0,"ix":5},"nm":"Transform"}],"nm":"Group 3","np":2,"cix":2,"bm":0,"ix":3,"mn":"ADBE Vector Group","hd":false},{"ty":"gr","it":[{"ind":0,"ty":"sh","ix":1,"ks":{"a":0,"k":{"i":[[0,0],[0,0],[0,0],[0,0],[0,0]],"o":[[0,0],[0,0],[0,0],[0,0],[0,0]],"v":[[-71.044,-63.607],[-40.95,-63.57],[-62.34,-15.267],[-92.434,-15.306],[-71.044,-63.607]],"c":true},"ix":2},"nm":"Path 1","mn":"ADBE Vector Shape - Group","hd":false},{"ty":"fl","c":{"a":0,"k":[1,1,1,1],"ix":4},"o":{"a":0,"k":100,"ix":5},"r":1,"bm":0,"nm":"Fill 1","mn":"ADBE Vector Graphic - Fill","hd":false},{"ty":"tr","p":{"a":0,"k":[0,0],"ix":2},"a":{"a":0,"k":[0,0],"ix":1},"s":{"a":0,"k":[100,100],"ix":3},"r":{"a":0,"k":0,"ix":6},"o":{"a":0,"k":100,"ix":7},"sk":{"a":0,"k":0,"ix":4},"sa":{"a":0,"k":0,"ix":5},"nm":"Transform"}],"nm":"Group 4","np":2,"cix":2,"bm":0,"ix":4,"mn":"ADBE Vector Group","hd":false},{"ty":"gr","it":[{"ty":"rc","d":1,"s":{"a":0,"k":[276,9.667],"ix":2},"p":{"a":0,"k":[0.473,-55.137],"ix":3},"r":{"a":0,"k":0,"ix":4},"nm":"Rectangle Path 1","mn":"ADBE Vector Shape - Rect","hd":false},{"ty":"gf","o":{"a":0,"k":100,"ix":10},"r":1,"bm":0,"g":{"p":3,"k":{"a":0,"k":[0,1,1,1,0.593,0.645,0.675,0.71,1,0.29,0.349,0.42],"ix":9}},"s":{"a":0,"k":[0,-60],"ix":5},"e":{"a":0,"k":[0,-50.666],"ix":6},"t":1,"nm":"Gradient Fill 1","mn":"ADBE Vector Graphic - G-Fill","hd":false},{"ty":"tr","p":{"a":0,"k":[0,0],"ix":2},"a":{"a":0,"k":[0,0],"ix":1},"s":{"a":0,"k":[100,100],"ix":3},"r":{"a":0,"k":0,"ix":6},"o":{"a":0,"k":71,"ix":7},"sk":{"a":0,"k":0,"ix":4},"sa":{"a":0,"k":0,"ix":5},"nm":"Transform"}],"nm":"Group 5","np":2,"cix":2,"bm":0,"ix":5,"mn":"ADBE Vector Group","hd":false},{"ty":"gr","it":[{"ind":0,"ty":"sh","ix":1,"ks":{"a":0,"k":{"i":[[0,0],[0,0],[9.293,0.012],[0,0],[-0.01,7.605],[0,0],[0,0]],"o":[[0,0],[-0.01,7.605],[0,0],[-9.292,-0.01],[0,0],[0,0],[0,0]],"v":[[143.598,-63.337],[143.555,-28.837],[126.643,-15.031],[-126.234,-15.349],[-143.11,-29.197],[-143.067,-63.697],[143.598,-63.337]],"c":true},"ix":2},"nm":"Path 1","mn":"ADBE Vector Shape - Group","hd":false},{"ty":"fl","c":{"a":0,"k":[0.372549027205,0.388235300779,0.411764711142,1],"ix":4},"o":{"a":0,"k":100,"ix":5},"r":1,"bm":0,"nm":"Fill 1","mn":"ADBE Vector Graphic - Fill","hd":false},{"ty":"tr","p":{"a":0,"k":[0,0],"ix":2},"a":{"a":0,"k":[0,0],"ix":1},"s":{"a":0,"k":[100,100],"ix":3},"r":{"a":0,"k":0,"ix":6},"o":{"a":0,"k":100,"ix":7},"sk":{"a":0,"k":0,"ix":4},"sa":{"a":0,"k":0,"ix":5},"nm":"Transform"}],"nm":"Group 6","np":2,"cix":2,"bm":0,"ix":6,"mn":"ADBE Vector Group","hd":false},{"ty":"gr","it":[{"ind":0,"ty":"sh","ix":1,"ks":{"a":0,"k":{"i":[[0,0],[0,0],[9.292,0.012],[0,0],[-0.009,7.605],[0,0],[0,0]],"o":[[0,0],[-0.009,7.605],[0,0],[-9.292,-0.012],[0,0],[0,0],[0,0]],"v":[[143.594,-59.785],[143.55,-25.285],[126.638,-11.478],[-126.237,-11.794],[-143.115,-25.644],[-143.072,-60.144],[143.594,-59.785]],"c":true},"ix":2},"nm":"Path 1","mn":"ADBE Vector Shape - Group","hd":false},{"ty":"fl","c":{"a":0,"k":[0.137254908681,0.121568627656,0.1254902035,1],"ix":4},"o":{"a":0,"k":100,"ix":5},"r":1,"bm":0,"nm":"Fill 1","mn":"ADBE Vector Graphic - Fill","hd":false},{"ty":"tr","p":{"a":0,"k":[0,0],"ix":2},"a":{"a":0,"k":[0,0],"ix":1},"s":{"a":0,"k":[100,100],"ix":3},"r":{"a":0,"k":0,"ix":6},"o":{"a":0,"k":100,"ix":7},"sk":{"a":0,"k":0,"ix":4},"sa":{"a":0,"k":0,"ix":5},"nm":"Transform"}],"nm":"Group 7","np":2,"cix":2,"bm":0,"ix":7,"mn":"ADBE Vector Group","hd":false}],"ip":0,"op":1200,"st":0,"bm":0},{"ddd":0,"ind":23,"ty":4,"nm":"Close eyes","parent":29,"sr":1,"ks":{"o":{"a":1,"k":[{"t":90,"s":[0],"h":1},{"t":99.654,"s":[100],"h":1},{"t":109,"s":[0],"h":1},{"t":242,"s":[0],"h":1},{"t":250.129,"s":[100],"h":1},{"t":258,"s":[0],"h":1},{"t":460,"s":[0],"h":1},{"t":471.18,"s":[100],"h":1},{"t":482,"s":[0],"h":1}],"ix":11},"r":{"a":0,"k":0,"ix":10},"p":{"a":0,"k":[0.156,58.678,0],"ix":2},"a":{"a":0,"k":[-2.375,44.875,0],"ix":1},"s":{"a":0,"k":[79,79,100],"ix":6}},"ao":0,"shapes":[{"ty":"gr","it":[{"ind":0,"ty":"sh","ix":1,"ks":{"a":0,"k":{"i":[[0,0],[-23.35,-1.759],[0,0],[26.345,1.985]],"o":[[0,0],[25.593,1.928],[0,0],[-24.337,-1.834]],"v":[[12.344,35.173],[41.986,64.351],[78.37,40.147],[42.311,57.145]],"c":true},"ix":2},"nm":"Path 1","mn":"ADBE Vector Shape - Group","hd":false},{"ty":"fl","c":{"a":0,"k":[0.219607844949,0.20000000298,0.188235297799,1],"ix":4},"o":{"a":0,"k":100,"ix":5},"r":1,"bm":0,"nm":"Fill 1","mn":"ADBE Vector Graphic - Fill","hd":false},{"ty":"tr","p":{"a":0,"k":[0,0],"ix":2},"a":{"a":0,"k":[0,0],"ix":1},"s":{"a":0,"k":[100,100],"ix":3},"r":{"a":0,"k":0,"ix":6},"o":{"a":0,"k":100,"ix":7},"sk":{"a":0,"k":0,"ix":4},"sa":{"a":0,"k":0,"ix":5},"nm":"Transform"}],"nm":"Group 1","np":2,"cix":2,"bm":0,"ix":1,"mn":"ADBE Vector Group","hd":false},{"ty":"gr","it":[{"ind":0,"ty":"sh","ix":1,"ks":{"a":0,"k":{"i":[[0,0],[-31.188,-3.584],[0,0],[35.188,4.043]],"o":[[0,0],[34.183,3.928],[0,0],[-32.507,-3.735]],"v":[[-83.12,23.897],[-45.06,65.55],[5.068,34.03],[-44.214,55.644]],"c":true},"ix":2},"nm":"Path 1","mn":"ADBE Vector Shape - Group","hd":false},{"ty":"fl","c":{"a":0,"k":[0.219607844949,0.20000000298,0.188235297799,1],"ix":4},"o":{"a":0,"k":100,"ix":5},"r":1,"bm":0,"nm":"Fill 1","mn":"ADBE Vector Graphic - Fill","hd":false},{"ty":"tr","p":{"a":0,"k":[0,0],"ix":2},"a":{"a":0,"k":[0,0],"ix":1},"s":{"a":0,"k":[100,100],"ix":3},"r":{"a":0,"k":0,"ix":6},"o":{"a":0,"k":100,"ix":7},"sk":{"a":0,"k":0,"ix":4},"sa":{"a":0,"k":0,"ix":5},"nm":"Transform"}],"nm":"Group 2","np":2,"cix":2,"bm":0,"ix":2,"mn":"ADBE Vector Group","hd":false}],"ip":0,"op":1200,"st":0,"bm":0},{"ddd":0,"ind":24,"ty":4,"nm":"Eyes","parent":29,"sr":1,"ks":{"o":{"a":1,"k":[{"t":90,"s":[100],"h":1},{"t":99.654,"s":[0],"h":1},{"t":109,"s":[100],"h":1},{"t":242,"s":[100],"h":1},{"t":250.129,"s":[0],"h":1},{"t":258,"s":[100],"h":1},{"t":460,"s":[100],"h":1},{"t":471.18,"s":[0],"h":1},{"t":482,"s":[100],"h":1}],"ix":11},"r":{"a":0,"k":0,"ix":10},"p":{"a":0,"k":[1.175,44.305,0],"ix":2},"a":{"a":0,"k":[1.175,44.305,0],"ix":1},"s":{"a":0,"k":[100,100,100],"ix":6}},"ao":0,"shapes":[{"ty":"gr","it":[{"ty":"gr","it":[{"ind":0,"ty":"sh","ix":1,"ks":{"a":0,"k":{"i":[[0,-4.409],[4.441,0],[0,4.408],[-4.44,0]],"o":[[0,4.408],[-4.44,0],[0,-4.409],[4.441,0]],"v":[[37.844,42.212],[29.801,50.194],[21.759,42.212],[29.801,34.229]],"c":true},"ix":2},"nm":"Path 1","mn":"ADBE Vector Shape - Group","hd":false},{"ty":"fl","c":{"a":0,"k":[1,1,1,1],"ix":4},"o":{"a":0,"k":100,"ix":5},"r":1,"bm":0,"nm":"Fill 1","mn":"ADBE Vector Graphic - Fill","hd":false},{"ty":"tr","p":{"a":0,"k":[0,0],"ix":2},"a":{"a":0,"k":[0,0],"ix":1},"s":{"a":0,"k":[100,100],"ix":3},"r":{"a":0,"k":0,"ix":6},"o":{"a":0,"k":100,"ix":7},"sk":{"a":0,"k":0,"ix":4},"sa":{"a":0,"k":0,"ix":5},"nm":"Transform"}],"nm":"Group 1","np":2,"cix":2,"bm":0,"ix":1,"mn":"ADBE Vector Group","hd":false},{"ty":"gr","it":[{"ind":0,"ty":"sh","ix":1,"ks":{"a":0,"k":{"i":[[0,0],[-2.811,-16.854],[0.083,-2.388],[0.262,1.575],[14.278,-2.91],[0.488,-13.966],[-12.948,2.636]],"o":[[14.278,-2.91],[0.411,2.458],[-0.057,-1.551],[-2.81,-16.854],[-12.196,2.484],[-0.556,-15.045],[0,0]],"v":[[30.296,17.939],[61.243,43.194],[61.72,50.485],[61.244,45.794],[30.296,20.539],[9.05,49.044],[30.296,17.939]],"c":true},"ix":2},"nm":"Path 1","mn":"ADBE Vector Shape - Group","hd":false},{"ty":"fl","c":{"a":0,"k":[0.819607853889,0.827450990677,0.831372559071,1],"ix":4},"o":{"a":0,"k":100,"ix":5},"r":1,"bm":0,"nm":"Fill 1","mn":"ADBE Vector Graphic - Fill","hd":false},{"ty":"tr","p":{"a":0,"k":[0,0],"ix":2},"a":{"a":0,"k":[0,0],"ix":1},"s":{"a":0,"k":[100,100],"ix":3},"r":{"a":0,"k":0,"ix":6},"o":{"a":0,"k":100,"ix":7},"sk":{"a":0,"k":0,"ix":4},"sa":{"a":0,"k":0,"ix":5},"nm":"Transform"}],"nm":"Group 2","np":2,"cix":2,"bm":0,"ix":2,"mn":"ADBE Vector Group","hd":false},{"ty":"gr","it":[{"ind":0,"ty":"sh","ix":1,"ks":{"a":0,"k":{"i":[[0,0],[-1.691,-8.629],[8.59,-1.493],[1.69,8.629],[-8.591,1.491]],"o":[[8.59,-1.49],[1.69,8.629],[-8.59,1.489],[-1.69,-8.629],[0,0]],"v":[[23.445,35.197],[42.063,48.127],[29.568,66.452],[10.95,53.523],[23.445,35.197]],"c":true},"ix":2},"nm":"Path 1","mn":"ADBE Vector Shape - Group","hd":false},{"ty":"fl","c":{"a":0,"k":[0.137254908681,0.121568627656,0.1254902035,1],"ix":4},"o":{"a":0,"k":100,"ix":5},"r":1,"bm":0,"nm":"Fill 1","mn":"ADBE Vector Graphic - Fill","hd":false},{"ty":"tr","p":{"a":0,"k":[0,0],"ix":2},"a":{"a":0,"k":[0,0],"ix":1},"s":{"a":0,"k":[100,100],"ix":3},"r":{"a":0,"k":0,"ix":6},"o":{"a":0,"k":100,"ix":7},"sk":{"a":0,"k":0,"ix":4},"sa":{"a":0,"k":0,"ix":5},"nm":"Transform"}],"nm":"Group 3","np":2,"cix":2,"bm":0,"ix":3,"mn":"ADBE Vector Group","hd":false},{"ty":"gr","it":[{"ind":0,"ty":"sh","ix":1,"ks":{"a":0,"k":{"i":[[0,0],[-3.332,-19.98],[16.93,-3.451],[3.333,19.98],[-16.93,3.448]],"o":[[16.93,-3.452],[3.333,19.984],[-16.93,3.448],[-3.332,-19.982],[0,0]],"v":[[29.35,12.274],[66.043,42.212],[41.42,84.65],[4.725,54.709],[29.35,12.274]],"c":true},"ix":2},"nm":"Path 1","mn":"ADBE Vector Shape - Group","hd":false},{"ty":"fl","c":{"a":0,"k":[1,1,1,1],"ix":4},"o":{"a":0,"k":100,"ix":5},"r":1,"bm":0,"nm":"Fill 1","mn":"ADBE Vector Graphic - Fill","hd":false},{"ty":"tr","p":{"a":0,"k":[0,0],"ix":2},"a":{"a":0,"k":[0,0],"ix":1},"s":{"a":0,"k":[100,100],"ix":3},"r":{"a":0,"k":0,"ix":6},"o":{"a":0,"k":100,"ix":7},"sk":{"a":0,"k":0,"ix":4},"sa":{"a":0,"k":0,"ix":5},"nm":"Transform"}],"nm":"Group 4","np":2,"cix":2,"bm":0,"ix":4,"mn":"ADBE Vector Group","hd":false},{"ty":"tr","p":{"a":0,"k":[0,0],"ix":2},"a":{"a":0,"k":[0,0],"ix":1},"s":{"a":0,"k":[100,100],"ix":3},"r":{"a":0,"k":0,"ix":6},"o":{"a":0,"k":100,"ix":7},"sk":{"a":0,"k":0,"ix":4},"sa":{"a":0,"k":0,"ix":5},"nm":"Transform"}],"nm":"Right Eye","np":4,"cix":2,"bm":0,"ix":1,"mn":"ADBE Vector Group","hd":false},{"ty":"gr","it":[{"ty":"gr","it":[{"ind":0,"ty":"sh","ix":1,"ks":{"a":0,"k":{"i":[[0,-5.695],[5.737,0],[0,5.695],[-5.738,0]],"o":[[0,5.695],[-5.738,0],[0,-5.695],[5.737,0]],"v":[[-0.636,37.321],[-11.024,47.633],[-21.414,37.321],[-11.024,27.008]],"c":true},"ix":2},"nm":"Path 1","mn":"ADBE Vector Shape - Group","hd":false},{"ty":"fl","c":{"a":0,"k":[1,1,1,1],"ix":4},"o":{"a":0,"k":100,"ix":5},"r":1,"bm":0,"nm":"Fill 1","mn":"ADBE Vector Graphic - Fill","hd":false},{"ty":"tr","p":{"a":0,"k":[0,0],"ix":2},"a":{"a":0,"k":[0,0],"ix":1},"s":{"a":0,"k":[100,100],"ix":3},"r":{"a":0,"k":0,"ix":6},"o":{"a":0,"k":100,"ix":7},"sk":{"a":0,"k":0,"ix":4},"sa":{"a":0,"k":0,"ix":5},"nm":"Transform"}],"nm":"Group 1","np":2,"cix":2,"bm":0,"ix":1,"mn":"ADBE Vector Group","hd":false},{"ty":"gr","it":[{"ind":0,"ty":"sh","ix":1,"ks":{"a":0,"k":{"i":[[0,0],[0.763,-19.648],[16.364,2.224],[2.368,-20.964],[0.042,-1.075],[-0.256,2.266],[-18.348,-2.493]],"o":[[17.396,2.367],[-0.74,-18.172],[-18.349,-2.494],[-0.124,1.087],[-0.089,-2.204],[2.369,-20.964],[0,0]],"v":[[-21.83,3.738],[7.354,42.977],[-21.828,7.207],[-59.345,40.655],[-59.589,43.899],[-59.347,37.186],[-21.83,3.738]],"c":true},"ix":2},"nm":"Path 1","mn":"ADBE Vector Shape - Group","hd":false},{"ty":"fl","c":{"a":0,"k":[0.819607853889,0.827450990677,0.831372559071,1],"ix":4},"o":{"a":0,"k":100,"ix":5},"r":1,"bm":0,"nm":"Fill 1","mn":"ADBE Vector Graphic - Fill","hd":false},{"ty":"tr","p":{"a":0,"k":[0,0],"ix":2},"a":{"a":0,"k":[0,0],"ix":1},"s":{"a":0,"k":[100,100],"ix":3},"r":{"a":0,"k":0,"ix":6},"o":{"a":0,"k":100,"ix":7},"sk":{"a":0,"k":0,"ix":4},"sa":{"a":0,"k":0,"ix":5},"nm":"Transform"}],"nm":"Group 2","np":2,"cix":2,"bm":0,"ix":2,"mn":"ADBE Vector Group","hd":false},{"ty":"gr","it":[{"ind":0,"ty":"sh","ix":1,"ks":{"a":0,"k":{"i":[[0,0],[1.465,-11.206],[11.345,1.332],[-1.465,11.205],[-11.345,-1.333]],"o":[[11.345,1.332],[-1.465,11.205],[-11.345,-1.333],[1.464,-11.205],[0,0]],"v":[[-15.647,26.362],[2.246,49.066],[-20.953,66.945],[-38.846,44.24],[-15.647,26.362]],"c":true},"ix":2},"nm":"Path 1","mn":"ADBE Vector Shape - Group","hd":false},{"ty":"fl","c":{"a":0,"k":[0.137254908681,0.121568627656,0.1254902035,1],"ix":4},"o":{"a":0,"k":100,"ix":5},"r":1,"bm":0,"nm":"Fill 1","mn":"ADBE Vector Graphic - Fill","hd":false},{"ty":"tr","p":{"a":0,"k":[0,0],"ix":2},"a":{"a":0,"k":[0,0],"ix":1},"s":{"a":0,"k":[100,100],"ix":3},"r":{"a":0,"k":0,"ix":6},"o":{"a":0,"k":100,"ix":7},"sk":{"a":0,"k":0,"ix":4},"sa":{"a":0,"k":0,"ix":5},"nm":"Transform"}],"nm":"Group 3","np":2,"cix":2,"bm":0,"ix":3,"mn":"ADBE Vector Group","hd":false},{"ty":"gr","it":[{"ind":0,"ty":"sh","ix":1,"ks":{"a":0,"k":{"i":[[0,0],[2.698,-23.881],[20.901,2.84],[-2.698,23.884],[-20.902,-2.843]],"o":[[20.901,2.839],[-2.698,23.881],[-20.902,-2.841],[2.697,-23.879],[0,0]],"v":[[-21.233,-1.542],[11.734,46.849],[-31.003,84.951],[-63.971,36.556],[-21.233,-1.542]],"c":true},"ix":2},"nm":"Path 1","mn":"ADBE Vector Shape - Group","hd":false},{"ty":"fl","c":{"a":0,"k":[1,1,1,1],"ix":4},"o":{"a":0,"k":100,"ix":5},"r":1,"bm":0,"nm":"Fill 1","mn":"ADBE Vector Graphic - Fill","hd":false},{"ty":"tr","p":{"a":0,"k":[0,0],"ix":2},"a":{"a":0,"k":[0,0],"ix":1},"s":{"a":0,"k":[100,100],"ix":3},"r":{"a":0,"k":0,"ix":6},"o":{"a":0,"k":100,"ix":7},"sk":{"a":0,"k":0,"ix":4},"sa":{"a":0,"k":0,"ix":5},"nm":"Transform"}],"nm":"Group 4","np":2,"cix":2,"bm":0,"ix":4,"mn":"ADBE Vector Group","hd":false},{"ty":"tr","p":{"a":0,"k":[0,0],"ix":2},"a":{"a":0,"k":[0,0],"ix":1},"s":{"a":0,"k":[100,100],"ix":3},"r":{"a":0,"k":0,"ix":6},"o":{"a":0,"k":100,"ix":7},"sk":{"a":0,"k":0,"ix":4},"sa":{"a":0,"k":0,"ix":5},"nm":"Transform"}],"nm":"Left Eye","np":4,"cix":2,"bm":0,"ix":2,"mn":"ADBE Vector Group","hd":false},{"ty":"gr","it":[{"ind":0,"ty":"sh","ix":1,"ks":{"a":0,"k":{"i":[[0,0],[-4.683,-14.857],[-8.223,1.676],[-3.332,-19.982],[16.929,-3.452],[5.885,15.235],[15.768,2.145],[-2.697,23.883],[-20.902,-2.841]],"o":[[14.709,2.001],[4.468,-7.344],[16.929,-3.451],[3.333,19.982],[-14.456,2.943],[-7.458,14.893],[-20.902,-2.841],[2.698,-23.879],[0,0]],"v":[[-21.231,3.657],[9.83,31.839],[29.352,17.475],[66.046,47.417],[41.422,89.852],[6.99,68.214],[-31.001,90.153],[-63.969,41.758],[-21.231,3.657]],"c":true},"ix":2},"nm":"Path 1","mn":"ADBE Vector Shape - Group","hd":false},{"ty":"fl","c":{"a":0,"k":[0,0.358754356235,0.635294117647,1],"ix":4},"o":{"a":0,"k":100,"ix":5},"r":1,"bm":0,"nm":"Fill 1","mn":"ADBE Vector Graphic - Fill","hd":false},{"ty":"tr","p":{"a":0,"k":[0,0],"ix":2},"a":{"a":0,"k":[0,0],"ix":1},"s":{"a":0,"k":[100,100],"ix":3},"r":{"a":0,"k":0,"ix":6},"o":{"a":0,"k":100,"ix":7},"sk":{"a":0,"k":0,"ix":4},"sa":{"a":0,"k":0,"ix":5},"nm":"Transform"}],"nm":"Eye Shadow","np":2,"cix":2,"bm":0,"ix":3,"mn":"ADBE Vector Group","hd":false}],"ip":0,"op":1200,"st":0,"bm":0},{"ddd":0,"ind":25,"ty":4,"nm":"Body 2","parent":29,"td":1,"sr":1,"ks":{"o":{"a":0,"k":100,"ix":11},"r":{"a":0,"k":0,"ix":10},"p":{"a":0,"k":[0.11,187.813,0],"ix":2},"a":{"a":0,"k":[0.11,187.813,0],"ix":1},"s":{"a":1,"k":[{"i":{"x":[0.667,0.667,0.667],"y":[1,1,1]},"o":{"x":[0.333,0.333,0.333],"y":[0,0,0]},"t":43,"s":[100,100,100]},{"i":{"x":[0.667,0.667,0.667],"y":[1,1,1]},"o":{"x":[0.333,0.333,0.333],"y":[0,0,0]},"t":60.254,"s":[100,87,100]},{"i":{"x":[0.667,0.667,0.667],"y":[1,1,1]},"o":{"x":[0.333,0.333,0.333],"y":[0,0,0]},"t":74.287,"s":[100,115.5,100]},{"i":{"x":[0.667,0.667,0.667],"y":[1,1,1]},"o":{"x":[0.333,0.333,0.333],"y":[0,0,0]},"t":86,"s":[100,87,100]},{"i":{"x":[0.667,0.667,0.667],"y":[1,1,1]},"o":{"x":[0.333,0.333,0.333],"y":[0,0,0]},"t":100.762,"s":[100,115.5,100]},{"t":114,"s":[100,100,100]}],"ix":6}},"ao":0,"shapes":[{"ty":"gr","it":[{"ind":0,"ty":"sh","ix":1,"ks":{"a":0,"k":{"i":[[0,0],[0,0],[11.99,0.016],[0,0],[-0.015,11.988],[0,0],[0,0]],"o":[[0,0],[-0.015,11.988],[0,0],[-11.989,-0.016],[0,0],[0,0],[0,0]],"v":[[143.575,-45.415],[143.31,166.042],[121.484,187.813],[-121.583,187.508],[-143.355,165.682],[-143.09,-45.775],[143.575,-45.415]],"c":true},"ix":2},"nm":"Path 1","mn":"ADBE Vector Shape - Group","hd":false},{"ty":"fl","c":{"a":0,"k":[0.266666680574,0.61960786581,0.929411768913,1],"ix":4},"o":{"a":0,"k":100,"ix":5},"r":1,"bm":0,"nm":"Fill 1","mn":"ADBE Vector Graphic - Fill","hd":false},{"ty":"tr","p":{"a":0,"k":[0,0],"ix":2},"a":{"a":0,"k":[0,0],"ix":1},"s":{"a":0,"k":[100,100],"ix":3},"r":{"a":0,"k":0,"ix":6},"o":{"a":0,"k":100,"ix":7},"sk":{"a":0,"k":0,"ix":4},"sa":{"a":0,"k":0,"ix":5},"nm":"Transform"}],"nm":"Body","np":2,"cix":2,"bm":0,"ix":1,"mn":"ADBE Vector Group","hd":false}],"ip":0,"op":1200,"st":0,"bm":0},{"ddd":0,"ind":26,"ty":4,"nm":"Mouth","parent":29,"tt":1,"sr":1,"ks":{"o":{"a":0,"k":100,"ix":11},"r":{"a":0,"k":0,"ix":10},"p":{"a":1,"k":[{"i":{"x":0.667,"y":1},"o":{"x":0.333,"y":0},"t":100.615,"s":[-3.857,142.19,0],"to":[0,2.381,0],"ti":[0,0,0]},{"i":{"x":0.667,"y":1},"o":{"x":0.333,"y":0},"t":108.34,"s":[-3.857,156.475,0],"to":[0,0,0],"ti":[0,0,0]},{"i":{"x":0.667,"y":1},"o":{"x":0.333,"y":0},"t":118.871,"s":[-3.857,142.19,0],"to":[0,0,0],"ti":[0,0,0]},{"i":{"x":0.667,"y":1},"o":{"x":0.333,"y":0},"t":128.701,"s":[-3.857,156.475,0],"to":[0,0,0],"ti":[0,2.381,0]},{"t":133.615234375,"s":[-3.857,142.19,0]}],"ix":2},"a":{"a":0,"k":[-3.857,142.19,0],"ix":1},"s":{"a":1,"k":[{"i":{"x":[0.667,0.667,0.667],"y":[1,1,1]},"o":{"x":[0.333,0.333,0.333],"y":[0,0,0]},"t":110.445,"s":[100,100,100]},{"i":{"x":[0.667,0.667,0.667],"y":[1,1,1]},"o":{"x":[0.167,0.167,0.167],"y":[0,0,0]},"t":116.061,"s":[90,100,100]},{"i":{"x":[0.833,0.833,0.833],"y":[1,1,1]},"o":{"x":[0.167,0.167,0.167],"y":[0,0,0]},"t":123.785,"s":[80,100,100]},{"t":128,"s":[100,100,100]}],"ix":6}},"ao":0,"hasMask":true,"masksProperties":[{"inv":false,"mode":"s","pt":{"a":1,"k":[{"i":{"x":0.667,"y":1},"o":{"x":0.333,"y":0},"t":100.615,"s":[{"i":[[0,0],[8.571,-9.286],[-5.536,-13.75],[0,0],[3.833,11.317],[-12.321,3.214],[-5.179,-12.321],[5,7.679]],"o":[[0,0],[-8.571,9.286],[5.536,13.75],[0,0],[-3.75,-11.071],[12.321,-3.214],[-0.893,-9.286],[-2.897,-4.449]],"v":[[-62.82,83.508],[-84.784,92.08],[-90.141,123.508],[-64.784,132.973],[-80.141,118.865],[-66.57,94.758],[-41.927,111.544],[-48.177,91.187]],"c":true}]},{"i":{"x":0.833,"y":0.763},"o":{"x":0.333,"y":0},"t":108.34,"s":[{"i":[[0,0],[0,0],[0,0],[0,0],[3.393,12.5],[0,0],[-8.75,-7.857],[0,6.429]],"o":[[0,0],[0,0],[0,0],[0,0],[-3.13,-11.531],[0,0],[-6.607,-15.179],[0,-5.309]],"v":[[-64.962,88.508],[-87.105,98.33],[-82.105,121.544],[-54.784,140.294],[-65.498,118.151],[-70.32,102.794],[-49.784,132.973],[-51.034,106.901]],"c":true}]},{"i":{"x":0.833,"y":0.763},"o":{"x":0.167,"y":0.237},"t":111.85,"s":[{"i":[[0,0],[2.222,-2.407],[-1.435,-3.565],[0,0],[3.507,12.193],[-1.601,-2.887],[-8.752,-4.668],[1.296,6.753]],"o":[[0,0],[-2.222,2.407],[1.435,3.565],[0,0],[-3.291,-11.412],[9.946,17.931],[-5.126,-13.651],[-0.751,-5.086]],"v":[[-64.407,87.212],[-86.503,96.709],[-84.189,122.053],[-57.376,138.396],[-65.485,119.051],[-69.347,100.711],[-47.747,127.417],[-50.293,102.827]],"c":true}]},{"i":{"x":0.667,"y":1},"o":{"x":0.167,"y":0.237},"t":114.658,"s":[{"i":[[0,0],[5.499,-5.957],[-3.906,-8.67],[0,0],[3.127,11.899],[-8.725,4.043],[-6.908,-8.618],[3.208,7.23]],"o":[[0,0],[-5.499,5.957],[4.966,11.02],[0,0],[-2.615,-9.952],[11.752,-0.6],[0.869,-5.044],[-1.859,-4.758]],"v":[[-65.733,85.301],[-86.786,93.963],[-87.26,122.804],[-61.199,135.597],[-75.779,120.027],[-69.669,98.889],[-46.303,106.725],[-48.031,91.106]],"c":true}]},{"i":{"x":0.833,"y":0.763},"o":{"x":0.333,"y":0},"t":118.871,"s":[{"i":[[0,0],[8.571,-9.286],[-5.536,-13.75],[0,0],[3.833,11.317],[-12.321,3.214],[-5.179,-12.321],[5,7.679]],"o":[[0,0],[-8.571,9.286],[5.536,13.75],[0,0],[-3.75,-11.071],[12.321,-3.214],[-0.893,-9.286],[-2.897,-4.449]],"v":[[-62.82,83.508],[-84.784,92.08],[-90.141,123.508],[-64.784,132.973],[-80.141,118.865],[-66.57,94.758],[-41.927,111.544],[-48.177,91.187]],"c":true}]},{"i":{"x":0.833,"y":0.763},"o":{"x":0.167,"y":0.237},"t":119.572,"s":[{"i":[[0,0],[8.385,-9.083],[-5.415,-13.45],[0,0],[3.824,11.343],[-12.053,3.144],[-11.016,-9.831],[4.891,7.651]],"o":[[0,0],[-8.385,9.083],[5.415,13.45],[0,0],[-3.736,-11.081],[12.053,-3.144],[-1.116,-5.903],[-2.834,-4.468]],"v":[[-62.866,83.617],[-84.834,92.216],[-89.966,123.465],[-64.566,133.132],[-79.822,118.85],[-66.651,94.933],[-41.329,105.099],[-48.264,91.134]],"c":true}]},{"i":{"x":0.833,"y":0.763},"o":{"x":0.167,"y":0.237},"t":123.084,"s":[{"i":[[0,0],[5.198,-5.631],[-3.357,-8.338],[0,0],[3.66,11.782],[-7.472,1.949],[-6.297,-4.235],[3.032,7.187]],"o":[[0,0],[-5.198,5.631],[3.357,8.338],[0,0],[-3.506,-11.252],[7.472,-1.949],[-0.286,-6.021],[-1.757,-4.788]],"v":[[-63.663,85.476],[-85.698,94.54],[-86.978,122.735],[-60.848,135.854],[-74.378,118.584],[-68.046,97.921],[-46.355,104.799],[-49.746,90.229]],"c":true}]},{"i":{"x":0.833,"y":0.763},"o":{"x":0.167,"y":0.237},"t":123.785,"s":[{"i":[[0,0],[4.401,-4.767],[-6.061,-14.572],[0,0],[3.619,11.893],[-5.311,3.812],[-10.144,-6.854],[7.205,3.766]],"o":[[0,0],[-4.401,4.767],[2.923,7.026],[0,0],[-3.448,-11.295],[6.682,-4.795],[-1.256,-7.425],[-9.313,-2.306]],"v":[[-71.228,86.834],[-85.913,95.121],[-89.356,124.338],[-59.918,136.535],[-78.15,121.018],[-71.966,96.526],[-45.541,99.299],[-57.087,86]],"c":true}]},{"i":{"x":0.833,"y":0.763},"o":{"x":0.167,"y":0.237},"t":125.891,"s":[{"i":[[0,0],[4.7,-9.479],[-1.18,-6.979],[0,0],[3.494,12.228],[-2.382,1.709],[-9.375,-7.407],[4.615,2.919]],"o":[[0,0],[-4.491,9.057],[3.287,19.436],[0,0],[-3.273,-11.425],[2.997,-2.15],[-4.207,-11.702],[-6.496,-3.331]],"v":[[-69.36,85.079],[-84.587,96.712],[-85.357,122.797],[-57.086,138.608],[-75.537,120.508],[-71.058,99.983],[-47.088,99.479],[-55.534,86.1]],"c":true}]},{"i":{"x":0.833,"y":0.763},"o":{"x":0.167,"y":0.237},"t":126.596,"s":[{"i":[[0,0],[3.191,-6.436],[-3.012,-10.771],[0,0],[3.462,12.315],[-5.291,4.846],[-9.174,-7.552],[5.155,1.705]],"o":[[0,0],[-3.049,6.15],[3.605,12.891],[0,0],[-3.227,-11.459],[1.847,-1.692],[-4.213,-9.498],[-7.009,-1.867]],"v":[[-77.831,86.715],[-88.246,97.589],[-88.874,121.323],[-56.347,139.149],[-77.066,121.002],[-74.052,98.028],[-51.944,97.194],[-62.642,84.205]],"c":true}]},{"i":{"x":0.667,"y":1},"o":{"x":0.167,"y":0.237},"t":128,"s":[{"i":[[0,0],[0.594,-1.199],[-0.561,-2.006],[0,0],[3.406,12.466],[-0.985,0.902],[-8.829,-7.8],[0.96,5.549]],"o":[[0,0],[-0.568,1.145],[0.671,2.401],[0,0],[-3.148,-11.518],[0.344,-0.315],[-6.161,-14.121],[-1.305,-4.668]],"v":[[-67.359,88.174],[-87.318,98.192],[-83.366,121.503],[-55.075,140.081],[-65.331,118.682],[-71.015,101.906],[-50.186,126.31],[-53.196,102.675]],"c":true}]},{"i":{"x":0.833,"y":0.763},"o":{"x":0.333,"y":0},"t":128.701,"s":[{"i":[[0,0],[0,0],[0,0],[0,0],[3.393,12.5],[0,0],[-8.75,-7.857],[0,6.429]],"o":[[0,0],[0,0],[0,0],[0,0],[-3.13,-11.531],[0,0],[-6.607,-15.179],[0,-5.309]],"v":[[-64.962,88.508],[-87.105,98.33],[-82.105,121.544],[-54.784,140.294],[-65.498,118.151],[-70.32,102.794],[-49.784,132.973],[-51.034,106.901]],"c":true}]},{"i":{"x":0.667,"y":1},"o":{"x":0.167,"y":0.237},"t":130.805,"s":[{"i":[[0,0],[3.687,-3.777],[-2.108,-5.701],[0,0],[4.816,15.584],[-5.301,1.307],[-10.36,-11.917],[2.151,8.773]],"o":[[0,0],[-3.687,3.777],[7.747,20.948],[0,0],[-3.776,-12.217],[5.301,-1.307],[1.429,-7.8],[-1.246,-6.475]],"v":[[-64.308,71.602],[-94.338,83.719],[-91.995,116.903],[-57.657,138.48],[-75.829,113.998],[-70.365,94.089],[-47.462,104.937],[-45.063,90.889]],"c":true}]},{"t":133.615234375,"s":[{"i":[[0,0],[8.571,-9.286],[-5.536,-13.75],[0,0],[3.833,11.317],[-12.321,3.214],[-5.179,-12.321],[5,7.679]],"o":[[0,0],[-8.571,9.286],[5.536,13.75],[0,0],[-3.75,-11.071],[12.321,-3.214],[-0.893,-9.286],[-2.897,-4.449]],"v":[[-62.82,83.508],[-84.784,92.08],[-90.141,123.508],[-64.784,132.973],[-80.141,118.865],[-66.57,94.758],[-41.927,111.544],[-48.177,91.187]],"c":true}]}],"ix":1},"o":{"a":0,"k":100,"ix":3},"x":{"a":0,"k":0,"ix":4},"nm":"Mask 1"}],"shapes":[{"ty":"gr","it":[{"ind":0,"ty":"sh","ix":1,"ks":{"a":0,"k":{"i":[[0,0],[-0.82,1.092],[-2.001,-3.416],[-10.169,0.251],[-38.422,13.234],[-0.142,0.048],[0.515,-4.697],[0.008,-0.191],[0,0],[-3.519,8.694],[-0.736,9.938],[-0.011,0.173],[4.775,-1.797],[0.23,-0.074],[39.925,-0.161],[0.299,0.004],[5.54,9.132],[2.439,6.214],[-4.881,-0.485],[4.704,-2.041],[-4.662,-2.695]],"o":[[1.108,-0.098],[1.995,4.762],[6.536,11.158],[39.746,-0.98],[0.144,-0.048],[3.7,-1.232],[-0.021,0.19],[-1.044,25.882],[0,0],[3.971,-9.812],[0.013,-0.175],[0.604,-9.485],[-0.224,0.084],[-37.549,12.093],[-0.323,0],[-6.73,-0.088],[-2.093,-3.448],[1.891,-1.953],[-3.057,-2.02],[-3.384,1.384],[0,0]],"v":[[-70.084,114.454],[-67.328,113.31],[-60.948,127.008],[-42.959,138.075],[74.075,121.435],[74.503,121.29],[78.99,125.575],[78.933,126.147],[71.056,168.446],[77.45,154.939],[83.215,124.745],[83.252,124.223],[73.533,116.994],[72.849,117.217],[-42.908,133.357],[-43.841,133.343],[-57.066,124.36],[-64.36,109.433],[-54.808,107.251],[-65.986,106.137],[-70.084,114.454]],"c":true},"ix":2},"nm":"Path 1","mn":"ADBE Vector Shape - Group","hd":false},{"ty":"fl","c":{"a":0,"k":[0.254901975393,0.254901975393,0.258823543787,1],"ix":4},"o":{"a":0,"k":100,"ix":5},"r":1,"bm":0,"nm":"Fill 1","mn":"ADBE Vector Graphic - Fill","hd":false},{"ty":"tr","p":{"a":0,"k":[0,0],"ix":2},"a":{"a":0,"k":[0,0],"ix":1},"s":{"a":0,"k":[100,100],"ix":3},"r":{"a":0,"k":0,"ix":6},"o":{"a":0,"k":100,"ix":7},"sk":{"a":0,"k":0,"ix":4},"sa":{"a":0,"k":0,"ix":5},"nm":"Transform"}],"nm":"Group 1","np":2,"cix":2,"bm":0,"ix":1,"mn":"ADBE Vector Group","hd":false},{"ty":"gr","it":[{"ind":0,"ty":"sh","ix":1,"ks":{"a":0,"k":{"i":[[0,0],[-1.837,9.363],[-1.007,-1.124],[2.433,-6.44],[1.557,-1.496],[3.055,0.284]],"o":[[4.412,-7.164],[0.636,-2.022],[2.682,5.724],[-1.557,1.498],[-3.056,-0.284],[0,0]],"v":[[53.127,122.65],[63.102,98.375],[66.284,97.404],[68.585,118.536],[62.294,123.502],[53.127,122.65]],"c":true},"ix":2},"nm":"Path 1","mn":"ADBE Vector Shape - Group","hd":false},{"ty":"fl","c":{"a":0,"k":[1,1,1,1],"ix":4},"o":{"a":0,"k":100,"ix":5},"r":1,"bm":0,"nm":"Fill 1","mn":"ADBE Vector Graphic - Fill","hd":false},{"ty":"tr","p":{"a":0,"k":[0,0],"ix":2},"a":{"a":0,"k":[0,0],"ix":1},"s":{"a":0,"k":[100,100],"ix":3},"r":{"a":0,"k":0,"ix":6},"o":{"a":0,"k":100,"ix":7},"sk":{"a":0,"k":0,"ix":4},"sa":{"a":0,"k":0,"ix":5},"nm":"Transform"}],"nm":"Right Tooth","np":2,"cix":2,"bm":0,"ix":2,"mn":"ADBE Vector Group","hd":false},{"ty":"gr","it":[{"ind":0,"ty":"sh","ix":1,"ks":{"a":0,"k":{"i":[[0,0],[3.121,8.912],[0.837,-1.288],[-3.302,-5.92],[-1.746,-1.195],[-2.977,0.83]],"o":[[-5.358,-6.281],[-0.911,-1.881],[-1.849,6.136],[1.746,1.195],[2.977,-0.827],[0,0]],"v":[[-31.793,134.995],[-45.035,112.824],[-48.312,112.436],[-47.631,133.717],[-40.725,137.484],[-31.793,134.995]],"c":true},"ix":2},"nm":"Path 1","mn":"ADBE Vector Shape - Group","hd":false},{"ty":"fl","c":{"a":0,"k":[1,1,1,1],"ix":4},"o":{"a":0,"k":100,"ix":5},"r":1,"bm":0,"nm":"Fill 1","mn":"ADBE Vector Graphic - Fill","hd":false},{"ty":"tr","p":{"a":0,"k":[0,0],"ix":2},"a":{"a":0,"k":[0,0],"ix":1},"s":{"a":0,"k":[100,100],"ix":3},"r":{"a":0,"k":0,"ix":6},"o":{"a":0,"k":100,"ix":7},"sk":{"a":0,"k":0,"ix":4},"sa":{"a":0,"k":0,"ix":5},"nm":"Transform"}],"nm":"Left Tooth","np":2,"cix":2,"bm":0,"ix":3,"mn":"ADBE Vector Group","hd":false},{"ty":"gr","it":[{"ind":0,"ty":"sh","ix":1,"ks":{"a":0,"k":{"i":[[0,0],[-0.83,1.087],[-1.966,-3.435],[-10.171,0.151],[-38.552,12.852],[-0.142,0.045],[0.563,-4.692],[0.002,-0.19],[0,0],[-1.402,23.033],[-0.013,0.173],[4.793,-1.753],[0.23,-0.071],[39.924,0.232],[0.299,0.005],[5.449,9.185],[2.377,6.239],[-5.684,-0.998],[4.367,-3.178],[-3.331,-1.972]],"o":[[1.109,-0.089],[1.948,4.783],[6.425,11.221],[39.753,-0.587],[0.143,-0.048],[3.712,-1.195],[-0.022,0.189],[-0.233,22.047],[0,0],[0.011,-0.173],[0.697,-9.476],[-0.224,0.08],[-37.667,11.725],[-0.323,0],[-6.73,-0.154],[-2.058,-3.468],[1.91,-1.933],[-5.05,-3.379],[-2.572,1.873],[0,0]],"v":[[-72.823,114.82],[-70.056,113.699],[-62.97,129.754],[-45.09,140.998],[72.103,125.517],[72.53,125.373],[76.976,129.702],[76.914,130.274],[71.056,168.238],[81.208,128.913],[81.251,128.391],[71.603,121.07],[70.918,121.284],[-44.993,136.282],[-45.926,136.26],[-59.062,127.145],[-67.049,109.853],[-54.163,106.025],[-71.72,108.259],[-72.823,114.82]],"c":true},"ix":2},"nm":"Path 1","mn":"ADBE Vector Shape - Group","hd":false},{"ty":"fl","c":{"a":0,"k":[0,0.356862745098,0.635294117647,1],"ix":4},"o":{"a":0,"k":100,"ix":5},"r":1,"bm":0,"nm":"Fill 1","mn":"ADBE Vector Graphic - Fill","hd":false},{"ty":"tr","p":{"a":0,"k":[0,0],"ix":2},"a":{"a":0,"k":[0,0],"ix":1},"s":{"a":0,"k":[100,100],"ix":3},"r":{"a":0,"k":0,"ix":6},"o":{"a":0,"k":100,"ix":7},"sk":{"a":0,"k":0,"ix":4},"sa":{"a":0,"k":0,"ix":5},"nm":"Transform"}],"nm":"Group 2","np":2,"cix":2,"bm":0,"ix":4,"mn":"ADBE Vector Group","hd":false},{"ty":"gr","it":[{"ind":0,"ty":"sh","ix":1,"ks":{"a":0,"k":{"i":[[0,0],[-45.333,18],[-3.334,-9.333],[0,0],[22.51,-20.763],[0.048,-0.001],[0,0],[0,0],[0,0]],"o":[[0,0],[0,0],[3.333,9.333],[0,0],[-0.491,0.452],[-0.948,0.016],[0,0],[0,0],[0,0]],"v":[[-53.861,139.029],[68.139,124.696],[80.806,125.696],[80.806,125.696],[57.976,186.367],[56.472,187.696],[56.472,187.696],[53.973,187.696],[-91.011,187.536]],"c":true},"ix":2},"nm":"Path 1","mn":"ADBE Vector Shape - Group","hd":false},{"ty":"fl","c":{"a":0,"k":[0,0.564705882353,1,1],"ix":4},"o":{"a":0,"k":100,"ix":5},"r":1,"bm":0,"nm":"Fill 1","mn":"ADBE Vector Graphic - Fill","hd":false},{"ty":"tr","p":{"a":0,"k":[0,0],"ix":2},"a":{"a":0,"k":[0,0],"ix":1},"s":{"a":0,"k":[100,100],"ix":3},"r":{"a":0,"k":0,"ix":6},"o":{"a":0,"k":75,"ix":7},"sk":{"a":0,"k":0,"ix":4},"sa":{"a":0,"k":0,"ix":5},"nm":"Transform"}],"nm":"Group 3","np":2,"cix":2,"bm":0,"ix":5,"mn":"ADBE Vector Group","hd":false}],"ip":0,"op":1200,"st":0,"bm":0},{"ddd":0,"ind":27,"ty":4,"nm":"Mouth open","parent":29,"sr":1,"ks":{"o":{"a":0,"k":100,"ix":11},"r":{"a":0,"k":0,"ix":10},"p":{"a":0,"k":[-2.105,-58.277,0],"ix":2},"a":{"a":0,"k":[0,0,0],"ix":1},"s":{"a":1,"k":[{"i":{"x":[0.667,0.667,0.667],"y":[1,1,1]},"o":{"x":[0.333,0.333,0.333],"y":[0,0,0]},"t":110.445,"s":[142.857,142.857,100]},{"i":{"x":[0.667,0.667,0.667],"y":[1,1,1]},"o":{"x":[0.167,0.167,0.167],"y":[0,0,0]},"t":116.061,"s":[128.571,160.714,100]},{"i":{"x":[0.833,0.833,0.833],"y":[1,1,1]},"o":{"x":[0.167,0.167,0.167],"y":[0,0,0]},"t":123.785,"s":[114.286,142.857,100]},{"t":128,"s":[142.857,142.857,100]}],"ix":6}},"ao":0,"hasMask":true,"masksProperties":[{"inv":false,"mode":"s","pt":{"a":1,"k":[{"i":{"x":0.667,"y":1},"o":{"x":0.333,"y":0},"t":100.615,"s":[{"i":[[0,0],[0,0],[0,0],[0,0],[-7.5,12],[0,0],[12,-2.5],[3,-0.25]],"o":[[0,0],[0,0],[0,0],[0,0],[7.5,-12],[0,0],[-12,2.5],[-3,0.25]],"v":[[-47.5,114.75],[-59.5,132.25],[-51.25,172],[42.25,172.25],[51.5,157.5],[58.25,123.5],[32.75,130.25],[-33.25,136]],"c":true}]},{"i":{"x":0.833,"y":0.763},"o":{"x":0.333,"y":0},"t":108.34,"s":[{"i":[[0,0],[0,0],[0,0],[0,0],[-7.5,12],[0,0],[12,-2.5],[3,-0.25]],"o":[[0,0],[0,0],[0,0],[0,0],[7.5,-12],[0,0],[-12,2.5],[-3,0.25]],"v":[[-45.5,126.25],[-57.5,143.75],[-49.25,183.5],[44.25,183.75],[53.5,169],[60.25,135],[34.75,141.75],[-31.25,147.5]],"c":true}]},{"i":{"x":0.833,"y":0.763},"o":{"x":0.167,"y":0.237},"t":111.85,"s":[{"i":[[0,0],[0,0],[0,0],[0,0],[-7.5,12],[0,0],[12,-2.5],[3,-0.25]],"o":[[0,0],[0,0],[0,0],[0,0],[7.5,-12],[0,0],[-12,2.5],[-3,0.25]],"v":[[-46.717,118.995],[-58.717,136.495],[-50.629,178.378],[43.76,178.434],[53.252,162.262],[59.033,127.745],[33.533,134.495],[-32.467,140.245]],"c":true}]},{"i":{"x":0.833,"y":0.763},"o":{"x":0.167,"y":0.237},"t":114.658,"s":[{"i":[[0,0],[0,0],[0,0],[0,0],[-7.5,12],[0,0],[12,-2.5],[3,-0.25]],"o":[[0,0],[0,0],[0,0],[0,0],[7.5,-12],[0,0],[-12,2.5],[-3,0.25]],"v":[[-47.154,105.91],[-59.154,123.41],[-51.28,168.133],[44.292,167.931],[54.107,149.866],[58.596,114.66],[33.096,121.41],[-32.904,127.16]],"c":true}]},{"i":{"x":0.667,"y":1},"o":{"x":0.167,"y":0.237},"t":116.766,"s":[{"i":[[0,0],[0,0],[0,0],[0,0],[-7.5,12],[0,0],[12,-2.5],[3,-0.25]],"o":[[0,0],[0,0],[0,0],[0,0],[7.5,-12],[0,0],[-12,2.5],[-3,0.25]],"v":[[-47.189,102.186],[-59.189,119.686],[-51.446,166.13],[44.843,165.771],[54.854,146.558],[58.561,110.936],[33.061,117.686],[-32.939,123.436]],"c":true}]},{"i":{"x":0.833,"y":0.763},"o":{"x":0.333,"y":0},"t":118.871,"s":[{"i":[[0,0],[0,0],[0,0],[0,0],[-7.5,12],[0,0],[12,-2.5],[3,-0.25]],"o":[[0,0],[0,0],[0,0],[0,0],[7.5,-12],[0,0],[-12,2.5],[-3,0.25]],"v":[[-47.209,105.68],[-59.209,123.18],[-51.541,170.605],[45.157,170.157],[55.279,150.29],[58.541,114.43],[33.041,121.18],[-32.959,126.93]],"c":true}]},{"i":{"x":0.667,"y":1},"o":{"x":0.167,"y":0.237},"t":123.084,"s":[{"i":[[0,0],[0,0],[0,0],[0,0],[-7.5,12],[0,0],[12,-2.5],[3,-0.25]],"o":[[0,0],[0,0],[0,0],[0,0],[7.5,-12],[0,0],[-12,2.5],[-3,0.25]],"v":[[-47.472,118.513],[-59.472,136.013],[-51.574,180.417],[43.865,180.244],[53.644,162.391],[58.279,127.263],[32.779,134.013],[-33.222,139.763]],"c":true}]},{"i":{"x":0.667,"y":1},"o":{"x":0.333,"y":0},"t":128.701,"s":[{"i":[[0,0],[0,0],[0,0],[0,0],[-7.5,12],[0,0],[12,-2.5],[3,-0.25]],"o":[[0,0],[0,0],[0,0],[0,0],[7.5,-12],[0,0],[-12,2.5],[-3,0.25]],"v":[[-45.5,126.25],[-57.5,143.75],[-49.25,183.5],[44.25,183.75],[53.5,169],[60.25,135],[34.75,141.75],[-31.25,147.5]],"c":true}]},{"t":133.615234375,"s":[{"i":[[0,0],[0,0],[0,0],[0,0],[-7.5,12],[0,0],[12,-2.5],[3,-0.25]],"o":[[0,0],[0,0],[0,0],[0,0],[7.5,-12],[0,0],[-12,2.5],[-3,0.25]],"v":[[-47.5,114.75],[-59.5,132.25],[-51.25,172],[42.25,172.25],[51.5,157.5],[58.25,123.5],[32.75,130.25],[-33.25,136]],"c":true}]}],"ix":1},"o":{"a":0,"k":100,"ix":3},"x":{"a":0,"k":0,"ix":4},"nm":"Mask 1"}],"shapes":[{"ty":"gr","it":[{"ind":0,"ty":"sh","ix":1,"ks":{"a":1,"k":[{"i":{"x":0.667,"y":1},"o":{"x":0.333,"y":0},"t":100.615,"s":[{"i":[[0.629,0],[0,0],[0,0],[-1.147,-1.147],[-38.733,4.894],[0,0.291],[0,0]],"o":[[-28.121,11.456],[0,0],[0,0],[2.451,0.417],[22.958,-2.815],[4.25,-9.25],[0,0]],"v":[[53.121,124.544],[-34.878,135.602],[-45.434,118.512],[-39.143,163.224],[19.5,163.25],[48.5,159.25],[56.877,124.074]],"c":true}]},{"i":{"x":0.667,"y":1},"o":{"x":0.333,"y":0},"t":108.34,"s":[{"i":[[21.365,3.625],[10.622,-2.648],[0,0],[-1.147,-1.147],[-38.733,4.894],[0,0.291],[0,0]],"o":[[-22.621,-3.838],[-10.622,2.648],[0,0],[2.451,0.417],[22.958,-2.815],[4.25,-9.25],[0,0]],"v":[[40.121,113.588],[-31.878,118.852],[-46.184,126.762],[-39.143,163.224],[19.5,163.25],[48.5,159.25],[48.377,142.074]],"c":true}]},{"i":{"x":0.667,"y":1},"o":{"x":0.333,"y":0},"t":118.871,"s":[{"i":[[0.629,0],[0,0],[0,0],[-1.147,-1.147],[-38.733,4.894],[0,0.291],[0,0]],"o":[[-28.121,11.456],[0,0],[0,0],[2.451,0.417],[22.958,-2.815],[4.25,-9.25],[0,0]],"v":[[53.121,124.544],[-34.878,135.602],[-45.434,118.512],[-39.143,163.224],[19.5,163.25],[48.5,159.25],[56.877,124.074]],"c":true}]},{"i":{"x":0.667,"y":1},"o":{"x":0.333,"y":0},"t":128.701,"s":[{"i":[[21.365,3.625],[10.622,-2.648],[0,0],[-1.147,-1.147],[-38.733,4.894],[0,0.291],[0,0]],"o":[[-22.621,-3.838],[-10.622,2.648],[0,0],[2.451,0.417],[22.958,-2.815],[4.25,-9.25],[0,0]],"v":[[40.121,113.588],[-31.878,118.852],[-46.184,126.762],[-39.143,163.224],[19.5,163.25],[48.5,159.25],[48.377,142.074]],"c":true}]},{"t":133.615234375,"s":[{"i":[[0.629,0],[0,0],[0,0],[-1.147,-1.147],[-38.733,4.894],[0,0.291],[0,0]],"o":[[-28.121,11.456],[0,0],[0,0],[2.451,0.417],[22.958,-2.815],[4.25,-9.25],[0,0]],"v":[[53.121,124.544],[-34.878,135.602],[-45.434,118.512],[-39.143,163.224],[19.5,163.25],[48.5,159.25],[56.877,124.074]],"c":true}]}],"ix":2},"nm":"Path 1","mn":"ADBE Vector Shape - Group","hd":false},{"ty":"fl","c":{"a":0,"k":[0.717647058824,0.047058823529,0.047058823529,1],"ix":4},"o":{"a":0,"k":100,"ix":5},"r":1,"bm":0,"nm":"Fill 1","mn":"ADBE Vector Graphic - Fill","hd":false},{"ty":"tr","p":{"a":0,"k":[0,0],"ix":2},"a":{"a":0,"k":[0,0],"ix":1},"s":{"a":0,"k":[100,100],"ix":3},"r":{"a":0,"k":0,"ix":6},"o":{"a":0,"k":100,"ix":7},"sk":{"a":0,"k":0,"ix":4},"sa":{"a":0,"k":0,"ix":5},"nm":"Transform"}],"nm":"mouth open","np":3,"cix":2,"bm":0,"ix":1,"mn":"ADBE Vector Group","hd":false}],"ip":0,"op":1200,"st":0,"bm":0},{"ddd":0,"ind":28,"ty":4,"nm":"Reflection","parent":29,"sr":1,"ks":{"o":{"a":0,"k":14,"ix":11},"r":{"a":0,"k":0,"ix":10},"p":{"a":0,"k":[0.222,19.203,0],"ix":2},"a":{"a":0,"k":[0.222,19.203,0],"ix":1},"s":{"a":0,"k":[100,100,100],"ix":6}},"ao":0,"shapes":[{"ty":"gr","it":[{"ind":0,"ty":"sh","ix":1,"ks":{"a":0,"k":{"i":[[0,0],[0,0],[-21.5,-3.25],[-140.585,13.225],[-0.375,21.125],[0,0]],"o":[[0,0],[0,0],[0,0],[0,0],[0,0],[0,0]],"v":[[-143.018,-46.898],[-143.195,58.727],[-121.112,79.352],[122.803,79.452],[143.513,55.977],[143.638,-41.523]],"c":false},"ix":2},"nm":"Path 1","mn":"ADBE Vector Shape - Group","hd":false},{"ty":"gf","o":{"a":0,"k":100,"ix":10},"r":1,"bm":0,"g":{"p":3,"k":{"a":0,"k":[0.335,1,1,1,0.668,0.806,0.92,0.949,1,0.612,0.839,0.898],"ix":9}},"s":{"a":0,"k":[0,-44],"ix":5},"e":{"a":0,"k":[0,87.333],"ix":6},"t":1,"nm":"Body Reflection","mn":"ADBE Vector Graphic - G-Fill","hd":false},{"ty":"tr","p":{"a":0,"k":[0,0],"ix":2},"a":{"a":0,"k":[0,0],"ix":1},"s":{"a":0,"k":[100,100],"ix":3},"r":{"a":0,"k":0,"ix":6},"o":{"a":0,"k":100,"ix":7},"sk":{"a":0,"k":0,"ix":4},"sa":{"a":0,"k":0,"ix":5},"nm":"Transform"}],"nm":"Reflection","np":2,"cix":2,"bm":0,"ix":1,"mn":"ADBE Vector Group","hd":false}],"ip":0,"op":1200,"st":0,"bm":0},{"ddd":0,"ind":29,"ty":4,"nm":"Body","parent":2,"sr":1,"ks":{"o":{"a":0,"k":100,"ix":11},"r":{"a":0,"k":0,"ix":10},"p":{"a":1,"k":[{"i":{"x":0.667,"y":1},"o":{"x":0.333,"y":0},"t":62,"s":[52.215,268.605,0],"to":[0,-5.333,0],"ti":[0,0,0]},{"i":{"x":0.667,"y":1},"o":{"x":0.333,"y":0},"t":76,"s":[52.215,236.605,0],"to":[0,0,0],"ti":[0,-5.333,0]},{"i":{"x":0.667,"y":0.667},"o":{"x":0.333,"y":0.333},"t":83,"s":[52.215,268.605,0],"to":[0,0,0],"ti":[0,0,0]},{"i":{"x":0.667,"y":1},"o":{"x":0.333,"y":0},"t":219,"s":[52.215,268.605,0],"to":[0,-5.333,0],"ti":[0,0,0]},{"i":{"x":0.667,"y":1},"o":{"x":0.333,"y":0},"t":233,"s":[52.215,236.605,0],"to":[0,0,0],"ti":[0,-5.333,0]},{"t":240,"s":[52.215,268.605,0]}],"ix":2},"a":{"a":0,"k":[0.11,187.813,0],"ix":1},"s":{"a":1,"k":[{"i":{"x":[0.667,0.667,0.667],"y":[1,1,1]},"o":{"x":[0.333,0.333,0.333],"y":[0,0,0]},"t":43,"s":[100,100,100]},{"i":{"x":[0.667,0.667,0.667],"y":[1,1,1]},"o":{"x":[0.333,0.333,0.333],"y":[0,0,0]},"t":60.254,"s":[100,87,100]},{"i":{"x":[0.667,0.667,0.667],"y":[1,1,1]},"o":{"x":[0.333,0.333,0.333],"y":[0,0,0]},"t":74.287,"s":[100,115.5,100]},{"i":{"x":[0.667,0.667,0.667],"y":[1,1,1]},"o":{"x":[0.333,0.333,0.333],"y":[0,0,0]},"t":86,"s":[100,87,100]},{"i":{"x":[0.667,0.667,0.667],"y":[1,1,1]},"o":{"x":[0.333,0.333,0.333],"y":[0,0,0]},"t":100.762,"s":[100,115.5,100]},{"i":{"x":[0.667,0.667,0.667],"y":[1,1,1]},"o":{"x":[0.333,0.333,0.333],"y":[0,0,0]},"t":114,"s":[100,100,100]},{"i":{"x":[0.667,0.667,0.667],"y":[1,1,1]},"o":{"x":[1,1,0.333],"y":[0,0,0]},"t":194,"s":[100,100,100]},{"i":{"x":[0.667,0.667,0.667],"y":[1,1,1]},"o":{"x":[0.333,0.333,0.333],"y":[0,0,0]},"t":220,"s":[100,87,100]},{"i":{"x":[0.667,0.667,0.667],"y":[1,1,1]},"o":{"x":[0.333,0.333,0.333],"y":[0,0,0]},"t":234.033,"s":[100,115.5,100]},{"i":{"x":[0.667,0.667,0.667],"y":[1,1,1]},"o":{"x":[0.333,0.333,0.333],"y":[0,0,0]},"t":245.746,"s":[100,87,100]},{"i":{"x":[0.667,0.667,0.667],"y":[1,1,1]},"o":{"x":[0.333,0.333,0.333],"y":[0,0,0]},"t":260.508,"s":[100,115.5,100]},{"t":273.74609375,"s":[100,100,100]}],"ix":6}},"ao":0,"shapes":[{"ty":"gr","it":[{"ind":0,"ty":"sh","ix":1,"ks":{"a":0,"k":{"i":[[0,0],[0,0],[11.99,0.016],[0,0],[-0.015,11.988],[0,0],[0,0]],"o":[[0,0],[-0.015,11.988],[0,0],[-11.989,-0.016],[0,0],[0,0],[0,0]],"v":[[143.575,-45.415],[143.31,166.042],[121.484,187.813],[-121.583,187.508],[-143.355,165.682],[-143.09,-45.775],[143.575,-45.415]],"c":true},"ix":2},"nm":"Path 1","mn":"ADBE Vector Shape - Group","hd":false},{"ty":"fl","c":{"a":0,"k":[0,0.564705642999,1,1],"ix":4},"o":{"a":0,"k":100,"ix":5},"r":1,"bm":0,"nm":"Fill 1","mn":"ADBE Vector Graphic - Fill","hd":false},{"ty":"tr","p":{"a":0,"k":[0,0],"ix":2},"a":{"a":0,"k":[0,0],"ix":1},"s":{"a":0,"k":[100,100],"ix":3},"r":{"a":0,"k":0,"ix":6},"o":{"a":0,"k":100,"ix":7},"sk":{"a":0,"k":0,"ix":4},"sa":{"a":0,"k":0,"ix":5},"nm":"Transform"}],"nm":"Body","np":2,"cix":2,"bm":0,"ix":1,"mn":"ADBE Vector Group","hd":false}],"ip":0,"op":1200,"st":0,"bm":0},{"ddd":0,"ind":30,"ty":4,"nm":"Right Horn","parent":29,"sr":1,"ks":{"o":{"a":0,"k":100,"ix":11},"r":{"a":0,"k":0,"ix":10},"p":{"a":0,"k":[162.794,-24.114,0],"ix":2},"a":{"a":0,"k":[162.794,-24.114,0],"ix":1},"s":{"a":0,"k":[100,100,100],"ix":6}},"ao":0,"shapes":[{"ty":"gr","it":[{"ind":0,"ty":"sh","ix":1,"ks":{"a":0,"k":{"i":[[0,0],[-0.911,0.113],[-2.483,-11.17],[4.227,6.059],[-3.53,0.648],[0,0],[-3.652,-8.736],[4.26,5.098],[-1.067,1.861],[-5.878,-3.262],[4.922,1.836],[-0.729,3.156],[-5.227,-1.209],[4.352,0.68],[-4.807,-0.408],[-2.332,-12.328],[-1.564,-9.898],[2.385,-5.777],[12.316,-6.18],[1.426,-0.672],[3.101,15.492]],"o":[[1.043,-0.119],[5.218,4.207],[-0.513,-10.652],[3.436,-0.492],[0,0],[4.792,3.982],[-2.079,-9.07],[1.467,-1.029],[5.037,1.115],[-5.338,-4.291],[1.106,-2.533],[4.401,0.055],[-5.044,-2.121],[3.066,-15.012],[2.181,-0.057],[1.861,9.848],[1.17,7.406],[-4.94,11.965],[-1.635,0.818],[-3.101,-15.492],[0,0]],"v":[[137.721,-21.168],[140.644,-21.516],[152.559,2.777],[145.351,-22.139],[155.08,-23.768],[155.105,-23.774],[168.097,-4.045],[158.542,-25.188],[162.322,-29.586],[178.931,-22.911],[163.554,-32.057],[166.268,-40.702],[180.84,-38.784],[166.759,-42.963],[174.829,-75.795],[181.806,-54.215],[186.925,-24.514],[186.133,-4.747],[151.749,23.634],[143.393,27.574],[137.721,-21.168]],"c":true},"ix":2},"nm":"Path 1","mn":"ADBE Vector Shape - Group","hd":false},{"ty":"fl","c":{"a":0,"k":[0.254901975393,0.254901975393,0.258823543787,1],"ix":4},"o":{"a":0,"k":100,"ix":5},"r":1,"bm":0,"nm":"Fill 1","mn":"ADBE Vector Graphic - Fill","hd":false},{"ty":"tr","p":{"a":0,"k":[0,0],"ix":2},"a":{"a":0,"k":[0,0],"ix":1},"s":{"a":0,"k":[100,100],"ix":3},"r":{"a":0,"k":0,"ix":6},"o":{"a":0,"k":100,"ix":7},"sk":{"a":0,"k":0,"ix":4},"sa":{"a":0,"k":0,"ix":5},"nm":"Transform"}],"nm":"Right Horn","np":2,"cix":2,"bm":0,"ix":1,"mn":"ADBE Vector Group","hd":false}],"ip":0,"op":1200,"st":0,"bm":0},{"ddd":0,"ind":31,"ty":4,"nm":"Left Horn","parent":29,"sr":1,"ks":{"o":{"a":0,"k":100,"ix":11},"r":{"a":0,"k":0,"ix":10},"p":{"a":0,"k":[-162.547,-24.375,0],"ix":2},"a":{"a":0,"k":[-162.547,-24.375,0],"ix":1},"s":{"a":0,"k":[100,100,100],"ix":6}},"ao":0,"shapes":[{"ty":"gr","it":[{"ind":0,"ty":"sh","ix":1,"ks":{"a":0,"k":{"i":[[0,0],[0.91,0.119],[2.548,-11.154],[-4.263,6.033],[3.526,0.67],[0,0],[3.704,-8.715],[-4.29,5.07],[1.057,1.865],[5.897,-3.229],[-4.932,1.809],[0.71,3.16],[5.234,-1.18],[-4.355,0.654],[4.809,-0.383],[2.404,-12.313],[1.622,-9.891],[-2.351,-5.793],[-12.333,-6.063],[-0.664,-0.318],[-1.319,14.965]],"o":[[-1.042,-0.127],[-5.242,4.178],[0.575,-10.65],[-3.433,-0.512],[0,0],[-4.814,3.955],[2.132,-9.059],[-1.461,-1.039],[-5.044,1.084],[5.363,-4.262],[-1.091,-2.539],[-4.401,0.029],[5.057,-2.092],[-2.978,-15.029],[-2.181,-0.07],[-1.919,9.836],[-1.213,7.398],[5.214,12.844],[0.713,0.352],[2.908,-15.814],[0,0]],"v":[[-137.227,-21.563],[-140.603,-21.916],[-152.66,2.306],[-145.307,-22.567],[-155.026,-24.252],[-155.052,-24.258],[-168.158,-4.606],[-158.479,-25.692],[-162.234,-30.112],[-178.881,-23.534],[-163.451,-32.592],[-166.115,-41.25],[-180.698,-39.418],[-166.593,-43.516],[-174.471,-76.393],[-181.573,-54.856],[-186.867,-25.184],[-186.19,-5.413],[-149.442,24.433],[-142.888,27.648],[-137.227,-21.563]],"c":true},"ix":2},"nm":"Path 1","mn":"ADBE Vector Shape - Group","hd":false},{"ty":"fl","c":{"a":0,"k":[0.254901975393,0.254901975393,0.258823543787,1],"ix":4},"o":{"a":0,"k":100,"ix":5},"r":1,"bm":0,"nm":"Fill 1","mn":"ADBE Vector Graphic - Fill","hd":false},{"ty":"tr","p":{"a":0,"k":[0,0],"ix":2},"a":{"a":0,"k":[0,0],"ix":1},"s":{"a":0,"k":[100,100],"ix":3},"r":{"a":0,"k":0,"ix":6},"o":{"a":0,"k":100,"ix":7},"sk":{"a":0,"k":0,"ix":4},"sa":{"a":0,"k":0,"ix":5},"nm":"Transform"}],"nm":"Left Horn","np":2,"cix":2,"bm":0,"ix":1,"mn":"ADBE Vector Group","hd":false}],"ip":0,"op":1200,"st":0,"bm":0},{"ddd":0,"ind":32,"ty":4,"nm":"Shadow","parent":1,"sr":1,"ks":{"o":{"a":0,"k":40,"ix":11},"r":{"a":0,"k":0,"ix":10},"p":{"a":0,"k":[50,238.514,0],"ix":2},"a":{"a":0,"k":[-0.912,191.514,0],"ix":1},"s":{"a":1,"k":[{"i":{"x":[0.667,0.667,0.667],"y":[-0.179,-0.179,1]},"o":{"x":[0.333,0.333,0.333],"y":[0,0,0]},"t":40,"s":[93,212.899,100]},{"i":{"x":[0.667,0.667,0.667],"y":[1,1,1]},"o":{"x":[0.333,0.333,0.333],"y":[-0.429,-0.429,0]},"t":62,"s":[100.056,230.931,100]},{"i":{"x":[0.667,0.667,0.667],"y":[1,1,1]},"o":{"x":[0.333,0.333,0.333],"y":[0,0,0]},"t":70,"s":[93,212.899,100]},{"i":{"x":[0.667,0.667,0.667],"y":[1,1,1]},"o":{"x":[0.333,0.333,0.333],"y":[0,0,0]},"t":76,"s":[85,161.899,100]},{"i":{"x":[0.667,0.667,0.667],"y":[1,1,1]},"o":{"x":[0.333,0.333,0.333],"y":[0,0,0]},"t":83,"s":[102,253.899,100]},{"i":{"x":[0.667,0.667,0.667],"y":[1,1,1]},"o":{"x":[0.333,0.333,0.333],"y":[0,0,0]},"t":91,"s":[93,212.899,100]},{"i":{"x":[0.667,0.667,0.667],"y":[-0.179,-0.179,1]},"o":{"x":[0.333,0.333,0.333],"y":[0,0,0]},"t":198,"s":[93,212.899,100]},{"i":{"x":[0.667,0.667,0.667],"y":[1,1,1]},"o":{"x":[0.333,0.333,0.333],"y":[-0.429,-0.429,0]},"t":220,"s":[100.056,230.931,100]},{"i":{"x":[0.667,0.667,0.667],"y":[1,1,1]},"o":{"x":[0.333,0.333,0.333],"y":[0,0,0]},"t":228,"s":[93,212.899,100]},{"i":{"x":[0.667,0.667,0.667],"y":[1,1,1]},"o":{"x":[0.333,0.333,0.333],"y":[0,0,0]},"t":234,"s":[85,161.899,100]},{"i":{"x":[0.667,0.667,0.667],"y":[1,1,1]},"o":{"x":[0.333,0.333,0.333],"y":[0,0,0]},"t":241,"s":[102,253.899,100]},{"t":249,"s":[93,212.899,100]}],"ix":6}},"ao":0,"shapes":[{"ty":"gr","it":[{"ind":0,"ty":"sh","ix":1,"ks":{"a":0,"k":{"i":[[0,-3.913],[-101.565,0],[0,3.913],[101.565,0]],"o":[[0,3.913],[101.565,0],[0,-3.913],[-101.565,0]],"v":[[-184.812,191.514],[-0.912,198.6],[182.988,191.514],[-0.912,184.428]],"c":true},"ix":2},"nm":"Path 1","mn":"ADBE Vector Shape - Group","hd":false},{"ty":"fl","c":{"a":0,"k":[0,0,0,1],"ix":4},"o":{"a":0,"k":100,"ix":5},"r":1,"bm":0,"nm":"Fill 1","mn":"ADBE Vector Graphic - Fill","hd":false},{"ty":"tr","p":{"a":0,"k":[0,0],"ix":2},"a":{"a":0,"k":[0,0],"ix":1},"s":{"a":0,"k":[100,100],"ix":3},"r":{"a":0,"k":0,"ix":6},"o":{"a":0,"k":100,"ix":7},"sk":{"a":0,"k":0,"ix":4},"sa":{"a":0,"k":0,"ix":5},"nm":"Transform"}],"nm":"Shadow","np":2,"cix":2,"bm":0,"ix":1,"mn":"ADBE Vector Group","hd":false}],"ip":0,"op":1200,"st":0,"bm":0}],"markers":[]}