{"v":"5.7.8","fr":29.9700012207031,"ip":0,"op":45.0000018328876,"w":500,"h":500,"nm":"Mascot_Lottie","ddd":0,"assets":[],"layers":[{"ddd":0,"ind":1,"ty":4,"nm":"Eye Outlines","sr":1,"ks":{"o":{"a":0,"k":100,"ix":11},"r":{"a":0,"k":0,"ix":10},"p":{"a":1,"k":[{"i":{"x":0.301,"y":1},"o":{"x":0.104,"y":0.013},"t":0,"s":[258.953,176.71,0],"to":[0,3.5,0],"ti":[0,1,0]},{"i":{"x":0.667,"y":1},"o":{"x":0.784,"y":0.105},"t":5,"s":[258.953,197.71,0],"to":[0,-1,0],"ti":[0,16.5,0]},{"i":{"x":0.256,"y":1},"o":{"x":0.665,"y":0},"t":10,"s":[258.953,170.71,0],"to":[0,-16.5,0],"ti":[0,0,0]},{"i":{"x":0.667,"y":1},"o":{"x":0.815,"y":0},"t":15,"s":[258.953,98.71,0],"to":[0,0,0],"ti":[0,-16.5,0]},{"i":{"x":0.667,"y":1},"o":{"x":0.333,"y":0},"t":20,"s":[258.953,170.71,0],"to":[0,16.5,0],"ti":[0,0,0]},{"i":{"x":0.667,"y":1},"o":{"x":0.793,"y":0.19},"t":25,"s":[258.953,197.71,0],"to":[0,0,0],"ti":[0,4.5,0]},{"t":30.0000012219251,"s":[258.953,170.71,0]}],"ix":2,"l":2},"a":{"a":0,"k":[49.809,21.611,0],"ix":1,"l":2},"s":{"a":0,"k":[100,100,100],"ix":6,"l":2}},"ao":0,"hasMask":true,"masksProperties":[{"inv":false,"mode":"a","pt":{"a":1,"k":[{"i":{"x":0.833,"y":0.833},"o":{"x":0.167,"y":0.167},"t":0,"s":[{"i":[[0,0],[0,0],[0,0],[0,0]],"o":[[0,0],[0,0],[0,0],[0,0]],"v":[[0.25,0.25],[0.25,42.972],[99.367,42.972],[99.367,0.25]],"c":true}]},{"i":{"x":0.833,"y":0.833},"o":{"x":0.167,"y":0.167},"t":5,"s":[{"i":[[0,0],[0,0],[0,0],[0,0]],"o":[[0,0],[0,0],[0,0],[0,0]],"v":[[0.25,45.25],[0.25,87.972],[99.367,87.972],[99.367,45.25]],"c":true}]},{"t":15.0000006109625,"s":[{"i":[[0,0],[0,0],[0,0],[0,0]],"o":[[0,0],[0,0],[0,0],[0,0]],"v":[[0.25,0.25],[0.25,42.972],[99.367,42.972],[99.367,0.25]],"c":true}]}],"ix":1},"o":{"a":0,"k":100,"ix":3},"x":{"a":0,"k":0,"ix":4},"nm":"Mask 1"}],"shapes":[{"ty":"gr","it":[{"ind":0,"ty":"sh","ix":1,"ks":{"a":0,"k":{"i":[[0,-2.469],[2.469,0],[0,2.469],[-2.469,0]],"o":[[0,2.469],[-2.469,0],[0,-2.469],[2.469,0]],"v":[[4.471,0],[-0.001,4.471],[-4.471,0],[-0.001,-4.471]],"c":true},"ix":2},"nm":"Path 1","mn":"ADBE Vector Shape - Group","hd":false},{"ty":"fl","c":{"a":0,"k":[1,1,1,1],"ix":4},"o":{"a":0,"k":100,"ix":5},"r":1,"bm":0,"nm":"Fill 1","mn":"ADBE Vector Graphic - Fill","hd":false},{"ty":"tr","p":{"a":0,"k":[72.541,13.663],"ix":2},"a":{"a":0,"k":[0,0],"ix":1},"s":{"a":0,"k":[100,100],"ix":3},"r":{"a":0,"k":0,"ix":6},"o":{"a":0,"k":100,"ix":7},"sk":{"a":0,"k":0,"ix":4},"sa":{"a":0,"k":0,"ix":5},"nm":"Transform"}],"nm":"Group 1","np":2,"cix":2,"bm":0,"ix":1,"mn":"ADBE Vector Group","hd":false},{"ty":"gr","it":[{"ind":0,"ty":"sh","ix":1,"ks":{"a":0,"k":{"i":[[0,-5.213],[5.212,0],[0,5.213],[-5.213,0]],"o":[[0,5.213],[-5.213,0],[0,-5.213],[5.212,0]],"v":[[9.439,0],[0.001,9.439],[-9.439,0],[0.001,-9.439]],"c":true},"ix":2},"nm":"Path 1","mn":"ADBE Vector Shape - Group","hd":false},{"ty":"fl","c":{"a":0,"k":[0,0,0,1],"ix":4},"o":{"a":0,"k":100,"ix":5},"r":1,"bm":0,"nm":"Fill 1","mn":"ADBE Vector Graphic - Fill","hd":false},{"ty":"tr","p":{"a":0,"k":[78.006,21.611],"ix":2},"a":{"a":0,"k":[0,0],"ix":1},"s":{"a":0,"k":[100,100],"ix":3},"r":{"a":0,"k":0,"ix":6},"o":{"a":0,"k":100,"ix":7},"sk":{"a":0,"k":0,"ix":4},"sa":{"a":0,"k":0,"ix":5},"nm":"Transform"}],"nm":"Group 2","np":2,"cix":2,"bm":0,"ix":2,"mn":"ADBE Vector Group","hd":false},{"ty":"gr","it":[{"ind":0,"ty":"sh","ix":1,"ks":{"a":0,"k":{"i":[[0,-9.328],[9.328,0],[0,9.328],[-9.329,0]],"o":[[0,9.328],[-9.329,0],[0,-9.328],[9.328,0]],"v":[[16.89,0],[0,16.891],[-16.89,0],[0,-16.891]],"c":true},"ix":2},"nm":"Path 1","mn":"ADBE Vector Shape - Group","hd":false},{"ty":"fl","c":{"a":0,"k":[0.172999991623,0.2,0.4,1],"ix":4},"o":{"a":0,"k":100,"ix":5},"r":1,"bm":0,"nm":"Fill 1","mn":"ADBE Vector Graphic - Fill","hd":false},{"ty":"tr","p":{"a":0,"k":[78.006,21.611],"ix":2},"a":{"a":0,"k":[0,0],"ix":1},"s":{"a":0,"k":[100,100],"ix":3},"r":{"a":0,"k":0,"ix":6},"o":{"a":0,"k":100,"ix":7},"sk":{"a":0,"k":0,"ix":4},"sa":{"a":0,"k":0,"ix":5},"nm":"Transform"}],"nm":"Group 3","np":2,"cix":2,"bm":0,"ix":3,"mn":"ADBE Vector Group","hd":false},{"ty":"gr","it":[{"ind":0,"ty":"sh","ix":1,"ks":{"a":0,"k":{"i":[[0,-11.798],[11.797,0],[0,11.798],[-11.798,0]],"o":[[0,11.798],[-11.798,0],[0,-11.798],[11.797,0]],"v":[[21.362,0],[0.001,21.361],[-21.362,0],[0.001,-21.361]],"c":true},"ix":2},"nm":"Path 1","mn":"ADBE Vector Shape - Group","hd":false},{"ty":"fl","c":{"a":0,"k":[1,1,1,1],"ix":4},"o":{"a":0,"k":100,"ix":5},"r":1,"bm":0,"nm":"Fill 1","mn":"ADBE Vector Graphic - Fill","hd":false},{"ty":"tr","p":{"a":0,"k":[78.005,21.611],"ix":2},"a":{"a":0,"k":[0,0],"ix":1},"s":{"a":0,"k":[100,100],"ix":3},"r":{"a":0,"k":0,"ix":6},"o":{"a":0,"k":100,"ix":7},"sk":{"a":0,"k":0,"ix":4},"sa":{"a":0,"k":0,"ix":5},"nm":"Transform"}],"nm":"Group 4","np":2,"cix":2,"bm":0,"ix":4,"mn":"ADBE Vector Group","hd":false},{"ty":"gr","it":[{"ind":0,"ty":"sh","ix":1,"ks":{"a":0,"k":{"i":[[0,-2.469],[2.469,0],[0,2.469],[-2.469,0]],"o":[[0,2.469],[-2.469,0],[0,-2.469],[2.469,0]],"v":[[4.471,0],[0,4.471],[-4.471,0],[0,-4.471]],"c":true},"ix":2},"nm":"Path 1","mn":"ADBE Vector Shape - Group","hd":false},{"ty":"fl","c":{"a":0,"k":[1,1,1,1],"ix":4},"o":{"a":0,"k":100,"ix":5},"r":1,"bm":0,"nm":"Fill 1","mn":"ADBE Vector Graphic - Fill","hd":false},{"ty":"tr","p":{"a":0,"k":[16.147,13.663],"ix":2},"a":{"a":0,"k":[0,0],"ix":1},"s":{"a":0,"k":[100,100],"ix":3},"r":{"a":0,"k":0,"ix":6},"o":{"a":0,"k":100,"ix":7},"sk":{"a":0,"k":0,"ix":4},"sa":{"a":0,"k":0,"ix":5},"nm":"Transform"}],"nm":"Group 5","np":2,"cix":2,"bm":0,"ix":5,"mn":"ADBE Vector Group","hd":false},{"ty":"gr","it":[{"ind":0,"ty":"sh","ix":1,"ks":{"a":0,"k":{"i":[[0,-5.213],[5.212,0],[0,5.213],[-5.213,0]],"o":[[0,5.213],[-5.213,0],[0,-5.213],[5.212,0]],"v":[[9.439,0],[0.001,9.439],[-9.439,0],[0.001,-9.439]],"c":true},"ix":2},"nm":"Path 1","mn":"ADBE Vector Shape - Group","hd":false},{"ty":"fl","c":{"a":0,"k":[0,0,0,1],"ix":4},"o":{"a":0,"k":100,"ix":5},"r":1,"bm":0,"nm":"Fill 1","mn":"ADBE Vector Graphic - Fill","hd":false},{"ty":"tr","p":{"a":0,"k":[21.612,21.611],"ix":2},"a":{"a":0,"k":[0,0],"ix":1},"s":{"a":0,"k":[100,100],"ix":3},"r":{"a":0,"k":0,"ix":6},"o":{"a":0,"k":100,"ix":7},"sk":{"a":0,"k":0,"ix":4},"sa":{"a":0,"k":0,"ix":5},"nm":"Transform"}],"nm":"Group 6","np":2,"cix":2,"bm":0,"ix":6,"mn":"ADBE Vector Group","hd":false},{"ty":"gr","it":[{"ind":0,"ty":"sh","ix":1,"ks":{"a":0,"k":{"i":[[0,-9.328],[9.328,0],[0,9.328],[-9.329,0]],"o":[[0,9.328],[-9.329,0],[0,-9.328],[9.328,0]],"v":[[16.891,0],[0.001,16.891],[-16.891,0],[0.001,-16.891]],"c":true},"ix":2},"nm":"Path 1","mn":"ADBE Vector Shape - Group","hd":false},{"ty":"fl","c":{"a":0,"k":[0.172999991623,0.2,0.4,1],"ix":4},"o":{"a":0,"k":100,"ix":5},"r":1,"bm":0,"nm":"Fill 1","mn":"ADBE Vector Graphic - Fill","hd":false},{"ty":"tr","p":{"a":0,"k":[21.611,21.611],"ix":2},"a":{"a":0,"k":[0,0],"ix":1},"s":{"a":0,"k":[100,100],"ix":3},"r":{"a":0,"k":0,"ix":6},"o":{"a":0,"k":100,"ix":7},"sk":{"a":0,"k":0,"ix":4},"sa":{"a":0,"k":0,"ix":5},"nm":"Transform"}],"nm":"Group 7","np":2,"cix":2,"bm":0,"ix":7,"mn":"ADBE Vector Group","hd":false},{"ty":"gr","it":[{"ind":0,"ty":"sh","ix":1,"ks":{"a":0,"k":{"i":[[0,-11.798],[11.797,0],[0,11.798],[-11.798,0]],"o":[[0,11.798],[-11.798,0],[0,-11.798],[11.797,0]],"v":[[21.362,0],[0.001,21.361],[-21.362,0],[0.001,-21.361]],"c":true},"ix":2},"nm":"Path 1","mn":"ADBE Vector Shape - Group","hd":false},{"ty":"fl","c":{"a":0,"k":[1,1,1,1],"ix":4},"o":{"a":0,"k":100,"ix":5},"r":1,"bm":0,"nm":"Fill 1","mn":"ADBE Vector Graphic - Fill","hd":false},{"ty":"tr","p":{"a":0,"k":[21.612,21.611],"ix":2},"a":{"a":0,"k":[0,0],"ix":1},"s":{"a":0,"k":[100,100],"ix":3},"r":{"a":0,"k":0,"ix":6},"o":{"a":0,"k":100,"ix":7},"sk":{"a":0,"k":0,"ix":4},"sa":{"a":0,"k":0,"ix":5},"nm":"Transform"}],"nm":"Group 8","np":2,"cix":2,"bm":0,"ix":8,"mn":"ADBE Vector Group","hd":false}],"ip":0,"op":45.0000018328876,"st":0,"bm":0},{"ddd":0,"ind":2,"ty":4,"nm":"Mouth Outlines","sr":1,"ks":{"o":{"a":0,"k":100,"ix":11},"r":{"a":0,"k":0,"ix":10},"p":{"a":1,"k":[{"i":{"x":0.301,"y":1},"o":{"x":0.104,"y":0.013},"t":0,"s":[258.659,229.686,0],"to":[0,3.5,0],"ti":[0,1,0]},{"i":{"x":0.667,"y":1},"o":{"x":0.784,"y":0.105},"t":5,"s":[258.659,250.686,0],"to":[0,-1,0],"ti":[0,16.5,0]},{"i":{"x":0.256,"y":1},"o":{"x":0.665,"y":0},"t":10,"s":[258.659,223.686,0],"to":[0,-16.5,0],"ti":[0,0,0]},{"i":{"x":0.667,"y":1},"o":{"x":0.815,"y":0},"t":15,"s":[258.659,151.686,0],"to":[0,0,0],"ti":[0,-16.5,0]},{"i":{"x":0.667,"y":1},"o":{"x":0.333,"y":0},"t":20,"s":[258.659,223.686,0],"to":[0,16.5,0],"ti":[0,0,0]},{"i":{"x":0.667,"y":1},"o":{"x":0.793,"y":0.19},"t":25,"s":[258.659,250.686,0],"to":[0,0,0],"ti":[0,4.5,0]},{"t":30.0000012219251,"s":[258.659,223.686,0]}],"ix":2,"l":2},"a":{"a":0,"k":[48.94,38.451,0],"ix":1,"l":2},"s":{"a":0,"k":[100,100,100],"ix":6,"l":2}},"ao":0,"shapes":[{"ty":"gr","it":[{"ind":0,"ty":"sh","ix":1,"ks":{"a":0,"k":{"i":[[-3.803,0],[0,0],[0.479,-3.791],[22.779,0],[1.393,12.269]],"o":[[0,0],[3.822,0],[-1.533,12.158],[-23.712,0],[-0.429,-3.779]],"v":[[-25.13,-21.362],[25.084,-21.362],[31.371,-14.225],[1.149,21.362],[-31.421,-14.263]],"c":true},"ix":2},"nm":"Path 1","mn":"ADBE Vector Shape - Group","hd":false},{"ty":"st","c":{"a":0,"k":[0.172999991623,0.2,0.4,1],"ix":3},"o":{"a":0,"k":100,"ix":4},"w":{"a":0,"k":6.836,"ix":5},"lc":1,"lj":1,"ml":10,"bm":0,"nm":"Stroke 1","mn":"ADBE Vector Graphic - Stroke","hd":false},{"ty":"tr","p":{"a":0,"k":[48.94,38.451],"ix":2},"a":{"a":0,"k":[0,0],"ix":1},"s":{"a":0,"k":[100,100],"ix":3},"r":{"a":0,"k":0,"ix":6},"o":{"a":0,"k":100,"ix":7},"sk":{"a":0,"k":0,"ix":4},"sa":{"a":0,"k":0,"ix":5},"nm":"Transform"}],"nm":"Group 1","np":2,"cix":2,"bm":0,"ix":1,"mn":"ADBE Vector Group","hd":false},{"ty":"gr","it":[{"ind":0,"ty":"sh","ix":1,"ks":{"a":0,"k":{"i":[[20.014,21.621],[-13.671,1.709],[0,0]],"o":[[0,0],[13.671,-1.709],[0,0]],"v":[[-21.608,-4.272],[-2.317,-15.64],[21.608,-0.259]],"c":true},"ix":2},"nm":"Path 1","mn":"ADBE Vector Shape - Group","hd":false},{"ty":"fl","c":{"a":0,"k":[0.74900004069,0.169000004787,0.250999989229,1],"ix":4},"o":{"a":0,"k":100,"ix":5},"r":1,"bm":0,"nm":"Fill 1","mn":"ADBE Vector Graphic - Fill","hd":false},{"ty":"tr","p":{"a":0,"k":[48.988,53.236],"ix":2},"a":{"a":0,"k":[0,0],"ix":1},"s":{"a":0,"k":[100,100],"ix":3},"r":{"a":0,"k":0,"ix":6},"o":{"a":0,"k":100,"ix":7},"sk":{"a":0,"k":0,"ix":4},"sa":{"a":0,"k":0,"ix":5},"nm":"Transform"}],"nm":"Group 2","np":2,"cix":2,"bm":0,"ix":2,"mn":"ADBE Vector Group","hd":false},{"ty":"gr","it":[{"ind":0,"ty":"sh","ix":1,"ks":{"a":0,"k":{"i":[[0,0],[-5.126,0],[0,0]],"o":[[0,0],[5.127,0],[0,0]],"v":[[-5.126,-5.127],[-0.001,5.127],[5.126,-5.127]],"c":true},"ix":2},"nm":"Path 1","mn":"ADBE Vector Shape - Group","hd":false},{"ty":"fl","c":{"a":0,"k":[0.952999997606,0.922000002394,0.870999983245,1],"ix":4},"o":{"a":0,"k":100,"ix":5},"r":1,"bm":0,"nm":"Fill 1","mn":"ADBE Vector Graphic - Fill","hd":false},{"ty":"tr","p":{"a":0,"k":[55.215,23.926],"ix":2},"a":{"a":0,"k":[0,0],"ix":1},"s":{"a":0,"k":[100,100],"ix":3},"r":{"a":0,"k":0,"ix":6},"o":{"a":0,"k":100,"ix":7},"sk":{"a":0,"k":0,"ix":4},"sa":{"a":0,"k":0,"ix":5},"nm":"Transform"}],"nm":"Group 3","np":2,"cix":2,"bm":0,"ix":3,"mn":"ADBE Vector Group","hd":false},{"ty":"gr","it":[{"ind":0,"ty":"sh","ix":1,"ks":{"a":0,"k":{"i":[[0,0],[-5.127,0],[0,0]],"o":[[0,0],[5.127,0],[0,0]],"v":[[-5.127,-5.127],[0,5.127],[5.127,-5.127]],"c":true},"ix":2},"nm":"Path 1","mn":"ADBE Vector Shape - Group","hd":false},{"ty":"fl","c":{"a":0,"k":[0.952999997606,0.922000002394,0.870999983245,1],"ix":4},"o":{"a":0,"k":100,"ix":5},"r":1,"bm":0,"nm":"Fill 1","mn":"ADBE Vector Graphic - Fill","hd":false},{"ty":"tr","p":{"a":0,"k":[43.253,23.926],"ix":2},"a":{"a":0,"k":[0,0],"ix":1},"s":{"a":0,"k":[100,100],"ix":3},"r":{"a":0,"k":0,"ix":6},"o":{"a":0,"k":100,"ix":7},"sk":{"a":0,"k":0,"ix":4},"sa":{"a":0,"k":0,"ix":5},"nm":"Transform"}],"nm":"Group 4","np":2,"cix":2,"bm":0,"ix":4,"mn":"ADBE Vector Group","hd":false},{"ty":"gr","it":[{"ind":0,"ty":"sh","ix":1,"ks":{"a":0,"k":{"i":[[-3.803,0],[0,0],[0.479,-3.791],[22.779,0],[1.393,12.269]],"o":[[0,0],[3.822,0],[-1.533,12.158],[-23.712,0],[-0.429,-3.779]],"v":[[-25.13,-21.362],[25.084,-21.362],[31.371,-14.225],[1.149,21.362],[-31.421,-14.263]],"c":true},"ix":2},"nm":"Path 1","mn":"ADBE Vector Shape - Group","hd":false},{"ty":"fl","c":{"a":0,"k":[0,0,0,1],"ix":4},"o":{"a":0,"k":100,"ix":5},"r":1,"bm":0,"nm":"Fill 1","mn":"ADBE Vector Graphic - Fill","hd":false},{"ty":"tr","p":{"a":0,"k":[48.94,38.451],"ix":2},"a":{"a":0,"k":[0,0],"ix":1},"s":{"a":0,"k":[100,100],"ix":3},"r":{"a":0,"k":0,"ix":6},"o":{"a":0,"k":100,"ix":7},"sk":{"a":0,"k":0,"ix":4},"sa":{"a":0,"k":0,"ix":5},"nm":"Transform"}],"nm":"Group 5","np":2,"cix":2,"bm":0,"ix":5,"mn":"ADBE Vector Group","hd":false}],"ip":0,"op":45.0000018328876,"st":0,"bm":0},{"ddd":0,"ind":3,"ty":4,"nm":"body Outlines","sr":1,"ks":{"o":{"a":0,"k":100,"ix":11},"r":{"a":0,"k":0,"ix":10},"p":{"a":1,"k":[{"i":{"x":0.301,"y":1},"o":{"x":0.104,"y":0.011},"t":0,"s":[258.823,248.12,0],"to":[0,3.833,0],"ti":[0,0.167,0]},{"i":{"x":0.667,"y":1},"o":{"x":0.784,"y":0.118},"t":5,"s":[258.823,271.12,0],"to":[0,-0.167,0],"ti":[0,17.167,0]},{"i":{"x":0.256,"y":1},"o":{"x":0.665,"y":0},"t":10,"s":[258.823,247.12,0],"to":[0,-17.167,0],"ti":[0,0,0]},{"i":{"x":0.667,"y":1},"o":{"x":0.815,"y":0},"t":15,"s":[258.823,168.12,0],"to":[0,0,0],"ti":[0,-17.167,0]},{"i":{"x":0.667,"y":1},"o":{"x":0.333,"y":0},"t":20,"s":[258.823,247.12,0],"to":[0,17.167,0],"ti":[0,0,0]},{"i":{"x":0.667,"y":1},"o":{"x":0.793,"y":0.213},"t":25,"s":[258.823,271.12,0],"to":[0,0,0],"ti":[0,4,0]},{"t":30.0000012219251,"s":[258.823,247.12,0]}],"ix":2,"l":2},"a":{"a":0,"k":[98.383,132.811,0],"ix":1,"l":2},"s":{"a":0,"k":[100,100,100],"ix":6,"l":2}},"ao":0,"shapes":[{"ty":"gr","it":[{"ind":0,"ty":"sh","ix":1,"ks":{"a":0,"k":{"i":[[0,-4.719],[4.719,0],[0,4.719],[-4.72,0]],"o":[[0,4.719],[-4.72,0],[0,-4.719],[4.719,0]],"v":[[8.545,0],[0.001,8.545],[-8.545,0],[0.001,-8.545]],"c":true},"ix":2},"nm":"Path 1","mn":"ADBE Vector Shape - Group","hd":false},{"ty":"fl","c":{"a":0,"k":[0.952999997606,0.922000002394,0.870999983245,1],"ix":4},"o":{"a":0,"k":100,"ix":5},"r":1,"bm":0,"nm":"Fill 1","mn":"ADBE Vector Graphic - Fill","hd":false},{"ty":"tr","p":{"a":0,"k":[78.86,231.729],"ix":2},"a":{"a":0,"k":[0,0],"ix":1},"s":{"a":0,"k":[100,100],"ix":3},"r":{"a":0,"k":0,"ix":6},"o":{"a":0,"k":100,"ix":7},"sk":{"a":0,"k":0,"ix":4},"sa":{"a":0,"k":0,"ix":5},"nm":"Transform"}],"nm":"Group 1","np":2,"cix":2,"bm":0,"ix":1,"mn":"ADBE Vector Group","hd":false},{"ty":"gr","it":[{"ind":0,"ty":"sh","ix":1,"ks":{"a":0,"k":{"i":[[0,-4.719],[4.719,0],[0,4.72],[-4.719,0]],"o":[[0,4.72],[-4.719,0],[0,-4.719],[4.719,0]],"v":[[8.545,-0.001],[0,8.544],[-8.545,-0.001],[0,-8.545]],"c":true},"ix":2},"nm":"Path 1","mn":"ADBE Vector Shape - Group","hd":false},{"ty":"fl","c":{"a":0,"k":[0.952999997606,0.922000002394,0.870999983245,1],"ix":4},"o":{"a":0,"k":100,"ix":5},"r":1,"bm":0,"nm":"Fill 1","mn":"ADBE Vector Graphic - Fill","hd":false},{"ty":"tr","p":{"a":0,"k":[143.799,195.841],"ix":2},"a":{"a":0,"k":[0,0],"ix":1},"s":{"a":0,"k":[100,100],"ix":3},"r":{"a":0,"k":0,"ix":6},"o":{"a":0,"k":100,"ix":7},"sk":{"a":0,"k":0,"ix":4},"sa":{"a":0,"k":0,"ix":5},"nm":"Transform"}],"nm":"Group 2","np":2,"cix":2,"bm":0,"ix":2,"mn":"ADBE Vector Group","hd":false},{"ty":"gr","it":[{"ind":0,"ty":"sh","ix":1,"ks":{"a":0,"k":{"i":[[0,-4.719],[4.719,0],[0,4.719],[-4.72,0]],"o":[[0,4.719],[-4.72,0],[0,-4.719],[4.719,0]],"v":[[8.545,0],[0.001,8.545],[-8.545,0],[0.001,-8.545]],"c":true},"ix":2},"nm":"Path 1","mn":"ADBE Vector Shape - Group","hd":false},{"ty":"fl","c":{"a":0,"k":[0.952999997606,0.922000002394,0.870999983245,1],"ix":4},"o":{"a":0,"k":100,"ix":5},"r":1,"bm":0,"nm":"Fill 1","mn":"ADBE Vector Graphic - Fill","hd":false},{"ty":"tr","p":{"a":0,"k":[123.292,233.438],"ix":2},"a":{"a":0,"k":[0,0],"ix":1},"s":{"a":0,"k":[100,100],"ix":3},"r":{"a":0,"k":0,"ix":6},"o":{"a":0,"k":100,"ix":7},"sk":{"a":0,"k":0,"ix":4},"sa":{"a":0,"k":0,"ix":5},"nm":"Transform"}],"nm":"Group 3","np":2,"cix":2,"bm":0,"ix":3,"mn":"ADBE Vector Group","hd":false},{"ty":"gr","it":[{"ind":0,"ty":"sh","ix":1,"ks":{"a":0,"k":{"i":[[0,-4.719],[4.719,0],[0,4.719],[-4.719,0]],"o":[[0,4.719],[-4.719,0],[0,-4.719],[4.719,0]],"v":[[8.545,0],[0,8.545],[-8.545,0],[0,-8.545]],"c":true},"ix":2},"nm":"Path 1","mn":"ADBE Vector Shape - Group","hd":false},{"ty":"fl","c":{"a":0,"k":[0.952999997606,0.922000002394,0.870999983245,1],"ix":4},"o":{"a":0,"k":100,"ix":5},"r":1,"bm":0,"nm":"Fill 1","mn":"ADBE Vector Graphic - Fill","hd":false},{"ty":"tr","p":{"a":0,"k":[164.306,151.409],"ix":2},"a":{"a":0,"k":[0,0],"ix":1},"s":{"a":0,"k":[100,100],"ix":3},"r":{"a":0,"k":0,"ix":6},"o":{"a":0,"k":100,"ix":7},"sk":{"a":0,"k":0,"ix":4},"sa":{"a":0,"k":0,"ix":5},"nm":"Transform"}],"nm":"Group 4","np":2,"cix":2,"bm":0,"ix":4,"mn":"ADBE Vector Group","hd":false},{"ty":"gr","it":[{"ind":0,"ty":"sh","ix":1,"ks":{"a":0,"k":{"i":[[0,-4.72],[4.719,0],[0,4.719],[-4.72,0]],"o":[[0,4.719],[-4.72,0],[0,-4.72],[4.719,0]],"v":[[8.545,0],[0.001,8.544],[-8.545,0],[0.001,-8.545]],"c":true},"ix":2},"nm":"Path 1","mn":"ADBE Vector Shape - Group","hd":false},{"ty":"fl","c":{"a":0,"k":[0.952999997606,0.922000002394,0.870999983245,1],"ix":4},"o":{"a":0,"k":100,"ix":5},"r":1,"bm":0,"nm":"Fill 1","mn":"ADBE Vector Graphic - Fill","hd":false},{"ty":"tr","p":{"a":0,"k":[97.658,163.372],"ix":2},"a":{"a":0,"k":[0,0],"ix":1},"s":{"a":0,"k":[100,100],"ix":3},"r":{"a":0,"k":0,"ix":6},"o":{"a":0,"k":100,"ix":7},"sk":{"a":0,"k":0,"ix":4},"sa":{"a":0,"k":0,"ix":5},"nm":"Transform"}],"nm":"Group 5","np":2,"cix":2,"bm":0,"ix":5,"mn":"ADBE Vector Group","hd":false},{"ty":"gr","it":[{"ind":0,"ty":"sh","ix":1,"ks":{"a":0,"k":{"i":[[0,-4.719],[4.718,0],[0,4.72],[-4.72,0]],"o":[[0,4.72],[-4.72,0],[0,-4.719],[4.718,0]],"v":[[8.545,-0.001],[0.001,8.545],[-8.545,-0.001],[0.001,-8.544]],"c":true},"ix":2},"nm":"Path 1","mn":"ADBE Vector Shape - Group","hd":false},{"ty":"fl","c":{"a":0,"k":[0.952999997606,0.922000002394,0.870999983245,1],"ix":4},"o":{"a":0,"k":100,"ix":5},"r":1,"bm":0,"nm":"Fill 1","mn":"ADBE Vector Graphic - Fill","hd":false},{"ty":"tr","p":{"a":0,"k":[58.354,194.132],"ix":2},"a":{"a":0,"k":[0,0],"ix":1},"s":{"a":0,"k":[100,100],"ix":3},"r":{"a":0,"k":0,"ix":6},"o":{"a":0,"k":100,"ix":7},"sk":{"a":0,"k":0,"ix":4},"sa":{"a":0,"k":0,"ix":5},"nm":"Transform"}],"nm":"Group 6","np":2,"cix":2,"bm":0,"ix":6,"mn":"ADBE Vector Group","hd":false},{"ty":"gr","it":[{"ind":0,"ty":"sh","ix":1,"ks":{"a":0,"k":{"i":[[0,-4.719],[4.719,0],[0,4.719],[-4.719,0]],"o":[[0,4.719],[-4.719,0],[0,-4.719],[4.719,0]],"v":[[8.545,0],[-0.001,8.545],[-8.545,0],[-0.001,-8.545]],"c":true},"ix":2},"nm":"Path 1","mn":"ADBE Vector Shape - Group","hd":false},{"ty":"fl","c":{"a":0,"k":[0.952999997606,0.922000002394,0.870999983245,1],"ix":4},"o":{"a":0,"k":100,"ix":5},"r":1,"bm":0,"nm":"Fill 1","mn":"ADBE Vector Graphic - Fill","hd":false},{"ty":"tr","p":{"a":0,"k":[36.138,149.7],"ix":2},"a":{"a":0,"k":[0,0],"ix":1},"s":{"a":0,"k":[100,100],"ix":3},"r":{"a":0,"k":0,"ix":6},"o":{"a":0,"k":100,"ix":7},"sk":{"a":0,"k":0,"ix":4},"sa":{"a":0,"k":0,"ix":5},"nm":"Transform"}],"nm":"Group 7","np":2,"cix":2,"bm":0,"ix":7,"mn":"ADBE Vector Group","hd":false},{"ty":"gr","it":[{"ind":0,"ty":"sh","ix":1,"ks":{"a":0,"k":{"i":[[0,-4.719],[4.719,0],[0,4.719],[-4.72,0]],"o":[[0,4.719],[-4.72,0],[0,-4.719],[4.719,0]],"v":[[8.545,0],[0.001,8.544],[-8.545,0],[0.001,-8.544]],"c":true},"ix":2},"nm":"Path 1","mn":"ADBE Vector Shape - Group","hd":false},{"ty":"fl","c":{"a":0,"k":[0.952999997606,0.922000002394,0.870999983245,1],"ix":4},"o":{"a":0,"k":100,"ix":5},"r":1,"bm":0,"nm":"Fill 1","mn":"ADBE Vector Graphic - Fill","hd":false},{"ty":"tr","p":{"a":0,"k":[150.635,105.268],"ix":2},"a":{"a":0,"k":[0,0],"ix":1},"s":{"a":0,"k":[100,100],"ix":3},"r":{"a":0,"k":0,"ix":6},"o":{"a":0,"k":100,"ix":7},"sk":{"a":0,"k":0,"ix":4},"sa":{"a":0,"k":0,"ix":5},"nm":"Transform"}],"nm":"Group 8","np":2,"cix":2,"bm":0,"ix":8,"mn":"ADBE Vector Group","hd":false},{"ty":"gr","it":[{"ind":0,"ty":"sh","ix":1,"ks":{"a":0,"k":{"i":[[0,-4.719],[4.719,0],[0,4.719],[-4.719,0]],"o":[[0,4.719],[-4.719,0],[0,-4.719],[4.719,0]],"v":[[8.545,0],[-0.001,8.544],[-8.545,0],[-0.001,-8.544]],"c":true},"ix":2},"nm":"Path 1","mn":"ADBE Vector Shape - Group","hd":false},{"ty":"fl","c":{"a":0,"k":[0.952999997606,0.922000002394,0.870999983245,1],"ix":4},"o":{"a":0,"k":100,"ix":5},"r":1,"bm":0,"nm":"Fill 1","mn":"ADBE Vector Graphic - Fill","hd":false},{"ty":"tr","p":{"a":0,"k":[48.1,100.142],"ix":2},"a":{"a":0,"k":[0,0],"ix":1},"s":{"a":0,"k":[100,100],"ix":3},"r":{"a":0,"k":0,"ix":6},"o":{"a":0,"k":100,"ix":7},"sk":{"a":0,"k":0,"ix":4},"sa":{"a":0,"k":0,"ix":5},"nm":"Transform"}],"nm":"Group 9","np":2,"cix":2,"bm":0,"ix":9,"mn":"ADBE Vector Group","hd":false},{"ty":"gr","it":[{"ind":0,"ty":"sh","ix":1,"ks":{"a":0,"k":{"i":[[9.738,22.721],[1.645,3.401],[0.929,22.674],[0.014,0.273],[33.311,2.261],[0,-38.348],[-0.014,-0.564],[1.91,-8.445],[0.291,-0.437],[0,0],[0,0],[3.418,-6.836],[-1.709,-8.544],[0,0],[-10.254,-18.798],[0,0],[-2.697,-5.011],[-37.717,-1.506],[-17.588,22.773],[0,0],[-5.127,25.634],[0.283,-2.156]],"o":[[-1.225,-3.618],[-9.882,-20.429],[-0.011,-0.272],[-1.765,-33.341],[-38.914,-2.642],[0,0.567],[0.219,8.744],[-0.266,0.549],[-3.418,5.127],[0,0],[0,0],[-3.418,6.835],[0,-6.835],[0,0],[-1.709,-6.836],[0,0],[12.733,33.881],[31.277,1.249],[-2.008,5.851],[0,0],[0.953,3.811],[1.932,-9.941]],"v":[[88.395,9.524],[84.106,-1.023],[67.575,-66.226],[67.537,-67.044],[5.638,-129.919],[-65.663,-63.429],[-65.642,-61.734],[-68.25,-35.881],[-69.081,-34.377],[-77.626,-20.706],[-72.499,-24.124],[-87.879,4.927],[-94.715,39.105],[-91.297,23.725],[-87.879,73.285],[-89.588,63.031],[-85.45,71.346],[-2.796,131.312],[74.065,95.462],[71.05,102.336],[89.848,68.158],[90.408,77.402]],"c":true},"ix":2},"nm":"Path 1","mn":"ADBE Vector Shape - Group","hd":false},{"ty":"fl","c":{"a":0,"k":[0.941000007181,0.317999985639,0.356999984442,1],"ix":4},"o":{"a":0,"k":100,"ix":5},"r":1,"bm":0,"nm":"Fill 1","mn":"ADBE Vector Graphic - Fill","hd":false},{"ty":"tr","p":{"a":0,"k":[98.383,132.811],"ix":2},"a":{"a":0,"k":[0,0],"ix":1},"s":{"a":0,"k":[100,100],"ix":3},"r":{"a":0,"k":0,"ix":6},"o":{"a":0,"k":100,"ix":7},"sk":{"a":0,"k":0,"ix":4},"sa":{"a":0,"k":0,"ix":5},"nm":"Transform"}],"nm":"Group 10","np":2,"cix":2,"bm":0,"ix":10,"mn":"ADBE Vector Group","hd":false},{"ty":"gr","it":[{"ind":0,"ty":"sh","ix":1,"ks":{"a":0,"k":{"i":[[-0.226,1.711],[0,0]],"o":[[-0.336,1.729],[0,0]],"v":[[0.28,-1.359],[-0.28,1.359]],"c":true},"ix":2},"nm":"Path 1","mn":"ADBE Vector Shape - Group","hd":false},{"ty":"fl","c":{"a":0,"k":[0.941000007181,0.317999985639,0.356999984442,1],"ix":4},"o":{"a":0,"k":100,"ix":5},"r":1,"bm":0,"nm":"Fill 1","mn":"ADBE Vector Graphic - Fill","hd":false},{"ty":"tr","p":{"a":0,"k":[188.511,211.572],"ix":2},"a":{"a":0,"k":[0,0],"ix":1},"s":{"a":0,"k":[100,100],"ix":3},"r":{"a":0,"k":0,"ix":6},"o":{"a":0,"k":100,"ix":7},"sk":{"a":0,"k":0,"ix":4},"sa":{"a":0,"k":0,"ix":5},"nm":"Transform"}],"nm":"Group 11","np":2,"cix":2,"bm":0,"ix":11,"mn":"ADBE Vector Group","hd":false}],"ip":0,"op":45.0000018328876,"st":0,"bm":0},{"ddd":0,"ind":4,"ty":4,"nm":"right arm Outlines","sr":1,"ks":{"o":{"a":0,"k":100,"ix":11},"r":{"a":1,"k":[{"i":{"x":[0.833],"y":[0.833]},"o":{"x":[0.167],"y":[0.167]},"t":0,"s":[0]},{"i":{"x":[0.833],"y":[0.833]},"o":{"x":[0.167],"y":[0.167]},"t":5,"s":[68]},{"i":{"x":[0.833],"y":[0.833]},"o":{"x":[0.167],"y":[0.167]},"t":15,"s":[-32]},{"i":{"x":[0.833],"y":[0.833]},"o":{"x":[0.167],"y":[0.167]},"t":25,"s":[75]},{"t":30.0000012219251,"s":[52]}],"ix":10},"p":{"a":1,"k":[{"i":{"x":0.301,"y":1},"o":{"x":0.104,"y":0.01},"t":0,"s":[316.307,237.642,0],"to":[0.083,4.583,0],"ti":[-0.042,-0.042,0]},{"i":{"x":0.667,"y":1},"o":{"x":0.784,"y":0.104},"t":5,"s":[316.807,265.142,0],"to":[0.042,0.042,0],"ti":[0.167,23.167,0]},{"i":{"x":0.256,"y":1},"o":{"x":0.665,"y":0},"t":10,"s":[316.557,237.892,0],"to":[-0.163,-22.71,0],"ti":[-0.042,-0.208,0]},{"i":{"x":0.667,"y":1},"o":{"x":0.815,"y":0},"t":15,"s":[315.307,138.642,0],"to":[0.042,0.208,0],"ti":[-0.208,-21.021,0]},{"i":{"x":0.667,"y":1},"o":{"x":0.333,"y":0},"t":20,"s":[316.807,239.142,0],"to":[0.208,21.021,0],"ti":[-0.042,0,0]},{"i":{"x":0.667,"y":1},"o":{"x":0.793,"y":0.2},"t":25,"s":[316.557,264.767,0],"to":[0.042,0,0],"ti":[-0.083,4.271,0]},{"t":30.0000012219251,"s":[317.057,239.142,0]}],"ix":2,"l":2},"a":{"a":0,"k":[5,71,0],"ix":1,"l":2},"s":{"a":0,"k":[100,100,100],"ix":6,"l":2}},"ao":0,"shapes":[{"ty":"gr","it":[{"ind":0,"ty":"sh","ix":1,"ks":{"a":0,"k":{"i":[[-4.06,-2.406],[-2.406,4.059],[4.059,2.407],[2.406,-4.06]],"o":[[4.06,2.406],[2.406,-4.06],[-4.06,-2.406],[-2.406,4.059]],"v":[[-4.357,7.35],[7.35,4.358],[4.357,-7.35],[-7.35,-4.356]],"c":true},"ix":2},"nm":"Path 1","mn":"ADBE Vector Shape - Group","hd":false},{"ty":"fl","c":{"a":0,"k":[0.952999997606,0.922000002394,0.870999983245,1],"ix":4},"o":{"a":0,"k":100,"ix":5},"r":1,"bm":0,"nm":"Fill 1","mn":"ADBE Vector Graphic - Fill","hd":false},{"ty":"tr","p":{"a":0,"k":[90.808,28.974],"ix":2},"a":{"a":0,"k":[0,0],"ix":1},"s":{"a":0,"k":[100,100],"ix":3},"r":{"a":0,"k":0,"ix":6},"o":{"a":0,"k":100,"ix":7},"sk":{"a":0,"k":0,"ix":4},"sa":{"a":0,"k":0,"ix":5},"nm":"Transform"}],"nm":"Group 1","np":2,"cix":2,"bm":0,"ix":1,"mn":"ADBE Vector Group","hd":false},{"ty":"gr","it":[{"ind":0,"ty":"sh","ix":1,"ks":{"a":0,"k":{"i":[[-8.946,4.167],[0,0],[-4.168,-8.946],[8.946,-4.168],[0,0],[4.167,8.946]],"o":[[0,0],[8.946,-4.167],[4.167,8.946],[0,0],[-8.946,4.167],[-4.167,-8.947]],"v":[[-43.206,0.332],[28.052,-32.863],[51.895,-24.175],[43.206,-0.332],[-28.052,32.863],[-51.895,24.175]],"c":true},"ix":2},"nm":"Path 1","mn":"ADBE Vector Shape - Group","hd":false},{"ty":"fl","c":{"a":0,"k":[0.74900004069,0.169000004787,0.250999989229,1],"ix":4},"o":{"a":0,"k":100,"ix":5},"r":1,"bm":0,"nm":"Fill 1","mn":"ADBE Vector Graphic - Fill","hd":false},{"ty":"tr","p":{"a":0,"k":[56.311,45.277],"ix":2},"a":{"a":0,"k":[0,0],"ix":1},"s":{"a":0,"k":[100,100],"ix":3},"r":{"a":0,"k":0,"ix":6},"o":{"a":0,"k":100,"ix":7},"sk":{"a":0,"k":0,"ix":4},"sa":{"a":0,"k":0,"ix":5},"nm":"Transform"}],"nm":"Group 2","np":2,"cix":2,"bm":0,"ix":2,"mn":"ADBE Vector Group","hd":false},{"ty":"gr","it":[{"ind":0,"ty":"sh","ix":1,"ks":{"a":0,"k":{"i":[[-3.441,-1.553],[-1.553,3.441],[3.441,1.553],[1.553,-3.441]],"o":[[3.441,1.553],[1.553,-3.441],[-3.441,-1.552],[-1.553,3.441]],"v":[[-2.811,7.788],[6.231,4.369],[4.218,-7.789],[-6.23,-1.254]],"c":true},"ix":2},"nm":"Path 1","mn":"ADBE Vector Shape - Group","hd":false},{"ty":"fl","c":{"a":0,"k":[0.172999991623,0.2,0.4,1],"ix":4},"o":{"a":0,"k":100,"ix":5},"r":1,"bm":0,"nm":"Fill 1","mn":"ADBE Vector Graphic - Fill","hd":false},{"ty":"tr","p":{"a":0,"k":[97.621,9.591],"ix":2},"a":{"a":0,"k":[0,0],"ix":1},"s":{"a":0,"k":[100,100],"ix":3},"r":{"a":0,"k":0,"ix":6},"o":{"a":0,"k":100,"ix":7},"sk":{"a":0,"k":0,"ix":4},"sa":{"a":0,"k":0,"ix":5},"nm":"Transform"}],"nm":"Group 3","np":2,"cix":2,"bm":0,"ix":3,"mn":"ADBE Vector Group","hd":false},{"ty":"gr","it":[{"ind":0,"ty":"sh","ix":1,"ks":{"a":0,"k":{"i":[[-2.629,-2.709],[-2.709,2.629],[2.629,2.709],[2.709,-2.629]],"o":[[2.63,2.709],[2.71,-2.629],[-2.629,-2.709],[-2.709,2.629]],"v":[[-7.322,4.761],[2.344,4.905],[7.322,-4.689],[-7.177,-4.905]],"c":true},"ix":2},"nm":"Path 1","mn":"ADBE Vector Shape - Group","hd":false},{"ty":"fl","c":{"a":0,"k":[0.172999991623,0.2,0.4,1],"ix":4},"o":{"a":0,"k":100,"ix":5},"r":1,"bm":0,"nm":"Fill 1","mn":"ADBE Vector Graphic - Fill","hd":false},{"ty":"tr","p":{"a":0,"k":[111.003,21.563],"ix":2},"a":{"a":0,"k":[0,0],"ix":1},"s":{"a":0,"k":[100,100],"ix":3},"r":{"a":0,"k":0,"ix":6},"o":{"a":0,"k":100,"ix":7},"sk":{"a":0,"k":0,"ix":4},"sa":{"a":0,"k":0,"ix":5},"nm":"Transform"}],"nm":"Group 4","np":2,"cix":2,"bm":0,"ix":4,"mn":"ADBE Vector Group","hd":false},{"ty":"gr","it":[{"ind":0,"ty":"sh","ix":1,"ks":{"a":0,"k":{"i":[[-3.247,-1.925],[-1.926,3.248],[3.247,1.925],[1.926,-3.247]],"o":[[3.248,1.925],[1.924,-3.247],[-3.248,-1.926],[-1.924,3.248]],"v":[[-4.956,5.545],[7.351,4.893],[2.016,-6.215],[-7.351,-3.821]],"c":true},"ix":2},"nm":"Path 1","mn":"ADBE Vector Shape - Group","hd":false},{"ty":"fl","c":{"a":0,"k":[0.172999991623,0.2,0.4,1],"ix":4},"o":{"a":0,"k":100,"ix":5},"r":1,"bm":0,"nm":"Fill 1","mn":"ADBE Vector Graphic - Fill","hd":false},{"ty":"tr","p":{"a":0,"k":[109.32,37.425],"ix":2},"a":{"a":0,"k":[0,0],"ix":1},"s":{"a":0,"k":[100,100],"ix":3},"r":{"a":0,"k":0,"ix":6},"o":{"a":0,"k":100,"ix":7},"sk":{"a":0,"k":0,"ix":4},"sa":{"a":0,"k":0,"ix":5},"nm":"Transform"}],"nm":"Group 5","np":2,"cix":2,"bm":0,"ix":5,"mn":"ADBE Vector Group","hd":false}],"ip":0,"op":45.0000018328876,"st":0,"bm":0},{"ddd":0,"ind":5,"ty":4,"nm":"left arm Outlines","sr":1,"ks":{"o":{"a":0,"k":100,"ix":11},"r":{"a":1,"k":[{"i":{"x":[0.833],"y":[0.833]},"o":{"x":[0.167],"y":[0.167]},"t":0,"s":[0]},{"i":{"x":[0.833],"y":[0.833]},"o":{"x":[0.167],"y":[0.167]},"t":5,"s":[-83]},{"i":{"x":[0.833],"y":[0.833]},"o":{"x":[0.167],"y":[0.167]},"t":15,"s":[20]},{"i":{"x":[0.833],"y":[0.833]},"o":{"x":[0.167],"y":[0.167]},"t":25,"s":[-93]},{"t":30.0000012219251,"s":[-70]}],"ix":10},"p":{"a":1,"k":[{"i":{"x":0.301,"y":1},"o":{"x":0.104,"y":0.011},"t":0,"s":[200.442,235.63,0],"to":[-0.167,4.167,0],"ti":[0.25,0,0]},{"i":{"x":0.667,"y":1},"o":{"x":0.784,"y":0.112},"t":5,"s":[199.442,260.63,0],"to":[-0.25,0,0],"ti":[-1.14,26.078,0]},{"i":{"x":0.256,"y":1},"o":{"x":0.665,"y":0},"t":10,"s":[198.942,235.63,0],"to":[1.076,-24.604,0],"ti":[-0.583,10.25,0]},{"i":{"x":0.667,"y":1},"o":{"x":0.815,"y":0},"t":15,"s":[203.442,143.63,0],"to":[0.511,-8.98,0],"ti":[0.667,-20.583,0]},{"i":{"x":0.667,"y":1},"o":{"x":0.333,"y":0},"t":20,"s":[199.942,235.13,0],"to":[-0.505,15.589,0],"ti":[0.083,8.167,0]},{"i":{"x":0.667,"y":1},"o":{"x":0.793,"y":0.183},"t":25,"s":[199.942,263.13,0],"to":[-0.093,-9.071,0],"ti":[-0.417,16.25,0]},{"t":30.0000012219251,"s":[199.442,235.13,0]}],"ix":2,"l":2},"a":{"a":0,"k":[107,85.5,0],"ix":1,"l":2},"s":{"a":0,"k":[100,100,100],"ix":6,"l":2}},"ao":0,"ef":[{"ty":34,"nm":"Puppet","np":6,"mn":"ADBE FreePin3","ix":1,"en":1,"ef":[{"ty":7,"nm":"Puppet Engine","mn":"ADBE FreePin3 Puppet Engine","ix":1,"v":{"a":0,"k":2,"ix":1}},{"ty":0,"nm":"Mesh Rotation Refinement","mn":"ADBE FreePin3 Auto Rotate Pins","ix":2,"v":{"a":0,"k":20,"ix":2}},{"ty":7,"nm":"On Transparent","mn":"ADBE FreePin3 On Transparent","ix":3,"v":{"a":0,"k":0,"ix":3}},{"ty":29.9700012207031,"nm":"arap","np":3,"mn":"ADBE FreePin3 ARAP Group","ix":4,"en":1,"ef":[{"ty":6,"nm":"Auto-traced Shapes","mn":"ADBE FreePin3 Outlines","ix":1,"v":0},{"ty":1,"nm":"Mesh","np":2,"mn":"ADBE FreePin3 Mesh Group","ix":2,"en":1,"ef":[{"nm":"Mesh 1","np":8,"mn":"ADBE FreePin3 Mesh Atom","ix":1,"en":1,"ef":[{"ty":6,"nm":"Mesh","mn":"ADBE FreePin3 Mesh","ix":1,"v":0},{"ty":0,"nm":"Triangles","mn":"ADBE FreePin3 Mesh Tri Count","ix":2,"v":{"a":0,"k":50,"ix":2}},{"ty":0,"nm":"Density","mn":"ADBE FreePin3 Mesh Tri Density","ix":3,"v":{"a":0,"k":10,"ix":3}},{"ty":0,"nm":"Expansion","mn":"ADBE FreePin3 Mesh Expansion","ix":4,"v":{"a":0,"k":3,"ix":4}},{"nm":"Deform","np":3,"mn":"ADBE FreePin3 PosPins","ix":5,"en":1,"ef":[{"nm":"Puppet Pin 2","np":7,"mn":"ADBE FreePin3 PosPin Atom","ix":1,"en":1,"ef":[{"ty":3,"nm":"Vertex Offset","mn":"ADBE FreePin3 PosPin Vtx Offset","ix":1,"v":{"a":0,"k":[0,0],"ix":1}},{"ty":0,"nm":"Vertex Index","mn":"ADBE FreePin3 PosPin Vtx Index","ix":2,"v":{"a":0,"k":18,"ix":2}},{"ty":7,"nm":"Pin Type","mn":"ADBE FreePin3 PosPin Type","ix":3,"v":{"a":0,"k":1,"ix":3}},{"ty":3,"nm":"Position","mn":"ADBE FreePin3 PosPin Position","ix":4,"v":{"a":1,"k":[{"i":{"x":0,"y":0},"o":{"x":0,"y":0},"t":0,"s":[51.034,149.523],"to":[-0.725,0],"ti":[-0.362,89.539]},{"i":{"x":0,"y":0},"o":{"x":0,"y":0},"t":0,"s":[90.165,660.162],"to":[0.126,-31.142],"ti":[-0.298,73.528]},{"i":{"x":0,"y":0},"o":{"x":0,"y":0},"t":0,"s":[92.991,62.821],"to":[0.216,-53.46],"ti":[0.171,-23.754]},{"i":{"x":0,"y":0},"o":{"x":0,"y":0},"t":0,"s":[84.133,716.13],"to":[-0.271,37.509],"ti":[-0.145,35.754]},{"t":null,"s":[48.861,527.183]}],"ix":4}},{"ty":0,"nm":"Scale","mn":"ADBE FreePin3 PosPin Scale","ix":5,"v":{"a":0,"k":100,"ix":5}},{"ty":0,"nm":"Rotation","mn":"ADBE FreePin3 PosPin Rotation","ix":6,"v":{"a":0,"k":0,"ix":6}}]},{"nm":"Puppet Pin 1","np":7,"mn":"ADBE FreePin3 PosPin Atom","ix":2,"en":1,"ef":[{"ty":3,"nm":"Vertex Offset","mn":"ADBE FreePin3 PosPin Vtx Offset","ix":1,"v":{"a":0,"k":[0,0],"ix":1}},{"ty":0,"nm":"Vertex Index","mn":"ADBE FreePin3 PosPin Vtx Index","ix":2,"v":{"a":0,"k":19,"ix":2}},{"ty":7,"nm":"Pin Type","mn":"ADBE FreePin3 PosPin Type","ix":3,"v":{"a":0,"k":1,"ix":3}},{"ty":3,"nm":"Position","mn":"ADBE FreePin3 PosPin Position","ix":4,"v":{"a":0,"k":[461.904,415.481],"ix":4}},{"ty":0,"nm":"Scale","mn":"ADBE FreePin3 PosPin Scale","ix":5,"v":{"a":0,"k":100,"ix":5}},{"ty":0,"nm":"Rotation","mn":"ADBE FreePin3 PosPin Rotation","ix":6,"v":{"a":0,"k":0,"ix":6}}]}]},{"nm":"Overlap","np":1,"mn":"ADBE FreePin3 HghtPins","ix":6,"en":1,"ef":[]},{"nm":"Stiffness","np":1,"mn":"ADBE FreePin3 StarchPins","ix":7,"en":1,"ef":[]}]}]}]}]}],"shapes":[{"ty":"gr","it":[{"ind":0,"ty":"sh","ix":1,"ks":{"a":0,"k":{"i":[[0,4.719],[4.718,0],[0,-4.719],[-4.72,0]],"o":[[0,-4.719],[-4.72,0],[0,4.719],[4.718,0]],"v":[[8.545,0],[0.001,-8.544],[-8.545,0],[0.001,8.544]],"c":true},"ix":2},"nm":"Path 1","mn":"ADBE Vector Shape - Group","hd":false},{"ty":"fl","c":{"a":0,"k":[0.952999997606,0.922000002394,0.870999983245,1],"ix":4},"o":{"a":0,"k":100,"ix":5},"r":1,"bm":0,"nm":"Fill 1","mn":"ADBE Vector Graphic - Fill","hd":false},{"ty":"tr","p":{"a":0,"k":[29.668,29.301],"ix":2},"a":{"a":0,"k":[0,0],"ix":1},"s":{"a":0,"k":[100,100],"ix":3},"r":{"a":0,"k":0,"ix":6},"o":{"a":0,"k":100,"ix":7},"sk":{"a":0,"k":0,"ix":4},"sa":{"a":0,"k":0,"ix":5},"nm":"Transform"}],"nm":"Group 1","np":2,"cix":2,"bm":0,"ix":1,"mn":"ADBE Vector Group","hd":false},{"ty":"gr","it":[{"ind":0,"ty":"sh","ix":1,"ks":{"a":0,"k":{"i":[[8.146,5.57],[0,0],[-5.57,8.146],[-8.146,-5.57],[0,0],[5.571,-8.147]],"o":[[0,0],[-8.147,-5.57],[5.571,-8.147],[0,0],[8.147,5.57],[-5.57,8.146]],"v":[[22.317,36.997],[-42.574,-7.373],[-47.258,-32.313],[-22.318,-36.997],[42.573,7.374],[47.257,32.314]],"c":true},"ix":2},"nm":"Path 1","mn":"ADBE Vector Shape - Group","hd":false},{"ty":"fl","c":{"a":0,"k":[0.74900004069,0.169000004787,0.250999989229,1],"ix":4},"o":{"a":0,"k":100,"ix":5},"r":1,"bm":0,"nm":"Fill 1","mn":"ADBE Vector Graphic - Fill","hd":false},{"ty":"tr","p":{"a":0,"k":[61.283,50.663],"ix":2},"a":{"a":0,"k":[0,0],"ix":1},"s":{"a":0,"k":[100,100],"ix":3},"r":{"a":0,"k":0,"ix":6},"o":{"a":0,"k":100,"ix":7},"sk":{"a":0,"k":0,"ix":4},"sa":{"a":0,"k":0,"ix":5},"nm":"Transform"}],"nm":"Group 2","np":2,"cix":2,"bm":0,"ix":2,"mn":"ADBE Vector Group","hd":false},{"ty":"gr","it":[{"ind":0,"ty":"sh","ix":1,"ks":{"a":0,"k":{"i":[[0.419,3.752],[3.752,-0.419],[-0.419,-3.751],[-3.752,0.419]],"o":[[-0.419,-3.752],[-3.752,0.419],[0.419,3.752],[3.752,-0.419]],"v":[[8.492,-0.759],[0.939,-6.793],[-8.492,1.138],[2.456,6.793]],"c":true},"ix":2},"nm":"Path 1","mn":"ADBE Vector Shape - Group","hd":false},{"ty":"fl","c":{"a":0,"k":[0.172999991623,0.2,0.4,1],"ix":4},"o":{"a":0,"k":100,"ix":5},"r":1,"bm":0,"nm":"Fill 1","mn":"ADBE Vector Graphic - Fill","hd":false},{"ty":"tr","p":{"a":0,"k":[9.16,32.529],"ix":2},"a":{"a":0,"k":[0,0],"ix":1},"s":{"a":0,"k":[100,100],"ix":3},"r":{"a":0,"k":0,"ix":6},"o":{"a":0,"k":100,"ix":7},"sk":{"a":0,"k":0,"ix":4},"sa":{"a":0,"k":0,"ix":5},"nm":"Transform"}],"nm":"Group 3","np":2,"cix":2,"bm":0,"ix":3,"mn":"ADBE Vector Group","hd":false},{"ty":"gr","it":[{"ind":0,"ty":"sh","ix":1,"ks":{"a":0,"k":{"i":[[-0.99,3.644],[3.643,0.989],[0.99,-3.643],[-3.643,-0.99]],"o":[[0.99,-3.643],[-3.643,-0.99],[-0.989,3.644],[3.644,0.989]],"v":[[7.798,2.813],[2.993,-5.574],[-7.799,-4.964],[-0.592,7.619]],"c":true},"ix":2},"nm":"Path 1","mn":"ADBE Vector Shape - Group","hd":false},{"ty":"fl","c":{"a":0,"k":[0.172999991623,0.2,0.4,1],"ix":4},"o":{"a":0,"k":100,"ix":5},"r":1,"bm":0,"nm":"Fill 1","mn":"ADBE Vector Graphic - Fill","hd":false},{"ty":"tr","p":{"a":0,"k":[13.025,16.765],"ix":2},"a":{"a":0,"k":[0,0],"ix":1},"s":{"a":0,"k":[100,100],"ix":3},"r":{"a":0,"k":0,"ix":6},"o":{"a":0,"k":100,"ix":7},"sk":{"a":0,"k":0,"ix":4},"sa":{"a":0,"k":0,"ix":5},"nm":"Transform"}],"nm":"Group 4","np":2,"cix":2,"bm":0,"ix":4,"mn":"ADBE Vector Group","hd":false},{"ty":"gr","it":[{"ind":0,"ty":"sh","ix":1,"ks":{"a":0,"k":{"i":[[0,3.775],[3.774,0],[0,-3.775],[-3.776,0]],"o":[[0,-3.775],[-3.776,0],[0,3.775],[3.774,0]],"v":[[6.836,1.709],[0.001,-8.544],[-6.836,1.709],[0.001,8.544]],"c":true},"ix":2},"nm":"Path 1","mn":"ADBE Vector Shape - Group","hd":false},{"ty":"fl","c":{"a":0,"k":[0.172999991623,0.2,0.4,1],"ix":4},"o":{"a":0,"k":100,"ix":5},"r":1,"bm":0,"nm":"Fill 1","mn":"ADBE Vector Graphic - Fill","hd":false},{"ty":"tr","p":{"a":0,"k":[27.959,8.794],"ix":2},"a":{"a":0,"k":[0,0],"ix":1},"s":{"a":0,"k":[100,100],"ix":3},"r":{"a":0,"k":0,"ix":6},"o":{"a":0,"k":100,"ix":7},"sk":{"a":0,"k":0,"ix":4},"sa":{"a":0,"k":0,"ix":5},"nm":"Transform"}],"nm":"Group 5","np":2,"cix":2,"bm":0,"ix":5,"mn":"ADBE Vector Group","hd":false}],"ip":0,"op":45.0000018328876,"st":0,"bm":0},{"ddd":0,"ind":6,"ty":4,"nm":"right leg Outlines","sr":1,"ks":{"o":{"a":0,"k":100,"ix":11},"r":{"a":0,"k":0,"ix":10},"p":{"a":1,"k":[{"i":{"x":0.301,"y":0.301},"o":{"x":0.104,"y":0.104},"t":0,"s":[305.709,377.691,0],"to":[0,0,0],"ti":[0,0,0]},{"i":{"x":0.667,"y":0.667},"o":{"x":0.784,"y":0.784},"t":5,"s":[305.709,377.691,0],"to":[0,0,0],"ti":[0,0,0]},{"i":{"x":0.256,"y":1},"o":{"x":0.665,"y":0},"t":10,"s":[305.709,377.691,0],"to":[0,-13.167,0],"ti":[0,0,0]},{"i":{"x":0.667,"y":1},"o":{"x":0.815,"y":0},"t":15,"s":[305.709,298.691,0],"to":[0,0,0],"ti":[0,-13.167,0]},{"i":{"x":0.667,"y":0.667},"o":{"x":0.333,"y":0.333},"t":20,"s":[305.709,377.691,0],"to":[0,0,0],"ti":[0,0,0]},{"i":{"x":0.667,"y":0.667},"o":{"x":0.793,"y":0.793},"t":25,"s":[305.709,377.691,0],"to":[0,0,0],"ti":[0,0,0]},{"t":30.0000012219251,"s":[305.709,377.691,0]}],"ix":2,"l":2},"a":{"a":0,"k":[16.484,32.612,0],"ix":1,"l":2},"s":{"a":0,"k":[100,100,100],"ix":6,"l":2}},"ao":0,"shapes":[{"ty":"gr","it":[{"ind":0,"ty":"sh","ix":1,"ks":{"a":0,"k":{"i":[[0,0],[0.7,-2.803],[-5.127,3.418],[-10.252,0],[0,0],[1.709,1.709],[0,0],[1.593,4.089],[3.418,-5.127],[1.233,5.164],[0,0],[0.424,-1.269],[2.723,-2.042],[3.104,2.052],[1.389,2.675],[0,-0.041],[0.03,0.108],[0,2.033],[0,0],[0,-1.73],[-0.673,4.992]],"o":[[-0.583,1.314],[0,-3.418],[0,0],[10.254,0],[0,0],[5.127,5.126],[0,0],[0.059,1.374],[0,0],[0,0],[0,1.407],[-0.66,3.35],[-4.269,3.202],[-2.798,-1.165],[-0.001,0.041],[-0.034,-0.098],[-0.852,-1.712],[0,0],[-0.164,1.129],[-0.881,-4.401],[0,0]],"v":[[-14.252,-14.485],[-16.235,-8.437],[-9.399,-28.944],[0.854,-32.362],[14.525,-18.691],[11.107,-22.108],[14.525,6.943],[12.874,-0.228],[11.107,24.033],[11.381,11.33],[11.381,16.342],[10.718,20.371],[5.98,29.16],[-6.329,28.178],[-12.813,22.205],[-12.817,22.324],[-12.908,22.006],[-14.252,16.342],[-14.252,2.685],[-14.525,6.943],[-14.252,-8.654]],"c":true},"ix":2},"nm":"Path 1","mn":"ADBE Vector Shape - Group","hd":false},{"ty":"fl","c":{"a":0,"k":[0.74900004069,0.169000004787,0.250999989229,1],"ix":4},"o":{"a":0,"k":100,"ix":5},"r":1,"bm":0,"nm":"Fill 1","mn":"ADBE Vector Graphic - Fill","hd":false},{"ty":"tr","p":{"a":0,"k":[16.484,32.612],"ix":2},"a":{"a":0,"k":[0,0],"ix":1},"s":{"a":0,"k":[100,100],"ix":3},"r":{"a":0,"k":0,"ix":6},"o":{"a":0,"k":100,"ix":7},"sk":{"a":0,"k":0,"ix":4},"sa":{"a":0,"k":0,"ix":5},"nm":"Transform"}],"nm":"Group 1","np":2,"cix":2,"bm":0,"ix":1,"mn":"ADBE Vector Group","hd":false}],"ip":0,"op":45.0000018328876,"st":0,"bm":0},{"ddd":0,"ind":7,"ty":4,"nm":"right foot Outlines","sr":1,"ks":{"o":{"a":0,"k":100,"ix":11},"r":{"a":1,"k":[{"i":{"x":[0.833],"y":[0.833]},"o":{"x":[0.167],"y":[0.167]},"t":10,"s":[0]},{"i":{"x":[0.833],"y":[0.833]},"o":{"x":[0.167],"y":[0.167]},"t":15,"s":[39]},{"t":20.0000008146167,"s":[0]}],"ix":10},"p":{"a":1,"k":[{"i":{"x":0.301,"y":0.301},"o":{"x":0.104,"y":0.104},"t":0,"s":[320.577,405.996,0],"to":[0,0,0],"ti":[0,0,0]},{"i":{"x":0.667,"y":0.667},"o":{"x":0.784,"y":0.784},"t":5,"s":[320.577,405.996,0],"to":[0,0,0],"ti":[0,0,0]},{"i":{"x":0.256,"y":1},"o":{"x":0.665,"y":0},"t":10,"s":[320.577,405.996,0],"to":[0,-12,0],"ti":[0,0,0]},{"i":{"x":0.667,"y":1},"o":{"x":0.815,"y":0},"t":15,"s":[320.577,333.996,0],"to":[0,0,0],"ti":[0,-12,0]},{"i":{"x":0.667,"y":0.667},"o":{"x":0.333,"y":0.333},"t":20,"s":[320.577,405.996,0],"to":[0,0,0],"ti":[0,0,0]},{"i":{"x":0.667,"y":0.667},"o":{"x":0.793,"y":0.793},"t":25,"s":[320.577,405.996,0],"to":[0,0,0],"ti":[0,0,0]},{"t":30.0000012219251,"s":[320.577,405.996,0]}],"ix":2,"l":2},"a":{"a":0,"k":[34.498,16.485,0],"ix":1,"l":2},"s":{"a":0,"k":[100,100,100],"ix":6,"l":2}},"ao":0,"shapes":[{"ty":"gr","it":[{"ind":0,"ty":"sh","ix":1,"ks":{"a":0,"k":{"i":[[-6.836,3.418],[-8.544,0],[0,0],[-10.254,-3.418],[0,0],[-3.418,0],[0.42,-0.068],[-1.221,-1.221],[0,0],[3.557,0.398],[0.178,-5.285],[0,0],[5.126,1.709],[5.127,0],[3.417,3.418],[-1.709,1.708],[0,0]],"o":[[4.323,-2.162],[0,0],[0,0],[0,0],[0,0],[-0.454,0.454],[3.089,1.096],[0,0],[0,0],[-5.112,2.412],[0,0],[0,0],[-5.127,-1.709],[-5.127,0],[-3.418,-3.418],[-1.709,1.708],[0,0]],"v":[[-27.412,-7.69],[-17.159,-14.526],[-18.868,-12.817],[-1.778,-12.817],[-5.196,-12.817],[13.602,-9.399],[12.276,-8.674],[22.147,-4.272],[27.274,0.855],[30.691,5.981],[22.147,11.108],[15.311,12.817],[-1.778,14.526],[-12.032,14.526],[-25.703,12.817],[-30.83,0.855],[-32.539,5.981]],"c":true},"ix":2},"nm":"Path 1","mn":"ADBE Vector Shape - Group","hd":false},{"ty":"fl","c":{"a":0,"k":[0.74900004069,0.169000004787,0.250999989229,1],"ix":4},"o":{"a":0,"k":100,"ix":5},"r":1,"bm":0,"nm":"Fill 1","mn":"ADBE Vector Graphic - Fill","hd":false},{"ty":"tr","p":{"a":0,"k":[34.498,16.485],"ix":2},"a":{"a":0,"k":[0,0],"ix":1},"s":{"a":0,"k":[100,100],"ix":3},"r":{"a":0,"k":0,"ix":6},"o":{"a":0,"k":100,"ix":7},"sk":{"a":0,"k":0,"ix":4},"sa":{"a":0,"k":0,"ix":5},"nm":"Transform"}],"nm":"Group 1","np":2,"cix":2,"bm":0,"ix":1,"mn":"ADBE Vector Group","hd":false}],"ip":0,"op":45.0000018328876,"st":0,"bm":0},{"ddd":0,"ind":8,"ty":4,"nm":"left leg Outlines","sr":1,"ks":{"o":{"a":0,"k":100,"ix":11},"r":{"a":0,"k":0,"ix":10},"p":{"a":1,"k":[{"i":{"x":0.301,"y":0.301},"o":{"x":0.104,"y":0.104},"t":0,"s":[209.667,377.691,0],"to":[0,0,0],"ti":[0,0,0]},{"i":{"x":0.667,"y":0.667},"o":{"x":0.784,"y":0.784},"t":5,"s":[209.667,377.691,0],"to":[0,0,0],"ti":[0,0,0]},{"i":{"x":0.256,"y":1},"o":{"x":0.665,"y":0},"t":10,"s":[209.667,377.691,0],"to":[0,-13.167,0],"ti":[0,0,0]},{"i":{"x":0.667,"y":1},"o":{"x":0.815,"y":0},"t":15,"s":[209.667,298.691,0],"to":[0,0,0],"ti":[0,-13.167,0]},{"i":{"x":0.667,"y":0.667},"o":{"x":0.333,"y":0.333},"t":20,"s":[209.667,377.691,0],"to":[0,0,0],"ti":[0,0,0]},{"i":{"x":0.667,"y":0.667},"o":{"x":0.793,"y":0.793},"t":25,"s":[209.667,377.691,0],"to":[0,0,0],"ti":[0,0,0]},{"t":30.0000012219251,"s":[209.667,377.691,0]}],"ix":2,"l":2},"a":{"a":0,"k":[16.484,32.612,0],"ix":1,"l":2},"s":{"a":0,"k":[100,100,100],"ix":6,"l":2}},"ao":0,"shapes":[{"ty":"gr","it":[{"ind":0,"ty":"sh","ix":1,"ks":{"a":0,"k":{"i":[[0,0],[-0.7,-2.803],[5.127,3.418],[10.253,0],[0,0],[-1.709,1.709],[0,0],[-1.593,4.089],[-3.418,-5.127],[-1.233,5.164],[0,0],[-0.424,-1.269],[-2.723,-2.042],[-3.104,2.052],[-1.389,2.675],[0,-0.041],[-0.03,0.108],[0,2.033],[0,0],[0,-1.73],[0.672,4.992]],"o":[[0.583,1.314],[0,-3.418],[0,0],[-10.253,0],[0,0],[-5.127,5.126],[0,0],[-0.059,1.374],[0,0],[0,0],[0,1.407],[0.66,3.35],[4.269,3.202],[2.798,-1.165],[0,0.041],[0.033,-0.098],[0.852,-1.712],[0,0],[0.164,1.129],[0.881,-4.401],[0,0]],"v":[[14.253,-14.485],[16.234,-8.437],[9.398,-28.944],[-0.855,-32.362],[-14.525,-18.691],[-11.107,-22.108],[-14.525,6.943],[-12.875,-0.228],[-11.107,24.033],[-11.382,11.33],[-11.382,16.342],[-10.719,20.371],[-5.98,29.16],[6.328,28.178],[12.812,22.205],[12.816,22.324],[12.908,22.006],[14.253,16.342],[14.253,2.685],[14.525,6.943],[14.253,-8.654]],"c":true},"ix":2},"nm":"Path 1","mn":"ADBE Vector Shape - Group","hd":false},{"ty":"fl","c":{"a":0,"k":[0.74900004069,0.169000004787,0.250999989229,1],"ix":4},"o":{"a":0,"k":100,"ix":5},"r":1,"bm":0,"nm":"Fill 1","mn":"ADBE Vector Graphic - Fill","hd":false},{"ty":"tr","p":{"a":0,"k":[16.484,32.612],"ix":2},"a":{"a":0,"k":[0,0],"ix":1},"s":{"a":0,"k":[100,100],"ix":3},"r":{"a":0,"k":0,"ix":6},"o":{"a":0,"k":100,"ix":7},"sk":{"a":0,"k":0,"ix":4},"sa":{"a":0,"k":0,"ix":5},"nm":"Transform"}],"nm":"Group 1","np":2,"cix":2,"bm":0,"ix":1,"mn":"ADBE Vector Group","hd":false}],"ip":0,"op":45.0000018328876,"st":0,"bm":0},{"ddd":0,"ind":9,"ty":4,"nm":"left foot Outlines","sr":1,"ks":{"o":{"a":0,"k":100,"ix":11},"r":{"a":1,"k":[{"i":{"x":[0.833],"y":[0.833]},"o":{"x":[0.167],"y":[0.167]},"t":10,"s":[0]},{"i":{"x":[0.833],"y":[0.833]},"o":{"x":[0.167],"y":[0.167]},"t":15,"s":[-46]},{"t":20.0000008146167,"s":[0]}],"ix":10},"p":{"a":1,"k":[{"i":{"x":0.301,"y":0.301},"o":{"x":0.104,"y":0.104},"t":0,"s":[194.798,405.996,0],"to":[0,0,0],"ti":[0,0,0]},{"i":{"x":0.667,"y":0.667},"o":{"x":0.784,"y":0.784},"t":5,"s":[194.798,405.996,0],"to":[0,0,0],"ti":[0,0,0]},{"i":{"x":0.256,"y":1},"o":{"x":0.665,"y":0},"t":10,"s":[194.798,405.996,0],"to":[0,-12,0],"ti":[0,0,0]},{"i":{"x":0.667,"y":1},"o":{"x":0.815,"y":0},"t":15,"s":[194.798,333.996,0],"to":[0,0,0],"ti":[0,-12,0]},{"i":{"x":0.667,"y":0.667},"o":{"x":0.333,"y":0.333},"t":20,"s":[194.798,405.996,0],"to":[0,0,0],"ti":[0,0,0]},{"i":{"x":0.667,"y":0.667},"o":{"x":0.793,"y":0.793},"t":25,"s":[194.798,405.996,0],"to":[0,0,0],"ti":[0,0,0]},{"t":30.0000012219251,"s":[194.798,405.996,0]}],"ix":2,"l":2},"a":{"a":0,"k":[34.499,16.485,0],"ix":1,"l":2},"s":{"a":0,"k":[100,100,100],"ix":6,"l":2}},"ao":0,"shapes":[{"ty":"gr","it":[{"ind":0,"ty":"sh","ix":1,"ks":{"a":0,"k":{"i":[[6.836,3.418],[8.544,0],[0,0],[10.254,-3.418],[0,0],[3.418,0],[-0.421,-0.068],[1.221,-1.221],[0,0],[-3.558,0.398],[-0.178,-5.285],[0,0],[-5.126,1.709],[-5.127,0],[-3.417,3.418],[1.709,1.708],[0,0]],"o":[[-4.323,-2.162],[0,0],[0,0],[0,0],[0,0],[0.454,0.454],[-3.089,1.096],[0,0],[0,0],[5.112,2.412],[0,0],[0,0],[5.127,-1.709],[5.127,0],[3.418,-3.418],[1.709,1.708],[0,0]],"v":[[27.413,-7.69],[17.16,-14.526],[18.868,-12.817],[1.779,-12.817],[5.197,-12.817],[-13.602,-9.399],[-12.275,-8.674],[-22.146,-4.272],[-27.273,0.855],[-30.691,5.981],[-22.146,11.108],[-15.311,12.817],[1.779,14.526],[12.033,14.526],[25.703,12.817],[30.831,0.855],[32.54,5.981]],"c":true},"ix":2},"nm":"Path 1","mn":"ADBE Vector Shape - Group","hd":false},{"ty":"fl","c":{"a":0,"k":[0.74900004069,0.169000004787,0.250999989229,1],"ix":4},"o":{"a":0,"k":100,"ix":5},"r":1,"bm":0,"nm":"Fill 1","mn":"ADBE Vector Graphic - Fill","hd":false},{"ty":"tr","p":{"a":0,"k":[34.499,16.485],"ix":2},"a":{"a":0,"k":[0,0],"ix":1},"s":{"a":0,"k":[100,100],"ix":3},"r":{"a":0,"k":0,"ix":6},"o":{"a":0,"k":100,"ix":7},"sk":{"a":0,"k":0,"ix":4},"sa":{"a":0,"k":0,"ix":5},"nm":"Transform"}],"nm":"Group 1","np":2,"cix":2,"bm":0,"ix":1,"mn":"ADBE Vector Group","hd":false}],"ip":0,"op":45.0000018328876,"st":0,"bm":0},{"ddd":0,"ind":10,"ty":4,"nm":"Horns Outlines","sr":1,"ks":{"o":{"a":0,"k":100,"ix":11},"r":{"a":0,"k":0,"ix":10},"p":{"a":1,"k":[{"i":{"x":0.301,"y":1},"o":{"x":0.104,"y":0.011},"t":0,"s":[259.317,121.684,0],"to":[0,3.833,0],"ti":[0,0.167,0]},{"i":{"x":0.667,"y":1},"o":{"x":0.784,"y":0.118},"t":5,"s":[259.317,144.684,0],"to":[0,-0.167,0],"ti":[0,17.167,0]},{"i":{"x":0.256,"y":1},"o":{"x":0.665,"y":0},"t":10,"s":[259.317,120.684,0],"to":[0,-17.167,0],"ti":[0,0,0]},{"i":{"x":0.667,"y":1},"o":{"x":0.815,"y":0},"t":15,"s":[259.317,41.684,0],"to":[0,0,0],"ti":[0,-17.167,0]},{"i":{"x":0.667,"y":1},"o":{"x":0.333,"y":0},"t":20,"s":[259.317,120.684,0],"to":[0,17.167,0],"ti":[0,0,0]},{"i":{"x":0.667,"y":1},"o":{"x":0.793,"y":0.213},"t":25,"s":[259.317,144.684,0],"to":[0,0,0],"ti":[0,4,0]},{"t":30.0000012219251,"s":[259.317,120.684,0]}],"ix":2,"l":2},"a":{"a":0,"k":[86.528,40.882,0],"ix":1,"l":2},"s":{"a":0,"k":[100,100,100],"ix":6,"l":2}},"ao":0,"shapes":[{"ty":"gr","it":[{"ind":0,"ty":"sh","ix":1,"ks":{"a":0,"k":{"i":[[0.855,-5.914],[15.214,-6.52],[0,-1.709],[29.546,34.623]],"o":[[-2.018,13.948],[17.09,8.544],[0,1.551],[-3.879,-4.546]],"v":[[-9.505,-32.488],[-32.277,8.322],[-1.515,39.081],[2.731,-36.087]],"c":true},"ix":2},"nm":"Path 1","mn":"ADBE Vector Shape - Group","hd":false},{"ty":"fl","c":{"a":0,"k":[0.172999991623,0.2,0.4,1],"ix":4},"o":{"a":0,"k":100,"ix":5},"r":1,"bm":0,"nm":"Fill 1","mn":"ADBE Vector Graphic - Fill","hd":false},{"ty":"tr","p":{"a":0,"k":[140.53,40.883],"ix":2},"a":{"a":0,"k":[0,0],"ix":1},"s":{"a":0,"k":[100,100],"ix":3},"r":{"a":0,"k":0,"ix":6},"o":{"a":0,"k":100,"ix":7},"sk":{"a":0,"k":0,"ix":4},"sa":{"a":0,"k":0,"ix":5},"nm":"Transform"}],"nm":"Group 1","np":2,"cix":2,"bm":0,"ix":1,"mn":"ADBE Vector Group","hd":false},{"ty":"gr","it":[{"ind":0,"ty":"sh","ix":1,"ks":{"a":0,"k":{"i":[[-0.855,-5.914],[-15.213,-6.52],[0,-1.709],[-29.546,34.623]],"o":[[2.017,13.948],[-17.089,8.544],[0,1.551],[3.879,-4.546]],"v":[[9.506,-32.488],[32.276,8.322],[1.516,39.081],[-2.73,-36.087]],"c":true},"ix":2},"nm":"Path 1","mn":"ADBE Vector Shape - Group","hd":false},{"ty":"fl","c":{"a":0,"k":[0.172999991623,0.2,0.4,1],"ix":4},"o":{"a":0,"k":100,"ix":5},"r":1,"bm":0,"nm":"Fill 1","mn":"ADBE Vector Graphic - Fill","hd":false},{"ty":"tr","p":{"a":0,"k":[32.526,40.883],"ix":2},"a":{"a":0,"k":[0,0],"ix":1},"s":{"a":0,"k":[100,100],"ix":3},"r":{"a":0,"k":0,"ix":6},"o":{"a":0,"k":100,"ix":7},"sk":{"a":0,"k":0,"ix":4},"sa":{"a":0,"k":0,"ix":5},"nm":"Transform"}],"nm":"Group 2","np":2,"cix":2,"bm":0,"ix":2,"mn":"ADBE Vector Group","hd":false}],"ip":0,"op":45.0000018328876,"st":0,"bm":0}],"markers":[]}