{"v":"5.9.0","fr":60,"ip":0,"op":125,"w":1000,"h":1000,"nm":"Smiling","ddd":0,"assets":[{"id":"comp_0","nm":"Head 7","fr":60,"layers":[{"ddd":0,"ind":1,"ty":3,"nm":"Eyes control","sr":1,"ks":{"o":{"a":0,"k":0,"ix":11},"r":{"a":0,"k":0,"ix":10},"p":{"a":0,"k":[255,168,0],"ix":2,"l":2},"a":{"a":0,"k":[50,50,0],"ix":1,"l":2},"s":{"a":0,"k":[100,100,100],"ix":6,"l":2}},"ao":0,"ip":0,"op":500,"st":0,"bm":0},{"ddd":0,"ind":4,"ty":4,"nm":"Smile","sr":1,"ks":{"o":{"a":0,"k":100,"ix":11},"r":{"a":0,"k":0,"ix":10},"p":{"s":true,"x":{"a":0,"k":255,"ix":3},"y":{"a":1,"k":[{"i":{"x":[0.667],"y":[1]},"o":{"x":[0.333],"y":[0]},"t":8,"s":[141]},{"i":{"x":[0.667],"y":[1]},"o":{"x":[0.333],"y":[0]},"t":21,"s":[147]},{"i":{"x":[0.667],"y":[1]},"o":{"x":[0.333],"y":[0]},"t":77,"s":[147]},{"t":91,"s":[141]}],"ix":4}},"a":{"a":0,"k":[0,0,0],"ix":1,"l":2},"s":{"a":0,"k":[100,100,100],"ix":6,"l":2}},"ao":0,"shapes":[{"ty":"gr","it":[{"ind":0,"ty":"sh","ix":1,"ks":{"a":1,"k":[{"i":{"x":0.667,"y":1},"o":{"x":0.333,"y":0},"t":13,"s":[{"i":[[0.237,0.063],[-0.205,-0.108],[-0.27,0.093],[0.206,-0.053]],"o":[[-0.253,-0.068],[0.248,0.131],[0.265,-0.091],[-0.256,0.065]],"v":[[1.141,116.948],[1.025,117.29],[1.798,117.321],[1.73,116.952]],"c":true}]},{"i":{"x":0.667,"y":1},"o":{"x":0.333,"y":0},"t":25,"s":[{"i":[[16.784,4.757],[-23.713,-12.584],[-24.491,9.058],[24.669,-7.684]],"o":[[-28.352,-8.036],[18.73,9.939],[31.067,-11.49],[-14.438,4.497]],"v":[[-20.648,89.911],[-36.48,128.686],[32.491,130.192],[21.706,90.559]],"c":true}]},{"i":{"x":0.667,"y":1},"o":{"x":0.333,"y":0},"t":72,"s":[{"i":[[16.784,4.757],[-23.713,-12.584],[-24.491,9.058],[24.669,-7.684]],"o":[[-28.352,-8.036],[18.73,9.939],[31.067,-11.49],[-14.438,4.497]],"v":[[-20.648,89.911],[-36.48,128.686],[32.491,130.192],[21.706,90.559]],"c":true}]},{"t":86,"s":[{"i":[[0.237,0.063],[-0.205,-0.108],[-0.27,0.093],[0.206,-0.053]],"o":[[-0.253,-0.068],[0.248,0.131],[0.265,-0.091],[-0.256,0.065]],"v":[[1.141,116.948],[1.025,117.29],[1.798,117.321],[1.73,116.952]],"c":true}]}],"ix":2},"nm":"Path 1","mn":"ADBE Vector Shape - Group","hd":false},{"ty":"st","c":{"a":1,"k":[{"i":{"x":[0.667],"y":[1]},"o":{"x":[0.333],"y":[0]},"t":13,"s":[0.858823597431,0.458823561668,0.003921568859,1]},{"i":{"x":[0.667],"y":[1]},"o":{"x":[0.333],"y":[0]},"t":25,"s":[1,0.650980392157,0,1]},{"i":{"x":[0.667],"y":[1]},"o":{"x":[0.333],"y":[0]},"t":72,"s":[1,0.650980392157,0,1]},{"t":86,"s":[0.858823597431,0.458823561668,0.003921568859,1]}],"ix":3},"o":{"a":0,"k":100,"ix":4},"w":{"a":1,"k":[{"i":{"x":[0.667],"y":[1]},"o":{"x":[0.333],"y":[0]},"t":13,"s":[0]},{"i":{"x":[0.667],"y":[1]},"o":{"x":[0.333],"y":[0]},"t":26,"s":[16]},{"i":{"x":[0.667],"y":[1]},"o":{"x":[0.333],"y":[0]},"t":72,"s":[16]},{"t":86,"s":[0]}],"ix":5},"lc":1,"lj":1,"ml":4,"bm":0,"nm":"Stroke 1","mn":"ADBE Vector Graphic - Stroke","hd":false},{"ty":"fl","c":{"a":1,"k":[{"i":{"x":[0.667],"y":[1]},"o":{"x":[0.333],"y":[0]},"t":13,"s":[0.858823597431,0.454901993275,0,1]},{"i":{"x":[0.667],"y":[1]},"o":{"x":[0.333],"y":[0]},"t":18,"s":[1,1,1,1]},{"i":{"x":[0.667],"y":[1]},"o":{"x":[0.333],"y":[0]},"t":81,"s":[1,1,1,1]},{"t":86,"s":[0.858823597431,0.454901993275,0,1]}],"ix":4},"o":{"a":0,"k":100,"ix":5},"r":1,"bm":0,"nm":"Fill 1","mn":"ADBE Vector Graphic - Fill","hd":false},{"ty":"tr","p":{"a":0,"k":[0,0],"ix":2},"a":{"a":0,"k":[0,0],"ix":1},"s":{"a":0,"k":[100,100],"ix":3},"r":{"a":0,"k":0,"ix":6},"o":{"a":0,"k":100,"ix":7},"sk":{"a":0,"k":0,"ix":4},"sa":{"a":0,"k":0,"ix":5},"nm":"Transform"}],"nm":"Shape 1","np":3,"cix":2,"bm":0,"ix":1,"mn":"ADBE Vector Group","hd":false}],"ip":0,"op":121,"st":0,"bm":0},{"ddd":0,"ind":5,"ty":4,"nm":"Eyes matte 3","td":1,"sr":1,"ks":{"o":{"a":0,"k":100,"ix":11},"r":{"a":0,"k":0,"ix":10},"p":{"a":0,"k":[254.097,171.767,0],"ix":2,"l":2},"a":{"a":0,"k":[254.097,171.767,0],"ix":1,"l":2},"s":{"a":0,"k":[100,100,100],"ix":6,"l":2}},"ao":0,"shapes":[{"ty":"gr","it":[{"ty":"gr","it":[{"ty":"gr","it":[{"ind":0,"ty":"sh","ix":1,"ks":{"a":0,"k":{"i":[[-37.163,0],[0,-37.163],[37.163,0],[0,37.163]],"o":[[37.163,0],[0,37.163],[-37.163,0],[0,-37.163]],"v":[[0,-67.29],[67.291,0],[0,67.29],[-67.291,0]],"c":true},"ix":2},"nm":"Path 1","mn":"ADBE Vector Shape - Group","hd":false},{"ty":"fl","c":{"a":0,"k":[1,1,1,1],"ix":4},"o":{"a":0,"k":100,"ix":5},"r":1,"bm":0,"nm":"Fill 1","mn":"ADBE Vector Graphic - Fill","hd":false},{"ty":"tr","p":{"a":0,"k":[0,0],"ix":2},"a":{"a":0,"k":[0,0],"ix":1},"s":{"a":0,"k":[100,100],"ix":3},"r":{"a":0,"k":0,"ix":6},"o":{"a":0,"k":100,"ix":7},"sk":{"a":0,"k":0,"ix":4},"sa":{"a":0,"k":0,"ix":5},"nm":"Transform"}],"nm":"Group 1","np":2,"cix":2,"bm":0,"ix":1,"mn":"ADBE Vector Group","hd":false},{"ty":"tr","p":{"a":0,"k":[588.019,347.767],"ix":2},"a":{"a":0,"k":[0,0],"ix":1},"s":{"a":0,"k":[100,100],"ix":3},"r":{"a":0,"k":0,"ix":6},"o":{"a":0,"k":100,"ix":7},"sk":{"a":0,"k":0,"ix":4},"sa":{"a":0,"k":0,"ix":5},"nm":"Transform"}],"nm":"Right-Eyeball","np":1,"cix":2,"bm":0,"ix":1,"mn":"ADBE Vector Group","hd":false},{"ty":"tr","p":{"a":0,"k":[343.019,171.767],"ix":2},"a":{"a":0,"k":[588.019,347.767],"ix":1},"s":{"a":0,"k":[100,100],"ix":3},"r":{"a":0,"k":0,"ix":6},"o":{"a":0,"k":100,"ix":7},"sk":{"a":0,"k":0,"ix":4},"sa":{"a":0,"k":0,"ix":5},"nm":"Transform"}],"nm":"Right-Eyeball Matte","np":1,"cix":2,"bm":0,"ix":1,"mn":"ADBE Vector Group","hd":false},{"ty":"gr","it":[{"ty":"gr","it":[{"ty":"gr","it":[{"ind":0,"ty":"sh","ix":1,"ks":{"a":0,"k":{"i":[[37.163,0],[0,-37.163],[-37.163,0],[0,37.163]],"o":[[-37.163,0],[0,37.163],[37.163,0],[0,-37.163]],"v":[[0,-67.29],[-67.291,0],[0,67.29],[67.291,0]],"c":true},"ix":2},"nm":"Path 1","mn":"ADBE Vector Shape - Group","hd":false},{"ty":"fl","c":{"a":0,"k":[1,1,1,1],"ix":4},"o":{"a":0,"k":100,"ix":5},"r":1,"bm":0,"nm":"Fill 1","mn":"ADBE Vector Graphic - Fill","hd":false},{"ty":"tr","p":{"a":0,"k":[0,0],"ix":2},"a":{"a":0,"k":[0,0],"ix":1},"s":{"a":0,"k":[100,100],"ix":3},"r":{"a":0,"k":0,"ix":6},"o":{"a":0,"k":100,"ix":7},"sk":{"a":0,"k":0,"ix":4},"sa":{"a":0,"k":0,"ix":5},"nm":"Transform"}],"nm":"Group 1","np":2,"cix":2,"bm":0,"ix":1,"mn":"ADBE Vector Group","hd":false},{"ty":"tr","p":{"a":0,"k":[410.175,347.767],"ix":2},"a":{"a":0,"k":[0,0],"ix":1},"s":{"a":0,"k":[100,100],"ix":3},"r":{"a":0,"k":0,"ix":6},"o":{"a":0,"k":100,"ix":7},"sk":{"a":0,"k":0,"ix":4},"sa":{"a":0,"k":0,"ix":5},"nm":"Transform"}],"nm":"Lrft-Eyeball","np":1,"cix":2,"bm":0,"ix":1,"mn":"ADBE Vector Group","hd":false},{"ty":"tr","p":{"a":0,"k":[165.175,171.767],"ix":2},"a":{"a":0,"k":[410.175,347.767],"ix":1},"s":{"a":0,"k":[100,100],"ix":3},"r":{"a":0,"k":0,"ix":6},"o":{"a":0,"k":100,"ix":7},"sk":{"a":0,"k":0,"ix":4},"sa":{"a":0,"k":0,"ix":5},"nm":"Transform"}],"nm":"Lrft-Eyeball Matte","np":1,"cix":2,"bm":0,"ix":2,"mn":"ADBE Vector Group","hd":false}],"ip":0,"op":500,"st":0,"bm":0},{"ddd":0,"ind":6,"ty":4,"nm":"Blink 2","tt":1,"sr":1,"ks":{"o":{"a":0,"k":100,"ix":11},"r":{"a":0,"k":0,"ix":10},"p":{"a":0,"k":[255.096,173.886,0],"ix":2,"l":2},"a":{"a":0,"k":[255.096,168.886,0],"ix":1,"l":2},"s":{"a":0,"k":[100,-100,100],"ix":6,"l":2}},"ao":0,"shapes":[{"ty":"gr","it":[{"ty":"gr","it":[{"ind":0,"ty":"sh","ix":1,"ks":{"a":0,"k":{"i":[[0,-38.822],[46.894,29.172],[-38.822,0]],"o":[[-46.894,28.623],[0,-38.822],[38.822,0]],"v":[[70.34,24.333],[-70.34,24.333],[0,-46.007]],"c":true},"ix":2},"nm":"Path 1","mn":"ADBE Vector Shape - Group","hd":false},{"ty":"fl","c":{"a":0,"k":[0.85882358925,0.949019667682,0.952941236309,1],"ix":4},"o":{"a":0,"k":100,"ix":5},"r":1,"bm":0,"nm":"Fill 1","mn":"ADBE Vector Graphic - Fill","hd":false},{"ty":"tr","p":{"a":0,"k":[0,0],"ix":2},"a":{"a":0,"k":[0,0],"ix":1},"s":{"a":0,"k":[100,100],"ix":3},"r":{"a":0,"k":0,"ix":6},"o":{"a":0,"k":100,"ix":7},"sk":{"a":0,"k":0,"ix":4},"sa":{"a":0,"k":0,"ix":5},"nm":"Transform"}],"nm":"L top L","np":2,"cix":2,"bm":0,"ix":1,"mn":"ADBE Vector Group","hd":false},{"ty":"tr","p":{"a":1,"k":[{"i":{"x":0.667,"y":1},"o":{"x":0.333,"y":0},"t":13,"s":[344.534,55.737],"to":[0,0],"ti":[0,0]},{"i":{"x":0.667,"y":0.667},"o":{"x":0.333,"y":0.333},"t":26,"s":[344.534,126.737],"to":[0,0],"ti":[0,0]},{"i":{"x":0.667,"y":1},"o":{"x":0.333,"y":0},"t":68.5,"s":[344.534,126.737],"to":[0,0],"ti":[0,0]},{"i":{"x":0.833,"y":0.833},"o":{"x":0.333,"y":0.333},"t":86,"s":[344.534,55.737],"to":[0,0],"ti":[0,0]},{"i":{"x":0.667,"y":1},"o":{"x":0.333,"y":0},"t":332,"s":[344.534,55.737],"to":[0,0],"ti":[0,0]},{"i":{"x":0.667,"y":0.667},"o":{"x":0.333,"y":0.333},"t":340,"s":[344.534,126.737],"to":[0,0],"ti":[0,0]},{"i":{"x":0.667,"y":1},"o":{"x":0.333,"y":0},"t":378.5,"s":[344.534,126.737],"to":[0,0],"ti":[0,0]},{"t":391,"s":[344.534,55.737]}],"ix":2},"a":{"a":0,"k":[0,0],"ix":1},"s":{"a":0,"k":[100,100],"ix":3},"r":{"a":0,"k":0,"ix":6},"o":{"a":0,"k":100,"ix":7},"sk":{"a":0,"k":0,"ix":4},"sa":{"a":0,"k":0,"ix":5},"nm":"Transform"}],"nm":"R top L ","np":1,"cix":2,"bm":0,"ix":1,"mn":"ADBE Vector Group","hd":false},{"ty":"gr","it":[{"ty":"gr","it":[{"ind":0,"ty":"sh","ix":1,"ks":{"a":0,"k":{"i":[[0,-38.822],[46.894,29.172],[-38.822,0]],"o":[[-46.894,28.623],[0,-38.822],[38.822,0]],"v":[[70.34,24.333],[-70.34,24.333],[0,-46.007]],"c":true},"ix":2},"nm":"Path 1","mn":"ADBE Vector Shape - Group","hd":false},{"ty":"fl","c":{"a":0,"k":[0.85882358925,0.949019667682,0.952941236309,1],"ix":4},"o":{"a":0,"k":100,"ix":5},"r":1,"bm":0,"nm":"Fill 1","mn":"ADBE Vector Graphic - Fill","hd":false},{"ty":"tr","p":{"a":0,"k":[0,0],"ix":2},"a":{"a":0,"k":[0,0],"ix":1},"s":{"a":0,"k":[100,100],"ix":3},"r":{"a":0,"k":0,"ix":6},"o":{"a":0,"k":100,"ix":7},"sk":{"a":0,"k":0,"ix":4},"sa":{"a":0,"k":0,"ix":5},"nm":"Transform"}],"nm":"L top L","np":2,"cix":2,"bm":0,"ix":1,"mn":"ADBE Vector Group","hd":false},{"ty":"tr","p":{"a":1,"k":[{"i":{"x":0.667,"y":1},"o":{"x":0.333,"y":0},"t":13,"s":[165.659,55.737],"to":[0,0],"ti":[0,0]},{"i":{"x":0.667,"y":0.667},"o":{"x":0.333,"y":0.333},"t":26,"s":[165.659,126.737],"to":[0,0],"ti":[0,0]},{"i":{"x":0.667,"y":1},"o":{"x":0.333,"y":0},"t":68.5,"s":[165.659,126.737],"to":[0,0],"ti":[0,0]},{"i":{"x":0.833,"y":0.833},"o":{"x":0.333,"y":0.333},"t":86,"s":[165.659,55.737],"to":[0,0],"ti":[0,0]},{"i":{"x":0.667,"y":1},"o":{"x":0.333,"y":0},"t":332,"s":[165.659,55.737],"to":[0,0],"ti":[0,0]},{"i":{"x":0.667,"y":0.667},"o":{"x":0.333,"y":0.333},"t":340,"s":[165.659,126.737],"to":[0,0],"ti":[0,0]},{"i":{"x":0.667,"y":1},"o":{"x":0.333,"y":0},"t":378.5,"s":[165.659,126.737],"to":[0,0],"ti":[0,0]},{"t":391,"s":[165.659,55.737]}],"ix":2},"a":{"a":0,"k":[0,0],"ix":1},"s":{"a":0,"k":[100,100],"ix":3},"r":{"a":0,"k":0,"ix":6},"o":{"a":0,"k":100,"ix":7},"sk":{"a":0,"k":0,"ix":4},"sa":{"a":0,"k":0,"ix":5},"nm":"Transform"}],"nm":"L top L","np":1,"cix":2,"bm":0,"ix":2,"mn":"ADBE Vector Group","hd":false}],"ip":0,"op":500,"st":0,"bm":0},{"ddd":0,"ind":7,"ty":4,"nm":"Eyes matte","td":1,"sr":1,"ks":{"o":{"a":0,"k":100,"ix":11},"r":{"a":0,"k":0,"ix":10},"p":{"a":0,"k":[254.097,171.767,0],"ix":2,"l":2},"a":{"a":0,"k":[254.097,171.767,0],"ix":1,"l":2},"s":{"a":0,"k":[100,100,100],"ix":6,"l":2}},"ao":0,"shapes":[{"ty":"gr","it":[{"ty":"gr","it":[{"ty":"gr","it":[{"ind":0,"ty":"sh","ix":1,"ks":{"a":0,"k":{"i":[[-37.163,0],[0,-37.163],[37.163,0],[0,37.163]],"o":[[37.163,0],[0,37.163],[-37.163,0],[0,-37.163]],"v":[[0,-67.29],[67.291,0],[0,67.29],[-67.291,0]],"c":true},"ix":2},"nm":"Path 1","mn":"ADBE Vector Shape - Group","hd":false},{"ty":"fl","c":{"a":0,"k":[1,1,1,1],"ix":4},"o":{"a":0,"k":100,"ix":5},"r":1,"bm":0,"nm":"Fill 1","mn":"ADBE Vector Graphic - Fill","hd":false},{"ty":"tr","p":{"a":0,"k":[0,0],"ix":2},"a":{"a":0,"k":[0,0],"ix":1},"s":{"a":0,"k":[100,100],"ix":3},"r":{"a":0,"k":0,"ix":6},"o":{"a":0,"k":100,"ix":7},"sk":{"a":0,"k":0,"ix":4},"sa":{"a":0,"k":0,"ix":5},"nm":"Transform"}],"nm":"Group 1","np":2,"cix":2,"bm":0,"ix":1,"mn":"ADBE Vector Group","hd":false},{"ty":"tr","p":{"a":0,"k":[588.019,347.767],"ix":2},"a":{"a":0,"k":[0,0],"ix":1},"s":{"a":0,"k":[100,100],"ix":3},"r":{"a":0,"k":0,"ix":6},"o":{"a":0,"k":100,"ix":7},"sk":{"a":0,"k":0,"ix":4},"sa":{"a":0,"k":0,"ix":5},"nm":"Transform"}],"nm":"Right-Eyeball","np":1,"cix":2,"bm":0,"ix":1,"mn":"ADBE Vector Group","hd":false},{"ty":"tr","p":{"a":0,"k":[343.019,171.767],"ix":2},"a":{"a":0,"k":[588.019,347.767],"ix":1},"s":{"a":0,"k":[100,100],"ix":3},"r":{"a":0,"k":0,"ix":6},"o":{"a":0,"k":100,"ix":7},"sk":{"a":0,"k":0,"ix":4},"sa":{"a":0,"k":0,"ix":5},"nm":"Transform"}],"nm":"Right-Eyeball Matte","np":1,"cix":2,"bm":0,"ix":1,"mn":"ADBE Vector Group","hd":false},{"ty":"gr","it":[{"ty":"gr","it":[{"ty":"gr","it":[{"ind":0,"ty":"sh","ix":1,"ks":{"a":0,"k":{"i":[[37.163,0],[0,-37.163],[-37.163,0],[0,37.163]],"o":[[-37.163,0],[0,37.163],[37.163,0],[0,-37.163]],"v":[[0,-67.29],[-67.291,0],[0,67.29],[67.291,0]],"c":true},"ix":2},"nm":"Path 1","mn":"ADBE Vector Shape - Group","hd":false},{"ty":"fl","c":{"a":0,"k":[1,1,1,1],"ix":4},"o":{"a":0,"k":100,"ix":5},"r":1,"bm":0,"nm":"Fill 1","mn":"ADBE Vector Graphic - Fill","hd":false},{"ty":"tr","p":{"a":0,"k":[0,0],"ix":2},"a":{"a":0,"k":[0,0],"ix":1},"s":{"a":0,"k":[100,100],"ix":3},"r":{"a":0,"k":0,"ix":6},"o":{"a":0,"k":100,"ix":7},"sk":{"a":0,"k":0,"ix":4},"sa":{"a":0,"k":0,"ix":5},"nm":"Transform"}],"nm":"Group 1","np":2,"cix":2,"bm":0,"ix":1,"mn":"ADBE Vector Group","hd":false},{"ty":"tr","p":{"a":0,"k":[410.175,347.767],"ix":2},"a":{"a":0,"k":[0,0],"ix":1},"s":{"a":0,"k":[100,100],"ix":3},"r":{"a":0,"k":0,"ix":6},"o":{"a":0,"k":100,"ix":7},"sk":{"a":0,"k":0,"ix":4},"sa":{"a":0,"k":0,"ix":5},"nm":"Transform"}],"nm":"Lrft-Eyeball","np":1,"cix":2,"bm":0,"ix":1,"mn":"ADBE Vector Group","hd":false},{"ty":"tr","p":{"a":0,"k":[165.175,171.767],"ix":2},"a":{"a":0,"k":[410.175,347.767],"ix":1},"s":{"a":0,"k":[100,100],"ix":3},"r":{"a":0,"k":0,"ix":6},"o":{"a":0,"k":100,"ix":7},"sk":{"a":0,"k":0,"ix":4},"sa":{"a":0,"k":0,"ix":5},"nm":"Transform"}],"nm":"Lrft-Eyeball Matte","np":1,"cix":2,"bm":0,"ix":2,"mn":"ADBE Vector Group","hd":false}],"ip":0,"op":500,"st":0,"bm":0},{"ddd":0,"ind":8,"ty":4,"nm":"Blink","tt":1,"sr":1,"ks":{"o":{"a":0,"k":100,"ix":11},"r":{"a":0,"k":0,"ix":10},"p":{"a":0,"k":[255.096,173.886,0],"ix":2,"l":2},"a":{"a":0,"k":[255.096,168.886,0],"ix":1,"l":2},"s":{"a":0,"k":[100,-100,100],"ix":6,"l":2}},"ao":0,"shapes":[{"ty":"gr","it":[{"ty":"gr","it":[{"ind":0,"ty":"sh","ix":1,"ks":{"a":0,"k":{"i":[[0,-38.822],[46.894,29.172],[-38.822,0]],"o":[[-46.894,28.623],[0,-38.822],[38.822,0]],"v":[[70.34,24.333],[-70.34,24.333],[0,-46.007]],"c":true},"ix":2},"nm":"Path 1","mn":"ADBE Vector Shape - Group","hd":false},{"ty":"fl","c":{"a":0,"k":[0.85882358925,0.949019667682,0.952941236309,1],"ix":4},"o":{"a":0,"k":100,"ix":5},"r":1,"bm":0,"nm":"Fill 1","mn":"ADBE Vector Graphic - Fill","hd":false},{"ty":"tr","p":{"a":0,"k":[0,0],"ix":2},"a":{"a":0,"k":[0,0],"ix":1},"s":{"a":0,"k":[100,100],"ix":3},"r":{"a":0,"k":0,"ix":6},"o":{"a":0,"k":100,"ix":7},"sk":{"a":0,"k":0,"ix":4},"sa":{"a":0,"k":0,"ix":5},"nm":"Transform"}],"nm":"L top L","np":2,"cix":2,"bm":0,"ix":1,"mn":"ADBE Vector Group","hd":false},{"ty":"tr","p":{"a":1,"k":[{"i":{"x":0.667,"y":1},"o":{"x":0.333,"y":0},"t":95,"s":[344.534,55.737],"to":[0,0],"ti":[0,0]},{"i":{"x":0.667,"y":1},"o":{"x":0.333,"y":0},"t":107.002,"s":[344.534,146.737],"to":[0,0],"ti":[0,0]},{"t":119,"s":[344.534,55.737]}],"ix":2},"a":{"a":0,"k":[0,0],"ix":1},"s":{"a":0,"k":[100,100],"ix":3},"r":{"a":0,"k":0,"ix":6},"o":{"a":0,"k":100,"ix":7},"sk":{"a":0,"k":0,"ix":4},"sa":{"a":0,"k":0,"ix":5},"nm":"Transform"}],"nm":"R top L ","np":1,"cix":2,"bm":0,"ix":1,"mn":"ADBE Vector Group","hd":false},{"ty":"gr","it":[{"ty":"gr","it":[{"ind":0,"ty":"sh","ix":1,"ks":{"a":0,"k":{"i":[[0,-38.822],[46.894,29.172],[-38.822,0]],"o":[[-46.894,28.623],[0,-38.822],[38.822,0]],"v":[[70.34,24.333],[-70.34,24.333],[0,-46.007]],"c":true},"ix":2},"nm":"Path 1","mn":"ADBE Vector Shape - Group","hd":false},{"ty":"fl","c":{"a":0,"k":[0.85882358925,0.949019667682,0.952941236309,1],"ix":4},"o":{"a":0,"k":100,"ix":5},"r":1,"bm":0,"nm":"Fill 1","mn":"ADBE Vector Graphic - Fill","hd":false},{"ty":"tr","p":{"a":0,"k":[0,0],"ix":2},"a":{"a":0,"k":[0,0],"ix":1},"s":{"a":0,"k":[100,100],"ix":3},"r":{"a":0,"k":0,"ix":6},"o":{"a":0,"k":100,"ix":7},"sk":{"a":0,"k":0,"ix":4},"sa":{"a":0,"k":0,"ix":5},"nm":"Transform"}],"nm":"L top L","np":2,"cix":2,"bm":0,"ix":1,"mn":"ADBE Vector Group","hd":false},{"ty":"tr","p":{"a":1,"k":[{"i":{"x":0.667,"y":1},"o":{"x":0.333,"y":0},"t":95,"s":[165.659,55.737],"to":[0,0],"ti":[0,0]},{"i":{"x":0.667,"y":1},"o":{"x":0.333,"y":0},"t":107.002,"s":[165.659,146.737],"to":[0,0],"ti":[0,0]},{"t":119,"s":[165.659,55.737]}],"ix":2},"a":{"a":0,"k":[0,0],"ix":1},"s":{"a":0,"k":[100,100],"ix":3},"r":{"a":0,"k":0,"ix":6},"o":{"a":0,"k":100,"ix":7},"sk":{"a":0,"k":0,"ix":4},"sa":{"a":0,"k":0,"ix":5},"nm":"Transform"}],"nm":"L top L","np":1,"cix":2,"bm":0,"ix":2,"mn":"ADBE Vector Group","hd":false},{"ty":"gr","it":[{"ty":"gr","it":[{"ind":0,"ty":"sh","ix":1,"ks":{"a":0,"k":{"i":[[0,38.822],[-46.894,28.623],[38.822,0]],"o":[[46.894,29.172],[0,38.822],[-38.822,0]],"v":[[-70.34,-35.17],[70.34,-35.17],[0,35.17]],"c":true},"ix":2},"nm":"Path 1","mn":"ADBE Vector Shape - Group","hd":false},{"ty":"fl","c":{"a":0,"k":[0.85882358925,0.949019667682,0.952941236309,1],"ix":4},"o":{"a":0,"k":100,"ix":5},"r":1,"bm":0,"nm":"Fill 1","mn":"ADBE Vector Graphic - Fill","hd":false},{"ty":"tr","p":{"a":0,"k":[0,0],"ix":2},"a":{"a":0,"k":[0,0],"ix":1},"s":{"a":0,"k":[100,100],"ix":3},"r":{"a":0,"k":0,"ix":6},"o":{"a":0,"k":100,"ix":7},"sk":{"a":0,"k":0,"ix":4},"sa":{"a":0,"k":0,"ix":5},"nm":"Transform"}],"nm":"L bottom L","np":2,"cix":2,"bm":0,"ix":1,"mn":"ADBE Vector Group","hd":false},{"ty":"tr","p":{"a":1,"k":[{"i":{"x":0.667,"y":1},"o":{"x":0.333,"y":0},"t":95,"s":[344.534,255.241],"to":[0,0],"ti":[0,0]},{"i":{"x":0.667,"y":1},"o":{"x":0.333,"y":0},"t":107.002,"s":[344.534,206.241],"to":[0,0],"ti":[0,0]},{"t":119,"s":[344.534,255.241]}],"ix":2},"a":{"a":0,"k":[0,0],"ix":1},"s":{"a":0,"k":[100,100],"ix":3},"r":{"a":0,"k":0,"ix":6},"o":{"a":0,"k":100,"ix":7},"sk":{"a":0,"k":0,"ix":4},"sa":{"a":0,"k":0,"ix":5},"nm":"Transform"}],"nm":"R bottom L","np":1,"cix":2,"bm":0,"ix":3,"mn":"ADBE Vector Group","hd":false},{"ty":"gr","it":[{"ty":"gr","it":[{"ind":0,"ty":"sh","ix":1,"ks":{"a":0,"k":{"i":[[0,38.822],[-46.894,28.623],[38.822,0]],"o":[[46.894,29.172],[0,38.822],[-38.822,0]],"v":[[-70.34,-35.17],[70.34,-35.17],[0,35.17]],"c":true},"ix":2},"nm":"Path 1","mn":"ADBE Vector Shape - Group","hd":false},{"ty":"fl","c":{"a":0,"k":[0.85882358925,0.949019667682,0.952941236309,1],"ix":4},"o":{"a":0,"k":100,"ix":5},"r":1,"bm":0,"nm":"Fill 1","mn":"ADBE Vector Graphic - Fill","hd":false},{"ty":"tr","p":{"a":0,"k":[0,0],"ix":2},"a":{"a":0,"k":[0,0],"ix":1},"s":{"a":0,"k":[100,100],"ix":3},"r":{"a":0,"k":0,"ix":6},"o":{"a":0,"k":100,"ix":7},"sk":{"a":0,"k":0,"ix":4},"sa":{"a":0,"k":0,"ix":5},"nm":"Transform"}],"nm":"L bottom L","np":2,"cix":2,"bm":0,"ix":1,"mn":"ADBE Vector Group","hd":false},{"ty":"tr","p":{"a":1,"k":[{"i":{"x":0.667,"y":1},"o":{"x":0.333,"y":0},"t":95,"s":[165.659,255.241],"to":[0,0],"ti":[0,0]},{"i":{"x":0.667,"y":1},"o":{"x":0.333,"y":0},"t":107.002,"s":[165.659,206.241],"to":[0,0],"ti":[0,0]},{"t":119,"s":[165.659,255.241]}],"ix":2},"a":{"a":0,"k":[0,0],"ix":1},"s":{"a":0,"k":[100,100],"ix":3},"r":{"a":0,"k":0,"ix":6},"o":{"a":0,"k":100,"ix":7},"sk":{"a":0,"k":0,"ix":4},"sa":{"a":0,"k":0,"ix":5},"nm":"Transform"}],"nm":"L bottom L","np":1,"cix":2,"bm":0,"ix":4,"mn":"ADBE Vector Group","hd":false}],"ip":0,"op":500,"st":0,"bm":0},{"ddd":0,"ind":9,"ty":4,"nm":"Beak Top","sr":1,"ks":{"o":{"a":0,"k":100,"ix":11},"r":{"a":0,"k":0,"ix":10},"p":{"a":0,"k":[255,240.188,0],"ix":2,"l":2},"a":{"a":0,"k":[0,0,0],"ix":1,"l":2},"s":{"a":0,"k":[100,100,100],"ix":6,"l":2}},"ao":0,"shapes":[{"ind":0,"ty":"sh","ix":1,"ks":{"a":1,"k":[{"i":{"x":0.667,"y":1},"o":{"x":0.333,"y":0},"t":13,"s":[{"i":[[8.586,-2.261],[3.586,0.946],[0,0.072],[-16.406,0],[0,-16.406]],"o":[[-3.577,0.946],[-8.586,-2.261],[0,-16.406],[16.406,0],[0,0.072]],"v":[[5.46,17.75],[-5.469,17.75],[-29.732,11.272],[0,-18.459],[29.732,11.272]],"c":true}]},{"i":{"x":0.667,"y":1},"o":{"x":0.333,"y":0},"t":25,"s":[{"i":[[12.778,-2.271],[5.337,0.944],[0,0.072],[-24.418,0],[0,-16.406]],"o":[[-5.324,0.946],[-12.779,-2.261],[0,-16.406],[24.418,0],[0,0.072]],"v":[[8.126,17.75],[-8.139,17.75],[-44.25,11.272],[0,0.041],[44.25,11.272]],"c":true}]},{"i":{"x":0.667,"y":1},"o":{"x":0.333,"y":0},"t":72,"s":[{"i":[[12.778,-2.271],[5.337,0.944],[0,0.072],[-24.418,0],[0,-16.406]],"o":[[-5.324,0.946],[-12.779,-2.261],[0,-16.406],[24.418,0],[0,0.072]],"v":[[8.126,17.75],[-8.139,17.75],[-44.25,11.272],[0,0.041],[44.25,11.272]],"c":true}]},{"i":{"x":0.833,"y":1},"o":{"x":0.333,"y":0},"t":84,"s":[{"i":[[8.586,-2.261],[3.586,0.946],[0,0.072],[-16.406,0],[0,-16.406]],"o":[[-3.577,0.946],[-8.586,-2.261],[0,-16.406],[16.406,0],[0,0.072]],"v":[[5.46,17.75],[-5.469,17.75],[-29.732,11.272],[0,-18.459],[29.732,11.272]],"c":true}]},{"i":{"x":0.667,"y":1},"o":{"x":0.333,"y":0},"t":352,"s":[{"i":[[8.586,-2.261],[3.586,0.946],[0,0.072],[-16.406,0],[0,-16.406]],"o":[[-3.577,0.946],[-8.586,-2.261],[0,-16.406],[16.406,0],[0,0.072]],"v":[[5.46,17.75],[-5.469,17.75],[-29.732,11.272],[0,-18.459],[29.732,11.272]],"c":true}]},{"i":{"x":0.667,"y":1},"o":{"x":0.333,"y":0},"t":360,"s":[{"i":[[10.58,-1.375],[3.686,0.405],[0,0.072],[-16.406,0],[0,-16.406]],"o":[[-3.669,0.477],[-9.678,-1.062],[0,-16.406],[16.406,0],[0,0.072]],"v":[[5.482,15.625],[-5.447,15.625],[-29.732,11.272],[0,-18.459],[29.732,11.272]],"c":true}]},{"i":{"x":0.667,"y":1},"o":{"x":0.333,"y":0},"t":398,"s":[{"i":[[10.58,-1.375],[3.686,0.405],[0,0.072],[-16.406,0],[0,-16.406]],"o":[[-3.669,0.477],[-9.678,-1.062],[0,-16.406],[16.406,0],[0,0.072]],"v":[[5.482,15.625],[-5.447,15.625],[-29.732,11.272],[0,-18.459],[29.732,11.272]],"c":true}]},{"t":406.333984375,"s":[{"i":[[8.586,-2.261],[3.586,0.946],[0,0.072],[-16.406,0],[0,-16.406]],"o":[[-3.577,0.946],[-8.586,-2.261],[0,-16.406],[16.406,0],[0,0.072]],"v":[[5.46,17.75],[-5.469,17.75],[-29.732,11.272],[0,-18.459],[29.732,11.272]],"c":true}]}],"ix":2},"nm":"t beak","mn":"ADBE Vector Shape - Group","hd":false},{"ty":"fl","c":{"a":0,"k":[1,0.65098041296,0,1],"ix":4},"o":{"a":0,"k":100,"ix":5},"r":1,"bm":0,"nm":"Fill 1","mn":"ADBE Vector Graphic - Fill","hd":false}],"ip":0,"op":500,"st":0,"bm":0},{"ddd":0,"ind":13,"ty":4,"nm":"Beak Bottom","parent":9,"sr":1,"ks":{"o":{"a":0,"k":100,"ix":11},"r":{"a":0,"k":0,"ix":10},"p":{"s":true,"x":{"a":0,"k":0.812,"ix":3},"y":{"a":1,"k":[{"i":{"x":[0.667],"y":[1]},"o":{"x":[0.333],"y":[0]},"t":13,"s":[20.812]},{"i":{"x":[0.667],"y":[1]},"o":{"x":[0.333],"y":[0]},"t":25,"s":[42.812]},{"i":{"x":[0.667],"y":[1]},"o":{"x":[0.333],"y":[0]},"t":72,"s":[42.812]},{"i":{"x":[0.833],"y":[1]},"o":{"x":[0.333],"y":[0]},"t":86,"s":[20.812]},{"i":{"x":[0.667],"y":[1]},"o":{"x":[0.333],"y":[0]},"t":290,"s":[20.812]},{"i":{"x":[0.833],"y":[1]},"o":{"x":[0.333],"y":[0]},"t":298,"s":[43.438]},{"i":{"x":[0.667],"y":[1]},"o":{"x":[0.333],"y":[0]},"t":306,"s":[20.812]},{"i":{"x":[0.833],"y":[1]},"o":{"x":[0.333],"y":[0]},"t":314,"s":[43.438]},{"i":{"x":[0.833],"y":[1]},"o":{"x":[0.333],"y":[0]},"t":321,"s":[20.812]},{"i":{"x":[0.667],"y":[1]},"o":{"x":[0.333],"y":[0]},"t":352,"s":[20.812]},{"i":{"x":[0.667],"y":[1]},"o":{"x":[0.333],"y":[0]},"t":360,"s":[43.438]},{"i":{"x":[0.667],"y":[1]},"o":{"x":[0.333],"y":[0]},"t":398,"s":[43.438]},{"t":406.333984375,"s":[20.812]}],"ix":4}},"a":{"a":0,"k":[0,0,0],"ix":1,"l":2},"s":{"a":0,"k":[94,100,100],"ix":6,"l":2}},"ao":0,"shapes":[{"ind":0,"ty":"sh","ix":1,"ks":{"a":1,"k":[{"i":{"x":0.667,"y":1},"o":{"x":0.333,"y":0},"t":13,"s":[{"i":[[0,0],[9.827,0],[0.092,9.805],[0,0],[0,0]],"o":[[-0.092,9.805],[-9.827,0],[0,0],[0,0],[0,0]],"v":[[17.907,-8.869],[0,8.869],[-17.907,-8.869],[-10.126,-8.869],[11.249,-8.869]],"c":true}]},{"i":{"x":0.667,"y":1},"o":{"x":0.333,"y":0},"t":25,"s":[{"i":[[3.191,-2.475],[23.316,0],[5.863,3.926],[0,0],[0,0]],"o":[[-5.208,4.038],[-23.316,0],[-4.255,-2.85],[0,0],[0,0]],"v":[[37.965,-10.369],[0.066,-3.881],[-38.364,-10.119],[-47.032,-33.744],[44.641,-31.869]],"c":true}]},{"i":{"x":0.667,"y":1},"o":{"x":0.333,"y":0},"t":72,"s":[{"i":[[3.191,-2.475],[23.316,0],[5.863,3.926],[0,0],[0,0]],"o":[[-5.208,4.038],[-23.316,0],[-4.255,-2.85],[0,0],[0,0]],"v":[[37.965,-10.369],[0.066,-3.881],[-38.364,-10.119],[-47.032,-33.744],[44.641,-31.869]],"c":true}]},{"i":{"x":0.833,"y":1},"o":{"x":0.333,"y":0},"t":86,"s":[{"i":[[0,0],[9.827,0],[0.092,9.805],[0,0],[0,0]],"o":[[-0.092,9.805],[-9.827,0],[0,0],[0,0],[0,0]],"v":[[17.907,-8.869],[0,8.869],[-17.907,-8.869],[-10.126,-8.869],[11.249,-8.869]],"c":true}]},{"i":{"x":0.667,"y":1},"o":{"x":0.333,"y":0},"t":290,"s":[{"i":[[0,0],[9.827,0],[0.092,9.805],[0,0],[0,0]],"o":[[-0.092,9.805],[-9.827,0],[0,0],[0,0],[0,0]],"v":[[17.907,-8.869],[0,8.869],[-17.907,-8.869],[-10.126,-8.869],[11.249,-8.869]],"c":true}]},{"i":{"x":0.833,"y":1},"o":{"x":0.333,"y":0},"t":298,"s":[{"i":[[1.061,-11.898],[9.827,0],[0.884,12.516],[0,0],[0,0]],"o":[[-1.009,11.307],[-9.827,0],[-0.702,-9.936],[0,0],[0,0]],"v":[[18.686,-8.852],[0,8.869],[-20.631,-8.828],[-27.751,-33.869],[26.624,-33.869]],"c":true}]},{"i":{"x":0.667,"y":1},"o":{"x":0.333,"y":0},"t":306,"s":[{"i":[[0,0],[9.827,0],[0.092,9.805],[0,0],[0,0]],"o":[[-0.092,9.805],[-9.827,0],[0,0],[0,0],[0,0]],"v":[[17.907,-8.869],[0,8.869],[-17.907,-8.869],[-10.126,-8.869],[11.249,-8.869]],"c":true}]},{"i":{"x":0.833,"y":1},"o":{"x":0.333,"y":0},"t":314,"s":[{"i":[[1.061,-11.898],[9.827,0],[0.884,12.516],[0,0],[0,0]],"o":[[-1.009,11.307],[-9.827,0],[-0.702,-9.936],[0,0],[0,0]],"v":[[18.686,-8.852],[0,8.869],[-20.631,-8.828],[-27.751,-33.869],[26.624,-33.869]],"c":true}]},{"i":{"x":0.833,"y":1},"o":{"x":0.333,"y":0},"t":321,"s":[{"i":[[0,0],[9.827,0],[0.092,9.805],[0,0],[0,0]],"o":[[-0.092,9.805],[-9.827,0],[0,0],[0,0],[0,0]],"v":[[17.907,-8.869],[0,8.869],[-17.907,-8.869],[-10.126,-8.869],[11.249,-8.869]],"c":true}]},{"i":{"x":0.667,"y":1},"o":{"x":0.333,"y":0},"t":352,"s":[{"i":[[0,0],[9.827,0],[0.092,9.805],[0,0],[0,0]],"o":[[-0.092,9.805],[-9.827,0],[0,0],[0,0],[0,0]],"v":[[17.907,-8.869],[0,8.869],[-17.907,-8.869],[-10.126,-8.869],[11.249,-8.869]],"c":true}]},{"i":{"x":0.667,"y":1},"o":{"x":0.333,"y":0},"t":360,"s":[{"i":[[1.061,-11.898],[9.827,0],[0.884,12.516],[0,0],[0,0]],"o":[[-1.009,11.307],[-9.827,0],[-0.702,-9.936],[0,0],[0,0]],"v":[[18.686,-8.852],[0,8.869],[-20.631,-8.828],[-27.751,-33.869],[26.624,-33.869]],"c":true}]},{"i":{"x":0.667,"y":1},"o":{"x":0.333,"y":0},"t":398,"s":[{"i":[[1.061,-11.898],[9.827,0],[0.884,12.516],[0,0],[0,0]],"o":[[-1.009,11.307],[-9.827,0],[-0.702,-9.936],[0,0],[0,0]],"v":[[18.686,-8.852],[0,8.869],[-20.631,-8.828],[-27.751,-33.869],[26.624,-33.869]],"c":true}]},{"t":406.333984375,"s":[{"i":[[0,0],[9.827,0],[0.092,9.805],[0,0],[0,0]],"o":[[-0.092,9.805],[-9.827,0],[0,0],[0,0],[0,0]],"v":[[17.907,-8.869],[0,8.869],[-17.907,-8.869],[-10.126,-8.869],[11.249,-8.869]],"c":true}]}],"ix":2},"nm":"b beak","mn":"ADBE Vector Shape - Group","hd":false},{"ty":"fl","c":{"a":0,"k":[0.858823529412,0.454901960784,0,1],"ix":4},"o":{"a":0,"k":100,"ix":5},"r":1,"bm":0,"nm":"Fill 1","mn":"ADBE Vector Graphic - Fill","hd":false}],"ip":0,"op":500,"st":0,"bm":0},{"ddd":0,"ind":14,"ty":4,"nm":"Right eye mask","sr":1,"ks":{"o":{"a":0,"k":100,"ix":11},"r":{"a":0,"k":0,"ix":10},"p":{"a":0,"k":[255.05,171.036,0],"ix":2,"l":2},"a":{"a":0,"k":[1.8,-152.965,0],"ix":1,"l":2},"s":{"a":0,"k":[100,100,100],"ix":6,"l":2}},"ao":0,"shapes":[{"ty":"gr","it":[{"ind":0,"ty":"sh","ix":1,"ks":{"a":0,"k":{"i":[[37.17,0],[0,37.16],[-37.16,0],[0,-37.17]],"o":[[-37.16,0],[0,-37.17],[37.17,0],[0,37.16]],"v":[[-89.83,-84.94],[-157.12,-152.23],[-89.83,-219.52],[-22.53,-152.23]],"c":true},"ix":2},"nm":"Path 1","mn":"ADBE Vector Shape - Group","hd":false},{"ind":1,"ty":"sh","ix":2,"ks":{"a":0,"k":{"i":[[7.32,14.41],[41.38,0],[15.429,-8.804],[0,-35.47],[-59.57,0],[-14.935,11.584],[-5.29,15.1],[0,12.3]],"o":[[-17.53,-34.56],[-14.94,0],[-25.4,14.494],[0,56.72],[20.97,0],[12.142,-9.418],[3.85,-10.99],[0,-17.26]],"v":[[-13.24,-193.04],[-108.03,-251.3],[-150.1,-242.62],[-197.75,-157.39],[-89.82,-54.63],[-33.315,-70.21],[-7.75,-109.97],[-1.8,-145.07]],"c":true},"ix":2},"nm":"Path 2","mn":"ADBE Vector Shape - Group","hd":false},{"ty":"fl","c":{"a":0,"k":[0.858823537827,0.949019610882,0.952941179276,1],"ix":4},"o":{"a":0,"k":100,"ix":5},"r":1,"bm":0,"nm":"Fill 1","mn":"ADBE Vector Graphic - Fill","hd":false},{"ty":"tr","p":{"a":0,"k":[0,0],"ix":2},"a":{"a":0,"k":[0,0],"ix":1},"s":{"a":0,"k":[-100,100],"ix":3},"r":{"a":0,"k":0,"ix":6},"o":{"a":0,"k":100,"ix":7},"sk":{"a":0,"k":0,"ix":4},"sa":{"a":0,"k":0,"ix":5},"nm":"Transform"}],"nm":"Group 1","np":3,"cix":2,"bm":0,"ix":1,"mn":"ADBE Vector Group","hd":false}],"ip":0,"op":500,"st":0,"bm":0},{"ddd":0,"ind":15,"ty":4,"nm":"Left Eye Mask","sr":1,"ks":{"o":{"a":0,"k":100,"ix":11},"r":{"a":0,"k":0,"ix":10},"p":{"a":0,"k":[253.2,171.036,0],"ix":2,"l":2},"a":{"a":0,"k":[-1.8,-152.965,0],"ix":1,"l":2},"s":{"a":0,"k":[100,100,100],"ix":6,"l":2}},"ao":0,"shapes":[{"ty":"gr","it":[{"ind":0,"ty":"sh","ix":1,"ks":{"a":0,"k":{"i":[[37.17,0],[0,37.16],[-37.16,0],[0,-37.17]],"o":[[-37.16,0],[0,-37.17],[37.17,0],[0,37.16]],"v":[[-89.83,-84.94],[-157.12,-152.23],[-89.83,-219.52],[-22.53,-152.23]],"c":true},"ix":2},"nm":"Path 1","mn":"ADBE Vector Shape - Group","hd":false},{"ind":1,"ty":"sh","ix":2,"ks":{"a":0,"k":{"i":[[7.32,14.41],[41.38,0],[15.429,-8.804],[0,-35.47],[-59.57,0],[-14.935,11.584],[-5.29,15.1],[0,12.3]],"o":[[-17.53,-34.56],[-14.94,0],[-25.4,14.494],[0,56.72],[20.97,0],[12.142,-9.418],[3.85,-10.99],[0,-17.26]],"v":[[-13.24,-193.04],[-108.03,-251.3],[-150.1,-242.62],[-197.75,-157.39],[-89.82,-54.63],[-33.315,-70.21],[-7.75,-109.97],[-1.8,-145.07]],"c":true},"ix":2},"nm":"Path 2","mn":"ADBE Vector Shape - Group","hd":false},{"ty":"fl","c":{"a":0,"k":[0.858823537827,0.949019610882,0.952941179276,1],"ix":4},"o":{"a":0,"k":100,"ix":5},"r":1,"bm":0,"nm":"Fill 1","mn":"ADBE Vector Graphic - Fill","hd":false},{"ty":"tr","p":{"a":0,"k":[0,0],"ix":2},"a":{"a":0,"k":[0,0],"ix":1},"s":{"a":0,"k":[100,100],"ix":3},"r":{"a":0,"k":0,"ix":6},"o":{"a":0,"k":100,"ix":7},"sk":{"a":0,"k":0,"ix":4},"sa":{"a":0,"k":0,"ix":5},"nm":"Transform"}],"nm":"Group 1","np":3,"cix":2,"bm":0,"ix":1,"mn":"ADBE Vector Group","hd":false}],"ip":0,"op":500,"st":0,"bm":0},{"ddd":0,"ind":16,"ty":4,"nm":"Right-Reflection","parent":17,"sr":1,"ks":{"o":{"a":0,"k":100,"ix":11},"r":{"a":0,"k":0,"ix":10},"p":{"a":0,"k":[602.133,323.289,0],"ix":2,"l":2},"a":{"a":0,"k":[602.133,323.289,0],"ix":1,"l":2},"s":{"a":0,"k":[100,100,100],"ix":6,"l":2}},"ao":0,"shapes":[{"ty":"gr","it":[{"ty":"gr","it":[{"ind":0,"ty":"sh","ix":1,"ks":{"a":0,"k":{"i":[[-9.654,0],[0,-9.654],[9.654,0],[0,9.654]],"o":[[9.654,0],[0,9.654],[-9.654,0],[0,-9.654]],"v":[[0,-17.481],[17.481,0],[0,17.481],[-17.481,0]],"c":true},"ix":2},"nm":"Path 1","mn":"ADBE Vector Shape - Group","hd":false},{"ty":"fl","c":{"a":0,"k":[1,1,1,1],"ix":4},"o":{"a":0,"k":100,"ix":5},"r":1,"bm":0,"nm":"Fill 1","mn":"ADBE Vector Graphic - Fill","hd":false},{"ty":"tr","p":{"a":0,"k":[0,0],"ix":2},"a":{"a":0,"k":[0,0],"ix":1},"s":{"a":0,"k":[100,100],"ix":3},"r":{"a":0,"k":0,"ix":6},"o":{"a":0,"k":100,"ix":7},"sk":{"a":0,"k":0,"ix":4},"sa":{"a":0,"k":0,"ix":5},"nm":"Transform"}],"nm":"Group 1","np":2,"cix":2,"bm":0,"ix":1,"mn":"ADBE Vector Group","hd":false},{"ty":"tr","p":{"a":0,"k":[602.133,323.289],"ix":2},"a":{"a":0,"k":[0,0],"ix":1},"s":{"a":0,"k":[100,100],"ix":3},"r":{"a":0,"k":0,"ix":6},"o":{"a":0,"k":100,"ix":7},"sk":{"a":0,"k":0,"ix":4},"sa":{"a":0,"k":0,"ix":5},"nm":"Transform"}],"nm":"Right-Reflection","np":1,"cix":2,"bm":0,"ix":1,"mn":"ADBE Vector Group","hd":false}],"ip":0,"op":500,"st":0,"bm":0},{"ddd":0,"ind":17,"ty":4,"nm":"Right-Pupil","parent":1,"sr":1,"ks":{"o":{"a":0,"k":100,"ix":11},"r":{"a":0,"k":0,"ix":10},"p":{"a":0,"k":[138.657,53.766,0],"ix":2,"l":2},"a":{"a":0,"k":[577.658,347.766,0],"ix":1,"l":2},"s":{"a":0,"k":[100,100,100],"ix":6,"l":2}},"ao":0,"shapes":[{"ty":"gr","it":[{"ty":"gr","it":[{"ind":0,"ty":"sh","ix":1,"ks":{"a":0,"k":{"i":[[-23.173,0],[0,-23.173],[23.173,0],[0,23.173]],"o":[[23.173,0],[0,23.173],[-23.173,0],[0,-23.173]],"v":[[0,-41.958],[41.958,0],[0,41.958],[-41.958,0]],"c":true},"ix":2},"nm":"Path 1","mn":"ADBE Vector Shape - Group","hd":false},{"ty":"fl","c":{"a":0,"k":[0.298039227724,0.760784327984,0.768627464771,1],"ix":4},"o":{"a":0,"k":100,"ix":5},"r":1,"bm":0,"nm":"Fill 1","mn":"ADBE Vector Graphic - Fill","hd":false},{"ty":"tr","p":{"a":0,"k":[0,0],"ix":2},"a":{"a":0,"k":[0,0],"ix":1},"s":{"a":0,"k":[100,100],"ix":3},"r":{"a":0,"k":0,"ix":6},"o":{"a":0,"k":100,"ix":7},"sk":{"a":0,"k":0,"ix":4},"sa":{"a":0,"k":0,"ix":5},"nm":"Transform"}],"nm":"Group 1","np":2,"cix":2,"bm":0,"ix":1,"mn":"ADBE Vector Group","hd":false},{"ty":"tr","p":{"a":0,"k":[577.658,347.766],"ix":2},"a":{"a":0,"k":[0,0],"ix":1},"s":{"a":0,"k":[100,100],"ix":3},"r":{"a":0,"k":0,"ix":6},"o":{"a":0,"k":100,"ix":7},"sk":{"a":0,"k":0,"ix":4},"sa":{"a":0,"k":0,"ix":5},"nm":"Transform"}],"nm":"Right-Pupil","np":1,"cix":2,"bm":0,"ix":1,"mn":"ADBE Vector Group","hd":false}],"ip":0,"op":500,"st":0,"bm":0},{"ddd":0,"ind":18,"ty":4,"nm":"Right-Eyeball","sr":1,"ks":{"o":{"a":0,"k":100,"ix":11},"r":{"a":0,"k":0,"ix":10},"p":{"a":0,"k":[343.019,171.767,0],"ix":2,"l":2},"a":{"a":0,"k":[588.019,347.767,0],"ix":1,"l":2},"s":{"a":0,"k":[100,100,100],"ix":6,"l":2}},"ao":0,"shapes":[{"ty":"gr","it":[{"ty":"gr","it":[{"ind":0,"ty":"sh","ix":1,"ks":{"a":0,"k":{"i":[[-37.394,0],[0,-37.163],[37.394,0],[0,37.163]],"o":[[37.394,0],[0,37.163],[-37.394,0],[0,-37.163]],"v":[[2.692,-67.29],[70.401,0],[2.692,67.29],[-65.016,0]],"c":true},"ix":2},"nm":"Path 1","mn":"ADBE Vector Shape - Group","hd":false},{"ty":"fl","c":{"a":0,"k":[1,1,1,1],"ix":4},"o":{"a":0,"k":100,"ix":5},"r":1,"bm":0,"nm":"Fill 1","mn":"ADBE Vector Graphic - Fill","hd":false},{"ty":"tr","p":{"a":0,"k":[0,0],"ix":2},"a":{"a":0,"k":[0,0],"ix":1},"s":{"a":0,"k":[120,120],"ix":3},"r":{"a":0,"k":0,"ix":6},"o":{"a":0,"k":100,"ix":7},"sk":{"a":0,"k":0,"ix":4},"sa":{"a":0,"k":0,"ix":5},"nm":"Transform"}],"nm":"Group 1","np":2,"cix":2,"bm":0,"ix":1,"mn":"ADBE Vector Group","hd":false},{"ty":"tr","p":{"a":0,"k":[588.019,347.767],"ix":2},"a":{"a":0,"k":[0,0],"ix":1},"s":{"a":0,"k":[100,100],"ix":3},"r":{"a":0,"k":0,"ix":6},"o":{"a":0,"k":100,"ix":7},"sk":{"a":0,"k":0,"ix":4},"sa":{"a":0,"k":0,"ix":5},"nm":"Transform"}],"nm":"Right-Eyeball","np":1,"cix":2,"bm":0,"ix":1,"mn":"ADBE Vector Group","hd":false}],"ip":0,"op":500,"st":0,"bm":0},{"ddd":0,"ind":20,"ty":4,"nm":"Left-Reflection","parent":21,"sr":1,"ks":{"o":{"a":0,"k":100,"ix":11},"r":{"a":0,"k":0,"ix":10},"p":{"a":0,"k":[396.061,323.289,0],"ix":2,"l":2},"a":{"a":0,"k":[396.061,323.289,0],"ix":1,"l":2},"s":{"a":0,"k":[100,100,100],"ix":6,"l":2}},"ao":0,"shapes":[{"ty":"gr","it":[{"ty":"gr","it":[{"ind":0,"ty":"sh","ix":1,"ks":{"a":0,"k":{"i":[[9.654,0],[0,-9.654],[-9.654,0],[0,9.654]],"o":[[-9.654,0],[0,9.654],[9.654,0],[0,-9.654]],"v":[[0,-17.481],[-17.481,0],[0,17.481],[17.481,0]],"c":true},"ix":2},"nm":"Path 1","mn":"ADBE Vector Shape - Group","hd":false},{"ty":"fl","c":{"a":0,"k":[1,1,1,1],"ix":4},"o":{"a":0,"k":100,"ix":5},"r":1,"bm":0,"nm":"Fill 1","mn":"ADBE Vector Graphic - Fill","hd":false},{"ty":"tr","p":{"a":0,"k":[0,0],"ix":2},"a":{"a":0,"k":[0,0],"ix":1},"s":{"a":0,"k":[100,100],"ix":3},"r":{"a":0,"k":0,"ix":6},"o":{"a":0,"k":100,"ix":7},"sk":{"a":0,"k":0,"ix":4},"sa":{"a":0,"k":0,"ix":5},"nm":"Transform"}],"nm":"Group 1","np":2,"cix":2,"bm":0,"ix":1,"mn":"ADBE Vector Group","hd":false},{"ty":"tr","p":{"a":0,"k":[396.061,323.289],"ix":2},"a":{"a":0,"k":[0,0],"ix":1},"s":{"a":0,"k":[100,100],"ix":3},"r":{"a":0,"k":0,"ix":6},"o":{"a":0,"k":100,"ix":7},"sk":{"a":0,"k":0,"ix":4},"sa":{"a":0,"k":0,"ix":5},"nm":"Transform"}],"nm":"Left-Reflection","np":1,"cix":2,"bm":0,"ix":1,"mn":"ADBE Vector Group","hd":false}],"ip":0,"op":500,"st":0,"bm":0},{"ddd":0,"ind":21,"ty":4,"nm":"Left-Pupil","parent":1,"sr":1,"ks":{"o":{"a":0,"k":100,"ix":11},"r":{"a":0,"k":0,"ix":10},"p":{"a":0,"k":[-39.464,53.766,0],"ix":2,"l":2},"a":{"a":0,"k":[420.536,347.766,0],"ix":1,"l":2},"s":{"a":0,"k":[100,100,100],"ix":6,"l":2}},"ao":0,"shapes":[{"ty":"gr","it":[{"ty":"gr","it":[{"ind":0,"ty":"sh","ix":1,"ks":{"a":0,"k":{"i":[[23.173,0],[0,-23.173],[-23.173,0],[0,23.173]],"o":[[-23.173,0],[0,23.173],[23.173,0],[0,-23.173]],"v":[[0,-41.958],[-41.958,0],[0,41.958],[41.958,0]],"c":true},"ix":2},"nm":"Path 1","mn":"ADBE Vector Shape - Group","hd":false},{"ty":"fl","c":{"a":0,"k":[0.298039227724,0.760784327984,0.768627464771,1],"ix":4},"o":{"a":0,"k":100,"ix":5},"r":1,"bm":0,"nm":"Fill 1","mn":"ADBE Vector Graphic - Fill","hd":false},{"ty":"tr","p":{"a":0,"k":[0,0],"ix":2},"a":{"a":0,"k":[0,0],"ix":1},"s":{"a":0,"k":[100,100],"ix":3},"r":{"a":0,"k":0,"ix":6},"o":{"a":0,"k":100,"ix":7},"sk":{"a":0,"k":0,"ix":4},"sa":{"a":0,"k":0,"ix":5},"nm":"Transform"}],"nm":"Group 1","np":2,"cix":2,"bm":0,"ix":1,"mn":"ADBE Vector Group","hd":false},{"ty":"tr","p":{"a":0,"k":[420.536,347.766],"ix":2},"a":{"a":0,"k":[0,0],"ix":1},"s":{"a":0,"k":[100,100],"ix":3},"r":{"a":0,"k":0,"ix":6},"o":{"a":0,"k":100,"ix":7},"sk":{"a":0,"k":0,"ix":4},"sa":{"a":0,"k":0,"ix":5},"nm":"Transform"}],"nm":"Left-Pupil","np":1,"cix":2,"bm":0,"ix":1,"mn":"ADBE Vector Group","hd":false}],"ip":0,"op":500,"st":0,"bm":0},{"ddd":0,"ind":22,"ty":4,"nm":"Left-Eyeball","sr":1,"ks":{"o":{"a":0,"k":100,"ix":11},"r":{"a":0,"k":0,"ix":10},"p":{"a":0,"k":[165.175,171.767,0],"ix":2,"l":2},"a":{"a":0,"k":[410.175,347.767,0],"ix":1,"l":2},"s":{"a":0,"k":[100,100,100],"ix":6,"l":2}},"ao":0,"shapes":[{"ty":"gr","it":[{"ty":"gr","it":[{"ind":0,"ty":"sh","ix":1,"ks":{"a":0,"k":{"i":[[37.163,0],[0,-37.163],[-37.163,0],[0,37.163]],"o":[[-37.163,0],[0,37.163],[37.163,0],[0,-37.163]],"v":[[0,-67.29],[-67.291,0],[0,67.29],[67.291,0]],"c":true},"ix":2},"nm":"Path 1","mn":"ADBE Vector Shape - Group","hd":false},{"ty":"fl","c":{"a":0,"k":[1,1,1,1],"ix":4},"o":{"a":0,"k":100,"ix":5},"r":1,"bm":0,"nm":"Fill 1","mn":"ADBE Vector Graphic - Fill","hd":false},{"ty":"tr","p":{"a":0,"k":[0,0],"ix":2},"a":{"a":0,"k":[0,0],"ix":1},"s":{"a":0,"k":[120,120],"ix":3},"r":{"a":0,"k":0,"ix":6},"o":{"a":0,"k":100,"ix":7},"sk":{"a":0,"k":0,"ix":4},"sa":{"a":0,"k":0,"ix":5},"nm":"Transform"}],"nm":"Group 1","np":2,"cix":2,"bm":0,"ix":1,"mn":"ADBE Vector Group","hd":false},{"ty":"tr","p":{"a":0,"k":[410.175,347.767],"ix":2},"a":{"a":0,"k":[0,0],"ix":1},"s":{"a":0,"k":[100,100],"ix":3},"r":{"a":0,"k":0,"ix":6},"o":{"a":0,"k":100,"ix":7},"sk":{"a":0,"k":0,"ix":4},"sa":{"a":0,"k":0,"ix":5},"nm":"Transform"}],"nm":"Lrft-Eyeball","np":1,"cix":2,"bm":0,"ix":1,"mn":"ADBE Vector Group","hd":false}],"ip":0,"op":500,"st":0,"bm":0},{"ddd":0,"ind":24,"ty":4,"nm":"Right-eye-socket","sr":1,"ks":{"o":{"a":0,"k":100,"ix":11},"r":{"a":0,"k":0,"ix":10},"p":{"a":0,"k":[222.557,169.739,0],"ix":2,"l":2},"a":{"a":0,"k":[467.557,345.739,0],"ix":1,"l":2},"s":{"a":0,"k":[100,100,100],"ix":6,"l":2}},"ao":0,"shapes":[{"ty":"gr","it":[{"ty":"gr","it":[{"ind":0,"ty":"sh","ix":1,"ks":{"a":0,"k":{"i":[[70.409,0],[0,-68.178],[-70.409,0],[0,68.178]],"o":[[-70.409,0],[0,68.178],[70.409,0],[0,-68.178]],"v":[[0,-123.448],[-127.486,0],[0,123.448],[127.486,0]],"c":true},"ix":2},"nm":"Path 1","mn":"ADBE Vector Shape - Group","hd":false},{"ty":"fl","c":{"a":0,"k":[0.298039227724,0.760784327984,0.768627464771,1],"ix":4},"o":{"a":0,"k":100,"ix":5},"r":1,"bm":0,"nm":"Fill 1","mn":"ADBE Vector Graphic - Fill","hd":false},{"ty":"tr","p":{"a":0,"k":[0,0],"ix":2},"a":{"a":0,"k":[0,0],"ix":1},"s":{"a":0,"k":[100,100],"ix":3},"r":{"a":0,"k":0,"ix":6},"o":{"a":0,"k":100,"ix":7},"sk":{"a":0,"k":0,"ix":4},"sa":{"a":0,"k":0,"ix":5},"nm":"Transform"}],"nm":"Group 1","np":2,"cix":2,"bm":0,"ix":1,"mn":"ADBE Vector Group","hd":false},{"ty":"tr","p":{"a":0,"k":[594.557,345.739],"ix":2},"a":{"a":0,"k":[0,0],"ix":1},"s":{"a":0,"k":[100,100],"ix":3},"r":{"a":0,"k":0,"ix":6},"o":{"a":0,"k":100,"ix":7},"sk":{"a":0,"k":0,"ix":4},"sa":{"a":0,"k":0,"ix":5},"nm":"Transform"}],"nm":"Right-eye-socket","np":1,"cix":2,"bm":0,"ix":1,"mn":"ADBE Vector Group","hd":false}],"ip":0,"op":500,"st":0,"bm":0},{"ddd":0,"ind":25,"ty":4,"nm":"Left-eye-socket","sr":1,"ks":{"o":{"a":0,"k":100,"ix":11},"r":{"a":0,"k":0,"ix":10},"p":{"a":0,"k":[286.133,169.739,0],"ix":2,"l":2},"a":{"a":0,"k":[531.133,345.739,0],"ix":1,"l":2},"s":{"a":0,"k":[100,100,100],"ix":6,"l":2}},"ao":0,"shapes":[{"ty":"gr","it":[{"ty":"gr","it":[{"ind":0,"ty":"sh","ix":1,"ks":{"a":0,"k":{"i":[[-70.409,0],[0,-68.178],[70.409,0],[0,68.178]],"o":[[70.409,0],[0,68.178],[-70.409,0],[0,-68.178]],"v":[[0,-123.448],[127.486,0],[0,123.448],[-127.486,0]],"c":true},"ix":2},"nm":"Path 1","mn":"ADBE Vector Shape - Group","hd":false},{"ty":"fl","c":{"a":0,"k":[0.298039227724,0.760784327984,0.768627464771,1],"ix":4},"o":{"a":0,"k":100,"ix":5},"r":1,"bm":0,"nm":"Fill 1","mn":"ADBE Vector Graphic - Fill","hd":false},{"ty":"tr","p":{"a":0,"k":[0,0],"ix":2},"a":{"a":0,"k":[0,0],"ix":1},"s":{"a":0,"k":[100,100],"ix":3},"r":{"a":0,"k":0,"ix":6},"o":{"a":0,"k":100,"ix":7},"sk":{"a":0,"k":0,"ix":4},"sa":{"a":0,"k":0,"ix":5},"nm":"Transform"}],"nm":"Group 1","np":2,"cix":2,"bm":0,"ix":1,"mn":"ADBE Vector Group","hd":false},{"ty":"tr","p":{"a":0,"k":[403.647,345.739],"ix":2},"a":{"a":0,"k":[0,0],"ix":1},"s":{"a":0,"k":[100,100],"ix":3},"r":{"a":0,"k":0,"ix":6},"o":{"a":0,"k":100,"ix":7},"sk":{"a":0,"k":0,"ix":4},"sa":{"a":0,"k":0,"ix":5},"nm":"Transform"}],"nm":"Left-eye-socket","np":1,"cix":2,"bm":0,"ix":1,"mn":"ADBE Vector Group","hd":false}],"ip":0,"op":500,"st":0,"bm":0}]}],"layers":[{"ddd":0,"ind":1,"ty":3,"nm":"Jump","sr":1,"ks":{"o":{"a":0,"k":0,"ix":11},"r":{"a":0,"k":0,"ix":10},"p":{"s":true,"x":{"a":0,"k":500,"ix":3},"y":{"a":0,"k":550,"ix":4}},"a":{"a":0,"k":[50,50,0],"ix":1,"l":2},"s":{"a":0,"k":[100,100,100],"ix":6,"l":2}},"ao":0,"ip":0,"op":500,"st":0,"bm":0},{"ddd":0,"ind":2,"ty":3,"nm":"Legs","parent":1,"sr":1,"ks":{"o":{"a":0,"k":0,"ix":11},"r":{"a":0,"k":0,"ix":10},"p":{"a":0,"k":[50,318,0],"ix":2,"l":2},"a":{"a":0,"k":[50,100,0],"ix":1,"l":2},"s":{"a":0,"k":[100,100,100],"ix":6,"l":2}},"ao":0,"ip":0,"op":500,"st":0,"bm":0},{"ddd":0,"ind":3,"ty":3,"nm":"Body","parent":1,"sr":1,"ks":{"o":{"a":0,"k":0,"ix":11},"r":{"a":0,"k":0,"ix":10},"p":{"a":0,"k":[50,318,0],"ix":2,"l":2},"a":{"a":0,"k":[50,100,0],"ix":1,"l":2},"s":{"a":0,"k":[100,100,100],"ix":6,"l":2}},"ao":0,"ip":0,"op":500,"st":0,"bm":0},{"ddd":0,"ind":4,"ty":0,"nm":"Head 7","parent":3,"refId":"comp_0","sr":1,"ks":{"o":{"a":0,"k":100,"ix":11},"r":{"a":0,"k":0,"ix":10},"p":{"s":true,"x":{"a":0,"k":50,"ix":3},"y":{"a":1,"k":[{"i":{"x":[0.667],"y":[1]},"o":{"x":[0.333],"y":[0]},"t":13,"s":[-237]},{"i":{"x":[0.667],"y":[1]},"o":{"x":[0.333],"y":[0]},"t":35,"s":[-269]},{"i":{"x":[0.667],"y":[1]},"o":{"x":[0.333],"y":[0]},"t":72,"s":[-269]},{"t":88,"s":[-237]}],"ix":4}},"a":{"a":0,"k":[255,324,0],"ix":1,"l":2},"s":{"a":1,"k":[{"i":{"x":[0.667,0.667,0.667],"y":[1,1,1]},"o":{"x":[0.333,0.333,0.333],"y":[0,0,0]},"t":13,"s":[100,100,100]},{"i":{"x":[0.667,0.667,0.667],"y":[1,1,1]},"o":{"x":[0.333,0.333,0.333],"y":[0,0,0]},"t":35,"s":[100,90,100]},{"i":{"x":[0.667,0.667,0.667],"y":[1,1,1]},"o":{"x":[0.333,0.333,0.333],"y":[0,0,0]},"t":72,"s":[100,90,100]},{"t":88,"s":[100,100,100]}],"ix":6,"l":2}},"ao":0,"w":510,"h":294,"ip":0,"op":500,"st":0,"bm":0},{"ddd":0,"ind":5,"ty":4,"nm":"chest","parent":3,"sr":1,"ks":{"o":{"a":0,"k":100,"ix":11},"r":{"a":0,"k":0,"ix":10},"p":{"s":true,"x":{"a":0,"k":50,"ix":3},"y":{"a":1,"k":[{"i":{"x":[0.667],"y":[1]},"o":{"x":[0.333],"y":[0]},"t":13,"s":[-314.914]},{"i":{"x":[0.667],"y":[1]},"o":{"x":[0.333],"y":[0]},"t":35,"s":[-331.914]},{"i":{"x":[0.667],"y":[1]},"o":{"x":[0.333],"y":[0]},"t":72,"s":[-331.914]},{"t":88,"s":[-314.914]}],"ix":4}},"a":{"a":0,"k":[500,416.086,0],"ix":1,"l":2},"s":{"a":1,"k":[{"i":{"x":[0.667,0.667,0.667],"y":[1,1,1]},"o":{"x":[0.333,0.333,0.333],"y":[0,0,0]},"t":13,"s":[100,100,100]},{"i":{"x":[0.667,0.667,0.667],"y":[1,1,1]},"o":{"x":[0.333,0.333,0.333],"y":[0,0,0]},"t":35,"s":[100,95,100]},{"i":{"x":[0.667,0.667,0.667],"y":[1,1,1]},"o":{"x":[0.333,0.333,0.333],"y":[0,0,0]},"t":72,"s":[100,95,100]},{"t":88,"s":[100,100,100]}],"ix":6,"l":2}},"ao":0,"shapes":[{"ty":"gr","it":[{"ty":"gr","it":[{"ty":"gr","it":[{"ty":"gr","it":[{"ind":0,"ty":"sh","ix":1,"ks":{"a":0,"k":{"i":[[-1.301,-1.746],[-0.118,0.961],[-1.892,4.528],[-6.089,5.95],[0,-0.043],[0.059,-0.048],[2.306,-7.443],[0.236,-4.778],[-0.296,-3.175],[0,0],[0,0],[1.123,1.424],[1.418,2.293],[1.359,3.091],[0.946,3.284],[-0.059,6.891],[-0.827,4.546],[-0.059,-0.008],[0,-0.065],[-0.473,-4.399],[-2.365,-6.266],[-1.537,-2.96],[-1.892,-2.801]],"o":[[0.059,-0.979],[0.709,-5.054],[3.133,-7.366],[0,-0.048],[0.059,0.044],[-5.202,6.426],[-1.359,4.41],[-0.178,3.019],[0,0],[0,0],[-1.301,-1.394],[-1.773,-2.224],[-1.892,-3.01],[-1.478,-3.22],[-1.892,-6.709],[0.059,-4.481],[0,-0.065],[0.059,0.008],[-0.237,4.551],[0.651,6.591],[1.182,3.017],[1.478,2.836],[1.123,1.747]],"v":[[0.482,20.689],[0.777,17.78],[4.679,3.406],[18.629,-16.525],[18.747,-16.533],[18.747,-16.366],[7.457,4.427],[5.034,18.189],[5.151,27.473],[5.565,34.706],[0.896,29.209],[-2.711,24.999],[-7.498,18.219],[-12.405,9.059],[-16.011,-0.693],[-18.789,-21.084],[-17.489,-34.601],[-17.37,-34.705],[-17.252,-34.574],[-16.898,-21.176],[-12.287,-1.937],[-8.208,7.015],[-3.183,15.451]],"c":true},"ix":2},"nm":"Path 1","mn":"ADBE Vector Shape - Group","hd":false},{"ty":"fl","c":{"a":0,"k":[0,0.690196096897,0.701960802078,1],"ix":4},"o":{"a":0,"k":100,"ix":5},"r":1,"bm":0,"nm":"Fill 1","mn":"ADBE Vector Graphic - Fill","hd":false},{"ty":"tr","p":{"a":0,"k":[0,0],"ix":2},"a":{"a":0,"k":[0,0],"ix":1},"s":{"a":0,"k":[100,100],"ix":3},"r":{"a":0,"k":0,"ix":6},"o":{"a":0,"k":100,"ix":7},"sk":{"a":0,"k":0,"ix":4},"sa":{"a":0,"k":0,"ix":5},"nm":"Transform"}],"nm":"Group 1","np":2,"cix":2,"bm":0,"ix":1,"mn":"ADBE Vector Group","hd":false},{"ty":"tr","p":{"a":0,"k":[498.357,525.239],"ix":2},"a":{"a":0,"k":[0,0],"ix":1},"s":{"a":0,"k":[100,100],"ix":3},"r":{"a":0,"k":0,"ix":6},"o":{"a":0,"k":100,"ix":7},"sk":{"a":0,"k":0,"ix":4},"sa":{"a":0,"k":0,"ix":5},"nm":"Transform"}],"nm":"Group 1","np":1,"cix":2,"bm":0,"ix":1,"mn":"ADBE Vector Group","hd":false},{"ty":"gr","it":[{"ty":"gr","it":[{"ind":0,"ty":"sh","ix":1,"ks":{"a":0,"k":{"i":[[-0.059,-0.979],[-1.123,1.747],[-1.478,2.836],[-1.182,3.017],[-0.651,6.591],[0.237,4.551],[-0.059,0.008],[0,-0.065],[-0.059,-4.481],[1.892,-6.709],[1.478,-3.22],[1.892,-3.01],[1.773,-2.224],[1.301,-1.394],[0,0],[0,0],[0.178,3.019],[1.359,4.41],[5.202,6.426],[-0.059,0.044],[0,-0.048],[-3.133,-7.366],[-0.709,-5.054]],"o":[[1.301,-1.746],[1.892,-2.801],[1.537,-2.96],[2.365,-6.266],[0.473,-4.399],[0,-0.065],[0.059,-0.008],[0.827,4.546],[0.059,6.891],[-0.946,3.285],[-1.359,3.091],[-1.418,2.293],[-1.123,1.424],[0,0],[0,0],[0.296,-3.175],[-0.236,-4.778],[-2.306,-7.443],[-0.059,-0.048],[0,-0.043],[6.089,5.95],[1.892,4.528],[0.118,0.961]],"v":[[-0.482,20.689],[3.183,15.451],[8.208,7.015],[12.287,-1.937],[16.898,-21.176],[17.252,-34.574],[17.37,-34.705],[17.489,-34.601],[18.789,-21.084],[16.011,-0.693],[12.405,9.059],[7.498,18.219],[2.711,24.999],[-0.896,29.209],[-5.565,34.706],[-5.151,27.473],[-5.034,18.189],[-7.457,4.427],[-18.747,-16.366],[-18.747,-16.533],[-18.629,-16.525],[-4.679,3.406],[-0.777,17.78]],"c":true},"ix":2},"nm":"Path 1","mn":"ADBE Vector Shape - Group","hd":false},{"ty":"fl","c":{"a":0,"k":[0,0.690196096897,0.701960802078,1],"ix":4},"o":{"a":0,"k":100,"ix":5},"r":1,"bm":0,"nm":"Fill 1","mn":"ADBE Vector Graphic - Fill","hd":false},{"ty":"tr","p":{"a":0,"k":[0,0],"ix":2},"a":{"a":0,"k":[0,0],"ix":1},"s":{"a":0,"k":[100,100],"ix":3},"r":{"a":0,"k":0,"ix":6},"o":{"a":0,"k":100,"ix":7},"sk":{"a":0,"k":0,"ix":4},"sa":{"a":0,"k":0,"ix":5},"nm":"Transform"}],"nm":"Group 1","np":2,"cix":2,"bm":0,"ix":1,"mn":"ADBE Vector Group","hd":false},{"ty":"tr","p":{"a":0,"k":[530.075,594.792],"ix":2},"a":{"a":0,"k":[0,0],"ix":1},"s":{"a":0,"k":[100,100],"ix":3},"r":{"a":0,"k":0,"ix":6},"o":{"a":0,"k":100,"ix":7},"sk":{"a":0,"k":0,"ix":4},"sa":{"a":0,"k":0,"ix":5},"nm":"Transform"}],"nm":"Group 2","np":1,"cix":2,"bm":0,"ix":2,"mn":"ADBE Vector Group","hd":false},{"ty":"gr","it":[{"ty":"gr","it":[{"ind":0,"ty":"sh","ix":1,"ks":{"a":0,"k":{"i":[[-0.059,-0.979],[-1.123,1.747],[-1.478,2.836],[-1.182,3.017],[-0.651,6.591],[0.237,4.551],[-0.059,0.008],[0,-0.065],[-0.059,-4.481],[1.892,-6.709],[1.478,-3.22],[1.892,-3.01],[1.773,-2.224],[1.301,-1.394],[0,0],[0,0],[0.178,3.019],[1.359,4.41],[5.202,6.426],[-0.059,0.044],[0,-0.048],[-3.133,-7.366],[-0.709,-5.054]],"o":[[1.301,-1.746],[1.892,-2.801],[1.537,-2.96],[2.365,-6.266],[0.473,-4.399],[0,-0.065],[0.059,-0.008],[0.827,4.546],[0.059,6.891],[-0.946,3.285],[-1.359,3.091],[-1.418,2.293],[-1.123,1.424],[0,0],[0,0],[0.296,-3.175],[-0.236,-4.778],[-2.306,-7.443],[-0.059,-0.048],[0,-0.043],[6.089,5.95],[1.892,4.528],[0.118,0.961]],"v":[[-0.482,20.689],[3.183,15.451],[8.208,7.015],[12.287,-1.937],[16.898,-21.176],[17.252,-34.574],[17.37,-34.705],[17.489,-34.601],[18.789,-21.084],[16.011,-0.693],[12.405,9.059],[7.498,18.219],[2.711,24.999],[-0.896,29.209],[-5.565,34.706],[-5.151,27.473],[-5.034,18.189],[-7.457,4.427],[-18.747,-16.366],[-18.747,-16.533],[-18.629,-16.525],[-4.679,3.406],[-0.777,17.78]],"c":true},"ix":2},"nm":"Path 1","mn":"ADBE Vector Shape - Group","hd":false},{"ty":"fl","c":{"a":0,"k":[0,0.690196096897,0.701960802078,1],"ix":4},"o":{"a":0,"k":100,"ix":5},"r":1,"bm":0,"nm":"Fill 1","mn":"ADBE Vector Graphic - Fill","hd":false},{"ty":"tr","p":{"a":0,"k":[0,0],"ix":2},"a":{"a":0,"k":[0,0],"ix":1},"s":{"a":0,"k":[100,100],"ix":3},"r":{"a":0,"k":0,"ix":6},"o":{"a":0,"k":100,"ix":7},"sk":{"a":0,"k":0,"ix":4},"sa":{"a":0,"k":0,"ix":5},"nm":"Transform"}],"nm":"Group 1","np":2,"cix":2,"bm":0,"ix":1,"mn":"ADBE Vector Group","hd":false},{"ty":"tr","p":{"a":0,"k":[575.06,507.352],"ix":2},"a":{"a":0,"k":[0,0],"ix":1},"s":{"a":0,"k":[100,100],"ix":3},"r":{"a":0,"k":0,"ix":6},"o":{"a":0,"k":100,"ix":7},"sk":{"a":0,"k":0,"ix":4},"sa":{"a":0,"k":0,"ix":5},"nm":"Transform"}],"nm":"Group 3","np":1,"cix":2,"bm":0,"ix":3,"mn":"ADBE Vector Group","hd":false},{"ty":"gr","it":[{"ty":"gr","it":[{"ind":0,"ty":"sh","ix":1,"ks":{"a":0,"k":{"i":[[-1.301,-1.746],[-0.118,0.961],[-1.892,4.528],[-6.089,5.95],[0,-0.043],[0.059,-0.048],[2.306,-7.443],[0.236,-4.778],[-0.296,-3.175],[0,0],[0,0],[1.123,1.424],[1.418,2.293],[1.359,3.091],[0.946,3.284],[-0.059,6.891],[-0.827,4.546],[-0.059,-0.008],[0,-0.065],[-0.473,-4.399],[-2.365,-6.266],[-1.537,-2.96],[-1.892,-2.801]],"o":[[0.059,-0.979],[0.709,-5.054],[3.133,-7.366],[0,-0.048],[0.059,0.044],[-5.202,6.426],[-1.359,4.41],[-0.178,3.019],[0,0],[0,0],[-1.301,-1.394],[-1.773,-2.224],[-1.892,-3.01],[-1.478,-3.22],[-1.892,-6.709],[0.059,-4.481],[0,-0.065],[0.059,0.008],[-0.237,4.551],[0.651,6.591],[1.182,3.017],[1.478,2.836],[1.123,1.747]],"v":[[0.482,20.689],[0.777,17.78],[4.679,3.406],[18.629,-16.525],[18.747,-16.533],[18.747,-16.366],[7.457,4.427],[5.034,18.189],[5.151,27.473],[5.565,34.706],[0.896,29.209],[-2.711,24.999],[-7.498,18.219],[-12.405,9.059],[-16.011,-0.693],[-18.789,-21.084],[-17.489,-34.601],[-17.37,-34.705],[-17.252,-34.574],[-16.898,-21.176],[-12.287,-1.937],[-8.208,7.015],[-3.183,15.451]],"c":true},"ix":2},"nm":"Path 1","mn":"ADBE Vector Shape - Group","hd":false},{"ty":"fl","c":{"a":0,"k":[0,0.690196096897,0.701960802078,1],"ix":4},"o":{"a":0,"k":100,"ix":5},"r":1,"bm":0,"nm":"Fill 1","mn":"ADBE Vector Graphic - Fill","hd":false},{"ty":"tr","p":{"a":0,"k":[0,0],"ix":2},"a":{"a":0,"k":[0,0],"ix":1},"s":{"a":0,"k":[100,100],"ix":3},"r":{"a":0,"k":0,"ix":6},"o":{"a":0,"k":100,"ix":7},"sk":{"a":0,"k":0,"ix":4},"sa":{"a":0,"k":0,"ix":5},"nm":"Transform"}],"nm":"Group 1","np":2,"cix":2,"bm":0,"ix":1,"mn":"ADBE Vector Group","hd":false},{"ty":"tr","p":{"a":0,"k":[428.7,507.352],"ix":2},"a":{"a":0,"k":[0,0],"ix":1},"s":{"a":0,"k":[100,100],"ix":3},"r":{"a":0,"k":0,"ix":6},"o":{"a":0,"k":100,"ix":7},"sk":{"a":0,"k":0,"ix":4},"sa":{"a":0,"k":0,"ix":5},"nm":"Transform"}],"nm":"Group 4","np":1,"cix":2,"bm":0,"ix":4,"mn":"ADBE Vector Group","hd":false},{"ty":"gr","it":[{"ind":0,"ty":"sh","ix":1,"ks":{"a":0,"k":{"i":[[-1.301,-1.746],[-0.118,0.961],[-1.892,4.528],[-6.089,5.95],[0,-0.043],[0.059,-0.048],[2.306,-7.443],[0.236,-4.778],[-0.296,-3.175],[0,0],[0,0],[1.123,1.424],[1.418,2.293],[1.359,3.091],[0.946,3.284],[-0.059,6.891],[-0.827,4.546],[-0.059,-0.008],[0,-0.065],[-0.473,-4.399],[-2.365,-6.266],[-1.537,-2.96],[-1.892,-2.801]],"o":[[0.059,-0.979],[0.709,-5.054],[3.133,-7.366],[0,-0.048],[0.059,0.044],[-5.202,6.426],[-1.359,4.41],[-0.178,3.019],[0,0],[0,0],[-1.301,-1.394],[-1.773,-2.224],[-1.892,-3.01],[-1.478,-3.22],[-1.892,-6.709],[0.059,-4.481],[0,-0.065],[0.059,0.008],[-0.237,4.551],[0.651,6.591],[1.182,3.017],[1.478,2.836],[1.123,1.747]],"v":[[0.482,20.689],[0.777,17.78],[4.679,3.406],[18.629,-16.525],[18.747,-16.533],[18.747,-16.366],[7.457,4.427],[5.034,18.189],[5.151,27.473],[5.565,34.706],[0.896,29.209],[-2.711,24.999],[-7.498,18.219],[-12.405,9.059],[-16.011,-0.693],[-18.789,-21.084],[-17.489,-34.601],[-17.37,-34.705],[-17.252,-34.574],[-16.898,-21.176],[-12.287,-1.937],[-8.208,7.015],[-3.183,15.451]],"c":true},"ix":2},"nm":"Path 1","mn":"ADBE Vector Shape - Group","hd":false},{"ty":"fl","c":{"a":0,"k":[0,0.690196096897,0.701960802078,1],"ix":4},"o":{"a":0,"k":100,"ix":5},"r":1,"bm":0,"nm":"Fill 1","mn":"ADBE Vector Graphic - Fill","hd":false},{"ty":"tr","p":{"a":0,"k":[465.329,601.327],"ix":2},"a":{"a":0,"k":[0,0],"ix":1},"s":{"a":0,"k":[100,100],"ix":3},"r":{"a":0,"k":0,"ix":6},"o":{"a":0,"k":100,"ix":7},"sk":{"a":0,"k":0,"ix":4},"sa":{"a":0,"k":0,"ix":5},"nm":"Transform"}],"nm":"Group 5","np":2,"cix":2,"bm":0,"ix":5,"mn":"ADBE Vector Group","hd":false},{"ty":"tr","p":{"a":0,"k":[465.329,601.327],"ix":2},"a":{"a":0,"k":[465.329,601.327],"ix":1},"s":{"a":0,"k":[100,100],"ix":3},"r":{"a":0,"k":0,"ix":6},"o":{"a":0,"k":100,"ix":7},"sk":{"a":0,"k":0,"ix":4},"sa":{"a":0,"k":0,"ix":5},"nm":"Transform"}],"nm":"Group 1","np":5,"cix":2,"bm":0,"ix":1,"mn":"ADBE Vector Group","hd":false},{"ty":"tr","p":{"a":0,"k":[465.329,601.327],"ix":2},"a":{"a":0,"k":[465.329,601.327],"ix":1},"s":{"a":0,"k":[100,100],"ix":3},"r":{"a":0,"k":0,"ix":6},"o":{"a":0,"k":100,"ix":7},"sk":{"a":0,"k":0,"ix":4},"sa":{"a":0,"k":0,"ix":5},"nm":"Transform"}],"nm":"feathers","np":1,"cix":2,"bm":0,"ix":1,"mn":"ADBE Vector Group","hd":false},{"ty":"gr","it":[{"ty":"gr","it":[{"ind":0,"ty":"sh","ix":1,"ks":{"a":0,"k":{"i":[[8.618,-7.126],[-18.012,-23.626],[-6.017,13.13],[-33.54,-27.764],[0,0],[-34.937,-26.995],[-0.893,14.456],[-22.942,-11.47],[0.582,28.049],[5.939,-12.985],[-3.998,37.778],[0,0],[7.725,45.995],[5.085,-17.755],[23.098,35.796],[45.807,-0.208]],"o":[[-39.246,32.491],[-5.085,-17.755],[-7.725,45.995],[0,0],[3.998,37.778],[-5.939,-12.985],[-0.582,28.049],[22.942,-11.47],[0.893,14.456],[34.937,-26.995],[0,0],[33.54,-27.764],[6.017,13.13],[18.012,-23.626],[-6.522,-10.113],[-45.263,0.205]],"v":[[-132.216,-118.103],[-134.157,-17.43],[-129.11,-62.959],[-80.198,61.287],[-77.869,18.296],[-29.733,120.007],[-34.003,80.861],[-0.23,142.984],[33.543,80.861],[29.272,120.007],[77.408,18.296],[78.573,58.734],[128.65,-62.959],[133.696,-17.43],[143.246,-114.994],[0.74,-142.982]],"c":true},"ix":2},"nm":"Path 1","mn":"ADBE Vector Shape - Group","hd":false},{"ty":"fl","c":{"a":0,"k":[0.858823537827,0.949019610882,0.952941179276,1],"ix":4},"o":{"a":0,"k":100,"ix":5},"r":1,"bm":0,"nm":"Fill 1","mn":"ADBE Vector Graphic - Fill","hd":false},{"ty":"tr","p":{"a":0,"k":[0,0],"ix":2},"a":{"a":0,"k":[0,0],"ix":1},"s":{"a":0,"k":[100,100],"ix":3},"r":{"a":0,"k":0,"ix":6},"o":{"a":0,"k":100,"ix":7},"sk":{"a":0,"k":0,"ix":4},"sa":{"a":0,"k":0,"ix":5},"nm":"Transform"}],"nm":"Group 1","np":2,"cix":2,"bm":0,"ix":1,"mn":"ADBE Vector Group","hd":false},{"ty":"tr","p":{"a":0,"k":[499.287,559.068],"ix":2},"a":{"a":0,"k":[0,0],"ix":1},"s":{"a":0,"k":[100,100],"ix":3},"r":{"a":0,"k":0,"ix":6},"o":{"a":0,"k":100,"ix":7},"sk":{"a":0,"k":0,"ix":4},"sa":{"a":0,"k":0,"ix":5},"nm":"Transform"}],"nm":"Group 1","np":1,"cix":2,"bm":0,"ix":2,"mn":"ADBE Vector Group","hd":false}],"ip":0,"op":500,"st":0,"bm":0},{"ddd":0,"ind":6,"ty":4,"nm":"Rectangular-Body","parent":3,"sr":1,"ks":{"o":{"a":0,"k":100,"ix":11},"r":{"a":0,"k":0,"ix":10},"p":{"a":0,"k":[50,-251.665,0],"ix":2,"l":2},"a":{"a":0,"k":[0,0,0],"ix":1,"l":2},"s":{"a":0,"k":[100,100,100],"ix":6,"l":2}},"ao":0,"shapes":[{"ty":"gr","it":[{"ind":0,"ty":"sh","ix":1,"ks":{"a":0,"k":{"i":[[8.408,63.54],[86.561,0],[43.838,0],[7.516,-89.416],[-2.055,-56.726],[-112.995,0],[-23.182,0],[-7.117,110.485]],"o":[[-11.379,-85.824],[-43.204,-0.025],[-89.732,0],[-4.991,59.308],[4.075,112.915],[23.381,0.026],[110.705,0],[3.864,-61.916]],"v":[[237.165,-117.357],[66.052,-267.296],[-68.646,-267.322],[-240.675,-109.162],[-245.29,64.94],[-35.505,267.296],[34.908,267.322],[244.422,70.872]],"c":true},"ix":2},"nm":"Path 1","mn":"ADBE Vector Shape - Group","hd":false},{"ty":"fl","c":{"a":0,"k":[0.298039227724,0.760784327984,0.768627464771,1],"ix":4},"o":{"a":0,"k":100,"ix":5},"r":1,"bm":0,"nm":"Fill 1","mn":"ADBE Vector Graphic - Fill","hd":false},{"ty":"tr","p":{"a":0,"k":[0,0],"ix":2},"a":{"a":0,"k":[0,0],"ix":1},"s":{"a":0,"k":[100,100],"ix":3},"r":{"a":0,"k":0,"ix":6},"o":{"a":0,"k":100,"ix":7},"sk":{"a":0,"k":0,"ix":4},"sa":{"a":0,"k":0,"ix":5},"nm":"Transform"}],"nm":"Group 1","np":2,"cix":2,"bm":0,"ix":1,"mn":"ADBE Vector Group","hd":false}],"ip":0,"op":500,"st":0,"bm":0},{"ddd":0,"ind":7,"ty":4,"nm":"Left-Wing","parent":3,"sr":1,"ks":{"o":{"a":0,"k":100,"ix":11},"r":{"a":1,"k":[{"i":{"x":[0.667],"y":[1]},"o":{"x":[0.333],"y":[0]},"t":13,"s":[0]},{"i":{"x":[0.667],"y":[1]},"o":{"x":[0.333],"y":[0]},"t":35,"s":[-10]},{"i":{"x":[0.667],"y":[1]},"o":{"x":[0.333],"y":[0]},"t":72,"s":[-10]},{"t":88,"s":[0]}],"ix":10},"p":{"a":0,"k":[-169.413,-228.716,0],"ix":2,"l":2},"a":{"a":0,"k":[65.5,-83,0],"ix":1,"l":2},"s":{"a":0,"k":[100,100,100],"ix":6,"l":2}},"ao":0,"shapes":[{"ty":"gr","it":[{"ind":0,"ty":"sh","ix":1,"ks":{"a":0,"k":{"i":[[29.782,-4.821],[27.72,-37.921],[-21.056,-9.862],[0,0],[-5.232,33.896],[-18.811,19.762],[4.215,33.963]],"o":[[-29.463,4.768],[-50.02,68.436],[18.314,8.567],[-0.281,47.762],[-5.281,34.434],[42.167,-44.299],[-2.802,-22.627]],"v":[[51.344,-104.536],[-55.737,-33.681],[-85.481,102.768],[-41.957,80.073],[24.068,67.178],[65.734,80.074],[94.731,-79.398]],"c":true},"ix":2},"nm":"Path 1","mn":"ADBE Vector Shape - Group","hd":false},{"ty":"fl","c":{"a":0,"k":[0.254901975393,0.658823549747,0.666666686535,1],"ix":4},"o":{"a":0,"k":100,"ix":5},"r":1,"bm":0,"nm":"Fill 1","mn":"ADBE Vector Graphic - Fill","hd":false},{"ty":"tr","p":{"a":0,"k":[0,0],"ix":2},"a":{"a":0,"k":[0,0],"ix":1},"s":{"a":0,"k":[100,100],"ix":3},"r":{"a":0,"k":0,"ix":6},"o":{"a":0,"k":100,"ix":7},"sk":{"a":0,"k":0,"ix":4},"sa":{"a":0,"k":0,"ix":5},"nm":"Transform"}],"nm":"Group 1","np":2,"cix":2,"bm":0,"ix":1,"mn":"ADBE Vector Group","hd":false}],"ip":0,"op":500,"st":0,"bm":0},{"ddd":0,"ind":8,"ty":4,"nm":"Right-Wing","parent":3,"sr":1,"ks":{"o":{"a":0,"k":100,"ix":11},"r":{"a":1,"k":[{"i":{"x":[0.667],"y":[1]},"o":{"x":[0.333],"y":[0]},"t":13,"s":[0]},{"i":{"x":[0.667],"y":[1]},"o":{"x":[0.333],"y":[0]},"t":35,"s":[10]},{"i":{"x":[0.667],"y":[1]},"o":{"x":[0.333],"y":[0]},"t":72,"s":[10]},{"t":88,"s":[0]}],"ix":10},"p":{"a":0,"k":[265.913,-227.216,0],"ix":2,"l":2},"a":{"a":0,"k":[-69,-81.5,0],"ix":1,"l":2},"s":{"a":0,"k":[100,100,100],"ix":6,"l":2}},"ao":0,"shapes":[{"ty":"gr","it":[{"ind":0,"ty":"sh","ix":1,"ks":{"a":0,"k":{"i":[[-29.782,-4.821],[-27.72,-37.921],[21.056,-9.862],[0,0],[5.232,33.896],[18.811,19.762],[-4.215,33.963]],"o":[[29.463,4.768],[50.02,68.436],[-18.314,8.567],[0.281,47.762],[5.281,34.434],[-42.167,-44.299],[2.802,-22.627]],"v":[[-51.344,-104.536],[55.737,-33.681],[85.481,102.768],[41.957,80.073],[-24.068,67.178],[-65.734,80.074],[-94.731,-79.398]],"c":true},"ix":2},"nm":"Path 1","mn":"ADBE Vector Shape - Group","hd":false},{"ty":"fl","c":{"a":0,"k":[0.254901975393,0.658823549747,0.666666686535,1],"ix":4},"o":{"a":0,"k":100,"ix":5},"r":1,"bm":0,"nm":"Fill 1","mn":"ADBE Vector Graphic - Fill","hd":false},{"ty":"tr","p":{"a":0,"k":[0,0],"ix":2},"a":{"a":0,"k":[0,0],"ix":1},"s":{"a":0,"k":[100,100],"ix":3},"r":{"a":0,"k":0,"ix":6},"o":{"a":0,"k":100,"ix":7},"sk":{"a":0,"k":0,"ix":4},"sa":{"a":0,"k":0,"ix":5},"nm":"Transform"}],"nm":"Group 1","np":2,"cix":2,"bm":0,"ix":1,"mn":"ADBE Vector Group","hd":false}],"ip":0,"op":500,"st":0,"bm":0},{"ddd":0,"ind":9,"ty":4,"nm":"Right-Leg","parent":2,"sr":1,"ks":{"o":{"a":0,"k":100,"ix":11},"r":{"a":0,"k":0,"ix":10},"p":{"a":0,"k":[93.504,-54.122,0],"ix":2,"l":2},"a":{"a":0,"k":[545.879,663.878,0],"ix":1,"l":2},"s":{"a":0,"k":[100,100,100],"ix":6,"l":2}},"ao":0,"shapes":[{"ty":"gr","it":[{"ty":"gr","it":[{"ind":0,"ty":"sh","ix":1,"ks":{"a":0,"k":{"i":[[0,0.258],[4.866,4.854],[6.871,0],[0,0],[4.857,-4.867],[0,-6.868],[0,0],[-8.801,0],[-9.199,0],[0,8.792]],"o":[[0,-6.868],[-4.857,-4.867],[0,0],[-6.871,0],[-4.858,4.854],[0,0],[0,8.792],[9.199,0],[8.793,0],[0,-0.258]],"v":[[30.888,4.609],[23.297,-13.711],[4.985,-21.302],[-4.985,-21.302],[-23.297,-13.711],[-30.888,4.609],[-30.888,5.384],[-14.962,21.302],[14.97,21.302],[30.888,5.384]],"c":true},"ix":2},"nm":"Path 1","mn":"ADBE Vector Shape - Group","hd":false},{"ty":"fl","c":{"a":0,"k":[1,0.564705908298,0.031372550875,1],"ix":4},"o":{"a":0,"k":100,"ix":5},"r":1,"bm":0,"nm":"Fill 1","mn":"ADBE Vector Graphic - Fill","hd":false},{"ty":"tr","p":{"a":0,"k":[0,0],"ix":2},"a":{"a":0,"k":[0,0],"ix":1},"s":{"a":0,"k":[100,100],"ix":3},"r":{"a":0,"k":0,"ix":6},"o":{"a":0,"k":100,"ix":7},"sk":{"a":0,"k":0,"ix":4},"sa":{"a":0,"k":0,"ix":5},"nm":"Transform"}],"nm":"Group 1","np":2,"cix":2,"bm":0,"ix":1,"mn":"ADBE Vector Group","hd":false},{"ty":"tr","p":{"a":0,"k":[548.212,803.412],"ix":2},"a":{"a":0,"k":[-15,0.714],"ix":1},"s":{"a":0,"k":[100,100],"ix":3},"r":{"a":0,"k":0,"ix":6},"o":{"a":0,"k":100,"ix":7},"sk":{"a":0,"k":0,"ix":4},"sa":{"a":0,"k":0,"ix":5},"nm":"Transform"}],"nm":"foot","np":1,"cix":2,"bm":0,"ix":1,"mn":"ADBE Vector Group","hd":false},{"ty":"gr","it":[{"ty":"gr","it":[{"ind":0,"ty":"sh","ix":1,"ks":{"a":0,"k":{"i":[[54.695,-0.756],[0,0],[-38.123,-72.293],[-14.496,0],[-5.162,0],[-7.545,8.875]],"o":[[0,0],[-55.177,6.244],[6.552,13.045],[5.359,0.02],[11.516,0],[61.156,-73.286]],"v":[[0.926,-33.545],[1.798,-33.545],[-40.301,109.76],[-5.752,131.025],[10.33,131.045],[40.31,117.027]],"c":true},"ix":2},"nm":"Path 1","mn":"ADBE Vector Shape - Group","hd":false},{"ty":"fl","c":{"a":0,"k":[0.298039227724,0.760784327984,0.768627464771,1],"ix":4},"o":{"a":0,"k":100,"ix":5},"r":1,"bm":0,"nm":"Fill 1","mn":"ADBE Vector Graphic - Fill","hd":false},{"ty":"tr","p":{"a":0,"k":[0,0],"ix":2},"a":{"a":0,"k":[0,0],"ix":1},"s":{"a":0,"k":[-100,100],"ix":3},"r":{"a":0,"k":0,"ix":6},"o":{"a":0,"k":100,"ix":7},"sk":{"a":0,"k":0,"ix":4},"sa":{"a":0,"k":0,"ix":5},"nm":"Transform"}],"nm":"Group 1","np":2,"cix":2,"bm":0,"ix":1,"mn":"ADBE Vector Group","hd":false},{"ty":"tr","p":{"a":0,"k":[548.379,634.801],"ix":2},"a":{"a":0,"k":[0,0],"ix":1},"s":{"a":0,"k":[-100,100],"ix":3},"r":{"a":0,"k":0,"ix":6},"o":{"a":0,"k":100,"ix":7},"sk":{"a":0,"k":0,"ix":4},"sa":{"a":0,"k":0,"ix":5},"nm":"Transform"}],"nm":"thigh","np":1,"cix":2,"bm":0,"ix":2,"mn":"ADBE Vector Group","hd":false},{"ty":"gr","it":[{"ty":"gr","it":[{"ind":0,"ty":"sh","ix":1,"ks":{"a":0,"k":{"i":[[0,0],[0,0],[0,0],[0,0]],"o":[[0,0],[0,0],[0,0],[0,0]],"v":[[-10.462,-42.901],[10.462,-42.901],[10.462,42.901],[-10.462,42.901]],"c":true},"ix":2},"nm":"Path 1","mn":"ADBE Vector Shape - Group","hd":false},{"ty":"fl","c":{"a":0,"k":[0.858823529412,0.454901960784,0,1],"ix":4},"o":{"a":0,"k":100,"ix":5},"r":1,"bm":0,"nm":"Fill 1","mn":"ADBE Vector Graphic - Fill","hd":false},{"ty":"tr","p":{"a":0,"k":[0,0],"ix":2},"a":{"a":0,"k":[0,0],"ix":1},"s":{"a":0,"k":[100,100],"ix":3},"r":{"a":0,"k":0,"ix":6},"o":{"a":0,"k":100,"ix":7},"sk":{"a":0,"k":0,"ix":4},"sa":{"a":0,"k":0,"ix":5},"nm":"Transform"}],"nm":"Group 1","np":2,"cix":2,"bm":0,"ix":1,"mn":"ADBE Vector Group","hd":false},{"ty":"tr","p":{"a":0,"k":[547.958,768.613],"ix":2},"a":{"a":0,"k":[0,0],"ix":1},"s":{"a":0,"k":[100,100],"ix":3},"r":{"a":0,"k":0,"ix":6},"o":{"a":0,"k":100,"ix":7},"sk":{"a":0,"k":0,"ix":4},"sa":{"a":0,"k":0,"ix":5},"nm":"Transform"}],"nm":"leg","np":1,"cix":2,"bm":0,"ix":3,"mn":"ADBE Vector Group","hd":false}],"ip":0,"op":500,"st":0,"bm":0},{"ddd":0,"ind":10,"ty":4,"nm":"Left-Leg","parent":2,"sr":1,"ks":{"o":{"a":0,"k":100,"ix":11},"r":{"a":0,"k":0,"ix":10},"p":{"a":0,"k":[6.879,-54.122,0],"ix":2,"l":2},"a":{"a":0,"k":[545.879,663.878,0],"ix":1,"l":2},"s":{"a":0,"k":[-100,100,100],"ix":6,"l":2}},"ao":0,"shapes":[{"ty":"gr","it":[{"ty":"gr","it":[{"ind":0,"ty":"sh","ix":1,"ks":{"a":0,"k":{"i":[[0,0.258],[4.866,4.854],[6.871,0],[0,0],[4.857,-4.867],[0,-6.868],[0,0],[-8.801,0],[-9.199,0],[0,8.792]],"o":[[0,-6.868],[-4.857,-4.867],[0,0],[-6.871,0],[-4.858,4.854],[0,0],[0,8.792],[9.199,0],[8.793,0],[0,-0.258]],"v":[[30.888,4.609],[23.297,-13.711],[4.985,-21.302],[-4.985,-21.302],[-23.297,-13.711],[-30.888,4.609],[-30.888,5.384],[-14.962,21.302],[14.97,21.302],[30.888,5.384]],"c":true},"ix":2},"nm":"Path 1","mn":"ADBE Vector Shape - Group","hd":false},{"ty":"fl","c":{"a":0,"k":[1,0.564705908298,0.031372550875,1],"ix":4},"o":{"a":0,"k":100,"ix":5},"r":1,"bm":0,"nm":"Fill 1","mn":"ADBE Vector Graphic - Fill","hd":false},{"ty":"tr","p":{"a":0,"k":[0,0],"ix":2},"a":{"a":0,"k":[0,0],"ix":1},"s":{"a":0,"k":[100,100],"ix":3},"r":{"a":0,"k":0,"ix":6},"o":{"a":0,"k":100,"ix":7},"sk":{"a":0,"k":0,"ix":4},"sa":{"a":0,"k":0,"ix":5},"nm":"Transform"}],"nm":"Group 1","np":2,"cix":2,"bm":0,"ix":1,"mn":"ADBE Vector Group","hd":false},{"ty":"tr","p":{"a":0,"k":[547.962,801.745],"ix":2},"a":{"a":0,"k":[-15.25,-0.952],"ix":1},"s":{"a":0,"k":[100,100],"ix":3},"r":{"a":0,"k":0,"ix":6},"o":{"a":0,"k":100,"ix":7},"sk":{"a":0,"k":0,"ix":4},"sa":{"a":0,"k":0,"ix":5},"nm":"Transform"}],"nm":"foot","np":1,"cix":2,"bm":0,"ix":1,"mn":"ADBE Vector Group","hd":false},{"ty":"gr","it":[{"ty":"gr","it":[{"ind":0,"ty":"sh","ix":1,"ks":{"a":0,"k":{"i":[[54.695,-0.756],[0,0],[-38.123,-72.293],[-14.496,0],[-5.162,0],[-7.545,8.875]],"o":[[0,0],[-55.177,6.244],[6.552,13.045],[5.359,0.02],[11.516,0],[61.156,-73.286]],"v":[[0.926,-33.545],[1.798,-33.545],[-40.301,109.76],[-5.752,131.025],[10.33,131.045],[40.31,117.027]],"c":true},"ix":2},"nm":"Path 1","mn":"ADBE Vector Shape - Group","hd":false},{"ty":"fl","c":{"a":0,"k":[0.298039227724,0.760784327984,0.768627464771,1],"ix":4},"o":{"a":0,"k":100,"ix":5},"r":1,"bm":0,"nm":"Fill 1","mn":"ADBE Vector Graphic - Fill","hd":false},{"ty":"tr","p":{"a":0,"k":[0,0],"ix":2},"a":{"a":0,"k":[0,0],"ix":1},"s":{"a":0,"k":[-100,100],"ix":3},"r":{"a":0,"k":0,"ix":6},"o":{"a":0,"k":100,"ix":7},"sk":{"a":0,"k":0,"ix":4},"sa":{"a":0,"k":0,"ix":5},"nm":"Transform"}],"nm":"Group 1","np":2,"cix":2,"bm":0,"ix":1,"mn":"ADBE Vector Group","hd":false},{"ty":"tr","p":{"a":0,"k":[548.379,634.801],"ix":2},"a":{"a":0,"k":[0,0],"ix":1},"s":{"a":0,"k":[-100,100],"ix":3},"r":{"a":0,"k":0,"ix":6},"o":{"a":0,"k":100,"ix":7},"sk":{"a":0,"k":0,"ix":4},"sa":{"a":0,"k":0,"ix":5},"nm":"Transform"}],"nm":"thigh","np":1,"cix":2,"bm":0,"ix":2,"mn":"ADBE Vector Group","hd":false},{"ty":"gr","it":[{"ty":"gr","it":[{"ind":0,"ty":"sh","ix":1,"ks":{"a":0,"k":{"i":[[0,0],[0,0],[0,0],[0,0]],"o":[[0,0],[0,0],[0,0],[0,0]],"v":[[-10.462,-42.901],[10.462,-42.901],[10.462,42.901],[-10.462,42.901]],"c":true},"ix":2},"nm":"Path 1","mn":"ADBE Vector Shape - Group","hd":false},{"ty":"fl","c":{"a":0,"k":[0.858823529412,0.454901960784,0,1],"ix":4},"o":{"a":0,"k":100,"ix":5},"r":1,"bm":0,"nm":"Fill 1","mn":"ADBE Vector Graphic - Fill","hd":false},{"ty":"tr","p":{"a":0,"k":[0,0],"ix":2},"a":{"a":0,"k":[0,0],"ix":1},"s":{"a":0,"k":[100,100],"ix":3},"r":{"a":0,"k":0,"ix":6},"o":{"a":0,"k":100,"ix":7},"sk":{"a":0,"k":0,"ix":4},"sa":{"a":0,"k":0,"ix":5},"nm":"Transform"}],"nm":"Group 1","np":2,"cix":2,"bm":0,"ix":1,"mn":"ADBE Vector Group","hd":false},{"ty":"tr","p":{"a":0,"k":[547.958,768.613],"ix":2},"a":{"a":0,"k":[0,0],"ix":1},"s":{"a":0,"k":[100,100],"ix":3},"r":{"a":0,"k":0,"ix":6},"o":{"a":0,"k":100,"ix":7},"sk":{"a":0,"k":0,"ix":4},"sa":{"a":0,"k":0,"ix":5},"nm":"Transform"}],"nm":"leg","np":1,"cix":2,"bm":0,"ix":3,"mn":"ADBE Vector Group","hd":false}],"ip":0,"op":500,"st":0,"bm":0},{"ddd":0,"ind":11,"ty":4,"nm":"Hair","sr":1,"ks":{"o":{"a":0,"k":100,"ix":11},"r":{"a":0,"k":0,"ix":10},"p":{"s":true,"x":{"a":0,"k":500.333,"ix":3},"y":{"a":1,"k":[{"i":{"x":[0.833],"y":[0.833]},"o":{"x":[0.167],"y":[0.167]},"t":13,"s":[286.121]},{"i":{"x":[0.833],"y":[0.833]},"o":{"x":[0.167],"y":[0.167]},"t":35,"s":[283.121]},{"i":{"x":[0.833],"y":[0.833]},"o":{"x":[0.167],"y":[0.167]},"t":72,"s":[283.121]},{"t":98,"s":[286.121]}],"ix":4}},"a":{"a":0,"k":[500,292.621,0],"ix":1,"l":2},"s":{"a":1,"k":[{"i":{"x":[0.667,0.667,0.667],"y":[1,1,1]},"o":{"x":[0.333,0.333,0.333],"y":[0,0,0]},"t":13,"s":[100,100,100]},{"i":{"x":[0.667,0.667,0.667],"y":[1,1,1]},"o":{"x":[0.333,0.333,0.333],"y":[0,0,0]},"t":35,"s":[100,94,100]},{"i":{"x":[0.667,0.667,0.667],"y":[1,1,1]},"o":{"x":[0.333,0.333,0.333],"y":[0,0,0]},"t":72,"s":[100,94,100]},{"t":88,"s":[100,100,100]}],"ix":6,"l":2}},"ao":0,"shapes":[{"ty":"gr","it":[{"ty":"gr","it":[{"ind":0,"ty":"sh","ix":1,"ks":{"a":0,"k":{"i":[[12.985,-6.151],[5.29,0.073],[6.746,11.767],[-5.819,-0.13],[2.56,9.861],[-5.845,-0.031],[2.415,13.229],[-38.359,-1.202],[-23.125,6.529],[-2.145,0.456],[-14.519,1.648],[0.544,4.798],[-15.695,-2.332],[14.192,5.057],[-17.265,-12.13],[-1.896,-1.482],[-1.896,1.332],[-21.493,2.658],[1.72,-7.379],[-11.301,13.301],[8.228,-7.322],[-11.819,-4.275],[-3.591,-1.016],[-19.379,0.606],[0,0],[15.757,-7.84],[-5.684,3.995],[13.109,-7.114],[-5.897,3.13]],"o":[[-5.788,0.067],[-12.524,-6.332],[5.897,3.13],[-13.104,-7.114],[5.684,3.995],[-15.757,-7.84],[0,0],[19.374,0.606],[2.031,-0.57],[13.229,-5.036],[-8.12,-7.244],[11.301,13.301],[-1.726,-7.379],[21.493,2.658],[1.902,1.332],[1.896,-1.477],[17.265,-12.13],[-14.192,5.057],[15.69,-2.332],[-0.554,4.855],[12.809,1.606],[3.891,0.668],[23.125,6.529],[38.359,-1.202],[-2.415,13.229],[5.84,-0.031],[-2.565,9.861],[5.819,-0.13],[-6.964,12.14]],"v":[[209.53,58.427],[-210.722,57.842],[-241.402,27.602],[-223.427,31.162],[-243.542,11.337],[-225.137,17.757],[-254.672,-17.343],[-203.737,1.062],[-118.992,-24.618],[-112.718,-26.157],[-70.97,-36.297],[-87.318,-56.293],[-41.517,-40.028],[-62.062,-58.433],[-5.692,-37.396],[-0.003,-33.178],[5.687,-37.396],[62.062,-58.433],[41.518,-40.028],[87.318,-56.293],[70.664,-36.022],[107.692,-27.121],[118.987,-24.618],[203.737,1.062],[254.672,-17.343],[225.137,17.757],[243.542,11.337],[223.422,31.162],[241.402,27.602]],"c":true},"ix":2},"nm":"Path 1","mn":"ADBE Vector Shape - Group","hd":false},{"ty":"fl","c":{"a":0,"k":[0.298039227724,0.760784327984,0.768627464771,1],"ix":4},"o":{"a":0,"k":100,"ix":5},"r":1,"bm":0,"nm":"Fill 1","mn":"ADBE Vector Graphic - Fill","hd":false},{"ty":"tr","p":{"a":0,"k":[0,0],"ix":2},"a":{"a":0,"k":[0,0],"ix":1},"s":{"a":0,"k":[100,100],"ix":3},"r":{"a":0,"k":0,"ix":6},"o":{"a":0,"k":100,"ix":7},"sk":{"a":0,"k":0,"ix":4},"sa":{"a":0,"k":0,"ix":5},"nm":"Transform"}],"nm":"Group 1","np":2,"cix":2,"bm":0,"ix":1,"mn":"ADBE Vector Group","hd":false},{"ty":"tr","p":{"a":0,"k":[499.995,234.433],"ix":2},"a":{"a":0,"k":[0,0],"ix":1},"s":{"a":0,"k":[100,100],"ix":3},"r":{"a":0,"k":0,"ix":6},"o":{"a":0,"k":100,"ix":7},"sk":{"a":0,"k":0,"ix":4},"sa":{"a":0,"k":0,"ix":5},"nm":"Transform"}],"nm":"Hair","np":1,"cix":2,"bm":0,"ix":1,"mn":"ADBE Vector Group","hd":false}],"ip":0,"op":500,"st":0,"bm":0}],"markers":[]}