{"nm":"Pre-comp 4","ddd":1,"h":1000,"w":1000,"meta":{"g":"@lottiefiles/toolkit-js 0.33.2"},"layers":[{"ty":0,"nm":"Pre-comp 3","sr":1,"st":0,"op":1800,"ip":0,"hd":false,"ddd":0,"bm":0,"hasMask":false,"ao":0,"ks":{"a":{"a":0,"k":[500,500,0],"ix":1},"s":{"a":0,"k":[100,100,100],"ix":6},"sk":{"a":0,"k":0},"p":{"a":0,"k":[500,500,0],"ix":2},"r":{"a":1,"k":[{"o":{"x":0.167,"y":0.167},"i":{"x":0.833,"y":0.833},"s":[0],"t":0},{"s":[360],"t":240}],"ix":10},"sa":{"a":0,"k":0},"o":{"a":0,"k":100,"ix":11}},"ef":[],"w":1000,"h":1000,"refId":"comp_0","tm":{"a":1,"k":[{"o":{"x":0.333,"y":0},"i":{"x":0.18,"y":1},"s":[0],"t":0},{"o":{"x":0.333,"y":0},"i":{"x":0.18,"y":1},"s":[3.433],"t":60},{"o":{"x":0.333,"y":0},"i":{"x":0.18,"y":1},"s":[0],"t":120},{"o":{"x":0.333,"y":0},"i":{"x":0.18,"y":1},"s":[3.433],"t":180},{"o":{"x":0.333,"y":0},"i":{"x":0.833,"y":0.833},"s":[0],"t":240},{"o":{"x":0.167,"y":0.167},"i":{"x":0.833,"y":0.833},"s":[60],"t":1800},{"s":[60],"t":1980}],"ix":2},"ind":1}],"v":"5.7.8","fr":30,"op":241,"ip":0,"assets":[{"nm":"","id":"comp_0","layers":[{"ty":3,"nm":"Null 1","sr":1,"st":0,"op":300,"ip":0,"hd":false,"ddd":1,"bm":0,"hasMask":false,"ao":0,"ks":{"a":{"a":0,"k":[0,0,0],"ix":1},"s":{"a":0,"k":[100,100,100],"ix":6},"sk":{"a":0,"k":0},"p":{"a":0,"k":[500,500,0],"ix":2},"sa":{"a":0,"k":0},"o":{"a":0,"k":0,"ix":11},"rx":{"a":1,"k":[{"o":{"x":0.167,"y":0.167},"i":{"x":0.833,"y":0.833},"s":[553.74],"t":0},{"s":[554.74],"t":117}],"ix":8},"ry":{"a":1,"k":[{"o":{"x":0.167,"y":0.167},"i":{"x":0.833,"y":0.833},"s":[243.962],"t":0},{"s":[163.962],"t":117}],"ix":9},"rz":{"a":0,"k":0,"ix":10},"or":{"a":0,"k":[0,0,0],"ix":7}},"ef":[],"ind":1},{"ty":4,"nm":"Shape Layer 22","sr":1,"st":0,"op":300,"ip":0,"hd":false,"ddd":1,"bm":0,"hasMask":false,"td":1,"ao":0,"ks":{"a":{"a":0,"k":[0,0,0],"ix":1},"s":{"a":0,"k":[101.266,101.266,101.266],"ix":6},"sk":{"a":0,"k":0},"p":{"a":0,"k":[0,0,0],"ix":2},"sa":{"a":0,"k":0},"o":{"a":0,"k":50,"ix":11},"rx":{"a":0,"k":0,"ix":8},"ry":{"a":0,"k":0,"ix":9},"rz":{"a":0,"k":15,"ix":10},"or":{"a":0,"k":[0,0,0],"ix":7}},"ef":[],"shapes":[{"ty":"gr","bm":0,"hd":false,"mn":"ADBE Vector Group","nm":"Group 1","ix":1,"cix":2,"np":2,"it":[{"ty":"gr","bm":0,"hd":false,"mn":"ADBE Vector Group","nm":"one","ix":1,"cix":2,"np":1,"it":[{"ty":"sh","bm":0,"hd":false,"mn":"ADBE Vector Shape - Group","nm":"Path 1","ix":1,"d":1,"ks":{"a":0,"k":{"c":true,"i":[[-276.142,0],[0,-276.142],[276.142,0],[0,276.142]],"o":[[276.142,0],[0,276.142],[-276.142,0],[0,-276.142]],"v":[[0,-500],[500,0],[0,500],[-500,0]]},"ix":2}},{"ty":"tr","a":{"a":0,"k":[0,0],"ix":1},"s":{"a":0,"k":[100,100],"ix":3},"sk":{"a":0,"k":0,"ix":4},"p":{"a":0,"k":[0,0],"ix":2},"r":{"a":0,"k":0,"ix":6},"sa":{"a":0,"k":0,"ix":5},"o":{"a":0,"k":100,"ix":7}}]},{"ty":"gf","bm":0,"hd":false,"mn":"ADBE Vector Graphic - G-Fill","nm":"Gradient Fill 1","e":{"a":0,"k":[549.589,-14.873],"ix":6},"g":{"p":2,"k":{"a":0,"k":[0,1,1,1,1,0,0,0],"ix":9}},"t":1,"a":{"a":0,"k":0},"h":{"a":0,"k":0},"s":{"a":0,"k":[-512.975,2.5],"ix":5},"r":1,"o":{"a":0,"k":100,"ix":10}},{"ty":"tr","a":{"a":0,"k":[0,0],"ix":1},"s":{"a":0,"k":[100,100],"ix":3},"sk":{"a":0,"k":0,"ix":4},"p":{"a":0,"k":[0,0],"ix":2},"r":{"a":0,"k":0,"ix":6},"sa":{"a":0,"k":0,"ix":5},"o":{"a":0,"k":100,"ix":7}}]}],"ind":2,"parent":3},{"ty":4,"nm":"Shape Layer 21","sr":1,"st":0,"op":300,"ip":0,"hd":false,"ddd":1,"bm":7,"tt":3,"hasMask":false,"ao":0,"ks":{"a":{"a":0,"k":[0,0,0],"ix":1},"s":{"a":1,"k":[{"o":{"x":0.333,"y":0},"i":{"x":0.51,"y":1},"s":[69,69,69],"t":0},{"o":{"x":0.333,"y":0},"i":{"x":0.667,"y":1},"s":[79,79,79],"t":55},{"s":[69,69,69],"t":99}],"ix":6},"sk":{"a":0,"k":0},"p":{"a":0,"k":[0,0,0],"ix":2},"sa":{"a":0,"k":0},"o":{"a":0,"k":50,"ix":11},"rx":{"a":0,"k":20,"ix":8},"ry":{"a":0,"k":178,"ix":9},"rz":{"a":1,"k":[{"o":{"x":0.167,"y":0.167},"i":{"x":0.833,"y":0.833},"s":[42],"t":0},{"s":[0],"t":299}],"ix":10},"or":{"a":1,"k":[{"o":{"x":0.333,"y":0},"i":{"x":0.667,"y":1},"s":[0,0,0],"t":-7},{"s":[0,116,0],"t":412}],"ix":7}},"ef":[{"ty":20,"mn":"ADBE Tint","nm":"Tint","ix":1,"en":1,"ef":[{"ty":2,"mn":"ADBE Tint-0001","nm":"Map Black To","ix":1,"v":{"a":0,"k":[0,0.6627,0.5294],"ix":1}},{"ty":2,"mn":"ADBE Tint-0002","nm":"Map White To","ix":2,"v":{"a":0,"k":[0.0549,0.0824,0.1451],"ix":2}},{"ty":0,"mn":"ADBE Tint-0003","nm":"Amount to Tint","ix":3,"v":{"a":0,"k":100,"ix":3}},{"ty":6,"mn":"ADBE Tint-0004","nm":"","ix":4,"v":0}]}],"shapes":[{"ty":"gr","bm":0,"hd":false,"mn":"ADBE Vector Group","nm":"Group 1","ix":1,"cix":2,"np":1,"it":[{"ty":"gr","bm":0,"hd":false,"mn":"ADBE Vector Group","nm":"one","ix":1,"cix":2,"np":1,"it":[{"ty":"sh","bm":0,"hd":false,"mn":"ADBE Vector Shape - Group","nm":"Path 1","ix":1,"d":1,"ks":{"a":0,"k":{"c":true,"i":[[-276.142,0],[0,-276.142],[276.142,0],[0,276.142]],"o":[[276.142,0],[0,276.142],[-276.142,0],[0,-276.142]],"v":[[0,-500],[500,0],[0,500],[-500,0]]},"ix":2}},{"ty":"tr","a":{"a":0,"k":[0,0],"ix":1},"s":{"a":0,"k":[100,100],"ix":3},"sk":{"a":0,"k":0,"ix":4},"p":{"a":0,"k":[0,0],"ix":2},"r":{"a":0,"k":0,"ix":6},"sa":{"a":0,"k":0,"ix":5},"o":{"a":0,"k":100,"ix":7}}]},{"ty":"tr","a":{"a":0,"k":[0,0],"ix":1},"s":{"a":0,"k":[100,100],"ix":3},"sk":{"a":0,"k":0,"ix":4},"p":{"a":0,"k":[0,0],"ix":2},"r":{"a":0,"k":0,"ix":6},"sa":{"a":0,"k":0,"ix":5},"o":{"a":0,"k":100,"ix":7}}]},{"ty":"gf","bm":0,"hd":false,"mn":"ADBE Vector Graphic - G-Fill","nm":"Gradient Fill 1","e":{"a":0,"k":[365,0],"ix":6},"g":{"p":2,"k":{"a":0,"k":[0,1,1,1,1,0,0,0],"ix":9}},"t":1,"a":{"a":0,"k":0},"h":{"a":0,"k":0},"s":{"a":0,"k":[-394,0],"ix":5},"r":1,"o":{"a":0,"k":100,"ix":10}}],"ind":3,"parent":1},{"ty":4,"nm":"Shape Layer 20","sr":1,"st":0,"op":300,"ip":0,"hd":false,"ddd":1,"bm":0,"hasMask":false,"td":1,"ao":0,"ks":{"a":{"a":0,"k":[0,0,0],"ix":1},"s":{"a":0,"k":[101.266,101.266,101.266],"ix":6},"sk":{"a":0,"k":0},"p":{"a":0,"k":[0,0,0],"ix":2},"sa":{"a":0,"k":0},"o":{"a":0,"k":50,"ix":11},"rx":{"a":0,"k":0,"ix":8},"ry":{"a":0,"k":0,"ix":9},"rz":{"a":0,"k":15,"ix":10},"or":{"a":0,"k":[0,0,0],"ix":7}},"ef":[],"shapes":[{"ty":"gr","bm":0,"hd":false,"mn":"ADBE Vector Group","nm":"Group 1","ix":1,"cix":2,"np":2,"it":[{"ty":"gr","bm":0,"hd":false,"mn":"ADBE Vector Group","nm":"one","ix":1,"cix":2,"np":1,"it":[{"ty":"sh","bm":0,"hd":false,"mn":"ADBE Vector Shape - Group","nm":"Path 1","ix":1,"d":1,"ks":{"a":0,"k":{"c":true,"i":[[-276.142,0],[0,-276.142],[276.142,0],[0,276.142]],"o":[[276.142,0],[0,276.142],[-276.142,0],[0,-276.142]],"v":[[0,-500],[500,0],[0,500],[-500,0]]},"ix":2}},{"ty":"tr","a":{"a":0,"k":[0,0],"ix":1},"s":{"a":0,"k":[100,100],"ix":3},"sk":{"a":0,"k":0,"ix":4},"p":{"a":0,"k":[0,0],"ix":2},"r":{"a":0,"k":0,"ix":6},"sa":{"a":0,"k":0,"ix":5},"o":{"a":0,"k":100,"ix":7}}]},{"ty":"gf","bm":0,"hd":false,"mn":"ADBE Vector Graphic - G-Fill","nm":"Gradient Fill 1","e":{"a":0,"k":[549.589,-14.873],"ix":6},"g":{"p":2,"k":{"a":0,"k":[0,1,1,1,1,0,0,0],"ix":9}},"t":1,"a":{"a":0,"k":0},"h":{"a":0,"k":0},"s":{"a":0,"k":[-512.975,2.5],"ix":5},"r":1,"o":{"a":0,"k":100,"ix":10}},{"ty":"tr","a":{"a":0,"k":[0,0],"ix":1},"s":{"a":0,"k":[100,100],"ix":3},"sk":{"a":0,"k":0,"ix":4},"p":{"a":0,"k":[0,0],"ix":2},"r":{"a":0,"k":0,"ix":6},"sa":{"a":0,"k":0,"ix":5},"o":{"a":0,"k":100,"ix":7}}]}],"ind":4,"parent":5},{"ty":4,"nm":"Shape Layer 19","sr":1,"st":0,"op":300,"ip":0,"hd":false,"ddd":1,"bm":7,"tt":3,"hasMask":false,"ao":0,"ks":{"a":{"a":0,"k":[0,0,0],"ix":1},"s":{"a":0,"k":[79,79,79],"ix":6},"sk":{"a":0,"k":0},"p":{"a":0,"k":[0,0,0],"ix":2},"sa":{"a":0,"k":0},"o":{"a":0,"k":50,"ix":11},"rx":{"a":0,"k":-5,"ix":8},"ry":{"a":0,"k":212,"ix":9},"rz":{"a":1,"k":[{"o":{"x":0.167,"y":0.167},"i":{"x":0.833,"y":0.833},"s":[91],"t":0},{"s":[0],"t":299}],"ix":10},"or":{"a":1,"k":[{"o":{"x":0.333,"y":0},"i":{"x":0.667,"y":1},"s":[0,116,0],"t":-26},{"s":[0,0,0],"t":359}],"ix":7}},"ef":[{"ty":20,"mn":"ADBE Tint","nm":"Tint","ix":1,"en":1,"ef":[{"ty":2,"mn":"ADBE Tint-0001","nm":"Map Black To","ix":1,"v":{"a":0,"k":[0,0.6627,0.5294],"ix":1}},{"ty":2,"mn":"ADBE Tint-0002","nm":"Map White To","ix":2,"v":{"a":0,"k":[0.0549,0.0824,0.1451],"ix":2}},{"ty":0,"mn":"ADBE Tint-0003","nm":"Amount to Tint","ix":3,"v":{"a":0,"k":100,"ix":3}},{"ty":6,"mn":"ADBE Tint-0004","nm":"","ix":4,"v":0}]}],"shapes":[{"ty":"gr","bm":0,"hd":false,"mn":"ADBE Vector Group","nm":"Group 1","ix":1,"cix":2,"np":1,"it":[{"ty":"gr","bm":0,"hd":false,"mn":"ADBE Vector Group","nm":"one","ix":1,"cix":2,"np":1,"it":[{"ty":"sh","bm":0,"hd":false,"mn":"ADBE Vector Shape - Group","nm":"Path 1","ix":1,"d":1,"ks":{"a":0,"k":{"c":true,"i":[[-276.142,0],[0,-276.142],[276.142,0],[0,276.142]],"o":[[276.142,0],[0,276.142],[-276.142,0],[0,-276.142]],"v":[[0,-500],[500,0],[0,500],[-500,0]]},"ix":2}},{"ty":"tr","a":{"a":0,"k":[0,0],"ix":1},"s":{"a":0,"k":[100,100],"ix":3},"sk":{"a":0,"k":0,"ix":4},"p":{"a":0,"k":[0,0],"ix":2},"r":{"a":0,"k":0,"ix":6},"sa":{"a":0,"k":0,"ix":5},"o":{"a":0,"k":100,"ix":7}}]},{"ty":"tr","a":{"a":0,"k":[0,0],"ix":1},"s":{"a":0,"k":[100,100],"ix":3},"sk":{"a":0,"k":0,"ix":4},"p":{"a":0,"k":[0,0],"ix":2},"r":{"a":0,"k":0,"ix":6},"sa":{"a":0,"k":0,"ix":5},"o":{"a":0,"k":100,"ix":7}}]},{"ty":"gf","bm":0,"hd":false,"mn":"ADBE Vector Graphic - G-Fill","nm":"Gradient Fill 1","e":{"a":0,"k":[365,0],"ix":6},"g":{"p":2,"k":{"a":0,"k":[0,1,1,1,1,0,0,0],"ix":9}},"t":1,"a":{"a":0,"k":0},"h":{"a":0,"k":0},"s":{"a":0,"k":[-394,0],"ix":5},"r":1,"o":{"a":0,"k":100,"ix":10}}],"ind":5,"parent":1},{"ty":4,"nm":"Shape Layer 18","sr":1,"st":0,"op":300,"ip":0,"hd":false,"ddd":1,"bm":0,"hasMask":false,"td":1,"ao":0,"ks":{"a":{"a":0,"k":[0,0,0],"ix":1},"s":{"a":0,"k":[101.266,101.266,101.266],"ix":6},"sk":{"a":0,"k":0},"p":{"a":0,"k":[0,0,0],"ix":2},"sa":{"a":0,"k":0},"o":{"a":0,"k":50,"ix":11},"rx":{"a":0,"k":0,"ix":8},"ry":{"a":0,"k":0,"ix":9},"rz":{"a":0,"k":0,"ix":10},"or":{"a":0,"k":[0,0,0],"ix":7}},"ef":[],"shapes":[{"ty":"gr","bm":0,"hd":false,"mn":"ADBE Vector Group","nm":"Group 1","ix":1,"cix":2,"np":2,"it":[{"ty":"gr","bm":0,"hd":false,"mn":"ADBE Vector Group","nm":"one","ix":1,"cix":2,"np":1,"it":[{"ty":"sh","bm":0,"hd":false,"mn":"ADBE Vector Shape - Group","nm":"Path 1","ix":1,"d":1,"ks":{"a":0,"k":{"c":true,"i":[[-276.142,0],[0,-276.142],[276.142,0],[0,276.142]],"o":[[276.142,0],[0,276.142],[-276.142,0],[0,-276.142]],"v":[[0,-500],[500,0],[0,500],[-500,0]]},"ix":2}},{"ty":"tr","a":{"a":0,"k":[0,0],"ix":1},"s":{"a":0,"k":[100,100],"ix":3},"sk":{"a":0,"k":0,"ix":4},"p":{"a":0,"k":[0,0],"ix":2},"r":{"a":0,"k":0,"ix":6},"sa":{"a":0,"k":0,"ix":5},"o":{"a":0,"k":100,"ix":7}}]},{"ty":"gf","bm":0,"hd":false,"mn":"ADBE Vector Graphic - G-Fill","nm":"Gradient Fill 1","e":{"a":0,"k":[549.589,-14.873],"ix":6},"g":{"p":2,"k":{"a":0,"k":[0,1,1,1,1,0,0,0],"ix":9}},"t":1,"a":{"a":0,"k":0},"h":{"a":0,"k":0},"s":{"a":0,"k":[-512.975,2.5],"ix":5},"r":1,"o":{"a":0,"k":100,"ix":10}},{"ty":"tr","a":{"a":0,"k":[0,0],"ix":1},"s":{"a":0,"k":[100,100],"ix":3},"sk":{"a":0,"k":0,"ix":4},"p":{"a":0,"k":[0,0],"ix":2},"r":{"a":0,"k":0,"ix":6},"sa":{"a":0,"k":0,"ix":5},"o":{"a":0,"k":100,"ix":7}}]}],"ind":6,"parent":7},{"ty":4,"nm":"Shape Layer 17","sr":1,"st":0,"op":300,"ip":0,"hd":false,"ddd":1,"bm":7,"tt":3,"hasMask":false,"ao":0,"ks":{"a":{"a":0,"k":[0,0,0],"ix":1},"s":{"a":0,"k":[79,79,79],"ix":6},"sk":{"a":0,"k":0},"p":{"a":0,"k":[0,0,0],"ix":2},"sa":{"a":0,"k":0},"o":{"a":0,"k":50,"ix":11},"rx":{"a":0,"k":60,"ix":8},"ry":{"a":0,"k":160,"ix":9},"rz":{"a":1,"k":[{"o":{"x":0.167,"y":0.167},"i":{"x":0.833,"y":0.833},"s":[24],"t":0},{"s":[0],"t":299}],"ix":10},"or":{"a":1,"k":[{"o":{"x":0.333,"y":0},"i":{"x":0.667,"y":1},"s":[0,0,0],"t":-40},{"s":[0,116,0],"t":439}],"ix":7}},"ef":[{"ty":20,"mn":"ADBE Tint","nm":"Tint","ix":1,"en":1,"ef":[{"ty":2,"mn":"ADBE Tint-0001","nm":"Map Black To","ix":1,"v":{"a":0,"k":[0,0.6627,0.5294],"ix":1}},{"ty":2,"mn":"ADBE Tint-0002","nm":"Map White To","ix":2,"v":{"a":0,"k":[0.0549,0.0824,0.1451],"ix":2}},{"ty":0,"mn":"ADBE Tint-0003","nm":"Amount to Tint","ix":3,"v":{"a":0,"k":100,"ix":3}},{"ty":6,"mn":"ADBE Tint-0004","nm":"","ix":4,"v":0}]}],"shapes":[{"ty":"gr","bm":0,"hd":false,"mn":"ADBE Vector Group","nm":"Group 1","ix":1,"cix":2,"np":1,"it":[{"ty":"gr","bm":0,"hd":false,"mn":"ADBE Vector Group","nm":"one","ix":1,"cix":2,"np":1,"it":[{"ty":"sh","bm":0,"hd":false,"mn":"ADBE Vector Shape - Group","nm":"Path 1","ix":1,"d":1,"ks":{"a":0,"k":{"c":true,"i":[[-276.142,0],[0,-276.142],[276.142,0],[0,276.142]],"o":[[276.142,0],[0,276.142],[-276.142,0],[0,-276.142]],"v":[[0,-500],[500,0],[0,500],[-500,0]]},"ix":2}},{"ty":"tr","a":{"a":0,"k":[0,0],"ix":1},"s":{"a":0,"k":[100,100],"ix":3},"sk":{"a":0,"k":0,"ix":4},"p":{"a":0,"k":[0,0],"ix":2},"r":{"a":0,"k":0,"ix":6},"sa":{"a":0,"k":0,"ix":5},"o":{"a":0,"k":100,"ix":7}}]},{"ty":"tr","a":{"a":0,"k":[0,0],"ix":1},"s":{"a":0,"k":[100,100],"ix":3},"sk":{"a":0,"k":0,"ix":4},"p":{"a":0,"k":[0,0],"ix":2},"r":{"a":0,"k":0,"ix":6},"sa":{"a":0,"k":0,"ix":5},"o":{"a":0,"k":100,"ix":7}}]},{"ty":"gf","bm":0,"hd":false,"mn":"ADBE Vector Graphic - G-Fill","nm":"Gradient Fill 1","e":{"a":0,"k":[365,0],"ix":6},"g":{"p":2,"k":{"a":0,"k":[0,1,1,1,1,0,0,0],"ix":9}},"t":1,"a":{"a":0,"k":0},"h":{"a":0,"k":0},"s":{"a":0,"k":[-394,0],"ix":5},"r":1,"o":{"a":0,"k":100,"ix":10}}],"ind":7,"parent":1},{"ty":4,"nm":"Shape Layer 16","sr":1,"st":0,"op":300,"ip":0,"hd":false,"ddd":1,"bm":0,"hasMask":false,"td":1,"ao":0,"ks":{"a":{"a":0,"k":[0,0,0],"ix":1},"s":{"a":0,"k":[101.266,101.266,101.266],"ix":6},"sk":{"a":0,"k":0},"p":{"a":0,"k":[0,0,0],"ix":2},"sa":{"a":0,"k":0},"o":{"a":0,"k":50,"ix":11},"rx":{"a":0,"k":0,"ix":8},"ry":{"a":0,"k":0,"ix":9},"rz":{"a":0,"k":0,"ix":10},"or":{"a":0,"k":[0,0,0],"ix":7}},"ef":[],"shapes":[{"ty":"gr","bm":0,"hd":false,"mn":"ADBE Vector Group","nm":"Group 1","ix":1,"cix":2,"np":2,"it":[{"ty":"gr","bm":0,"hd":false,"mn":"ADBE Vector Group","nm":"one","ix":1,"cix":2,"np":1,"it":[{"ty":"sh","bm":0,"hd":false,"mn":"ADBE Vector Shape - Group","nm":"Path 1","ix":1,"d":1,"ks":{"a":0,"k":{"c":true,"i":[[-276.142,0],[0,-276.142],[276.142,0],[0,276.142]],"o":[[276.142,0],[0,276.142],[-276.142,0],[0,-276.142]],"v":[[0,-500],[500,0],[0,500],[-500,0]]},"ix":2}},{"ty":"tr","a":{"a":0,"k":[0,0],"ix":1},"s":{"a":0,"k":[100,100],"ix":3},"sk":{"a":0,"k":0,"ix":4},"p":{"a":0,"k":[0,0],"ix":2},"r":{"a":0,"k":0,"ix":6},"sa":{"a":0,"k":0,"ix":5},"o":{"a":0,"k":100,"ix":7}}]},{"ty":"gf","bm":0,"hd":false,"mn":"ADBE Vector Graphic - G-Fill","nm":"Gradient Fill 1","e":{"a":0,"k":[549.589,-14.873],"ix":6},"g":{"p":2,"k":{"a":0,"k":[0,1,1,1,1,0,0,0],"ix":9}},"t":1,"a":{"a":0,"k":0},"h":{"a":0,"k":0},"s":{"a":0,"k":[-512.975,2.5],"ix":5},"r":1,"o":{"a":0,"k":100,"ix":10}},{"ty":"tr","a":{"a":0,"k":[0,0],"ix":1},"s":{"a":0,"k":[100,100],"ix":3},"sk":{"a":0,"k":0,"ix":4},"p":{"a":0,"k":[0,0],"ix":2},"r":{"a":0,"k":0,"ix":6},"sa":{"a":0,"k":0,"ix":5},"o":{"a":0,"k":100,"ix":7}}]}],"ind":8,"parent":9},{"ty":4,"nm":"Shape Layer 15","sr":1,"st":0,"op":300,"ip":0,"hd":false,"ddd":1,"bm":7,"tt":3,"hasMask":false,"ao":0,"ks":{"a":{"a":0,"k":[0,0,0],"ix":1},"s":{"a":1,"k":[{"o":{"x":0.333,"y":0},"i":{"x":0.667,"y":1},"s":[79,79,79],"t":0},{"o":{"x":0.63,"y":0},"i":{"x":0.667,"y":1},"s":[59,59,59],"t":38},{"s":[79,79,79],"t":99}],"ix":6},"sk":{"a":0,"k":0},"p":{"a":0,"k":[0,0,0],"ix":2},"sa":{"a":0,"k":0},"o":{"a":0,"k":50,"ix":11},"rx":{"a":0,"k":106,"ix":8},"ry":{"a":0,"k":140,"ix":9},"rz":{"a":1,"k":[{"o":{"x":0.167,"y":0.167},"i":{"x":0.833,"y":0.833},"s":[18],"t":0},{"s":[0],"t":299}],"ix":10},"or":{"a":1,"k":[{"o":{"x":0.333,"y":0},"i":{"x":0.667,"y":1},"s":[0,116,0],"t":-54},{"s":[0,0,0],"t":324}],"ix":7}},"ef":[{"ty":20,"mn":"ADBE Tint","nm":"Tint","ix":1,"en":1,"ef":[{"ty":2,"mn":"ADBE Tint-0001","nm":"Map Black To","ix":1,"v":{"a":0,"k":[0,0.6627,0.5294],"ix":1}},{"ty":2,"mn":"ADBE Tint-0002","nm":"Map White To","ix":2,"v":{"a":0,"k":[0.0549,0.0824,0.1451],"ix":2}},{"ty":0,"mn":"ADBE Tint-0003","nm":"Amount to Tint","ix":3,"v":{"a":0,"k":100,"ix":3}},{"ty":6,"mn":"ADBE Tint-0004","nm":"","ix":4,"v":0}]}],"shapes":[{"ty":"gr","bm":0,"hd":false,"mn":"ADBE Vector Group","nm":"Group 1","ix":1,"cix":2,"np":1,"it":[{"ty":"gr","bm":0,"hd":false,"mn":"ADBE Vector Group","nm":"one","ix":1,"cix":2,"np":1,"it":[{"ty":"sh","bm":0,"hd":false,"mn":"ADBE Vector Shape - Group","nm":"Path 1","ix":1,"d":1,"ks":{"a":0,"k":{"c":true,"i":[[-276.142,0],[0,-276.142],[276.142,0],[0,276.142]],"o":[[276.142,0],[0,276.142],[-276.142,0],[0,-276.142]],"v":[[0,-500],[500,0],[0,500],[-500,0]]},"ix":2}},{"ty":"tr","a":{"a":0,"k":[0,0],"ix":1},"s":{"a":0,"k":[100,100],"ix":3},"sk":{"a":0,"k":0,"ix":4},"p":{"a":0,"k":[0,0],"ix":2},"r":{"a":0,"k":0,"ix":6},"sa":{"a":0,"k":0,"ix":5},"o":{"a":0,"k":100,"ix":7}}]},{"ty":"tr","a":{"a":0,"k":[0,0],"ix":1},"s":{"a":0,"k":[100,100],"ix":3},"sk":{"a":0,"k":0,"ix":4},"p":{"a":0,"k":[0,0],"ix":2},"r":{"a":0,"k":0,"ix":6},"sa":{"a":0,"k":0,"ix":5},"o":{"a":0,"k":100,"ix":7}}]},{"ty":"gf","bm":0,"hd":false,"mn":"ADBE Vector Graphic - G-Fill","nm":"Gradient Fill 1","e":{"a":0,"k":[365,0],"ix":6},"g":{"p":2,"k":{"a":0,"k":[0,1,1,1,1,0,0,0],"ix":9}},"t":1,"a":{"a":0,"k":0},"h":{"a":0,"k":0},"s":{"a":0,"k":[-394,0],"ix":5},"r":1,"o":{"a":0,"k":100,"ix":10}}],"ind":9,"parent":1},{"ty":4,"nm":"Shape Layer 32","sr":1,"st":0,"op":300,"ip":0,"hd":false,"ddd":1,"bm":0,"hasMask":false,"td":1,"ao":0,"ks":{"a":{"a":0,"k":[0,0,0],"ix":1},"s":{"a":0,"k":[100,100,100],"ix":6},"sk":{"a":0,"k":0},"p":{"a":0,"k":[0,0,0],"ix":2},"sa":{"a":0,"k":0},"o":{"a":0,"k":50,"ix":11},"rx":{"a":0,"k":20,"ix":8},"ry":{"a":0,"k":178,"ix":9},"rz":{"a":0,"k":19.946,"ix":10},"or":{"a":0,"k":[199.507,4.925,199.452],"ix":7}},"ef":[{"ty":20,"mn":"ADBE Tint","nm":"Tint","ix":1,"en":1,"ef":[{"ty":2,"mn":"ADBE Tint-0001","nm":"Map Black To","ix":1,"v":{"a":0,"k":[0,0,0],"ix":1}},{"ty":2,"mn":"ADBE Tint-0002","nm":"Map White To","ix":2,"v":{"a":0,"k":[1,1,1],"ix":2}},{"ty":0,"mn":"ADBE Tint-0003","nm":"Amount to Tint","ix":3,"v":{"a":0,"k":100,"ix":3}},{"ty":6,"mn":"ADBE Tint-0004","nm":"","ix":4,"v":0}]}],"shapes":[{"ty":"gr","bm":0,"hd":false,"mn":"ADBE Vector Group","nm":"Group 1","ix":1,"cix":2,"np":1,"it":[{"ty":"gr","bm":0,"hd":false,"mn":"ADBE Vector Group","nm":"one","ix":1,"cix":2,"np":1,"it":[{"ty":"sh","bm":0,"hd":false,"mn":"ADBE Vector Shape - Group","nm":"Path 1","ix":1,"d":1,"ks":{"a":0,"k":{"c":true,"i":[[-276.142,0],[0,-276.142],[276.142,0],[0,276.142]],"o":[[276.142,0],[0,276.142],[-276.142,0],[0,-276.142]],"v":[[0,-500],[500,0],[0,500],[-500,0]]},"ix":2}},{"ty":"tr","a":{"a":0,"k":[0,0],"ix":1},"s":{"a":0,"k":[100,100],"ix":3},"sk":{"a":0,"k":0,"ix":4},"p":{"a":0,"k":[0,0],"ix":2},"r":{"a":0,"k":0,"ix":6},"sa":{"a":0,"k":0,"ix":5},"o":{"a":0,"k":100,"ix":7}}]},{"ty":"tr","a":{"a":0,"k":[0,0],"ix":1},"s":{"a":0,"k":[100,100],"ix":3},"sk":{"a":0,"k":0,"ix":4},"p":{"a":0,"k":[0,0],"ix":2},"r":{"a":0,"k":0,"ix":6},"sa":{"a":0,"k":0,"ix":5},"o":{"a":0,"k":100,"ix":7}}]},{"ty":"gf","bm":0,"hd":false,"mn":"ADBE Vector Graphic - G-Fill","nm":"Gradient Fill 1","e":{"a":0,"k":[431,0],"ix":6},"g":{"p":2,"k":{"a":0,"k":[0,1,1,1,1,0,0,0],"ix":9}},"t":2,"a":{"a":0,"k":0,"ix":8},"h":{"a":0,"k":0,"ix":7},"s":{"a":0,"k":[10,0],"ix":5},"r":1,"o":{"a":0,"k":100,"ix":10}}],"ind":10,"parent":11},{"ty":4,"nm":"Shape Layer 31","sr":1,"st":0,"op":300,"ip":0,"hd":false,"ddd":1,"bm":16,"tt":3,"hasMask":false,"ao":0,"ks":{"a":{"a":0,"k":[0,0,0],"ix":1},"s":{"a":0,"k":[14.995,14.995,14.995],"ix":6},"sk":{"a":0,"k":0},"p":{"a":0,"k":[0,0,0],"ix":2},"sa":{"a":0,"k":0},"o":{"a":0,"k":100,"ix":11},"rx":{"a":0,"k":20,"ix":8},"ry":{"a":0,"k":140,"ix":9},"rz":{"a":0,"k":39.191,"ix":10},"or":{"a":0,"k":[0,1.383,0],"ix":7}},"ef":[],"shapes":[{"ty":"gr","bm":0,"hd":false,"mn":"ADBE Vector Group","nm":"Group 1","ix":1,"cix":2,"np":2,"it":[{"ty":"gr","bm":0,"hd":false,"mn":"ADBE Vector Group","nm":"one","ix":1,"cix":2,"np":1,"it":[{"ty":"sh","bm":0,"hd":false,"mn":"ADBE Vector Shape - Group","nm":"Path 1","ix":1,"d":1,"ks":{"a":0,"k":{"c":true,"i":[[-276.142,0],[0,-276.142],[276.142,0],[0,276.142]],"o":[[276.142,0],[0,276.142],[-276.142,0],[0,-276.142]],"v":[[0,-500],[500,0],[0,500],[-500,0]]},"ix":2}},{"ty":"tr","a":{"a":0,"k":[0,0],"ix":1},"s":{"a":0,"k":[100,100],"ix":3},"sk":{"a":0,"k":0,"ix":4},"p":{"a":0,"k":[0,0],"ix":2},"r":{"a":0,"k":0,"ix":6},"sa":{"a":0,"k":0,"ix":5},"o":{"a":0,"k":100,"ix":7}}]},{"ty":"fl","bm":0,"hd":false,"mn":"ADBE Vector Graphic - Fill","nm":"Fill 1","c":{"a":0,"k":[1,1,1],"ix":4},"r":1,"o":{"a":1,"k":[{"o":{"x":1,"y":0},"i":{"x":0.667,"y":1},"s":[100],"t":0},{"o":{"x":0.333,"y":0},"i":{"x":0,"y":1},"s":[12.936],"t":17.531},{"o":{"x":1,"y":0},"i":{"x":0.667,"y":1},"s":[100],"t":33},{"o":{"x":0.333,"y":0},"i":{"x":0,"y":1},"s":[12.936],"t":50.531},{"o":{"x":1,"y":0},"i":{"x":0.667,"y":1},"s":[100],"t":66},{"o":{"x":0.333,"y":0},"i":{"x":0,"y":1},"s":[12.936],"t":83.531},{"s":[100],"t":99}],"ix":5}},{"ty":"tr","a":{"a":0,"k":[0,0],"ix":1},"s":{"a":0,"k":[100,100],"ix":3},"sk":{"a":0,"k":0,"ix":4},"p":{"a":0,"k":[0,0],"ix":2},"r":{"a":0,"k":0,"ix":6},"sa":{"a":0,"k":0,"ix":5},"o":{"a":0,"k":100,"ix":7}}]}],"ind":11,"parent":1},{"ty":4,"nm":"Shape Layer 30","sr":1,"st":0,"op":300,"ip":0,"hd":false,"ddd":1,"bm":0,"hasMask":false,"td":1,"ao":0,"ks":{"a":{"a":0,"k":[0,0,0],"ix":1},"s":{"a":0,"k":[100,100,100],"ix":6},"sk":{"a":0,"k":0},"p":{"a":0,"k":[0,0,0],"ix":2},"sa":{"a":0,"k":0},"o":{"a":0,"k":50,"ix":11},"rx":{"a":0,"k":20,"ix":8},"ry":{"a":0,"k":178,"ix":9},"rz":{"a":0,"k":19.946,"ix":10},"or":{"a":0,"k":[199.507,4.925,199.452],"ix":7}},"ef":[{"ty":20,"mn":"ADBE Tint","nm":"Tint","ix":1,"en":1,"ef":[{"ty":2,"mn":"ADBE Tint-0001","nm":"Map Black To","ix":1,"v":{"a":0,"k":[0,0,0],"ix":1}},{"ty":2,"mn":"ADBE Tint-0002","nm":"Map White To","ix":2,"v":{"a":0,"k":[1,1,1],"ix":2}},{"ty":0,"mn":"ADBE Tint-0003","nm":"Amount to Tint","ix":3,"v":{"a":0,"k":100,"ix":3}},{"ty":6,"mn":"ADBE Tint-0004","nm":"","ix":4,"v":0}]}],"shapes":[{"ty":"gr","bm":0,"hd":false,"mn":"ADBE Vector Group","nm":"Group 1","ix":1,"cix":2,"np":1,"it":[{"ty":"gr","bm":0,"hd":false,"mn":"ADBE Vector Group","nm":"one","ix":1,"cix":2,"np":1,"it":[{"ty":"sh","bm":0,"hd":false,"mn":"ADBE Vector Shape - Group","nm":"Path 1","ix":1,"d":1,"ks":{"a":0,"k":{"c":true,"i":[[-276.142,0],[0,-276.142],[276.142,0],[0,276.142]],"o":[[276.142,0],[0,276.142],[-276.142,0],[0,-276.142]],"v":[[0,-500],[500,0],[0,500],[-500,0]]},"ix":2}},{"ty":"tr","a":{"a":0,"k":[0,0],"ix":1},"s":{"a":0,"k":[100,100],"ix":3},"sk":{"a":0,"k":0,"ix":4},"p":{"a":0,"k":[0,0],"ix":2},"r":{"a":0,"k":0,"ix":6},"sa":{"a":0,"k":0,"ix":5},"o":{"a":0,"k":100,"ix":7}}]},{"ty":"tr","a":{"a":0,"k":[0,0],"ix":1},"s":{"a":0,"k":[100,100],"ix":3},"sk":{"a":0,"k":0,"ix":4},"p":{"a":0,"k":[0,0],"ix":2},"r":{"a":0,"k":0,"ix":6},"sa":{"a":0,"k":0,"ix":5},"o":{"a":0,"k":100,"ix":7}}]},{"ty":"gf","bm":0,"hd":false,"mn":"ADBE Vector Graphic - G-Fill","nm":"Gradient Fill 1","e":{"a":0,"k":[431,0],"ix":6},"g":{"p":2,"k":{"a":0,"k":[0,1,1,1,1,0,0,0],"ix":9}},"t":2,"a":{"a":0,"k":0,"ix":8},"h":{"a":0,"k":0,"ix":7},"s":{"a":0,"k":[10,0],"ix":5},"r":1,"o":{"a":0,"k":100,"ix":10}}],"ind":12,"parent":13},{"ty":4,"nm":"Shape Layer 29","sr":1,"st":0,"op":300,"ip":0,"hd":false,"ddd":1,"bm":16,"tt":3,"hasMask":false,"ao":0,"ks":{"a":{"a":0,"k":[0,0,0],"ix":1},"s":{"a":0,"k":[34.995,34.995,34.995],"ix":6},"sk":{"a":0,"k":0},"p":{"a":0,"k":[0,0,0],"ix":2},"sa":{"a":0,"k":0},"o":{"a":0,"k":100,"ix":11},"rx":{"a":0,"k":20,"ix":8},"ry":{"a":0,"k":140,"ix":9},"rz":{"a":0,"k":39.191,"ix":10},"or":{"a":0,"k":[0,1.383,0],"ix":7}},"ef":[],"shapes":[{"ty":"gr","bm":0,"hd":false,"mn":"ADBE Vector Group","nm":"Group 1","ix":1,"cix":2,"np":2,"it":[{"ty":"gr","bm":0,"hd":false,"mn":"ADBE Vector Group","nm":"one","ix":1,"cix":2,"np":1,"it":[{"ty":"sh","bm":0,"hd":false,"mn":"ADBE Vector Shape - Group","nm":"Path 1","ix":1,"d":1,"ks":{"a":0,"k":{"c":true,"i":[[-276.142,0],[0,-276.142],[276.142,0],[0,276.142]],"o":[[276.142,0],[0,276.142],[-276.142,0],[0,-276.142]],"v":[[0,-500],[500,0],[0,500],[-500,0]]},"ix":2}},{"ty":"tr","a":{"a":0,"k":[0,0],"ix":1},"s":{"a":0,"k":[100,100],"ix":3},"sk":{"a":0,"k":0,"ix":4},"p":{"a":0,"k":[0,0],"ix":2},"r":{"a":0,"k":0,"ix":6},"sa":{"a":0,"k":0,"ix":5},"o":{"a":0,"k":100,"ix":7}}]},{"ty":"fl","bm":0,"hd":false,"mn":"ADBE Vector Graphic - Fill","nm":"Fill 1","c":{"a":0,"k":[1,1,1],"ix":4},"r":1,"o":{"a":1,"k":[{"o":{"x":1,"y":0},"i":{"x":0.667,"y":1},"s":[100],"t":0},{"o":{"x":0.333,"y":0},"i":{"x":0,"y":1},"s":[12.936],"t":17.531},{"o":{"x":1,"y":0},"i":{"x":0.667,"y":1},"s":[100],"t":33},{"o":{"x":0.333,"y":0},"i":{"x":0,"y":1},"s":[12.936],"t":50.531},{"o":{"x":1,"y":0},"i":{"x":0.667,"y":1},"s":[100],"t":66},{"o":{"x":0.333,"y":0},"i":{"x":0,"y":1},"s":[12.936],"t":83.531},{"s":[100],"t":99}],"ix":5}},{"ty":"tr","a":{"a":0,"k":[0,0],"ix":1},"s":{"a":0,"k":[100,100],"ix":3},"sk":{"a":0,"k":0,"ix":4},"p":{"a":0,"k":[0,0],"ix":2},"r":{"a":0,"k":0,"ix":6},"sa":{"a":0,"k":0,"ix":5},"o":{"a":0,"k":100,"ix":7}}]}],"ind":13,"parent":1},{"ty":4,"nm":"Shape Layer 28","sr":1,"st":0,"op":300,"ip":0,"hd":false,"ddd":1,"bm":0,"hasMask":false,"td":1,"ao":0,"ks":{"a":{"a":0,"k":[0,0,0],"ix":1},"s":{"a":0,"k":[100,100,100],"ix":6},"sk":{"a":0,"k":0},"p":{"a":0,"k":[0,0,0],"ix":2},"sa":{"a":0,"k":0},"o":{"a":0,"k":50,"ix":11},"rx":{"a":0,"k":20,"ix":8},"ry":{"a":0,"k":178,"ix":9},"rz":{"a":0,"k":19.946,"ix":10},"or":{"a":0,"k":[199.507,4.925,199.452],"ix":7}},"ef":[{"ty":20,"mn":"ADBE Tint","nm":"Tint","ix":1,"en":1,"ef":[{"ty":2,"mn":"ADBE Tint-0001","nm":"Map Black To","ix":1,"v":{"a":0,"k":[0,0,0],"ix":1}},{"ty":2,"mn":"ADBE Tint-0002","nm":"Map White To","ix":2,"v":{"a":0,"k":[1,1,1],"ix":2}},{"ty":0,"mn":"ADBE Tint-0003","nm":"Amount to Tint","ix":3,"v":{"a":0,"k":100,"ix":3}},{"ty":6,"mn":"ADBE Tint-0004","nm":"","ix":4,"v":0}]}],"shapes":[{"ty":"gr","bm":0,"hd":false,"mn":"ADBE Vector Group","nm":"Group 1","ix":1,"cix":2,"np":1,"it":[{"ty":"gr","bm":0,"hd":false,"mn":"ADBE Vector Group","nm":"one","ix":1,"cix":2,"np":1,"it":[{"ty":"sh","bm":0,"hd":false,"mn":"ADBE Vector Shape - Group","nm":"Path 1","ix":1,"d":1,"ks":{"a":0,"k":{"c":true,"i":[[-276.142,0],[0,-276.142],[276.142,0],[0,276.142]],"o":[[276.142,0],[0,276.142],[-276.142,0],[0,-276.142]],"v":[[0,-500],[500,0],[0,500],[-500,0]]},"ix":2}},{"ty":"tr","a":{"a":0,"k":[0,0],"ix":1},"s":{"a":0,"k":[100,100],"ix":3},"sk":{"a":0,"k":0,"ix":4},"p":{"a":0,"k":[0,0],"ix":2},"r":{"a":0,"k":0,"ix":6},"sa":{"a":0,"k":0,"ix":5},"o":{"a":0,"k":100,"ix":7}}]},{"ty":"tr","a":{"a":0,"k":[0,0],"ix":1},"s":{"a":0,"k":[100,100],"ix":3},"sk":{"a":0,"k":0,"ix":4},"p":{"a":0,"k":[0,0],"ix":2},"r":{"a":0,"k":0,"ix":6},"sa":{"a":0,"k":0,"ix":5},"o":{"a":0,"k":100,"ix":7}}]},{"ty":"gf","bm":0,"hd":false,"mn":"ADBE Vector Graphic - G-Fill","nm":"Gradient Fill 1","e":{"a":0,"k":[431,0],"ix":6},"g":{"p":2,"k":{"a":0,"k":[0,1,1,1,1,0,0,0],"ix":9}},"t":2,"a":{"a":0,"k":0,"ix":8},"h":{"a":0,"k":0,"ix":7},"s":{"a":0,"k":[10,0],"ix":5},"r":1,"o":{"a":0,"k":100,"ix":10}}],"ind":14,"parent":15},{"ty":4,"nm":"Shape Layer 27","sr":1,"st":0,"op":300,"ip":0,"hd":false,"ddd":1,"bm":16,"tt":3,"hasMask":false,"ao":0,"ks":{"a":{"a":0,"k":[0,0,0],"ix":1},"s":{"a":1,"k":[{"o":{"x":0.333,"y":0},"i":{"x":0.51,"y":1},"s":[69,69,69],"t":0},{"o":{"x":0.333,"y":0},"i":{"x":0.667,"y":1},"s":[79,79,79],"t":55},{"s":[69,69,69],"t":99}],"ix":6},"sk":{"a":0,"k":0},"p":{"a":0,"k":[0,0,0],"ix":2},"sa":{"a":0,"k":0},"o":{"a":0,"k":100,"ix":11},"rx":{"a":0,"k":20,"ix":8},"ry":{"a":0,"k":140,"ix":9},"rz":{"a":0,"k":39.191,"ix":10},"or":{"a":0,"k":[0,1.383,0],"ix":7}},"ef":[],"shapes":[{"ty":"gr","bm":0,"hd":false,"mn":"ADBE Vector Group","nm":"Group 1","ix":1,"cix":2,"np":2,"it":[{"ty":"gr","bm":0,"hd":false,"mn":"ADBE Vector Group","nm":"one","ix":1,"cix":2,"np":1,"it":[{"ty":"sh","bm":0,"hd":false,"mn":"ADBE Vector Shape - Group","nm":"Path 1","ix":1,"d":1,"ks":{"a":0,"k":{"c":true,"i":[[-276.142,0],[0,-276.142],[276.142,0],[0,276.142]],"o":[[276.142,0],[0,276.142],[-276.142,0],[0,-276.142]],"v":[[0,-500],[500,0],[0,500],[-500,0]]},"ix":2}},{"ty":"tr","a":{"a":0,"k":[0,0],"ix":1},"s":{"a":0,"k":[100,100],"ix":3},"sk":{"a":0,"k":0,"ix":4},"p":{"a":0,"k":[0,0],"ix":2},"r":{"a":0,"k":0,"ix":6},"sa":{"a":0,"k":0,"ix":5},"o":{"a":0,"k":100,"ix":7}}]},{"ty":"fl","bm":0,"hd":false,"mn":"ADBE Vector Graphic - Fill","nm":"Fill 1","c":{"a":0,"k":[0.9843,1,0.749],"ix":4},"r":1,"o":{"a":1,"k":[{"o":{"x":1,"y":0},"i":{"x":0.667,"y":1},"s":[100],"t":0},{"o":{"x":0.333,"y":0},"i":{"x":0,"y":1},"s":[12.936],"t":17.531},{"o":{"x":1,"y":0},"i":{"x":0.667,"y":1},"s":[100],"t":33},{"o":{"x":0.333,"y":0},"i":{"x":0,"y":1},"s":[12.936],"t":50.531},{"o":{"x":1,"y":0},"i":{"x":0.667,"y":1},"s":[100],"t":66},{"o":{"x":0.333,"y":0},"i":{"x":0,"y":1},"s":[12.936],"t":83.531},{"s":[100],"t":99}],"ix":5}},{"ty":"tr","a":{"a":0,"k":[0,0],"ix":1},"s":{"a":0,"k":[100,100],"ix":3},"sk":{"a":0,"k":0,"ix":4},"p":{"a":0,"k":[0,0],"ix":2},"r":{"a":0,"k":0,"ix":6},"sa":{"a":0,"k":0,"ix":5},"o":{"a":0,"k":100,"ix":7}}]}],"ind":15,"parent":1},{"ty":4,"nm":"Shape Layer 14","sr":1,"st":0,"op":300,"ip":0,"hd":false,"ddd":1,"bm":0,"hasMask":false,"td":1,"ao":0,"ks":{"a":{"a":0,"k":[0,0,0],"ix":1},"s":{"a":0,"k":[101.266,101.266,101.266],"ix":6},"sk":{"a":0,"k":0},"p":{"a":0,"k":[0,0,0],"ix":2},"sa":{"a":0,"k":0},"o":{"a":0,"k":50,"ix":11},"rx":{"a":0,"k":0,"ix":8},"ry":{"a":0,"k":0,"ix":9},"rz":{"a":0,"k":0,"ix":10},"or":{"a":0,"k":[0,0,0],"ix":7}},"ef":[],"shapes":[{"ty":"gr","bm":0,"hd":false,"mn":"ADBE Vector Group","nm":"Group 1","ix":1,"cix":2,"np":2,"it":[{"ty":"gr","bm":0,"hd":false,"mn":"ADBE Vector Group","nm":"one","ix":1,"cix":2,"np":1,"it":[{"ty":"sh","bm":0,"hd":false,"mn":"ADBE Vector Shape - Group","nm":"Path 1","ix":1,"d":1,"ks":{"a":0,"k":{"c":true,"i":[[-276.142,0],[0,-276.142],[276.142,0],[0,276.142]],"o":[[276.142,0],[0,276.142],[-276.142,0],[0,-276.142]],"v":[[0,-500],[500,0],[0,500],[-500,0]]},"ix":2}},{"ty":"tr","a":{"a":0,"k":[0,0],"ix":1},"s":{"a":0,"k":[100,100],"ix":3},"sk":{"a":0,"k":0,"ix":4},"p":{"a":0,"k":[0,0],"ix":2},"r":{"a":0,"k":0,"ix":6},"sa":{"a":0,"k":0,"ix":5},"o":{"a":0,"k":100,"ix":7}}]},{"ty":"gf","bm":0,"hd":false,"mn":"ADBE Vector Graphic - G-Fill","nm":"Gradient Fill 1","e":{"a":0,"k":[549.589,-14.873],"ix":6},"g":{"p":2,"k":{"a":0,"k":[0,1,1,1,1,0,0,0],"ix":9}},"t":1,"a":{"a":0,"k":0},"h":{"a":0,"k":0},"s":{"a":0,"k":[-512.975,2.5],"ix":5},"r":1,"o":{"a":0,"k":100,"ix":10}},{"ty":"tr","a":{"a":0,"k":[0,0],"ix":1},"s":{"a":0,"k":[100,100],"ix":3},"sk":{"a":0,"k":0,"ix":4},"p":{"a":0,"k":[0,0],"ix":2},"r":{"a":0,"k":0,"ix":6},"sa":{"a":0,"k":0,"ix":5},"o":{"a":0,"k":100,"ix":7}}]}],"ind":16,"parent":17},{"ty":4,"nm":"Shape Layer 13","sr":1,"st":0,"op":300,"ip":0,"hd":false,"ddd":1,"bm":7,"tt":3,"hasMask":false,"ao":0,"ks":{"a":{"a":0,"k":[0,0,0],"ix":1},"s":{"a":0,"k":[79,79,79],"ix":6},"sk":{"a":0,"k":0},"p":{"a":0,"k":[0,0,0],"ix":2},"sa":{"a":0,"k":0},"o":{"a":0,"k":50,"ix":11},"rx":{"a":1,"k":[{"o":{"x":0.167,"y":0.167},"i":{"x":0.833,"y":0.833},"s":[144],"t":0},{"s":[211],"t":99}],"ix":8},"ry":{"a":1,"k":[{"o":{"x":0.167,"y":0.167},"i":{"x":0.833,"y":0.833},"s":[145],"t":0},{"s":[91],"t":99}],"ix":9},"rz":{"a":1,"k":[{"o":{"x":0.167,"y":0.167},"i":{"x":0.833,"y":0.833},"s":[19],"t":0},{"s":[0],"t":299}],"ix":10},"or":{"a":0,"k":[0,45.214,0],"ix":7}},"ef":[{"ty":20,"mn":"ADBE Tint","nm":"Tint","ix":1,"en":1,"ef":[{"ty":2,"mn":"ADBE Tint-0001","nm":"Map Black To","ix":1,"v":{"a":0,"k":[0,0.6627,0.5294],"ix":1}},{"ty":2,"mn":"ADBE Tint-0002","nm":"Map White To","ix":2,"v":{"a":0,"k":[0.0549,0.0824,0.1451],"ix":2}},{"ty":0,"mn":"ADBE Tint-0003","nm":"Amount to Tint","ix":3,"v":{"a":0,"k":100,"ix":3}},{"ty":6,"mn":"ADBE Tint-0004","nm":"","ix":4,"v":0}]}],"shapes":[{"ty":"gr","bm":0,"hd":false,"mn":"ADBE Vector Group","nm":"Group 1","ix":1,"cix":2,"np":1,"it":[{"ty":"gr","bm":0,"hd":false,"mn":"ADBE Vector Group","nm":"one","ix":1,"cix":2,"np":1,"it":[{"ty":"sh","bm":0,"hd":false,"mn":"ADBE Vector Shape - Group","nm":"Path 1","ix":1,"d":1,"ks":{"a":0,"k":{"c":true,"i":[[-276.142,0],[0,-276.142],[276.142,0],[0,276.142]],"o":[[276.142,0],[0,276.142],[-276.142,0],[0,-276.142]],"v":[[0,-500],[500,0],[0,500],[-500,0]]},"ix":2}},{"ty":"tr","a":{"a":0,"k":[0,0],"ix":1},"s":{"a":0,"k":[100,100],"ix":3},"sk":{"a":0,"k":0,"ix":4},"p":{"a":0,"k":[0,0],"ix":2},"r":{"a":0,"k":0,"ix":6},"sa":{"a":0,"k":0,"ix":5},"o":{"a":0,"k":100,"ix":7}}]},{"ty":"tr","a":{"a":0,"k":[0,0],"ix":1},"s":{"a":0,"k":[100,100],"ix":3},"sk":{"a":0,"k":0,"ix":4},"p":{"a":0,"k":[0,0],"ix":2},"r":{"a":0,"k":0,"ix":6},"sa":{"a":0,"k":0,"ix":5},"o":{"a":0,"k":100,"ix":7}}]},{"ty":"gf","bm":0,"hd":false,"mn":"ADBE Vector Graphic - G-Fill","nm":"Gradient Fill 1","e":{"a":0,"k":[365,0],"ix":6},"g":{"p":2,"k":{"a":0,"k":[0,1,1,1,1,0,0,0],"ix":9}},"t":1,"a":{"a":0,"k":0},"h":{"a":0,"k":0},"s":{"a":0,"k":[-394,0],"ix":5},"r":1,"o":{"a":0,"k":100,"ix":10}}],"ind":17,"parent":1},{"ty":4,"nm":"Shape Layer 12","sr":1,"st":0,"op":300,"ip":0,"hd":false,"ddd":1,"bm":0,"hasMask":false,"td":1,"ao":0,"ks":{"a":{"a":0,"k":[0,0,0],"ix":1},"s":{"a":0,"k":[101.266,101.266,101.266],"ix":6},"sk":{"a":0,"k":0},"p":{"a":0,"k":[0,0,0],"ix":2},"sa":{"a":0,"k":0},"o":{"a":0,"k":50,"ix":11},"rx":{"a":0,"k":0,"ix":8},"ry":{"a":0,"k":0,"ix":9},"rz":{"a":0,"k":0,"ix":10},"or":{"a":0,"k":[0,0,0],"ix":7}},"ef":[],"shapes":[{"ty":"gr","bm":0,"hd":false,"mn":"ADBE Vector Group","nm":"Group 1","ix":1,"cix":2,"np":2,"it":[{"ty":"gr","bm":0,"hd":false,"mn":"ADBE Vector Group","nm":"one","ix":1,"cix":2,"np":1,"it":[{"ty":"sh","bm":0,"hd":false,"mn":"ADBE Vector Shape - Group","nm":"Path 1","ix":1,"d":1,"ks":{"a":0,"k":{"c":true,"i":[[-276.142,0],[0,-276.142],[276.142,0],[0,276.142]],"o":[[276.142,0],[0,276.142],[-276.142,0],[0,-276.142]],"v":[[0,-500],[500,0],[0,500],[-500,0]]},"ix":2}},{"ty":"tr","a":{"a":0,"k":[0,0],"ix":1},"s":{"a":0,"k":[100,100],"ix":3},"sk":{"a":0,"k":0,"ix":4},"p":{"a":0,"k":[0,0],"ix":2},"r":{"a":0,"k":0,"ix":6},"sa":{"a":0,"k":0,"ix":5},"o":{"a":0,"k":100,"ix":7}}]},{"ty":"gf","bm":0,"hd":false,"mn":"ADBE Vector Graphic - G-Fill","nm":"Gradient Fill 1","e":{"a":0,"k":[549.589,-14.873],"ix":6},"g":{"p":2,"k":{"a":0,"k":[0,1,1,1,1,0,0,0],"ix":9}},"t":1,"a":{"a":0,"k":0},"h":{"a":0,"k":0},"s":{"a":0,"k":[-512.975,2.5],"ix":5},"r":1,"o":{"a":0,"k":100,"ix":10}},{"ty":"tr","a":{"a":0,"k":[0,0],"ix":1},"s":{"a":0,"k":[100,100],"ix":3},"sk":{"a":0,"k":0,"ix":4},"p":{"a":0,"k":[0,0],"ix":2},"r":{"a":0,"k":0,"ix":6},"sa":{"a":0,"k":0,"ix":5},"o":{"a":0,"k":100,"ix":7}}]}],"ind":18,"parent":19},{"ty":4,"nm":"Shape Layer 11","sr":1,"st":0,"op":300,"ip":0,"hd":false,"ddd":1,"bm":7,"tt":3,"hasMask":false,"ao":0,"ks":{"a":{"a":0,"k":[0,0,0],"ix":1},"s":{"a":1,"k":[{"o":{"x":0.333,"y":0},"i":{"x":0.667,"y":1},"s":[79,79,79],"t":0},{"o":{"x":0.333,"y":0},"i":{"x":0.667,"y":1},"s":[64,64,64],"t":55},{"s":[79,79,79],"t":99}],"ix":6},"sk":{"a":0,"k":0},"p":{"a":0,"k":[0,0,0],"ix":2},"sa":{"a":0,"k":0},"o":{"a":0,"k":50,"ix":11},"rx":{"a":0,"k":120,"ix":8},"ry":{"a":0,"k":100,"ix":9},"rz":{"a":1,"k":[{"o":{"x":0.167,"y":0.167},"i":{"x":0.833,"y":0.833},"s":[9],"t":0},{"s":[0],"t":299}],"ix":10},"or":{"a":1,"k":[{"o":{"x":0.333,"y":0},"i":{"x":0.833,"y":0.999},"s":[0,116,0],"t":-76},{"o":{"x":0.167,"y":0.001},"i":{"x":0.833,"y":0.999},"s":[160,99.736,203],"t":0},{"o":{"x":0.167,"y":0.022},"i":{"x":0.667,"y":1},"s":[0,70.932,0],"t":99},{"s":[0,0,0],"t":376}],"ix":7}},"ef":[{"ty":20,"mn":"ADBE Tint","nm":"Tint","ix":1,"en":1,"ef":[{"ty":2,"mn":"ADBE Tint-0001","nm":"Map Black To","ix":1,"v":{"a":0,"k":[0,0.6627,0.5294],"ix":1}},{"ty":2,"mn":"ADBE Tint-0002","nm":"Map White To","ix":2,"v":{"a":0,"k":[0.0549,0.0824,0.1451],"ix":2}},{"ty":0,"mn":"ADBE Tint-0003","nm":"Amount to Tint","ix":3,"v":{"a":0,"k":100,"ix":3}},{"ty":6,"mn":"ADBE Tint-0004","nm":"","ix":4,"v":0}]}],"shapes":[{"ty":"gr","bm":0,"hd":false,"mn":"ADBE Vector Group","nm":"Group 1","ix":1,"cix":2,"np":1,"it":[{"ty":"gr","bm":0,"hd":false,"mn":"ADBE Vector Group","nm":"one","ix":1,"cix":2,"np":1,"it":[{"ty":"sh","bm":0,"hd":false,"mn":"ADBE Vector Shape - Group","nm":"Path 1","ix":1,"d":1,"ks":{"a":0,"k":{"c":true,"i":[[-276.142,0],[0,-276.142],[276.142,0],[0,276.142]],"o":[[276.142,0],[0,276.142],[-276.142,0],[0,-276.142]],"v":[[0,-500],[500,0],[0,500],[-500,0]]},"ix":2}},{"ty":"tr","a":{"a":0,"k":[0,0],"ix":1},"s":{"a":0,"k":[100,100],"ix":3},"sk":{"a":0,"k":0,"ix":4},"p":{"a":0,"k":[0,0],"ix":2},"r":{"a":0,"k":0,"ix":6},"sa":{"a":0,"k":0,"ix":5},"o":{"a":0,"k":100,"ix":7}}]},{"ty":"tr","a":{"a":0,"k":[0,0],"ix":1},"s":{"a":0,"k":[100,100],"ix":3},"sk":{"a":0,"k":0,"ix":4},"p":{"a":0,"k":[0,0],"ix":2},"r":{"a":0,"k":0,"ix":6},"sa":{"a":0,"k":0,"ix":5},"o":{"a":0,"k":100,"ix":7}}]},{"ty":"gf","bm":0,"hd":false,"mn":"ADBE Vector Graphic - G-Fill","nm":"Gradient Fill 1","e":{"a":0,"k":[365,0],"ix":6},"g":{"p":2,"k":{"a":0,"k":[0,1,1,1,1,0,0,0],"ix":9}},"t":1,"a":{"a":0,"k":0},"h":{"a":0,"k":0},"s":{"a":0,"k":[-394,0],"ix":5},"r":1,"o":{"a":0,"k":100,"ix":10}}],"ind":19,"parent":1},{"ty":4,"nm":"Shape Layer 10","sr":1,"st":0,"op":300,"ip":0,"hd":false,"ddd":1,"bm":0,"hasMask":false,"td":1,"ao":0,"ks":{"a":{"a":0,"k":[0,0,0],"ix":1},"s":{"a":0,"k":[101.266,101.266,101.266],"ix":6},"sk":{"a":0,"k":0},"p":{"a":0,"k":[0,0,0],"ix":2},"sa":{"a":0,"k":0},"o":{"a":0,"k":50,"ix":11},"rx":{"a":0,"k":0,"ix":8},"ry":{"a":0,"k":0,"ix":9},"rz":{"a":0,"k":0,"ix":10},"or":{"a":0,"k":[0,0,0],"ix":7}},"ef":[],"shapes":[{"ty":"gr","bm":0,"hd":false,"mn":"ADBE Vector Group","nm":"Group 1","ix":1,"cix":2,"np":2,"it":[{"ty":"gr","bm":0,"hd":false,"mn":"ADBE Vector Group","nm":"one","ix":1,"cix":2,"np":1,"it":[{"ty":"sh","bm":0,"hd":false,"mn":"ADBE Vector Shape - Group","nm":"Path 1","ix":1,"d":1,"ks":{"a":0,"k":{"c":true,"i":[[-276.142,0],[0,-276.142],[276.142,0],[0,276.142]],"o":[[276.142,0],[0,276.142],[-276.142,0],[0,-276.142]],"v":[[0,-500],[500,0],[0,500],[-500,0]]},"ix":2}},{"ty":"tr","a":{"a":0,"k":[0,0],"ix":1},"s":{"a":0,"k":[100,100],"ix":3},"sk":{"a":0,"k":0,"ix":4},"p":{"a":0,"k":[0,0],"ix":2},"r":{"a":0,"k":0,"ix":6},"sa":{"a":0,"k":0,"ix":5},"o":{"a":0,"k":100,"ix":7}}]},{"ty":"gf","bm":0,"hd":false,"mn":"ADBE Vector Graphic - G-Fill","nm":"Gradient Fill 1","e":{"a":0,"k":[549.589,-14.873],"ix":6},"g":{"p":2,"k":{"a":0,"k":[0,1,1,1,1,0,0,0],"ix":9}},"t":1,"a":{"a":0,"k":0},"h":{"a":0,"k":0},"s":{"a":0,"k":[-512.975,2.5],"ix":5},"r":1,"o":{"a":0,"k":100,"ix":10}},{"ty":"tr","a":{"a":0,"k":[0,0],"ix":1},"s":{"a":0,"k":[100,100],"ix":3},"sk":{"a":0,"k":0,"ix":4},"p":{"a":0,"k":[0,0],"ix":2},"r":{"a":0,"k":0,"ix":6},"sa":{"a":0,"k":0,"ix":5},"o":{"a":0,"k":100,"ix":7}}]}],"ind":20,"parent":21},{"ty":4,"nm":"Shape Layer 9","sr":1,"st":0,"op":300,"ip":0,"hd":false,"ddd":1,"bm":7,"tt":3,"hasMask":false,"ao":0,"ks":{"a":{"a":0,"k":[0,0,0],"ix":1},"s":{"a":1,"k":[{"o":{"x":0.64,"y":0},"i":{"x":0.833,"y":0.833},"s":[79,79,79],"t":0},{"o":{"x":0.167,"y":0.167},"i":{"x":0.21,"y":1},"s":[71,71,71],"t":59},{"s":[79,79,79],"t":99}],"ix":6},"sk":{"a":0,"k":0},"p":{"a":0,"k":[0,0,0],"ix":2},"sa":{"a":0,"k":0},"o":{"a":0,"k":50,"ix":11},"rx":{"a":0,"k":140,"ix":8},"ry":{"a":0,"k":80,"ix":9},"rz":{"a":1,"k":[{"o":{"x":0.167,"y":0.167},"i":{"x":0.833,"y":0.833},"s":[-21],"t":0},{"s":[0],"t":299}],"ix":10},"or":{"a":1,"k":[{"o":{"x":0.333,"y":0},"i":{"x":0.667,"y":1},"s":[0,0,0],"t":-92},{"s":[0,116,0],"t":298}],"ix":7}},"ef":[{"ty":20,"mn":"ADBE Tint","nm":"Tint","ix":1,"en":1,"ef":[{"ty":2,"mn":"ADBE Tint-0001","nm":"Map Black To","ix":1,"v":{"a":0,"k":[0,0.6627,0.5294],"ix":1}},{"ty":2,"mn":"ADBE Tint-0002","nm":"Map White To","ix":2,"v":{"a":0,"k":[0.0549,0.0824,0.1451],"ix":2}},{"ty":0,"mn":"ADBE Tint-0003","nm":"Amount to Tint","ix":3,"v":{"a":0,"k":100,"ix":3}},{"ty":6,"mn":"ADBE Tint-0004","nm":"","ix":4,"v":0}]}],"shapes":[{"ty":"gr","bm":0,"hd":false,"mn":"ADBE Vector Group","nm":"Group 1","ix":1,"cix":2,"np":1,"it":[{"ty":"gr","bm":0,"hd":false,"mn":"ADBE Vector Group","nm":"one","ix":1,"cix":2,"np":1,"it":[{"ty":"sh","bm":0,"hd":false,"mn":"ADBE Vector Shape - Group","nm":"Path 1","ix":1,"d":1,"ks":{"a":0,"k":{"c":true,"i":[[-276.142,0],[0,-276.142],[276.142,0],[0,276.142]],"o":[[276.142,0],[0,276.142],[-276.142,0],[0,-276.142]],"v":[[0,-500],[500,0],[0,500],[-500,0]]},"ix":2}},{"ty":"tr","a":{"a":0,"k":[0,0],"ix":1},"s":{"a":0,"k":[100,100],"ix":3},"sk":{"a":0,"k":0,"ix":4},"p":{"a":0,"k":[0,0],"ix":2},"r":{"a":0,"k":0,"ix":6},"sa":{"a":0,"k":0,"ix":5},"o":{"a":0,"k":100,"ix":7}}]},{"ty":"tr","a":{"a":0,"k":[0,0],"ix":1},"s":{"a":0,"k":[100,100],"ix":3},"sk":{"a":0,"k":0,"ix":4},"p":{"a":0,"k":[0,0],"ix":2},"r":{"a":0,"k":0,"ix":6},"sa":{"a":0,"k":0,"ix":5},"o":{"a":0,"k":100,"ix":7}}]},{"ty":"gf","bm":0,"hd":false,"mn":"ADBE Vector Graphic - G-Fill","nm":"Gradient Fill 1","e":{"a":0,"k":[365,0],"ix":6},"g":{"p":2,"k":{"a":0,"k":[0,1,1,1,1,0,0,0],"ix":9}},"t":1,"a":{"a":0,"k":0},"h":{"a":0,"k":0},"s":{"a":0,"k":[-394,0],"ix":5},"r":1,"o":{"a":0,"k":100,"ix":10}}],"ind":21,"parent":1},{"ty":4,"nm":"Shape Layer 8","sr":1,"st":0,"op":300,"ip":0,"hd":false,"ddd":1,"bm":0,"hasMask":false,"td":1,"ao":0,"ks":{"a":{"a":0,"k":[0,0,0],"ix":1},"s":{"a":0,"k":[101.266,101.266,101.266],"ix":6},"sk":{"a":0,"k":0},"p":{"a":0,"k":[0,0,0],"ix":2},"sa":{"a":0,"k":0},"o":{"a":0,"k":50,"ix":11},"rx":{"a":0,"k":0,"ix":8},"ry":{"a":0,"k":0,"ix":9},"rz":{"a":0,"k":0,"ix":10},"or":{"a":0,"k":[0,0,0],"ix":7}},"ef":[],"shapes":[{"ty":"gr","bm":0,"hd":false,"mn":"ADBE Vector Group","nm":"Group 1","ix":1,"cix":2,"np":2,"it":[{"ty":"gr","bm":0,"hd":false,"mn":"ADBE Vector Group","nm":"one","ix":1,"cix":2,"np":1,"it":[{"ty":"sh","bm":0,"hd":false,"mn":"ADBE Vector Shape - Group","nm":"Path 1","ix":1,"d":1,"ks":{"a":0,"k":{"c":true,"i":[[-276.142,0],[0,-276.142],[276.142,0],[0,276.142]],"o":[[276.142,0],[0,276.142],[-276.142,0],[0,-276.142]],"v":[[0,-500],[500,0],[0,500],[-500,0]]},"ix":2}},{"ty":"tr","a":{"a":0,"k":[0,0],"ix":1},"s":{"a":0,"k":[100,100],"ix":3},"sk":{"a":0,"k":0,"ix":4},"p":{"a":0,"k":[0,0],"ix":2},"r":{"a":0,"k":0,"ix":6},"sa":{"a":0,"k":0,"ix":5},"o":{"a":0,"k":100,"ix":7}}]},{"ty":"gf","bm":0,"hd":false,"mn":"ADBE Vector Graphic - G-Fill","nm":"Gradient Fill 1","e":{"a":0,"k":[549.589,-14.873],"ix":6},"g":{"p":2,"k":{"a":0,"k":[0,1,1,1,1,0,0,0],"ix":9}},"t":1,"a":{"a":0,"k":0},"h":{"a":0,"k":0},"s":{"a":0,"k":[-512.975,2.5],"ix":5},"r":1,"o":{"a":0,"k":100,"ix":10}},{"ty":"tr","a":{"a":0,"k":[0,0],"ix":1},"s":{"a":0,"k":[100,100],"ix":3},"sk":{"a":0,"k":0,"ix":4},"p":{"a":0,"k":[0,0],"ix":2},"r":{"a":0,"k":0,"ix":6},"sa":{"a":0,"k":0,"ix":5},"o":{"a":0,"k":100,"ix":7}}]}],"ind":22,"parent":23},{"ty":4,"nm":"Shape Layer 7","sr":1,"st":0,"op":300,"ip":0,"hd":false,"ddd":1,"bm":7,"tt":3,"hasMask":false,"ao":0,"ks":{"a":{"a":0,"k":[0,0,0],"ix":1},"s":{"a":1,"k":[{"o":{"x":0.333,"y":0},"i":{"x":0.667,"y":1},"s":[79,79,79],"t":-1},{"o":{"x":0.333,"y":0},"i":{"x":0.667,"y":1},"s":[49,49,49],"t":40},{"s":[79,79,79],"t":99}],"ix":6},"sk":{"a":0,"k":0},"p":{"a":0,"k":[0,0,0],"ix":2},"sa":{"a":0,"k":0},"o":{"a":0,"k":50,"ix":11},"rx":{"a":0,"k":177,"ix":8},"ry":{"a":0,"k":155,"ix":9},"rz":{"a":1,"k":[{"o":{"x":0.167,"y":0.167},"i":{"x":0.833,"y":0.833},"s":[-44],"t":0},{"s":[0],"t":299}],"ix":10},"or":{"a":1,"k":[{"o":{"x":0.167,"y":0.167},"i":{"x":0.833,"y":0.833},"s":[344,141.2,246],"t":0},{"s":[358,161.2,246],"t":99}],"ix":7}},"ef":[{"ty":20,"mn":"ADBE Tint","nm":"Tint","ix":1,"en":1,"ef":[{"ty":2,"mn":"ADBE Tint-0001","nm":"Map Black To","ix":1,"v":{"a":0,"k":[0,0.6627,0.5294],"ix":1}},{"ty":2,"mn":"ADBE Tint-0002","nm":"Map White To","ix":2,"v":{"a":0,"k":[0.0549,0.0824,0.1451],"ix":2}},{"ty":0,"mn":"ADBE Tint-0003","nm":"Amount to Tint","ix":3,"v":{"a":0,"k":100,"ix":3}},{"ty":6,"mn":"ADBE Tint-0004","nm":"","ix":4,"v":0}]}],"shapes":[{"ty":"gr","bm":0,"hd":false,"mn":"ADBE Vector Group","nm":"Group 1","ix":1,"cix":2,"np":1,"it":[{"ty":"gr","bm":0,"hd":false,"mn":"ADBE Vector Group","nm":"one","ix":1,"cix":2,"np":1,"it":[{"ty":"sh","bm":0,"hd":false,"mn":"ADBE Vector Shape - Group","nm":"Path 1","ix":1,"d":1,"ks":{"a":0,"k":{"c":true,"i":[[-276.142,0],[0,-276.142],[276.142,0],[0,276.142]],"o":[[276.142,0],[0,276.142],[-276.142,0],[0,-276.142]],"v":[[0,-500],[500,0],[0,500],[-500,0]]},"ix":2}},{"ty":"tr","a":{"a":0,"k":[0,0],"ix":1},"s":{"a":0,"k":[100,100],"ix":3},"sk":{"a":0,"k":0,"ix":4},"p":{"a":0,"k":[0,0],"ix":2},"r":{"a":0,"k":0,"ix":6},"sa":{"a":0,"k":0,"ix":5},"o":{"a":0,"k":100,"ix":7}}]},{"ty":"tr","a":{"a":0,"k":[0,0],"ix":1},"s":{"a":0,"k":[100,100],"ix":3},"sk":{"a":0,"k":0,"ix":4},"p":{"a":0,"k":[0,0],"ix":2},"r":{"a":0,"k":0,"ix":6},"sa":{"a":0,"k":0,"ix":5},"o":{"a":0,"k":100,"ix":7}}]},{"ty":"gf","bm":0,"hd":false,"mn":"ADBE Vector Graphic - G-Fill","nm":"Gradient Fill 1","e":{"a":0,"k":[365,0],"ix":6},"g":{"p":2,"k":{"a":0,"k":[0,1,1,1,1,0,0,0],"ix":9}},"t":1,"a":{"a":0,"k":0},"h":{"a":0,"k":0},"s":{"a":0,"k":[-394,0],"ix":5},"r":1,"o":{"a":0,"k":100,"ix":10}}],"ind":23,"parent":1},{"ty":4,"nm":"Shape Layer 24","sr":1,"st":0,"op":300,"ip":0,"hd":false,"ddd":1,"bm":0,"hasMask":false,"td":1,"ao":0,"ks":{"a":{"a":0,"k":[0,0,0],"ix":1},"s":{"a":0,"k":[101.266,101.266,101.266],"ix":6},"sk":{"a":0,"k":0},"p":{"a":0,"k":[0,0,0],"ix":2},"sa":{"a":0,"k":0},"o":{"a":0,"k":50,"ix":11},"rx":{"a":0,"k":0,"ix":8},"ry":{"a":0,"k":0,"ix":9},"rz":{"a":0,"k":0,"ix":10},"or":{"a":0,"k":[0,0,0],"ix":7}},"ef":[],"shapes":[{"ty":"gr","bm":0,"hd":false,"mn":"ADBE Vector Group","nm":"Group 1","ix":1,"cix":2,"np":2,"it":[{"ty":"gr","bm":0,"hd":false,"mn":"ADBE Vector Group","nm":"one","ix":1,"cix":2,"np":1,"it":[{"ty":"sh","bm":0,"hd":false,"mn":"ADBE Vector Shape - Group","nm":"Path 1","ix":1,"d":1,"ks":{"a":0,"k":{"c":true,"i":[[-276.142,0],[0,-276.142],[276.142,0],[0,276.142]],"o":[[276.142,0],[0,276.142],[-276.142,0],[0,-276.142]],"v":[[0,-500],[500,0],[0,500],[-500,0]]},"ix":2}},{"ty":"tr","a":{"a":0,"k":[0,0],"ix":1},"s":{"a":0,"k":[100,100],"ix":3},"sk":{"a":0,"k":0,"ix":4},"p":{"a":0,"k":[0,0],"ix":2},"r":{"a":0,"k":0,"ix":6},"sa":{"a":0,"k":0,"ix":5},"o":{"a":0,"k":100,"ix":7}}]},{"ty":"gf","bm":0,"hd":false,"mn":"ADBE Vector Graphic - G-Fill","nm":"Gradient Fill 1","e":{"a":0,"k":[549.589,-14.873],"ix":6},"g":{"p":2,"k":{"a":0,"k":[0,1,1,1,1,0,0,0],"ix":9}},"t":1,"a":{"a":0,"k":0},"h":{"a":0,"k":0},"s":{"a":0,"k":[-512.975,2.5],"ix":5},"r":1,"o":{"a":0,"k":100,"ix":10}},{"ty":"tr","a":{"a":0,"k":[0,0],"ix":1},"s":{"a":0,"k":[100,100],"ix":3},"sk":{"a":0,"k":0,"ix":4},"p":{"a":0,"k":[0,0],"ix":2},"r":{"a":0,"k":0,"ix":6},"sa":{"a":0,"k":0,"ix":5},"o":{"a":0,"k":100,"ix":7}}]}],"ind":24,"parent":25},{"ty":4,"nm":"Shape Layer 23","sr":1,"st":0,"op":300,"ip":0,"hd":false,"ddd":1,"bm":7,"tt":3,"hasMask":false,"ao":0,"ks":{"a":{"a":0,"k":[0,0,0],"ix":1},"s":{"a":1,"k":[{"o":{"x":0.333,"y":0},"i":{"x":0.667,"y":1},"s":[79,79,79],"t":0},{"o":{"x":0.333,"y":0},"i":{"x":0.667,"y":1},"s":[56,56,56],"t":55},{"s":[79,79,79],"t":99}],"ix":6},"sk":{"a":0,"k":0},"p":{"a":0,"k":[0,0,0],"ix":2},"sa":{"a":0,"k":0},"o":{"a":0,"k":50,"ix":11},"rx":{"a":0,"k":159,"ix":8},"ry":{"a":0,"k":93,"ix":9},"rz":{"a":1,"k":[{"o":{"x":0.167,"y":0.167},"i":{"x":0.833,"y":0.833},"s":[-67],"t":0},{"o":{"x":0.167,"y":0.167},"i":{"x":0.833,"y":0.833},"s":[-102.642],"t":73},{"s":[0],"t":299}],"ix":10},"or":{"a":1,"k":[{"o":{"x":0.167,"y":0.167},"i":{"x":0.833,"y":0.833},"s":[0,11.018,0],"t":0},{"s":[16,321.018,5],"t":99}],"ix":7}},"ef":[{"ty":20,"mn":"ADBE Tint","nm":"Tint","ix":1,"en":1,"ef":[{"ty":2,"mn":"ADBE Tint-0001","nm":"Map Black To","ix":1,"v":{"a":0,"k":[0,0.6627,0.5294],"ix":1}},{"ty":2,"mn":"ADBE Tint-0002","nm":"Map White To","ix":2,"v":{"a":0,"k":[0.0549,0.0824,0.1451],"ix":2}},{"ty":0,"mn":"ADBE Tint-0003","nm":"Amount to Tint","ix":3,"v":{"a":0,"k":100,"ix":3}},{"ty":6,"mn":"ADBE Tint-0004","nm":"","ix":4,"v":0}]}],"shapes":[{"ty":"gr","bm":0,"hd":false,"mn":"ADBE Vector Group","nm":"Group 1","ix":1,"cix":2,"np":1,"it":[{"ty":"gr","bm":0,"hd":false,"mn":"ADBE Vector Group","nm":"one","ix":1,"cix":2,"np":1,"it":[{"ty":"sh","bm":0,"hd":false,"mn":"ADBE Vector Shape - Group","nm":"Path 1","ix":1,"d":1,"ks":{"a":0,"k":{"c":true,"i":[[-276.142,0],[0,-276.142],[276.142,0],[0,276.142]],"o":[[276.142,0],[0,276.142],[-276.142,0],[0,-276.142]],"v":[[0,-500],[500,0],[0,500],[-500,0]]},"ix":2}},{"ty":"tr","a":{"a":0,"k":[0,0],"ix":1},"s":{"a":0,"k":[100,100],"ix":3},"sk":{"a":0,"k":0,"ix":4},"p":{"a":0,"k":[0,0],"ix":2},"r":{"a":0,"k":0,"ix":6},"sa":{"a":0,"k":0,"ix":5},"o":{"a":0,"k":100,"ix":7}}]},{"ty":"tr","a":{"a":0,"k":[0,0],"ix":1},"s":{"a":0,"k":[100,100],"ix":3},"sk":{"a":0,"k":0,"ix":4},"p":{"a":0,"k":[0,0],"ix":2},"r":{"a":0,"k":0,"ix":6},"sa":{"a":0,"k":0,"ix":5},"o":{"a":0,"k":100,"ix":7}}]},{"ty":"gf","bm":0,"hd":false,"mn":"ADBE Vector Graphic - G-Fill","nm":"Gradient Fill 1","e":{"a":0,"k":[365,0],"ix":6},"g":{"p":2,"k":{"a":0,"k":[0,1,1,1,1,0,0,0],"ix":9}},"t":1,"a":{"a":0,"k":0},"h":{"a":0,"k":0},"s":{"a":0,"k":[-394,0],"ix":5},"r":1,"o":{"a":0,"k":100,"ix":10}}],"ind":25,"parent":1},{"ty":4,"nm":"Shape Layer 26","sr":1,"st":1,"op":301,"ip":-3,"hd":false,"ddd":1,"bm":0,"hasMask":false,"td":1,"ao":0,"ks":{"a":{"a":0,"k":[0,0,0],"ix":1},"s":{"a":0,"k":[101.266,101.266,101.266],"ix":6},"sk":{"a":0,"k":0},"p":{"a":0,"k":[0,0,0],"ix":2},"sa":{"a":0,"k":0},"o":{"a":0,"k":50,"ix":11},"rx":{"a":0,"k":0,"ix":8},"ry":{"a":0,"k":0,"ix":9},"rz":{"a":0,"k":0,"ix":10},"or":{"a":0,"k":[0,0,0],"ix":7}},"ef":[],"shapes":[{"ty":"gr","bm":0,"hd":false,"mn":"ADBE Vector Group","nm":"Group 1","ix":1,"cix":2,"np":2,"it":[{"ty":"gr","bm":0,"hd":false,"mn":"ADBE Vector Group","nm":"one","ix":1,"cix":2,"np":1,"it":[{"ty":"sh","bm":0,"hd":false,"mn":"ADBE Vector Shape - Group","nm":"Path 1","ix":1,"d":1,"ks":{"a":0,"k":{"c":true,"i":[[-276.142,0],[0,-276.142],[276.142,0],[0,276.142]],"o":[[276.142,0],[0,276.142],[-276.142,0],[0,-276.142]],"v":[[0,-500],[500,0],[0,500],[-500,0]]},"ix":2}},{"ty":"tr","a":{"a":0,"k":[0,0],"ix":1},"s":{"a":0,"k":[100,100],"ix":3},"sk":{"a":0,"k":0,"ix":4},"p":{"a":0,"k":[0,0],"ix":2},"r":{"a":0,"k":0,"ix":6},"sa":{"a":0,"k":0,"ix":5},"o":{"a":0,"k":100,"ix":7}}]},{"ty":"gf","bm":0,"hd":false,"mn":"ADBE Vector Graphic - G-Fill","nm":"Gradient Fill 1","e":{"a":0,"k":[549.589,-14.873],"ix":6},"g":{"p":2,"k":{"a":0,"k":[0,1,1,1,1,0,0,0],"ix":9}},"t":1,"a":{"a":0,"k":0},"h":{"a":0,"k":0},"s":{"a":0,"k":[-512.975,2.5],"ix":5},"r":1,"o":{"a":0,"k":100,"ix":10}},{"ty":"tr","a":{"a":0,"k":[0,0],"ix":1},"s":{"a":0,"k":[100,100],"ix":3},"sk":{"a":0,"k":0,"ix":4},"p":{"a":0,"k":[0,0],"ix":2},"r":{"a":0,"k":0,"ix":6},"sa":{"a":0,"k":0,"ix":5},"o":{"a":0,"k":100,"ix":7}}]}],"ind":26,"parent":27},{"ty":4,"nm":"Shape Layer 25","sr":1,"st":0,"op":300,"ip":0,"hd":false,"ddd":1,"bm":7,"tt":3,"hasMask":false,"ao":0,"ks":{"a":{"a":0,"k":[0,0,0],"ix":1},"s":{"a":1,"k":[{"o":{"x":0.167,"y":0.167},"i":{"x":0.833,"y":0.833},"s":[79,79,79],"t":0},{"s":[79,79,79],"t":99}],"ix":6},"sk":{"a":0,"k":0},"p":{"a":0,"k":[0,0,0],"ix":2},"sa":{"a":0,"k":0},"o":{"a":0,"k":50,"ix":11},"rx":{"a":0,"k":105,"ix":8},"ry":{"a":0,"k":-8,"ix":9},"rz":{"a":1,"k":[{"o":{"x":0.167,"y":0.167},"i":{"x":0.833,"y":0.833},"s":[-84],"t":0},{"o":{"x":0.167,"y":0.167},"i":{"x":0.833,"y":0.833},"s":[-87.334],"t":70},{"o":{"x":0.167,"y":0.167},"i":{"x":0.833,"y":0.833},"s":[-112.19],"t":73},{"s":[0],"t":299}],"ix":10},"or":{"a":1,"k":[{"o":{"x":0.333,"y":0},"i":{"x":0.667,"y":1},"s":[0,116,0],"t":-127},{"s":[0,0,0],"t":427}],"ix":7}},"ef":[{"ty":20,"mn":"ADBE Tint","nm":"Tint","ix":1,"en":1,"ef":[{"ty":2,"mn":"ADBE Tint-0001","nm":"Map Black To","ix":1,"v":{"a":0,"k":[0,0.6627,0.5294],"ix":1}},{"ty":2,"mn":"ADBE Tint-0002","nm":"Map White To","ix":2,"v":{"a":0,"k":[0.0549,0.0824,0.1451],"ix":2}},{"ty":0,"mn":"ADBE Tint-0003","nm":"Amount to Tint","ix":3,"v":{"a":0,"k":100,"ix":3}},{"ty":6,"mn":"ADBE Tint-0004","nm":"","ix":4,"v":0}]}],"shapes":[{"ty":"gr","bm":0,"hd":false,"mn":"ADBE Vector Group","nm":"Group 1","ix":1,"cix":2,"np":1,"it":[{"ty":"gr","bm":0,"hd":false,"mn":"ADBE Vector Group","nm":"one","ix":1,"cix":2,"np":1,"it":[{"ty":"sh","bm":0,"hd":false,"mn":"ADBE Vector Shape - Group","nm":"Path 1","ix":1,"d":1,"ks":{"a":0,"k":{"c":true,"i":[[-276.142,0],[0,-276.142],[276.142,0],[0,276.142]],"o":[[276.142,0],[0,276.142],[-276.142,0],[0,-276.142]],"v":[[0,-500],[500,0],[0,500],[-500,0]]},"ix":2}},{"ty":"tr","a":{"a":0,"k":[0,0],"ix":1},"s":{"a":0,"k":[100,100],"ix":3},"sk":{"a":0,"k":0,"ix":4},"p":{"a":0,"k":[0,0],"ix":2},"r":{"a":0,"k":0,"ix":6},"sa":{"a":0,"k":0,"ix":5},"o":{"a":0,"k":100,"ix":7}}]},{"ty":"tr","a":{"a":0,"k":[0,0],"ix":1},"s":{"a":0,"k":[100,100],"ix":3},"sk":{"a":0,"k":0,"ix":4},"p":{"a":0,"k":[0,0],"ix":2},"r":{"a":0,"k":0,"ix":6},"sa":{"a":0,"k":0,"ix":5},"o":{"a":0,"k":100,"ix":7}}]},{"ty":"gf","bm":0,"hd":false,"mn":"ADBE Vector Graphic - G-Fill","nm":"Gradient Fill 1","e":{"a":0,"k":[365,0],"ix":6},"g":{"p":2,"k":{"a":0,"k":[0,1,1,1,1,0,0,0],"ix":9}},"t":1,"a":{"a":0,"k":0},"h":{"a":0,"k":0},"s":{"a":0,"k":[-394,0],"ix":5},"r":1,"o":{"a":0,"k":100,"ix":10}}],"ind":27,"parent":1}]}]}