{"v":"5.5.7","meta":{"g":"LottieFiles AE 0.1.20","a":"","k":"","d":"","tc":"#FFFFFF"},"fr":30,"ip":0,"op":90,"w":1000,"h":1000,"nm":"CIRCLE LOADING","ddd":0,"assets":[],"layers":[{"ddd":0,"ind":1,"ty":4,"nm":"CIRCLE LOADING Outlines 5","sr":1,"ks":{"o":{"a":0,"k":100,"ix":11},"r":{"a":0,"k":72,"ix":10,"x":"var $bm_rt;\n$bm_rt = $bm_sum($bm_mul(time, 120), 72 * 4);"},"p":{"a":0,"k":[503.747,500,0],"ix":2},"a":{"a":0,"k":[3.747,0,0],"ix":1},"s":{"a":0,"k":[100,100,100],"ix":6}},"ao":0,"shapes":[{"ty":"gr","it":[{"ind":0,"ty":"sh","ix":1,"ks":{"a":0,"k":{"i":[[0,0],[-55.229,0],[0,55.229],[55.229,0],[0,-55.229],[0,0],[110.457,0],[0,110.457],[-110.457,0],[0,-110.457]],"o":[[0,55.229],[55.229,0],[0,-55.229],[-55.229,0],[0,0],[0,110.457],[-110.457,0],[0,-110.457],[110.457,0],[0,0]],"v":[[85.889,0],[185.889,100],[285.889,0],[185.889,-100],[85.889,0],[85.923,0],[-114.077,200],[-314.076,0],[-114.077,-200],[85.923,0]],"c":true},"ix":2},"nm":"Path 1","mn":"ADBE Vector Shape - Group","hd":false},{"ty":"gs","o":{"a":0,"k":100,"ix":9},"w":{"a":0,"k":50,"ix":10},"g":{"p":3,"k":{"a":0,"k":[0,1,0.9490196078431372,0.08627450980392157,0.5,0.9921568627450981,0.8392156862745098,0.1607843137254902,1,1,0.6,0],"ix":8}},"s":{"a":0,"k":[0,0],"ix":4},"e":{"a":0,"k":[100,0],"ix":5},"t":1,"lc":2,"lj":2,"bm":0,"nm":"Gradient Stroke 1","mn":"ADBE Vector Graphic - G-Stroke","hd":false},{"ty":"tr","p":{"a":0,"k":[0,0],"ix":2},"a":{"a":0,"k":[0,0],"ix":1},"s":{"a":0,"k":[100,100],"ix":3},"r":{"a":0,"k":0,"ix":6},"o":{"a":0,"k":100,"ix":7},"sk":{"a":0,"k":0,"ix":4},"sa":{"a":0,"k":0,"ix":5},"nm":"Transform"}],"nm":"Group 1","np":2,"cix":2,"bm":0,"ix":1,"mn":"ADBE Vector Group","hd":false},{"ty":"tm","s":{"a":0,"k":0,"ix":1},"e":{"a":0,"k":35,"ix":2},"o":{"a":0,"k":0,"ix":3,"x":"var $bm_rt;\n$bm_rt = $bm_mul(time, 120);"},"m":1,"ix":2,"nm":"Trim Paths 1","mn":"ADBE Vector Filter - Trim","hd":false}],"ip":0,"op":91,"st":0,"bm":0},{"ddd":0,"ind":2,"ty":4,"nm":"CIRCLE LOADING Outlines 4","sr":1,"ks":{"o":{"a":0,"k":100,"ix":11},"r":{"a":0,"k":72,"ix":10,"x":"var $bm_rt;\n$bm_rt = $bm_sum($bm_mul(time, 120), 72 * 3);"},"p":{"a":0,"k":[503.747,500,0],"ix":2},"a":{"a":0,"k":[3.747,0,0],"ix":1},"s":{"a":0,"k":[100,100,100],"ix":6}},"ao":0,"shapes":[{"ty":"gr","it":[{"ind":0,"ty":"sh","ix":1,"ks":{"a":0,"k":{"i":[[0,0],[-55.229,0],[0,55.229],[55.229,0],[0,-55.229],[0,0],[110.457,0],[0,110.457],[-110.457,0],[0,-110.457]],"o":[[0,55.229],[55.229,0],[0,-55.229],[-55.229,0],[0,0],[0,110.457],[-110.457,0],[0,-110.457],[110.457,0],[0,0]],"v":[[85.889,0],[185.889,100],[285.889,0],[185.889,-100],[85.889,0],[85.923,0],[-114.077,200],[-314.076,0],[-114.077,-200],[85.923,0]],"c":true},"ix":2},"nm":"Path 1","mn":"ADBE Vector Shape - Group","hd":false},{"ty":"gs","o":{"a":0,"k":100,"ix":9},"w":{"a":0,"k":50,"ix":10},"g":{"p":3,"k":{"a":0,"k":[0,1,0.9490196078431372,0.08627450980392157,0.5,0.9921568627450981,0.8392156862745098,0.1607843137254902,1,1,0.6,0],"ix":8}},"s":{"a":0,"k":[0,0],"ix":4},"e":{"a":0,"k":[100,0],"ix":5},"t":1,"lc":2,"lj":2,"bm":0,"nm":"Gradient Stroke 1","mn":"ADBE Vector Graphic - G-Stroke","hd":false},{"ty":"tr","p":{"a":0,"k":[0,0],"ix":2},"a":{"a":0,"k":[0,0],"ix":1},"s":{"a":0,"k":[100,100],"ix":3},"r":{"a":0,"k":0,"ix":6},"o":{"a":0,"k":100,"ix":7},"sk":{"a":0,"k":0,"ix":4},"sa":{"a":0,"k":0,"ix":5},"nm":"Transform"}],"nm":"Group 1","np":2,"cix":2,"bm":0,"ix":1,"mn":"ADBE Vector Group","hd":false},{"ty":"tm","s":{"a":0,"k":0,"ix":1},"e":{"a":0,"k":35,"ix":2},"o":{"a":0,"k":0,"ix":3,"x":"var $bm_rt;\n$bm_rt = $bm_mul(time, 120);"},"m":1,"ix":2,"nm":"Trim Paths 1","mn":"ADBE Vector Filter - Trim","hd":false}],"ip":0,"op":91,"st":0,"bm":0},{"ddd":0,"ind":3,"ty":4,"nm":"CIRCLE LOADING Outlines 3","sr":1,"ks":{"o":{"a":0,"k":100,"ix":11},"r":{"a":0,"k":72,"ix":10,"x":"var $bm_rt;\n$bm_rt = $bm_sum($bm_mul(time, 120), 72 * 2);"},"p":{"a":0,"k":[503.747,500,0],"ix":2},"a":{"a":0,"k":[3.747,0,0],"ix":1},"s":{"a":0,"k":[100,100,100],"ix":6}},"ao":0,"shapes":[{"ty":"gr","it":[{"ind":0,"ty":"sh","ix":1,"ks":{"a":0,"k":{"i":[[0,0],[-55.229,0],[0,55.229],[55.229,0],[0,-55.229],[0,0],[110.457,0],[0,110.457],[-110.457,0],[0,-110.457]],"o":[[0,55.229],[55.229,0],[0,-55.229],[-55.229,0],[0,0],[0,110.457],[-110.457,0],[0,-110.457],[110.457,0],[0,0]],"v":[[85.889,0],[185.889,100],[285.889,0],[185.889,-100],[85.889,0],[85.923,0],[-114.077,200],[-314.076,0],[-114.077,-200],[85.923,0]],"c":true},"ix":2},"nm":"Path 1","mn":"ADBE Vector Shape - Group","hd":false},{"ty":"gs","o":{"a":0,"k":100,"ix":9},"w":{"a":0,"k":50,"ix":10},"g":{"p":3,"k":{"a":0,"k":[0,1,0.9490196078431372,0.08627450980392157,0.5,0.9921568627450981,0.8392156862745098,0.1607843137254902,1,1,0.6,0],"ix":8}},"s":{"a":0,"k":[0,0],"ix":4},"e":{"a":0,"k":[100,0],"ix":5},"t":1,"lc":2,"lj":2,"bm":0,"nm":"Gradient Stroke 1","mn":"ADBE Vector Graphic - G-Stroke","hd":false},{"ty":"tr","p":{"a":0,"k":[0,0],"ix":2},"a":{"a":0,"k":[0,0],"ix":1},"s":{"a":0,"k":[100,100],"ix":3},"r":{"a":0,"k":0,"ix":6},"o":{"a":0,"k":100,"ix":7},"sk":{"a":0,"k":0,"ix":4},"sa":{"a":0,"k":0,"ix":5},"nm":"Transform"}],"nm":"Group 1","np":2,"cix":2,"bm":0,"ix":1,"mn":"ADBE Vector Group","hd":false},{"ty":"tm","s":{"a":0,"k":0,"ix":1},"e":{"a":0,"k":35,"ix":2},"o":{"a":0,"k":0,"ix":3,"x":"var $bm_rt;\n$bm_rt = $bm_mul(time, 120);"},"m":1,"ix":2,"nm":"Trim Paths 1","mn":"ADBE Vector Filter - Trim","hd":false}],"ip":0,"op":91,"st":0,"bm":0},{"ddd":0,"ind":4,"ty":4,"nm":"CIRCLE LOADING Outlines 2","sr":1,"ks":{"o":{"a":0,"k":100,"ix":11},"r":{"a":0,"k":72,"ix":10,"x":"var $bm_rt;\n$bm_rt = $bm_sum($bm_mul(time, 120), 72);"},"p":{"a":0,"k":[503.747,500,0],"ix":2},"a":{"a":0,"k":[3.747,0,0],"ix":1},"s":{"a":0,"k":[100,100,100],"ix":6}},"ao":0,"shapes":[{"ty":"gr","it":[{"ind":0,"ty":"sh","ix":1,"ks":{"a":0,"k":{"i":[[0,0],[-55.229,0],[0,55.229],[55.229,0],[0,-55.229],[0,0],[110.457,0],[0,110.457],[-110.457,0],[0,-110.457]],"o":[[0,55.229],[55.229,0],[0,-55.229],[-55.229,0],[0,0],[0,110.457],[-110.457,0],[0,-110.457],[110.457,0],[0,0]],"v":[[85.889,0],[185.889,100],[285.889,0],[185.889,-100],[85.889,0],[85.923,0],[-114.077,200],[-314.076,0],[-114.077,-200],[85.923,0]],"c":true},"ix":2},"nm":"Path 1","mn":"ADBE Vector Shape - Group","hd":false},{"ty":"gs","o":{"a":0,"k":100,"ix":9},"w":{"a":0,"k":50,"ix":10},"g":{"p":3,"k":{"a":0,"k":[0,1,0.9490196078431372,0.08627450980392157,0.5,0.9921568627450981,0.8392156862745098,0.1607843137254902,1,1,0.6,0],"ix":8}},"s":{"a":0,"k":[0,0],"ix":4},"e":{"a":0,"k":[100,0],"ix":5},"t":1,"lc":2,"lj":2,"bm":0,"nm":"Gradient Stroke 1","mn":"ADBE Vector Graphic - G-Stroke","hd":false},{"ty":"tr","p":{"a":0,"k":[0,0],"ix":2},"a":{"a":0,"k":[0,0],"ix":1},"s":{"a":0,"k":[100,100],"ix":3},"r":{"a":0,"k":0,"ix":6},"o":{"a":0,"k":100,"ix":7},"sk":{"a":0,"k":0,"ix":4},"sa":{"a":0,"k":0,"ix":5},"nm":"Transform"}],"nm":"Group 1","np":2,"cix":2,"bm":0,"ix":1,"mn":"ADBE Vector Group","hd":false},{"ty":"tm","s":{"a":0,"k":0,"ix":1},"e":{"a":0,"k":35,"ix":2},"o":{"a":0,"k":0,"ix":3,"x":"var $bm_rt;\n$bm_rt = $bm_mul(time, 120);"},"m":1,"ix":2,"nm":"Trim Paths 1","mn":"ADBE Vector Filter - Trim","hd":false}],"ip":0,"op":91,"st":0,"bm":0},{"ddd":0,"ind":5,"ty":4,"nm":"CIRCLE LOADING Outlines","sr":1,"ks":{"o":{"a":0,"k":100,"ix":11},"r":{"a":0,"k":0,"ix":10,"x":"var $bm_rt;\n$bm_rt = $bm_mul(time, 120);"},"p":{"a":0,"k":[503.747,500,0],"ix":2},"a":{"a":0,"k":[3.747,0,0],"ix":1},"s":{"a":0,"k":[100,100,100],"ix":6}},"ao":0,"shapes":[{"ty":"gr","it":[{"ind":0,"ty":"sh","ix":1,"ks":{"a":0,"k":{"i":[[0,0],[-55.229,0],[0,55.229],[55.229,0],[0,-55.229],[0,0],[110.457,0],[0,110.457],[-110.457,0],[0,-110.457]],"o":[[0,55.229],[55.229,0],[0,-55.229],[-55.229,0],[0,0],[0,110.457],[-110.457,0],[0,-110.457],[110.457,0],[0,0]],"v":[[85.889,0],[185.889,100],[285.889,0],[185.889,-100],[85.889,0],[85.923,0],[-114.077,200],[-314.076,0],[-114.077,-200],[85.923,0]],"c":true},"ix":2},"nm":"Path 1","mn":"ADBE Vector Shape - Group","hd":false},{"ty":"gs","o":{"a":0,"k":100,"ix":9},"w":{"a":0,"k":50,"ix":10},"g":{"p":3,"k":{"a":0,"k":[0,1,0.9490196078431372,0.08627450980392157,0.5,0.9921568627450981,0.8392156862745098,0.1607843137254902,1,1,0.6,0],"ix":8}},"s":{"a":0,"k":[0,0],"ix":4},"e":{"a":0,"k":[100,0],"ix":5},"t":1,"lc":2,"lj":2,"bm":0,"nm":"Gradient Stroke 1","mn":"ADBE Vector Graphic - G-Stroke","hd":false},{"ty":"tr","p":{"a":0,"k":[0,0],"ix":2},"a":{"a":0,"k":[0,0],"ix":1},"s":{"a":0,"k":[100,100],"ix":3},"r":{"a":0,"k":0,"ix":6},"o":{"a":0,"k":100,"ix":7},"sk":{"a":0,"k":0,"ix":4},"sa":{"a":0,"k":0,"ix":5},"nm":"Transform"}],"nm":"Group 1","np":2,"cix":2,"bm":0,"ix":1,"mn":"ADBE Vector Group","hd":false},{"ty":"tm","s":{"a":0,"k":0,"ix":1},"e":{"a":0,"k":35,"ix":2},"o":{"a":0,"k":0,"ix":3,"x":"var $bm_rt;\n$bm_rt = $bm_mul(time, 120);"},"m":1,"ix":2,"nm":"Trim Paths 1","mn":"ADBE Vector Filter - Trim","hd":false}],"ip":0,"op":91,"st":0,"bm":0}],"markers":[]}