{"nm":"scene1","ddd":0,"h":500,"w":500,"meta":{"g":"@lottiefiles/creator 1.0.0"},"layers":[{"ty":4,"nm":"mouth","sr":1,"st":0,"op":240,"ip":0,"hd":false,"ln":"Layer_1","ddd":0,"bm":0,"hasMask":false,"ao":0,"ks":{"a":{"a":0,"k":[251.4122779820323,257.08462772509023]},"s":{"a":1,"k":[{"o":{"x":0.167,"y":0.167},"i":{"x":0.833,"y":0.833},"s":[100,100],"t":0},{"o":{"x":0.167,"y":0.167},"i":{"x":0.833,"y":0.833},"s":[112,85],"t":43},{"o":{"x":0.167,"y":0.167},"i":{"x":0.833,"y":0.833},"s":[246,201],"t":62},{"o":{"x":0.167,"y":0.167},"i":{"x":0.833,"y":0.833},"s":[182,250],"t":74},{"o":{"x":0.167,"y":0.167},"i":{"x":0.833,"y":0.833},"s":[293,253],"t":86},{"o":{"x":0.167,"y":0.167},"i":{"x":0.833,"y":0.833},"s":[268,278],"t":98},{"o":{"x":0.167,"y":0.167},"i":{"x":0.833,"y":0.833},"s":[293,253],"t":110},{"o":{"x":0.167,"y":0.167},"i":{"x":0.833,"y":0.833},"s":[268,278],"t":122},{"o":{"x":0.167,"y":0.167},"i":{"x":0.833,"y":0.833},"s":[293,253],"t":134},{"o":{"x":0.167,"y":0.167},"i":{"x":0.833,"y":0.833},"s":[268,278],"t":146},{"o":{"x":0.167,"y":0.167},"i":{"x":0.833,"y":0.833},"s":[293,253],"t":158},{"o":{"x":0.167,"y":0.167},"i":{"x":0.833,"y":0.833},"s":[268,278],"t":170},{"o":{"x":0.167,"y":0.167},"i":{"x":0.833,"y":0.833},"s":[293,253],"t":182},{"o":{"x":0.167,"y":0.167},"i":{"x":0.833,"y":0.833},"s":[112,85],"t":212},{"s":[100,100],"t":240}]},"sk":{"a":0,"k":0},"p":{"a":1,"k":[{"o":{"x":0,"y":0},"i":{"x":0.36,"y":1},"s":[251.41228561142682,257.2846246733324],"t":0},{"o":{"x":0.22,"y":0.61},"i":{"x":1,"y":1},"s":[251.41228561142682,328.2846246733324],"t":41},{"o":{"x":0.167,"y":0.167},"i":{"x":0.833,"y":0.833},"s":[251,155],"t":60},{"o":{"x":0.167,"y":0.167},"i":{"x":0.833,"y":0.833},"s":[251,193],"t":72},{"o":{"x":0.167,"y":0.167},"i":{"x":0.833,"y":0.833},"s":[251,155],"t":84},{"o":{"x":0.167,"y":0.167},"i":{"x":0.833,"y":0.833},"s":[251,193],"t":96},{"o":{"x":0.167,"y":0.167},"i":{"x":0.833,"y":0.833},"s":[251,155],"t":108},{"o":{"x":0.167,"y":0.167},"i":{"x":0.833,"y":0.833},"s":[251,193],"t":120},{"o":{"x":0.167,"y":0.167},"i":{"x":0.833,"y":0.833},"s":[251,155],"t":132},{"o":{"x":0.167,"y":0.167},"i":{"x":0.833,"y":0.833},"s":[251,193],"t":144},{"o":{"x":0.167,"y":0.167},"i":{"x":0.833,"y":0.833},"s":[251,155],"t":156},{"o":{"x":0.167,"y":0.167},"i":{"x":0.833,"y":0.833},"s":[251,193],"t":168},{"o":{"x":0.167,"y":0.167},"i":{"x":0.833,"y":0.833},"s":[251,155],"t":180},{"o":{"x":0.167,"y":0.167},"i":{"x":0.833,"y":0.833},"s":[251.41228561142682,328.2846246733324],"t":210},{"s":[251.41228561142682,257.2846246733324],"t":240}]},"r":{"a":0,"k":0},"sa":{"a":0,"k":0},"o":{"a":0,"k":100}},"ef":[],"shapes":[{"ty":"gr","bm":0,"hd":false,"nm":"Group 1","it":[{"ty":"sh","bm":0,"hd":false,"nm":"Path 1","d":1,"ks":{"a":0,"k":{"c":true,"i":[[0,0],[10.70001000000002,0],[5.900010000000009,-7.6000099999999975],[-13.600009999999997,0],[-4.599980000000016,7.700019999999995]],"o":[[-5.8999900000000025,-7.5],[-10.70001000000002,0],[4.6000099999999975,7.6000099999999975],[13.70001000000002,-0.10000999999999749],[0,0]],"v":[[276.0068,291.79999],[250.0068,279.5],[223.90679,292],[249.90679,306.39999],[276.0068,291.79998]]}}},{"ty":"fl","bm":0,"hd":false,"nm":"Fill","c":{"a":0,"k":[1,0.3137,0.1529]},"r":1,"o":{"a":0,"k":100}},{"ty":"tr","a":{"a":0,"k":[0,0]},"s":{"a":0,"k":[100,100]},"sk":{"a":0,"k":0},"p":{"a":0,"k":[0,0]},"r":{"a":0,"k":0},"sa":{"a":0,"k":0},"o":{"a":0,"k":100}}]},{"ty":"gr","bm":0,"hd":false,"nm":"Group 2","it":[{"ty":"sh","bm":0,"hd":false,"nm":"Path 2","d":1,"ks":{"a":0,"k":{"c":true,"i":[[0,0],[0,0],[-0.5999899999999911,5.5],[0,0],[0,0],[0,0],[5.600000000000023,0]],"o":[[0,0],[-5.6000099999999975,0],[0,0],[0,0],[0,0],[0.7999899999999798,5.5],[0,0]],"v":[[271.30682,268.29999],[228.60682000000003,268.29999],[223.80682000000002,257.5],[223.80682000000002,257.20001],[276.00683000000004,257.20001],[276.00683000000004,257.5],[271.30682,268.29999]]}}},{"ty":"fl","bm":0,"hd":false,"nm":"Fill","c":{"a":0,"k":[1,1,1]},"r":1,"o":{"a":0,"k":100}},{"ty":"tr","a":{"a":0,"k":[0,0]},"s":{"a":0,"k":[100,100]},"sk":{"a":0,"k":0},"p":{"a":0,"k":[0,0]},"r":{"a":0,"k":0},"sa":{"a":0,"k":0},"o":{"a":0,"k":100}}]},{"ty":"gr","bm":0,"hd":false,"nm":"Group 3","it":[{"ty":"sh","bm":0,"hd":false,"nm":"Path 3","d":1,"ks":{"a":0,"k":{"c":true,"i":[[0,0],[0,0],[6.8999900000000025,0],[0,0],[-0.700019999999995,-6.699979999999982],[-31.19999999999999,0]],"o":[[31.19999999999999,0],[0.8999900000000025,-6.79998999999998],[0,0],[-6.8999900000000025,0],[-0.000020000000006348273,0.10000999999999749],[0,0]],"v":[[249.90681,306.29999],[282.20681,270.5],[276.30682,257.20001],[223.60682000000003,257.20001],[217.70683000000002,270.5],[249.90681,306.29999]]}}},{"ty":"fl","bm":0,"hd":false,"nm":"Fill","c":{"a":0,"k":[0,0,0]},"r":1,"o":{"a":0,"k":100}},{"ty":"tr","a":{"a":0,"k":[0,0]},"s":{"a":0,"k":[100,100]},"sk":{"a":0,"k":0},"p":{"a":0,"k":[0,0]},"r":{"a":0,"k":0},"sa":{"a":0,"k":0},"o":{"a":0,"k":100}}]}],"ind":1},{"ty":4,"nm":"eyes","sr":1,"st":0,"op":240,"ip":0,"hd":false,"ln":"Layer_1","ddd":0,"bm":0,"hasMask":false,"ao":0,"ks":{"a":{"a":0,"k":[249.99999237060547,203.5500030517578]},"s":{"a":1,"k":[{"o":{"x":0.167,"y":0.167},"i":{"x":0.833,"y":0.833},"s":[100,100],"t":41},{"o":{"x":0.167,"y":0.167},"i":{"x":0.833,"y":0.833},"s":[100,5],"t":48},{"o":{"x":0.167,"y":0.167},"i":{"x":0.833,"y":0.833},"s":[100,100],"t":54},{"o":{"x":0.167,"y":0.167},"i":{"x":0.833,"y":0.833},"s":[100,100],"t":192},{"o":{"x":0.167,"y":0.167},"i":{"x":0.833,"y":0.833},"s":[100,5],"t":199},{"s":[100,100],"t":205}]},"sk":{"a":0,"k":0},"p":{"a":1,"k":[{"o":{"x":0,"y":0},"i":{"x":0.36,"y":1},"s":[250,204],"t":0},{"o":{"x":0.22,"y":0.61},"i":{"x":1,"y":1},"s":[250,287],"t":41},{"o":{"x":0.167,"y":0.167},"i":{"x":0.833,"y":0.833},"s":[250,115],"t":60},{"o":{"x":0.167,"y":0.167},"i":{"x":0.833,"y":0.833},"s":[250,154],"t":72},{"o":{"x":0.167,"y":0.167},"i":{"x":0.833,"y":0.833},"s":[250,115],"t":84},{"o":{"x":0.167,"y":0.167},"i":{"x":0.833,"y":0.833},"s":[250,154],"t":96},{"o":{"x":0.167,"y":0.167},"i":{"x":0.833,"y":0.833},"s":[250,115],"t":108},{"o":{"x":0.167,"y":0.167},"i":{"x":0.833,"y":0.833},"s":[250,154],"t":120},{"o":{"x":0.167,"y":0.167},"i":{"x":0.833,"y":0.833},"s":[250,115],"t":132},{"o":{"x":0.167,"y":0.167},"i":{"x":0.833,"y":0.833},"s":[250,154],"t":144},{"o":{"x":0.167,"y":0.167},"i":{"x":0.833,"y":0.833},"s":[250,115],"t":156},{"o":{"x":0,"y":0},"i":{"x":0.68,"y":0.19},"s":[250,154],"t":168},{"o":{"x":0.55,"y":0.06},"i":{"x":1,"y":1},"s":[250,115],"t":180},{"o":{"x":0.167,"y":0.167},"i":{"x":0.833,"y":0.833},"s":[250,287],"t":210},{"s":[250,204],"t":240}]},"r":{"a":0,"k":0},"sa":{"a":0,"k":0},"o":{"a":0,"k":100}},"ef":[],"shapes":[{"ty":"gr","bm":0,"hd":false,"nm":"Group 1","it":[{"ty":"sh","bm":0,"hd":false,"nm":"Path 1","d":1,"ks":{"a":0,"k":{"c":true,"i":[[0,0],[19.20001000000002,0],[0,19.199990000000014],[-19.20001000000002,0],[0,-19.19999999999999]],"o":[[0,19.19999999999999],[-19.20001000000002,0],[0,-19.199990000000014],[19.10003999999998,0],[0,0]],"v":[[373.14998,209.8],[338.44997,238.19999],[303.74996,209.8],[338.44997,168.8],[373.14998,209.8]]}}},{"ty":"fl","bm":0,"hd":false,"nm":"Fill","c":{"a":0,"k":[0,0,0]},"r":1,"o":{"a":0,"k":100}},{"ty":"tr","a":{"a":0,"k":[338.4499816894531,170.31077631666503]},"s":{"a":1,"k":[{"o":{"x":0.167,"y":0.167},"i":{"x":0.833,"y":0.833},"s":[100,100],"t":41},{"o":{"x":0.167,"y":0.167},"i":{"x":0.833,"y":0.833},"s":[100,80],"t":60},{"o":{"x":0.167,"y":0.167},"i":{"x":0.833,"y":0.833},"s":[100,80],"t":180},{"s":[100,100],"t":197}]},"sk":{"a":0,"k":0},"p":{"a":1,"k":[{"o":{"x":0.167,"y":0.167},"i":{"x":0.833,"y":0.833},"s":[338,170.81077631666503],"t":41},{"o":{"x":0.167,"y":0.167},"i":{"x":0.833,"y":0.833},"s":[338,159],"t":60},{"o":{"x":0.167,"y":0.167},"i":{"x":0.833,"y":0.833},"s":[338,159],"t":180},{"s":[338,170.81077631666503],"t":197}]},"r":{"a":0,"k":0},"sa":{"a":0,"k":0},"o":{"a":0,"k":100}}]},{"ty":"gr","bm":0,"hd":false,"nm":"Group 2","it":[{"ty":"sh","bm":0,"hd":false,"nm":"Path 2","d":1,"ks":{"a":0,"k":{"c":true,"i":[[0,0],[27.799980000000005,0],[0,27.90001000000001],[-27.799980000000005,0],[0,-27.899990000000003]],"o":[[0,27.899990000000003],[-27.899990000000003,0],[0,-27.90001000000001],[27.799980000000005,0],[0,0]],"v":[[388.84999,212.7],[338.45,254],[288.05001,212.7],[338.45,153.10001],[388.84999,212.7]]}}},{"ty":"fl","bm":0,"hd":false,"nm":"Fill","c":{"a":0,"k":[1,1,1]},"r":1,"o":{"a":0,"k":100}},{"ty":"tr","a":{"a":0,"k":[340.5684792406252,153.41308265507493]},"s":{"a":1,"k":[{"o":{"x":0.167,"y":0.167},"i":{"x":0.833,"y":0.833},"s":[100,100],"t":41},{"o":{"x":0.167,"y":0.167},"i":{"x":0.833,"y":0.833},"s":[100,81],"t":60},{"o":{"x":0.167,"y":0.167},"i":{"x":0.833,"y":0.833},"s":[100,81],"t":180},{"s":[100,100],"t":197}]},"sk":{"a":0,"k":0},"p":{"a":0,"k":[340.5684792406252,153.41308265507493]},"r":{"a":0,"k":0},"sa":{"a":0,"k":0},"o":{"a":0,"k":100}}]},{"ty":"gr","bm":0,"hd":false,"nm":"Group 3","it":[{"ty":"sh","bm":0,"hd":false,"nm":"Path 3","d":1,"ks":{"a":0,"k":{"c":true,"i":[[0,0],[19.200000000000017,0],[0,19.199990000000014],[-19.19999999999999,0],[0,-19.19999999999999]],"o":[[0,19.19999999999999],[-19.200000000000017,0],[0,-19.199990000000014],[19.19999999999999,0],[0,0]],"v":[[196.24999,209.8],[161.54998999999998,238.19999],[126.84998999999998,209.8],[161.54998999999998,168.8],[196.24998999999997,209.8]]}}},{"ty":"fl","bm":0,"hd":false,"nm":"Fill","c":{"a":0,"k":[0,0,0]},"r":1,"o":{"a":0,"k":100}},{"ty":"tr","a":{"a":0,"k":[162.25613059868218,168.19232096190345]},"s":{"a":1,"k":[{"o":{"x":0.167,"y":0.167},"i":{"x":0.833,"y":0.833},"s":[100,100],"t":41},{"o":{"x":0.167,"y":0.167},"i":{"x":0.833,"y":0.833},"s":[100,78],"t":60},{"o":{"x":0.167,"y":0.167},"i":{"x":0.833,"y":0.833},"s":[100,78],"t":180},{"s":[100,100],"t":197}]},"sk":{"a":0,"k":0},"p":{"a":1,"k":[{"o":{"x":0.167,"y":0.167},"i":{"x":0.833,"y":0.833},"s":[162,168],"t":41},{"o":{"x":0.167,"y":0.167},"i":{"x":0.833,"y":0.833},"s":[162,158],"t":60},{"o":{"x":0.167,"y":0.167},"i":{"x":0.833,"y":0.833},"s":[162,158],"t":180},{"s":[162,168],"t":197}]},"r":{"a":0,"k":0},"sa":{"a":0,"k":0},"o":{"a":0,"k":100}}]},{"ty":"gr","bm":0,"hd":false,"nm":"Group 4","it":[{"ty":"sh","bm":0,"hd":false,"nm":"Path 4","d":1,"ks":{"a":0,"k":{"c":true,"i":[[0,0],[27.799980000000005,0],[0,27.90001000000001],[-27.80000000000001,0],[0,-27.899990000000003]],"o":[[0,27.899990000000003],[-27.799980000000005,0],[0,-27.90001000000001],[27.80000000000001,0],[0,0]],"v":[[211.95,212.7],[161.55001,254],[111.15000999999998,212.7],[161.55001,153.10001],[211.95,212.7]]}}},{"ty":"fl","bm":0,"hd":false,"nm":"Fill","c":{"a":0,"k":[1,1,1]},"r":1,"o":{"a":0,"k":100}},{"ty":"tr","a":{"a":0,"k":[164.37457427461146,154.82542214175737]},"s":{"a":1,"k":[{"o":{"x":0.167,"y":0.167},"i":{"x":0.833,"y":0.833},"s":[100,100],"t":41},{"o":{"x":0.167,"y":0.167},"i":{"x":0.833,"y":0.833},"s":[100,80],"t":60},{"o":{"x":0.167,"y":0.167},"i":{"x":0.833,"y":0.833},"s":[100,80],"t":180},{"s":[100,100],"t":197}]},"sk":{"a":0,"k":0},"p":{"a":0,"k":[164.37457427461146,154.82542214175737]},"r":{"a":0,"k":0},"sa":{"a":0,"k":0},"o":{"a":0,"k":100}}]}],"ind":2},{"ty":4,"nm":"face","sr":1,"st":0,"op":240,"ip":0,"hd":false,"ln":"Layer_1","ddd":0,"bm":0,"hasMask":false,"ao":0,"ks":{"a":{"a":0,"k":[250,250]},"s":{"a":1,"k":[{"o":{"x":0.167,"y":0.167},"i":{"x":0.833,"y":0.833},"s":[100,100],"t":36},{"o":{"x":0.167,"y":0.167},"i":{"x":0.833,"y":0.833},"s":[103,97],"t":48},{"o":{"x":0.167,"y":0.167},"i":{"x":0.833,"y":0.833},"s":[97,103],"t":62},{"o":{"x":0.167,"y":0.167},"i":{"x":0.833,"y":0.833},"s":[103,97],"t":74},{"o":{"x":0.167,"y":0.167},"i":{"x":0.833,"y":0.833},"s":[97,103],"t":86},{"o":{"x":0.167,"y":0.167},"i":{"x":0.833,"y":0.833},"s":[103,97],"t":98},{"o":{"x":0.167,"y":0.167},"i":{"x":0.833,"y":0.833},"s":[97,103],"t":110},{"o":{"x":0.167,"y":0.167},"i":{"x":0.833,"y":0.833},"s":[103,97],"t":122},{"o":{"x":0.167,"y":0.167},"i":{"x":0.833,"y":0.833},"s":[97,103],"t":134},{"o":{"x":0.167,"y":0.167},"i":{"x":0.833,"y":0.833},"s":[103,97],"t":146},{"o":{"x":0.167,"y":0.167},"i":{"x":0.833,"y":0.833},"s":[97,103],"t":158},{"o":{"x":0.167,"y":0.167},"i":{"x":0.833,"y":0.833},"s":[103,97],"t":170},{"o":{"x":0.167,"y":0.167},"i":{"x":0.833,"y":0.833},"s":[97,103],"t":182},{"o":{"x":0.167,"y":0.167},"i":{"x":0.833,"y":0.833},"s":[103,97],"t":212},{"s":[100,100],"t":240}]},"sk":{"a":0,"k":0},"p":{"a":1,"k":[{"o":{"x":0,"y":0},"i":{"x":0.36,"y":1},"s":[250,250],"t":0},{"o":{"x":0.22,"y":0.61},"i":{"x":1,"y":1},"s":[250,292],"t":41},{"o":{"x":0.167,"y":0.167},"i":{"x":0.833,"y":0.833},"s":[250,211],"t":60},{"o":{"x":0.167,"y":0.167},"i":{"x":0.833,"y":0.833},"s":[250,243],"t":72},{"o":{"x":0.167,"y":0.167},"i":{"x":0.833,"y":0.833},"s":[250,211],"t":84},{"o":{"x":0.167,"y":0.167},"i":{"x":0.833,"y":0.833},"s":[250,243],"t":96},{"o":{"x":0.167,"y":0.167},"i":{"x":0.833,"y":0.833},"s":[250,211],"t":108},{"o":{"x":0.167,"y":0.167},"i":{"x":0.833,"y":0.833},"s":[250,243],"t":120},{"o":{"x":0.167,"y":0.167},"i":{"x":0.833,"y":0.833},"s":[250,211],"t":132},{"o":{"x":0.167,"y":0.167},"i":{"x":0.833,"y":0.833},"s":[250,243],"t":144},{"o":{"x":0.167,"y":0.167},"i":{"x":0.833,"y":0.833},"s":[250,211],"t":156},{"o":{"x":0,"y":0},"i":{"x":0.68,"y":0.19},"s":[250,243],"t":168},{"o":{"x":0.55,"y":0.06},"i":{"x":1,"y":1},"s":[250,211],"t":180},{"o":{"x":0.167,"y":0.167},"i":{"x":0.833,"y":0.833},"s":[250,292],"t":210},{"s":[250,250],"t":240}]},"r":{"a":0,"k":0},"sa":{"a":0,"k":0},"o":{"a":0,"k":100}},"ef":[],"shapes":[{"ty":"gr","bm":0,"hd":false,"nm":"Group 1","it":[{"ty":"el","bm":0,"hd":false,"nm":"Ellipse 1","d":1,"p":{"a":0,"k":[250,250]},"s":{"a":0,"k":[376,376]}},{"ty":"fl","bm":0,"hd":false,"nm":"Fill","c":{"a":0,"k":[1,0.8,0.2431]},"r":1,"o":{"a":0,"k":100}},{"ty":"tr","a":{"a":0,"k":[0,0]},"s":{"a":0,"k":[100,100]},"sk":{"a":0,"k":0},"p":{"a":0,"k":[0,0]},"r":{"a":0,"k":0},"sa":{"a":0,"k":0},"o":{"a":0,"k":100}}]}],"ind":3}],"v":"5.7.0","fr":60,"op":240,"ip":0,"assets":[]}