{"v":"5.5.9","fr":60,"ip":0,"op":169,"w":700,"h":700,"nm":"Love it Emoji","ddd":0,"assets":[{"id":"comp_0","layers":[{"ddd":0,"ind":1,"ty":3,"nm":"Null 2","sr":1,"ks":{"o":{"a":0,"k":0,"ix":11},"r":{"a":0,"k":0,"ix":10},"p":{"a":1,"k":[{"i":{"x":0.667,"y":1},"o":{"x":0.8,"y":0},"t":112,"s":[350,350,0],"to":[52.167,0,0],"ti":[-52.167,0,0]},{"t":133,"s":[663,350,0]}],"ix":2},"a":{"a":0,"k":[0,0,0],"ix":1},"s":{"a":0,"k":[100,100,100],"ix":6}},"ao":0,"ip":112,"op":390,"st":0,"bm":0},{"ddd":0,"ind":2,"ty":4,"nm":"mouth 4","parent":1,"td":1,"sr":1,"ks":{"o":{"a":0,"k":100,"ix":11},"r":{"a":0,"k":0,"ix":10},"p":{"a":1,"k":[{"i":{"x":0.041,"y":1},"o":{"x":0.333,"y":0},"t":25,"s":[0.537,79.531,0],"to":[0,-6.667,0],"ti":[0,6.667,0]},{"t":37,"s":[0.537,39.531,0]}],"ix":2},"a":{"a":0,"k":[-2.463,39.531,0],"ix":1},"s":{"a":0,"k":[100,100,100],"ix":6}},"ao":0,"shapes":[{"ty":"gr","it":[{"ind":0,"ty":"sh","ix":1,"ks":{"a":1,"k":[{"i":{"x":0.833,"y":1},"o":{"x":0.333,"y":0},"t":25,"s":[{"i":[[0,0],[0,0],[27.358,0],[0,0],[0,0]],"o":[[0,0],[0,0],[-26.333,0],[0,0],[0,0]],"v":[[80.537,-5.531],[80.537,5.531],[-1.537,5.531],[-80.537,5.531],[-80.537,-5.531]],"c":true}]},{"i":{"x":0.667,"y":1},"o":{"x":0.167,"y":0},"t":37,"s":[{"i":[[0,0],[0,0],[86.9,1.123],[0,0],[0,0]],"o":[[0,0],[0,0],[-84.627,-1.093],[0,0],[0,0]],"v":[[80.537,-5.531],[80.537,5.531],[-0.264,86.907],[-80.537,5.531],[-80.537,-5.531]],"c":true}]},{"t":55,"s":[{"i":[[0,0],[0,0],[86.9,1.123],[0,0],[0,0]],"o":[[0,0],[0,0],[-84.627,-1.093],[0,0],[0,0]],"v":[[80.537,-5.531],[80.537,5.531],[-0.438,78.032],[-80.537,5.531],[-80.537,-5.531]],"c":true}]}],"ix":2},"nm":"Path 1","mn":"ADBE Vector Shape - Group","hd":false},{"ty":"st","c":{"a":0,"k":[0.787944240196,0.787944240196,0.787944240196,1],"ix":3},"o":{"a":0,"k":100,"ix":4},"w":{"a":0,"k":0,"ix":5},"lc":1,"lj":1,"ml":4,"bm":0,"nm":"Stroke 1","mn":"ADBE Vector Graphic - Stroke","hd":false},{"ty":"fl","c":{"a":1,"k":[{"i":{"x":[0.833],"y":[0.833]},"o":{"x":[0.167],"y":[0.167]},"t":25,"s":[0.788235353956,0.788235353956,0.788235353956,1]},{"i":{"x":[0.833],"y":[0.833]},"o":{"x":[0.167],"y":[0.167]},"t":42,"s":[0,0,0,1]},{"t":58,"s":[1,1,1,1]}],"ix":4},"o":{"a":0,"k":100,"ix":5},"r":1,"bm":0,"nm":"Fill 1","mn":"ADBE Vector Graphic - Fill","hd":false},{"ty":"tr","p":{"a":0,"k":[-2.463,39.531],"ix":2},"a":{"a":0,"k":[0,0],"ix":1},"s":{"a":0,"k":[100,100],"ix":3},"r":{"a":0,"k":-0.086,"ix":6},"o":{"a":0,"k":100,"ix":7},"sk":{"a":0,"k":0,"ix":4},"sa":{"a":0,"k":0,"ix":5},"nm":"Transform"}],"nm":"Rectangle 1","np":3,"cix":2,"bm":0,"ix":1,"mn":"ADBE Vector Group","hd":false}],"ip":112,"op":390,"st":0,"bm":0},{"ddd":0,"ind":3,"ty":4,"nm":"Shape Layer 2","parent":1,"tt":1,"sr":1,"ks":{"o":{"a":0,"k":100,"ix":11},"r":{"a":0,"k":0,"ix":10},"p":{"a":1,"k":[{"i":{"x":0.833,"y":0.833},"o":{"x":0.167,"y":0.167},"t":29,"s":[0.625,159.406,0],"to":[0,-8.333,0],"ti":[0,8.333,0]},{"t":55,"s":[0.625,109.406,0]}],"ix":2},"a":{"a":0,"k":[40.625,105.406,0],"ix":1},"s":{"a":0,"k":[172,100,100],"ix":6}},"ao":0,"shapes":[{"ty":"gr","it":[{"d":1,"ty":"el","s":{"a":0,"k":[65.25,56.812],"ix":2},"p":{"a":0,"k":[0,0],"ix":3},"nm":"Ellipse Path 1","mn":"ADBE Vector Shape - Ellipse","hd":false},{"ty":"st","c":{"a":0,"k":[0.787944240196,0.787944240196,0.787944240196,1],"ix":3},"o":{"a":0,"k":100,"ix":4},"w":{"a":0,"k":0,"ix":5},"lc":1,"lj":1,"ml":4,"bm":0,"nm":"Stroke 1","mn":"ADBE Vector Graphic - Stroke","hd":false},{"ty":"fl","c":{"a":0,"k":[1,0.294117647059,0.294117647059,1],"ix":4},"o":{"a":0,"k":100,"ix":5},"r":1,"bm":0,"nm":"Fill 1","mn":"ADBE Vector Graphic - Fill","hd":false},{"ty":"tr","p":{"a":0,"k":[40.625,105.406],"ix":2},"a":{"a":0,"k":[0,0],"ix":1},"s":{"a":0,"k":[100,100],"ix":3},"r":{"a":0,"k":0,"ix":6},"o":{"a":0,"k":100,"ix":7},"sk":{"a":0,"k":0,"ix":4},"sa":{"a":0,"k":0,"ix":5},"nm":"Transform"}],"nm":"Ellipse 1","np":3,"cix":2,"bm":0,"ix":1,"mn":"ADBE Vector Group","hd":false}],"ip":112,"op":390,"st":0,"bm":0},{"ddd":0,"ind":4,"ty":3,"nm":"Null 1","parent":1,"sr":1,"ks":{"o":{"a":0,"k":0,"ix":11},"r":{"a":0,"k":0,"ix":10},"p":{"a":0,"k":[0,0,0],"ix":2},"a":{"a":0,"k":[0,0,0],"ix":1},"s":{"a":1,"k":[{"i":{"x":[0.667,0.667,0.667],"y":[1,1,1]},"o":{"x":[0.333,0.333,0.333],"y":[0,0,0]},"t":25,"s":[100,100,100]},{"t":39,"s":[154,154,100]}],"ix":6}},"ao":0,"ip":112,"op":390,"st":0,"bm":0},{"ddd":0,"ind":5,"ty":4,"nm":"I R 4","parent":4,"sr":1,"ks":{"o":{"a":0,"k":100,"ix":11},"r":{"a":0,"k":0,"ix":10},"p":{"a":1,"k":[{"i":{"x":0.833,"y":0.856},"o":{"x":0.416,"y":0},"t":25,"s":[-50.188,14.812,0],"to":[0,-9.333,0],"ti":[0,12.818,0]},{"i":{"x":0.833,"y":0.833},"o":{"x":0.167,"y":0.264},"t":37,"s":[-50.188,-62.805,0],"to":[0,-0.916,0],"ti":[0,0.667,0]},{"t":42,"s":[-50.188,-45.188,0]}],"ix":2},"a":{"a":0,"k":[-55.188,-45.188,0],"ix":1},"s":{"a":0,"k":[100,100,100],"ix":6}},"ao":0,"shapes":[{"ty":"gr","it":[{"ind":0,"ty":"sh","ix":1,"ks":{"a":1,"k":[{"i":{"x":0,"y":1},"o":{"x":0.167,"y":0.167},"t":25,"s":[{"i":[[-4.643,0],[-2.011,-0.851],[-1.521,-1.521],[-0.851,-2.011],[0,-2.321],[3.042,-3.042],[4.643,0],[3.042,3.042],[0,4.643],[-3.042,3.042]],"o":[[2.321,0],[2.011,0.851],[1.521,1.521],[0.851,2.011],[0,4.643],[-3.042,3.042],[-4.643,0],[-3.042,-3.042],[0,-4.643],[3.042,-3.042]],"v":[[0,-16.812],[6.544,-15.491],[11.888,-11.888],[15.491,-6.544],[16.812,0],[11.888,11.888],[0,16.812],[-11.888,11.888],[-16.812,0],[-11.888,-11.888]],"c":true}]},{"t":55,"s":[{"i":[[0,0],[0,0],[5.155,6.157],[0,8.347],[-15.706,0],[-4.707,-3.218],[-8.576,0],[0,-15.706],[5.861,-7.444],[2.854,-2.198]],"o":[[0,0],[-2.83,-2.203],[-5.859,-6.998],[0,-15.706],[9.291,0],[4.706,-3.219],[15.706,0],[0,7.944],[-5.085,6.459],[0,0]],"v":[[0.157,36.872],[-2.698,34.65],[-35.648,6.791],[-44.355,-16.013],[-17.871,-44.497],[0.188,-36.54],[18.246,-44.497],[44.73,-16.013],[36.139,6.541],[3.023,34.665]],"c":true}]}],"ix":2},"nm":"Path 1","mn":"ADBE Vector Shape - Group","hd":false},{"ty":"st","c":{"a":0,"k":[0.787944240196,0.787944240196,0.787944240196,1],"ix":3},"o":{"a":0,"k":100,"ix":4},"w":{"a":0,"k":0,"ix":5},"lc":1,"lj":1,"ml":4,"bm":0,"nm":"Stroke 1","mn":"ADBE Vector Graphic - Stroke","hd":false},{"ty":"fl","c":{"a":1,"k":[{"i":{"x":[0.833],"y":[0.833]},"o":{"x":[0.167],"y":[0.167]},"t":25,"s":[0.788235353956,0.788235353956,0.788235353956,1]},{"t":55,"s":[0.999080896378,0.292270958424,0.292270958424,1]}],"ix":4},"o":{"a":0,"k":100,"ix":5},"r":1,"bm":0,"nm":"Fill 1","mn":"ADBE Vector Graphic - Fill","hd":false},{"ty":"tr","p":{"a":0,"k":[-55.188,-45.188],"ix":2},"a":{"a":0,"k":[0,0],"ix":1},"s":{"a":1,"k":[{"i":{"x":[0.833,0.833],"y":[0.833,0.833]},"o":{"x":[0.167,0.167],"y":[0.167,0.167]},"t":25,"s":[100,100]},{"i":{"x":[0.833,0.833],"y":[0.833,0.833]},"o":{"x":[0.167,0.167],"y":[0.167,0.167]},"t":42,"s":[148,148]},{"i":{"x":[0.833,0.833],"y":[0.833,0.833]},"o":{"x":[0.167,0.167],"y":[0.167,0.167]},"t":53,"s":[101,101]},{"i":{"x":[0.833,0.833],"y":[0.833,0.833]},"o":{"x":[0.167,0.167],"y":[0.167,0.167]},"t":61,"s":[111,111]},{"t":72,"s":[101,101]}],"ix":3},"r":{"a":0,"k":0,"ix":6},"o":{"a":0,"k":100,"ix":7},"sk":{"a":0,"k":0,"ix":4},"sa":{"a":0,"k":0,"ix":5},"nm":"Transform"}],"nm":"Ellipse 1","np":3,"cix":2,"bm":0,"ix":1,"mn":"ADBE Vector Group","hd":false}],"ip":112,"op":390,"st":0,"bm":0},{"ddd":0,"ind":6,"ty":4,"nm":"I R 3","parent":4,"sr":1,"ks":{"o":{"a":0,"k":100,"ix":11},"r":{"a":0,"k":0,"ix":10},"p":{"a":1,"k":[{"i":{"x":0.833,"y":0.856},"o":{"x":0.416,"y":0},"t":25,"s":[49.812,14.812,0],"to":[0,-9.333,0],"ti":[0,12.818,0]},{"i":{"x":0.833,"y":0.833},"o":{"x":0.167,"y":0.264},"t":37,"s":[49.812,-62.805,0],"to":[0,-0.916,0],"ti":[0,0.667,0]},{"t":42,"s":[49.812,-45.188,0]}],"ix":2},"a":{"a":0,"k":[-55.188,-45.188,0],"ix":1},"s":{"a":0,"k":[100,100,100],"ix":6}},"ao":0,"shapes":[{"ty":"gr","it":[{"ind":0,"ty":"sh","ix":1,"ks":{"a":1,"k":[{"i":{"x":0,"y":1},"o":{"x":0.167,"y":0.167},"t":25,"s":[{"i":[[-4.643,0],[-2.011,-0.851],[-1.521,-1.521],[-0.851,-2.011],[0,-2.321],[3.042,-3.042],[4.643,0],[3.042,3.042],[0,4.643],[-3.042,3.042]],"o":[[2.321,0],[2.011,0.851],[1.521,1.521],[0.851,2.011],[0,4.643],[-3.042,3.042],[-4.643,0],[-3.042,-3.042],[0,-4.643],[3.042,-3.042]],"v":[[0,-16.812],[6.544,-15.491],[11.888,-11.888],[15.491,-6.544],[16.812,0],[11.888,11.888],[0,16.812],[-11.888,11.888],[-16.812,0],[-11.888,-11.888]],"c":true}]},{"t":55,"s":[{"i":[[0,0],[0,0],[5.155,6.157],[0,8.347],[-15.706,0],[-4.707,-3.218],[-8.576,0],[0,-15.706],[5.861,-7.444],[2.854,-2.198]],"o":[[0,0],[-2.83,-2.203],[-5.859,-6.998],[0,-15.706],[9.291,0],[4.706,-3.219],[15.706,0],[0,7.944],[-5.085,6.459],[0,0]],"v":[[0.157,36.872],[-2.698,34.65],[-35.648,6.791],[-44.355,-16.013],[-17.871,-44.497],[0.188,-36.54],[18.246,-44.497],[44.73,-16.013],[36.139,6.541],[3.023,34.665]],"c":true}]}],"ix":2},"nm":"Path 1","mn":"ADBE Vector Shape - Group","hd":false},{"ty":"st","c":{"a":0,"k":[0.787944240196,0.787944240196,0.787944240196,1],"ix":3},"o":{"a":0,"k":100,"ix":4},"w":{"a":0,"k":0,"ix":5},"lc":1,"lj":1,"ml":4,"bm":0,"nm":"Stroke 1","mn":"ADBE Vector Graphic - Stroke","hd":false},{"ty":"fl","c":{"a":1,"k":[{"i":{"x":[0.833],"y":[0.833]},"o":{"x":[0.167],"y":[0.167]},"t":25,"s":[0.788235353956,0.788235353956,0.788235353956,1]},{"t":55,"s":[0.999080896378,0.292270958424,0.292270958424,1]}],"ix":4},"o":{"a":0,"k":100,"ix":5},"r":1,"bm":0,"nm":"Fill 1","mn":"ADBE Vector Graphic - Fill","hd":false},{"ty":"tr","p":{"a":0,"k":[-55.188,-45.188],"ix":2},"a":{"a":0,"k":[0,0],"ix":1},"s":{"a":1,"k":[{"i":{"x":[0.833,0.833],"y":[0.833,0.833]},"o":{"x":[0.167,0.167],"y":[0.167,0.167]},"t":25,"s":[100,100]},{"i":{"x":[0.833,0.833],"y":[0.833,0.833]},"o":{"x":[0.167,0.167],"y":[0.167,0.167]},"t":42,"s":[148,148]},{"i":{"x":[0.833,0.833],"y":[0.833,0.833]},"o":{"x":[0.167,0.167],"y":[0.167,0.167]},"t":53,"s":[101,101]},{"i":{"x":[0.833,0.833],"y":[0.833,0.833]},"o":{"x":[0.167,0.167],"y":[0.167,0.167]},"t":61,"s":[111,111]},{"t":72,"s":[101,101]}],"ix":3},"r":{"a":0,"k":0,"ix":6},"o":{"a":0,"k":100,"ix":7},"sk":{"a":0,"k":0,"ix":4},"sa":{"a":0,"k":0,"ix":5},"nm":"Transform"}],"nm":"Ellipse 1","np":3,"cix":2,"bm":0,"ix":1,"mn":"ADBE Vector Group","hd":false}],"ip":112,"op":390,"st":0,"bm":0},{"ddd":0,"ind":7,"ty":4,"nm":"mouth 3","parent":1,"sr":1,"ks":{"o":{"a":0,"k":100,"ix":11},"r":{"a":0,"k":0,"ix":10},"p":{"a":1,"k":[{"i":{"x":0.041,"y":1},"o":{"x":0.333,"y":0},"t":25,"s":[0.537,79.531,0],"to":[0,-6.667,0],"ti":[0,6.667,0]},{"t":37,"s":[0.537,39.531,0]}],"ix":2},"a":{"a":0,"k":[-2.463,39.531,0],"ix":1},"s":{"a":0,"k":[100,100,100],"ix":6}},"ao":0,"shapes":[{"ty":"gr","it":[{"ind":0,"ty":"sh","ix":1,"ks":{"a":1,"k":[{"i":{"x":0.833,"y":1},"o":{"x":0.333,"y":0},"t":25,"s":[{"i":[[0,0],[0,0],[27.358,0],[0,0],[0,0]],"o":[[0,0],[0,0],[-26.333,0],[0,0],[0,0]],"v":[[80.537,-5.531],[80.537,5.531],[-1.537,5.531],[-80.537,5.531],[-80.537,-5.531]],"c":true}]},{"i":{"x":0.667,"y":1},"o":{"x":0.167,"y":0},"t":37,"s":[{"i":[[0,0],[0,0],[86.9,1.123],[0,0],[0,0]],"o":[[0,0],[0,0],[-84.627,-1.093],[0,0],[0,0]],"v":[[80.537,-5.531],[80.537,5.531],[-0.264,86.907],[-80.537,5.531],[-80.537,-5.531]],"c":true}]},{"t":55,"s":[{"i":[[0,0],[0,0],[86.9,1.123],[0,0],[0,0]],"o":[[0,0],[0,0],[-84.627,-1.093],[0,0],[0,0]],"v":[[80.537,-5.531],[80.537,5.531],[-0.438,78.032],[-80.537,5.531],[-80.537,-5.531]],"c":true}]}],"ix":2},"nm":"Path 1","mn":"ADBE Vector Shape - Group","hd":false},{"ty":"st","c":{"a":0,"k":[0.787944240196,0.787944240196,0.787944240196,1],"ix":3},"o":{"a":0,"k":100,"ix":4},"w":{"a":0,"k":0,"ix":5},"lc":1,"lj":1,"ml":4,"bm":0,"nm":"Stroke 1","mn":"ADBE Vector Graphic - Stroke","hd":false},{"ty":"fl","c":{"a":1,"k":[{"i":{"x":[0.833],"y":[0.833]},"o":{"x":[0.167],"y":[0.167]},"t":25,"s":[0.788235353956,0.788235353956,0.788235353956,1]},{"t":42,"s":[0,0,0,1]}],"ix":4},"o":{"a":0,"k":100,"ix":5},"r":1,"bm":0,"nm":"Fill 1","mn":"ADBE Vector Graphic - Fill","hd":false},{"ty":"tr","p":{"a":0,"k":[-2.463,39.531],"ix":2},"a":{"a":0,"k":[0,0],"ix":1},"s":{"a":0,"k":[100,100],"ix":3},"r":{"a":0,"k":-0.086,"ix":6},"o":{"a":0,"k":100,"ix":7},"sk":{"a":0,"k":0,"ix":4},"sa":{"a":0,"k":0,"ix":5},"nm":"Transform"}],"nm":"Rectangle 1","np":3,"cix":2,"bm":0,"ix":1,"mn":"ADBE Vector Group","hd":false}],"ip":112,"op":390,"st":0,"bm":0}]},{"id":"comp_1","layers":[{"ddd":0,"ind":1,"ty":4,"nm":"I R 4","sr":1,"ks":{"o":{"a":0,"k":100,"ix":11},"r":{"a":0,"k":0,"ix":10},"p":{"a":1,"k":[{"i":{"x":0.667,"y":1},"o":{"x":0.333,"y":0},"t":112,"s":[-27.289,372.811,0],"to":[0,0,0],"ti":[0,0,0]},{"t":139,"s":[272.711,372.811,0]}],"ix":2},"a":{"a":0,"k":[-55.188,-45.188,0],"ix":1},"s":{"a":0,"k":[154,154,100],"ix":6}},"ao":0,"shapes":[{"ty":"gr","it":[{"ind":0,"ty":"sh","ix":1,"ks":{"a":1,"k":[{"i":{"x":0,"y":1},"o":{"x":0.167,"y":0.167},"t":194,"s":[{"i":[[-4.643,0],[-2.011,-0.851],[-1.521,-1.521],[-0.851,-2.011],[0,-2.321],[3.042,-3.042],[4.643,0],[3.042,3.042],[0,4.643],[-3.042,3.042]],"o":[[2.321,0],[2.011,0.851],[1.521,1.521],[0.851,2.011],[0,4.643],[-3.042,3.042],[-4.643,0],[-3.042,-3.042],[0,-4.643],[3.042,-3.042]],"v":[[0,-16.812],[6.544,-15.491],[11.888,-11.888],[15.491,-6.544],[16.812,0],[11.888,11.888],[0,16.812],[-11.888,11.888],[-16.812,0],[-11.888,-11.888]],"c":true}]},{"t":224,"s":[{"i":[[0,0],[0,0],[5.155,6.157],[0,8.347],[-15.706,0],[-4.707,-3.218],[-8.576,0],[0,-15.706],[5.861,-7.444],[2.854,-2.198]],"o":[[0,0],[-2.83,-2.203],[-5.859,-6.998],[0,-15.706],[9.291,0],[4.706,-3.219],[15.706,0],[0,7.944],[-5.085,6.459],[0,0]],"v":[[0.157,36.872],[-2.698,34.65],[-35.648,6.791],[-44.355,-16.013],[-17.871,-44.497],[0.188,-36.54],[18.246,-44.497],[44.73,-16.013],[36.139,6.541],[3.023,34.665]],"c":true}]}],"ix":2},"nm":"Path 1","mn":"ADBE Vector Shape - Group","hd":false},{"ty":"st","c":{"a":0,"k":[0.787944240196,0.787944240196,0.787944240196,1],"ix":3},"o":{"a":0,"k":100,"ix":4},"w":{"a":0,"k":0,"ix":5},"lc":1,"lj":1,"ml":4,"bm":0,"nm":"Stroke 1","mn":"ADBE Vector Graphic - Stroke","hd":false},{"ty":"fl","c":{"a":1,"k":[{"i":{"x":[0.833],"y":[0.833]},"o":{"x":[0.167],"y":[0.167]},"t":194,"s":[0.788235353956,0.788235353956,0.788235353956,1]},{"t":224,"s":[0.999080896378,0.292270958424,0.292270958424,1]}],"ix":4},"o":{"a":0,"k":100,"ix":5},"r":1,"bm":0,"nm":"Fill 1","mn":"ADBE Vector Graphic - Fill","hd":false},{"ty":"tr","p":{"a":0,"k":[-55.188,-45.188],"ix":2},"a":{"a":0,"k":[0,0],"ix":1},"s":{"a":1,"k":[{"i":{"x":[0.833,0.833],"y":[0.833,0.833]},"o":{"x":[0.167,0.167],"y":[0.167,0.167]},"t":194,"s":[100,100]},{"i":{"x":[0.833,0.833],"y":[0.833,0.833]},"o":{"x":[0.167,0.167],"y":[0.167,0.167]},"t":211,"s":[148,148]},{"i":{"x":[0.833,0.833],"y":[0.833,0.833]},"o":{"x":[0.167,0.167],"y":[0.167,0.167]},"t":222,"s":[101,101]},{"i":{"x":[0.833,0.833],"y":[0.833,0.833]},"o":{"x":[0.167,0.167],"y":[0.167,0.167]},"t":230,"s":[111,111]},{"t":241,"s":[101,101]}],"ix":3},"r":{"a":0,"k":0,"ix":6},"o":{"a":0,"k":100,"ix":7},"sk":{"a":0,"k":0,"ix":4},"sa":{"a":0,"k":0,"ix":5},"nm":"Transform"}],"nm":"Ellipse 1","np":3,"cix":2,"bm":0,"ix":1,"mn":"ADBE Vector Group","hd":false}],"ip":112,"op":169,"st":112,"bm":0},{"ddd":0,"ind":2,"ty":4,"nm":"I R 3","sr":1,"ks":{"o":{"a":0,"k":100,"ix":11},"r":{"a":0,"k":0,"ix":10},"p":{"a":1,"k":[{"i":{"x":0.667,"y":1},"o":{"x":0.333,"y":0},"t":112,"s":[126.711,372.811,0],"to":[0,0,0],"ti":[0,0,0]},{"t":139,"s":[426.711,372.811,0]}],"ix":2},"a":{"a":0,"k":[-55.188,-45.188,0],"ix":1},"s":{"a":0,"k":[154,154,100],"ix":6}},"ao":0,"shapes":[{"ty":"gr","it":[{"ind":0,"ty":"sh","ix":1,"ks":{"a":1,"k":[{"i":{"x":0,"y":1},"o":{"x":0.167,"y":0.167},"t":194,"s":[{"i":[[-4.643,0],[-2.011,-0.851],[-1.521,-1.521],[-0.851,-2.011],[0,-2.321],[3.042,-3.042],[4.643,0],[3.042,3.042],[0,4.643],[-3.042,3.042]],"o":[[2.321,0],[2.011,0.851],[1.521,1.521],[0.851,2.011],[0,4.643],[-3.042,3.042],[-4.643,0],[-3.042,-3.042],[0,-4.643],[3.042,-3.042]],"v":[[0,-16.812],[6.544,-15.491],[11.888,-11.888],[15.491,-6.544],[16.812,0],[11.888,11.888],[0,16.812],[-11.888,11.888],[-16.812,0],[-11.888,-11.888]],"c":true}]},{"t":224,"s":[{"i":[[0,0],[0,0],[5.155,6.157],[0,8.347],[-15.706,0],[-4.707,-3.218],[-8.576,0],[0,-15.706],[5.861,-7.444],[2.854,-2.198]],"o":[[0,0],[-2.83,-2.203],[-5.859,-6.998],[0,-15.706],[9.291,0],[4.706,-3.219],[15.706,0],[0,7.944],[-5.085,6.459],[0,0]],"v":[[0.157,36.872],[-2.698,34.65],[-35.648,6.791],[-44.355,-16.013],[-17.871,-44.497],[0.188,-36.54],[18.246,-44.497],[44.73,-16.013],[36.139,6.541],[3.023,34.665]],"c":true}]}],"ix":2},"nm":"Path 1","mn":"ADBE Vector Shape - Group","hd":false},{"ty":"st","c":{"a":0,"k":[0.787944240196,0.787944240196,0.787944240196,1],"ix":3},"o":{"a":0,"k":100,"ix":4},"w":{"a":0,"k":0,"ix":5},"lc":1,"lj":1,"ml":4,"bm":0,"nm":"Stroke 1","mn":"ADBE Vector Graphic - Stroke","hd":false},{"ty":"fl","c":{"a":1,"k":[{"i":{"x":[0.833],"y":[0.833]},"o":{"x":[0.167],"y":[0.167]},"t":194,"s":[0.788235353956,0.788235353956,0.788235353956,1]},{"t":224,"s":[0.999080896378,0.292270958424,0.292270958424,1]}],"ix":4},"o":{"a":0,"k":100,"ix":5},"r":1,"bm":0,"nm":"Fill 1","mn":"ADBE Vector Graphic - Fill","hd":false},{"ty":"tr","p":{"a":0,"k":[-55.188,-45.188],"ix":2},"a":{"a":0,"k":[0,0],"ix":1},"s":{"a":1,"k":[{"i":{"x":[0.833,0.833],"y":[0.833,0.833]},"o":{"x":[0.167,0.167],"y":[0.167,0.167]},"t":194,"s":[100,100]},{"i":{"x":[0.833,0.833],"y":[0.833,0.833]},"o":{"x":[0.167,0.167],"y":[0.167,0.167]},"t":211,"s":[148,148]},{"i":{"x":[0.833,0.833],"y":[0.833,0.833]},"o":{"x":[0.167,0.167],"y":[0.167,0.167]},"t":222,"s":[101,101]},{"i":{"x":[0.833,0.833],"y":[0.833,0.833]},"o":{"x":[0.167,0.167],"y":[0.167,0.167]},"t":230,"s":[111,111]},{"t":241,"s":[101,101]}],"ix":3},"r":{"a":0,"k":0,"ix":6},"o":{"a":0,"k":100,"ix":7},"sk":{"a":0,"k":0,"ix":4},"sa":{"a":0,"k":0,"ix":5},"nm":"Transform"}],"nm":"Ellipse 1","np":3,"cix":2,"bm":0,"ix":1,"mn":"ADBE Vector Group","hd":false}],"ip":112,"op":169,"st":112,"bm":0},{"ddd":0,"ind":3,"ty":4,"nm":"mouth 3","sr":1,"ks":{"o":{"a":0,"k":100,"ix":11},"r":{"a":0,"k":0,"ix":10},"p":{"a":1,"k":[{"i":{"x":0.667,"y":1},"o":{"x":0.333,"y":0},"t":112,"s":[50.537,429.531,0],"to":[50,0,0],"ti":[-50,0,0]},{"t":139,"s":[350.537,429.531,0]}],"ix":2},"a":{"a":0,"k":[-2.463,39.531,0],"ix":1},"s":{"a":0,"k":[100,100,100],"ix":6}},"ao":0,"shapes":[{"ty":"gr","it":[{"ind":0,"ty":"sh","ix":1,"ks":{"a":1,"k":[{"i":{"x":0.833,"y":1},"o":{"x":0.333,"y":0},"t":194,"s":[{"i":[[0,0],[0,0],[27.358,0],[0,0],[0,0]],"o":[[0,0],[0,0],[-26.333,0],[0,0],[0,0]],"v":[[80.537,-5.531],[80.537,5.531],[-1.537,5.531],[-80.537,5.531],[-80.537,-5.531]],"c":true}]},{"i":{"x":0.667,"y":1},"o":{"x":0.167,"y":0},"t":206,"s":[{"i":[[0,0],[0,0],[86.9,1.123],[0,0],[0,0]],"o":[[0,0],[0,0],[-84.627,-1.093],[0,0],[0,0]],"v":[[80.537,-5.531],[80.537,5.531],[-0.264,86.907],[-80.537,5.531],[-80.537,-5.531]],"c":true}]},{"t":224,"s":[{"i":[[0,0],[0,0],[86.9,1.123],[0,0],[0,0]],"o":[[0,0],[0,0],[-84.627,-1.093],[0,0],[0,0]],"v":[[80.537,-5.531],[80.537,5.531],[-0.438,78.032],[-80.537,5.531],[-80.537,-5.531]],"c":true}]}],"ix":2},"nm":"Path 1","mn":"ADBE Vector Shape - Group","hd":false},{"ty":"st","c":{"a":0,"k":[0.787944240196,0.787944240196,0.787944240196,1],"ix":3},"o":{"a":0,"k":100,"ix":4},"w":{"a":0,"k":0,"ix":5},"lc":1,"lj":1,"ml":4,"bm":0,"nm":"Stroke 1","mn":"ADBE Vector Graphic - Stroke","hd":false},{"ty":"fl","c":{"a":1,"k":[{"i":{"x":[0.833],"y":[0.833]},"o":{"x":[0.167],"y":[0.167]},"t":194,"s":[0.788235353956,0.788235353956,0.788235353956,1]},{"t":211,"s":[0,0,0,1]}],"ix":4},"o":{"a":0,"k":100,"ix":5},"r":1,"bm":0,"nm":"Fill 1","mn":"ADBE Vector Graphic - Fill","hd":false},{"ty":"tr","p":{"a":0,"k":[-2.463,39.531],"ix":2},"a":{"a":0,"k":[0,0],"ix":1},"s":{"a":0,"k":[100,100],"ix":3},"r":{"a":0,"k":-0.086,"ix":6},"o":{"a":0,"k":100,"ix":7},"sk":{"a":0,"k":0,"ix":4},"sa":{"a":0,"k":0,"ix":5},"nm":"Transform"}],"nm":"Rectangle 1","np":3,"cix":2,"bm":0,"ix":1,"mn":"ADBE Vector Group","hd":false}],"ip":112,"op":169,"st":112,"bm":0}]}],"layers":[{"ddd":0,"ind":1,"ty":4,"nm":"head 2","td":1,"sr":1,"ks":{"o":{"a":0,"k":100,"ix":11},"r":{"a":0,"k":0,"ix":10},"p":{"a":0,"k":[352.348,348.348,0],"ix":2},"a":{"a":0,"k":[-19.652,34.348,0],"ix":1},"s":{"a":1,"k":[{"i":{"x":[0,0,0.667],"y":[1,1,1]},"o":{"x":[0.333,0.333,0.333],"y":[0,0,0]},"t":31,"s":[100,100,100]},{"i":{"x":[0.667,0.667,0.667],"y":[1,1,1]},"o":{"x":[0.333,0.333,0.333],"y":[0,0,0]},"t":43,"s":[90,90,100]},{"i":{"x":[0.667,0.667,0.667],"y":[1,1,1]},"o":{"x":[0.333,0.333,0.333],"y":[0,0,0]},"t":53,"s":[105,105,100]},{"i":{"x":[0.833,0.833,0.833],"y":[1,1,1]},"o":{"x":[0.333,0.333,0.333],"y":[0,0,0]},"t":60,"s":[100,100,100]},{"i":{"x":[0.833,0.833,0.833],"y":[1,1,1]},"o":{"x":[0.167,0.167,0.167],"y":[0,0,0]},"t":130,"s":[122,122,100]},{"t":140,"s":[96,96,100]}],"ix":6}},"ao":0,"shapes":[{"ty":"gr","it":[{"d":1,"ty":"el","s":{"a":0,"k":[324.695,324.695],"ix":2},"p":{"a":0,"k":[0,0],"ix":3},"nm":"Ellipse Path 1","mn":"ADBE Vector Shape - Ellipse","hd":false},{"ty":"st","c":{"a":1,"k":[{"i":{"x":[0.833],"y":[0.833]},"o":{"x":[0.167],"y":[0.167]},"t":43,"s":[0.788235353956,0.788235353956,0.788235353956,1]},{"t":60,"s":[0,0,0,1]}],"ix":3},"o":{"a":0,"k":100,"ix":4},"w":{"a":0,"k":13,"ix":5},"lc":1,"lj":1,"ml":4,"bm":0,"nm":"Stroke 1","mn":"ADBE Vector Graphic - Stroke","hd":false},{"ty":"fl","c":{"a":1,"k":[{"i":{"x":[0.833],"y":[0.833]},"o":{"x":[0.167],"y":[0.167]},"t":43,"s":[1,0.970913410187,0.806326627731,1]},{"i":{"x":[0.833],"y":[0.833]},"o":{"x":[0.167],"y":[0.167]},"t":60,"s":[1,0.849816176471,0,1]},{"t":130,"s":[1,1,1,1]}],"ix":4},"o":{"a":0,"k":100,"ix":5},"r":1,"bm":0,"nm":"Fill 1","mn":"ADBE Vector Graphic - Fill","hd":false},{"ty":"tr","p":{"a":0,"k":[-19.652,34.348],"ix":2},"a":{"a":0,"k":[0,0],"ix":1},"s":{"a":0,"k":[100,100],"ix":3},"r":{"a":0,"k":0,"ix":6},"o":{"a":0,"k":100,"ix":7},"sk":{"a":0,"k":0,"ix":4},"sa":{"a":0,"k":0,"ix":5},"nm":"Transform"}],"nm":"Ellipse 1","np":3,"cix":2,"bm":0,"ix":1,"mn":"ADBE Vector Group","hd":false}],"ip":130,"op":188,"st":18,"bm":0},{"ddd":0,"ind":2,"ty":0,"nm":"face","tt":1,"refId":"comp_0","sr":1,"ks":{"o":{"a":0,"k":100,"ix":11},"r":{"a":0,"k":0,"ix":10},"p":{"a":0,"k":[350,350,0],"ix":2},"a":{"a":0,"k":[350,350,0],"ix":1},"s":{"a":0,"k":[100,100,100],"ix":6}},"ao":0,"w":700,"h":700,"ip":130,"op":408,"st":18,"bm":0},{"ddd":0,"ind":3,"ty":3,"nm":"Null 2","sr":1,"ks":{"o":{"a":0,"k":0,"ix":11},"r":{"a":0,"k":0,"ix":10},"p":{"a":0,"k":[350,350,0],"ix":2},"a":{"a":0,"k":[0,0,0],"ix":1},"s":{"a":0,"k":[100,100,100],"ix":6}},"ao":0,"ip":0,"op":131,"st":0,"bm":0},{"ddd":0,"ind":4,"ty":4,"nm":"mouth 2","parent":3,"td":1,"sr":1,"ks":{"o":{"a":0,"k":100,"ix":11},"r":{"a":0,"k":0,"ix":10},"p":{"a":1,"k":[{"i":{"x":0.041,"y":1},"o":{"x":0.333,"y":0},"t":25,"s":[0.537,79.531,0],"to":[0,-6.667,0],"ti":[0,6.667,0]},{"t":37,"s":[0.537,39.531,0]}],"ix":2},"a":{"a":0,"k":[-2.463,39.531,0],"ix":1},"s":{"a":0,"k":[100,100,100],"ix":6}},"ao":0,"shapes":[{"ty":"gr","it":[{"ind":0,"ty":"sh","ix":1,"ks":{"a":1,"k":[{"i":{"x":0.833,"y":1},"o":{"x":0.333,"y":0},"t":25,"s":[{"i":[[0,0],[0,0],[27.358,0],[0,0],[0,0]],"o":[[0,0],[0,0],[-26.333,0],[0,0],[0,0]],"v":[[80.537,-5.531],[80.537,5.531],[-1.537,5.531],[-80.537,5.531],[-80.537,-5.531]],"c":true}]},{"i":{"x":0.667,"y":1},"o":{"x":0.167,"y":0},"t":37,"s":[{"i":[[0,0],[0,0],[86.9,1.123],[0,0],[0,0]],"o":[[0,0],[0,0],[-84.627,-1.093],[0,0],[0,0]],"v":[[80.537,-5.531],[80.537,5.531],[-0.264,86.907],[-80.537,5.531],[-80.537,-5.531]],"c":true}]},{"i":{"x":0.833,"y":0.833},"o":{"x":0.167,"y":0},"t":55,"s":[{"i":[[0,0],[0,0],[86.9,1.123],[0,0],[0,0]],"o":[[0,0],[0,0],[-84.627,-1.093],[0,0],[0,0]],"v":[[80.537,-5.531],[80.537,5.531],[-0.438,78.032],[-80.537,5.531],[-80.537,-5.531]],"c":true}]},{"i":{"x":0.833,"y":0.833},"o":{"x":0.167,"y":0.167},"t":71,"s":[{"i":[[0,0],[0,0],[86.9,1.123],[0,0],[0,0]],"o":[[0,0],[0,0],[-84.627,-1.093],[0,0],[0,0]],"v":[[80.537,-5.531],[80.537,5.531],[-0.576,86.221],[-80.537,5.531],[-80.537,-5.531]],"c":true}]},{"i":{"x":0.833,"y":1},"o":{"x":0.167,"y":0.167},"t":91,"s":[{"i":[[0,0],[0,0],[86.9,1.123],[0,0],[0,0]],"o":[[0,0],[0,0],[-84.627,-1.093],[0,0],[0,0]],"v":[[80.537,-5.531],[80.537,5.531],[-0.258,82.782],[-80.537,5.531],[-80.537,-5.531]],"c":true}]},{"t":129,"s":[{"i":[[0,0],[0,0],[86.9,1.123],[0,0],[0,0]],"o":[[0,0],[0,0],[-84.627,-1.093],[0,0],[0,0]],"v":[[80.537,-5.531],[80.537,5.531],[-0.438,78.032],[-80.537,5.531],[-80.537,-5.531]],"c":true}]}],"ix":2},"nm":"Path 1","mn":"ADBE Vector Shape - Group","hd":false},{"ty":"st","c":{"a":0,"k":[0.787944240196,0.787944240196,0.787944240196,1],"ix":3},"o":{"a":0,"k":100,"ix":4},"w":{"a":0,"k":0,"ix":5},"lc":1,"lj":1,"ml":4,"bm":0,"nm":"Stroke 1","mn":"ADBE Vector Graphic - Stroke","hd":false},{"ty":"fl","c":{"a":1,"k":[{"i":{"x":[0.833],"y":[0.833]},"o":{"x":[0.167],"y":[0.167]},"t":25,"s":[0.788235353956,0.788235353956,0.788235353956,1]},{"i":{"x":[0.833],"y":[0.833]},"o":{"x":[0.167],"y":[0.167]},"t":42,"s":[0,0,0,1]},{"t":58,"s":[1,1,1,1]}],"ix":4},"o":{"a":0,"k":100,"ix":5},"r":1,"bm":0,"nm":"Fill 1","mn":"ADBE Vector Graphic - Fill","hd":false},{"ty":"tr","p":{"a":0,"k":[-2.463,39.531],"ix":2},"a":{"a":0,"k":[0,0],"ix":1},"s":{"a":0,"k":[100,100],"ix":3},"r":{"a":0,"k":-0.086,"ix":6},"o":{"a":0,"k":100,"ix":7},"sk":{"a":0,"k":0,"ix":4},"sa":{"a":0,"k":0,"ix":5},"nm":"Transform"}],"nm":"Rectangle 1","np":3,"cix":2,"bm":0,"ix":1,"mn":"ADBE Vector Group","hd":false}],"ip":0,"op":131,"st":0,"bm":0},{"ddd":0,"ind":5,"ty":4,"nm":"Shape Layer 1","parent":3,"tt":1,"sr":1,"ks":{"o":{"a":0,"k":100,"ix":11},"r":{"a":0,"k":0,"ix":10},"p":{"a":1,"k":[{"i":{"x":0.667,"y":1},"o":{"x":0.172,"y":0},"t":29,"s":[0.625,159.406,0],"to":[0,-8.333,0],"ti":[0,8.333,0]},{"t":55,"s":[0.625,109.406,0]}],"ix":2},"a":{"a":0,"k":[40.625,105.406,0],"ix":1},"s":{"a":1,"k":[{"i":{"x":[0.667,0.667,0.667],"y":[1,1,1]},"o":{"x":[0.333,0.333,0.333],"y":[0,0,0]},"t":27,"s":[172,100,100]},{"i":{"x":[0.667,0.667,0.667],"y":[1,1,1]},"o":{"x":[0.333,0.333,0.333],"y":[0,0,0]},"t":47.941,"s":[172,120,100]},{"i":{"x":[0.667,0.667,0.667],"y":[1,1,1]},"o":{"x":[0.333,0.333,0.333],"y":[0,0,0]},"t":71.211,"s":[172,100,100]},{"i":{"x":[0.667,0.667,0.667],"y":[1,1,1]},"o":{"x":[0.333,0.333,0.333],"y":[0,0,0]},"t":92.154,"s":[172,120,100]},{"t":130,"s":[172,100,100]}],"ix":6}},"ao":0,"shapes":[{"ty":"gr","it":[{"d":1,"ty":"el","s":{"a":0,"k":[65.25,56.812],"ix":2},"p":{"a":0,"k":[0,0],"ix":3},"nm":"Ellipse Path 1","mn":"ADBE Vector Shape - Ellipse","hd":false},{"ty":"st","c":{"a":0,"k":[0.787944240196,0.787944240196,0.787944240196,1],"ix":3},"o":{"a":0,"k":100,"ix":4},"w":{"a":0,"k":0,"ix":5},"lc":1,"lj":1,"ml":4,"bm":0,"nm":"Stroke 1","mn":"ADBE Vector Graphic - Stroke","hd":false},{"ty":"fl","c":{"a":0,"k":[1,0.294117647059,0.294117647059,1],"ix":4},"o":{"a":0,"k":100,"ix":5},"r":1,"bm":0,"nm":"Fill 1","mn":"ADBE Vector Graphic - Fill","hd":false},{"ty":"tr","p":{"a":0,"k":[40.625,105.406],"ix":2},"a":{"a":0,"k":[0,0],"ix":1},"s":{"a":0,"k":[100,100],"ix":3},"r":{"a":0,"k":0,"ix":6},"o":{"a":0,"k":100,"ix":7},"sk":{"a":0,"k":0,"ix":4},"sa":{"a":0,"k":0,"ix":5},"nm":"Transform"}],"nm":"Ellipse 1","np":3,"cix":2,"bm":0,"ix":1,"mn":"ADBE Vector Group","hd":false}],"ip":0,"op":131,"st":0,"bm":0},{"ddd":0,"ind":6,"ty":3,"nm":"Null 1","parent":3,"sr":1,"ks":{"o":{"a":0,"k":0,"ix":11},"r":{"a":0,"k":0,"ix":10},"p":{"a":0,"k":[0,0,0],"ix":2},"a":{"a":0,"k":[0,0,0],"ix":1},"s":{"a":0,"k":[154,154,100],"ix":6}},"ao":0,"ip":0,"op":131,"st":0,"bm":0},{"ddd":0,"ind":7,"ty":4,"nm":"head 3","td":1,"sr":1,"ks":{"o":{"a":0,"k":100,"ix":11},"r":{"a":0,"k":0,"ix":10},"p":{"a":0,"k":[352.348,348.348,0],"ix":2},"a":{"a":0,"k":[-19.652,34.348,0],"ix":1},"s":{"a":0,"k":[96,96,100],"ix":6}},"ao":0,"shapes":[{"ty":"gr","it":[{"d":1,"ty":"el","s":{"a":0,"k":[324.695,324.695],"ix":2},"p":{"a":0,"k":[0,0],"ix":3},"nm":"Ellipse Path 1","mn":"ADBE Vector Shape - Ellipse","hd":false},{"ty":"st","c":{"a":1,"k":[{"i":{"x":[0.833],"y":[0.833]},"o":{"x":[0.167],"y":[0.167]},"t":43,"s":[0.788235353956,0.788235353956,0.788235353956,1]},{"t":60,"s":[0,0,0,1]}],"ix":3},"o":{"a":0,"k":100,"ix":4},"w":{"a":0,"k":13,"ix":5},"lc":1,"lj":1,"ml":4,"bm":0,"nm":"Stroke 1","mn":"ADBE Vector Graphic - Stroke","hd":false},{"ty":"fl","c":{"a":1,"k":[{"i":{"x":[0.833],"y":[0.833]},"o":{"x":[0.167],"y":[0.167]},"t":43,"s":[1,0.970913410187,0.806326627731,1]},{"i":{"x":[0.833],"y":[0.833]},"o":{"x":[0.167],"y":[0.167]},"t":60,"s":[1,0.849816176471,0,1]},{"t":130,"s":[1,1,1,1]}],"ix":4},"o":{"a":0,"k":100,"ix":5},"r":1,"bm":0,"nm":"Fill 1","mn":"ADBE Vector Graphic - Fill","hd":false},{"ty":"tr","p":{"a":0,"k":[-19.652,34.348],"ix":2},"a":{"a":0,"k":[0,0],"ix":1},"s":{"a":0,"k":[100,100],"ix":3},"r":{"a":0,"k":0,"ix":6},"o":{"a":0,"k":100,"ix":7},"sk":{"a":0,"k":0,"ix":4},"sa":{"a":0,"k":0,"ix":5},"nm":"Transform"}],"nm":"Ellipse 1","np":3,"cix":2,"bm":0,"ix":1,"mn":"ADBE Vector Group","hd":false}],"ip":130,"op":188,"st":18,"bm":0},{"ddd":0,"ind":8,"ty":0,"nm":"dad","tt":1,"refId":"comp_1","sr":1,"ks":{"o":{"a":0,"k":100,"ix":11},"r":{"a":0,"k":0,"ix":10},"p":{"a":0,"k":[350,350,0],"ix":2},"a":{"a":0,"k":[350,350,0],"ix":1},"s":{"a":0,"k":[100,100,100],"ix":6}},"ao":0,"w":700,"h":700,"ip":131,"op":409,"st":19,"bm":0},{"ddd":0,"ind":9,"ty":4,"nm":"I R 2","parent":6,"sr":1,"ks":{"o":{"a":0,"k":100,"ix":11},"r":{"a":0,"k":0,"ix":10},"p":{"a":1,"k":[{"i":{"x":0.833,"y":0.856},"o":{"x":0.416,"y":0},"t":25,"s":[-50.188,14.812,0],"to":[0,-9.333,0],"ti":[0,12.818,0]},{"i":{"x":0.833,"y":0.833},"o":{"x":0.167,"y":0.264},"t":37,"s":[-50.188,-62.805,0],"to":[0,-0.916,0],"ti":[0,0.667,0]},{"t":42,"s":[-50.188,-45.188,0]}],"ix":2},"a":{"a":0,"k":[-55.188,-45.188,0],"ix":1},"s":{"a":0,"k":[100,100,100],"ix":6}},"ao":0,"shapes":[{"ty":"gr","it":[{"ind":0,"ty":"sh","ix":1,"ks":{"a":1,"k":[{"i":{"x":0,"y":1},"o":{"x":0.167,"y":0.167},"t":25,"s":[{"i":[[-4.643,0],[-2.011,-0.851],[-1.521,-1.521],[-0.851,-2.011],[0,-2.321],[3.042,-3.042],[4.643,0],[3.042,3.042],[0,4.643],[-3.042,3.042]],"o":[[2.321,0],[2.011,0.851],[1.521,1.521],[0.851,2.011],[0,4.643],[-3.042,3.042],[-4.643,0],[-3.042,-3.042],[0,-4.643],[3.042,-3.042]],"v":[[0,-16.812],[6.544,-15.491],[11.888,-11.888],[15.491,-6.544],[16.812,0],[11.888,11.888],[0,16.812],[-11.888,11.888],[-16.812,0],[-11.888,-11.888]],"c":true}]},{"t":55,"s":[{"i":[[0,0],[0,0],[5.155,6.157],[0,8.347],[-15.706,0],[-4.707,-3.218],[-8.576,0],[0,-15.706],[5.861,-7.444],[2.854,-2.198]],"o":[[0,0],[-2.83,-2.203],[-5.859,-6.998],[0,-15.706],[9.291,0],[4.706,-3.219],[15.706,0],[0,7.944],[-5.085,6.459],[0,0]],"v":[[0.157,36.872],[-2.698,34.65],[-35.648,6.791],[-44.355,-16.013],[-17.871,-44.497],[0.188,-36.54],[18.246,-44.497],[44.73,-16.013],[36.139,6.541],[3.023,34.665]],"c":true}]}],"ix":2},"nm":"Path 1","mn":"ADBE Vector Shape - Group","hd":false},{"ty":"st","c":{"a":0,"k":[0.787944240196,0.787944240196,0.787944240196,1],"ix":3},"o":{"a":0,"k":100,"ix":4},"w":{"a":0,"k":0,"ix":5},"lc":1,"lj":1,"ml":4,"bm":0,"nm":"Stroke 1","mn":"ADBE Vector Graphic - Stroke","hd":false},{"ty":"fl","c":{"a":1,"k":[{"i":{"x":[0.833],"y":[0.833]},"o":{"x":[0.167],"y":[0.167]},"t":25,"s":[0.788235353956,0.788235353956,0.788235353956,1]},{"t":55,"s":[0.999080896378,0.292270958424,0.292270958424,1]}],"ix":4},"o":{"a":0,"k":100,"ix":5},"r":1,"bm":0,"nm":"Fill 1","mn":"ADBE Vector Graphic - Fill","hd":false},{"ty":"tr","p":{"a":0,"k":[-55.188,-45.188],"ix":2},"a":{"a":0,"k":[0,0],"ix":1},"s":{"a":1,"k":[{"i":{"x":[0.667,0.667],"y":[1,1]},"o":{"x":[0.333,0.333],"y":[0,0]},"t":25,"s":[100,100]},{"i":{"x":[0.667,0.667],"y":[1,1]},"o":{"x":[0.333,0.333],"y":[0,0]},"t":42,"s":[148,148]},{"i":{"x":[0.667,0.667],"y":[1,1]},"o":{"x":[0.333,0.333],"y":[0,0]},"t":53,"s":[101,101]},{"i":{"x":[0.667,0.667],"y":[1,1]},"o":{"x":[0.333,0.333],"y":[0,0]},"t":61,"s":[111,111]},{"i":{"x":[0.667,0.667],"y":[1,1]},"o":{"x":[0.333,0.333],"y":[0,0]},"t":72,"s":[101,101]},{"i":{"x":[0.667,0.667],"y":[1,1]},"o":{"x":[0.333,0.333],"y":[0,0]},"t":87,"s":[112,112]},{"i":{"x":[0.667,0.667],"y":[1,1]},"o":{"x":[0.333,0.333],"y":[0,0]},"t":108,"s":[87.75,87.75]},{"t":131,"s":[101,101]}],"ix":3},"r":{"a":0,"k":0,"ix":6},"o":{"a":0,"k":100,"ix":7},"sk":{"a":0,"k":0,"ix":4},"sa":{"a":0,"k":0,"ix":5},"nm":"Transform"}],"nm":"Ellipse 1","np":3,"cix":2,"bm":0,"ix":1,"mn":"ADBE Vector Group","hd":false}],"ip":0,"op":131,"st":0,"bm":0},{"ddd":0,"ind":10,"ty":4,"nm":"I R","parent":6,"sr":1,"ks":{"o":{"a":0,"k":100,"ix":11},"r":{"a":0,"k":0,"ix":10},"p":{"a":1,"k":[{"i":{"x":0.833,"y":0.856},"o":{"x":0.416,"y":0},"t":25,"s":[49.812,14.812,0],"to":[0,-9.333,0],"ti":[0,12.818,0]},{"i":{"x":0.833,"y":0.833},"o":{"x":0.167,"y":0.264},"t":37,"s":[49.812,-62.805,0],"to":[0,-0.916,0],"ti":[0,0.667,0]},{"t":42,"s":[49.812,-45.188,0]}],"ix":2},"a":{"a":0,"k":[-55.188,-45.188,0],"ix":1},"s":{"a":0,"k":[100,100,100],"ix":6}},"ao":0,"shapes":[{"ty":"gr","it":[{"ind":0,"ty":"sh","ix":1,"ks":{"a":1,"k":[{"i":{"x":0,"y":1},"o":{"x":0.167,"y":0.167},"t":25,"s":[{"i":[[-4.643,0],[-2.011,-0.851],[-1.521,-1.521],[-0.851,-2.011],[0,-2.321],[3.042,-3.042],[4.643,0],[3.042,3.042],[0,4.643],[-3.042,3.042]],"o":[[2.321,0],[2.011,0.851],[1.521,1.521],[0.851,2.011],[0,4.643],[-3.042,3.042],[-4.643,0],[-3.042,-3.042],[0,-4.643],[3.042,-3.042]],"v":[[0,-16.812],[6.544,-15.491],[11.888,-11.888],[15.491,-6.544],[16.812,0],[11.888,11.888],[0,16.812],[-11.888,11.888],[-16.812,0],[-11.888,-11.888]],"c":true}]},{"t":55,"s":[{"i":[[0,0],[0,0],[5.155,6.157],[0,8.347],[-15.706,0],[-4.707,-3.218],[-8.576,0],[0,-15.706],[5.861,-7.444],[2.854,-2.198]],"o":[[0,0],[-2.83,-2.203],[-5.859,-6.998],[0,-15.706],[9.291,0],[4.706,-3.219],[15.706,0],[0,7.944],[-5.085,6.459],[0,0]],"v":[[0.157,36.872],[-2.698,34.65],[-35.648,6.791],[-44.355,-16.013],[-17.871,-44.497],[0.188,-36.54],[18.246,-44.497],[44.73,-16.013],[36.139,6.541],[3.023,34.665]],"c":true}]}],"ix":2},"nm":"Path 1","mn":"ADBE Vector Shape - Group","hd":false},{"ty":"st","c":{"a":0,"k":[0.787944240196,0.787944240196,0.787944240196,1],"ix":3},"o":{"a":0,"k":100,"ix":4},"w":{"a":0,"k":0,"ix":5},"lc":1,"lj":1,"ml":4,"bm":0,"nm":"Stroke 1","mn":"ADBE Vector Graphic - Stroke","hd":false},{"ty":"fl","c":{"a":1,"k":[{"i":{"x":[0.833],"y":[0.833]},"o":{"x":[0.167],"y":[0.167]},"t":25,"s":[0.788235353956,0.788235353956,0.788235353956,1]},{"t":55,"s":[0.999080896378,0.292270958424,0.292270958424,1]}],"ix":4},"o":{"a":0,"k":100,"ix":5},"r":1,"bm":0,"nm":"Fill 1","mn":"ADBE Vector Graphic - Fill","hd":false},{"ty":"tr","p":{"a":0,"k":[-55.188,-45.188],"ix":2},"a":{"a":0,"k":[0,0],"ix":1},"s":{"a":1,"k":[{"i":{"x":[0.667,0.667],"y":[1,1]},"o":{"x":[0.333,0.333],"y":[0,0]},"t":25,"s":[100,100]},{"i":{"x":[0.667,0.667],"y":[1,1]},"o":{"x":[0.333,0.333],"y":[0,0]},"t":42,"s":[148,148]},{"i":{"x":[0.667,0.667],"y":[1,1]},"o":{"x":[0.333,0.333],"y":[0,0]},"t":53,"s":[101,101]},{"i":{"x":[0.667,0.667],"y":[1,1]},"o":{"x":[0.333,0.333],"y":[0,0]},"t":61,"s":[111,111]},{"i":{"x":[0.667,0.667],"y":[1,1]},"o":{"x":[0.333,0.333],"y":[0,0]},"t":72,"s":[101,101]},{"i":{"x":[0.667,0.667],"y":[1,1]},"o":{"x":[0.333,0.333],"y":[0,0]},"t":87,"s":[91,91]},{"i":{"x":[0.667,0.667],"y":[1,1]},"o":{"x":[0.333,0.333],"y":[0,0]},"t":108,"s":[111.773,111.773]},{"t":131,"s":[101,101]}],"ix":3},"r":{"a":0,"k":0,"ix":6},"o":{"a":0,"k":100,"ix":7},"sk":{"a":0,"k":0,"ix":4},"sa":{"a":0,"k":0,"ix":5},"nm":"Transform"}],"nm":"Ellipse 1","np":3,"cix":2,"bm":0,"ix":1,"mn":"ADBE Vector Group","hd":false}],"ip":0,"op":131,"st":0,"bm":0},{"ddd":0,"ind":11,"ty":4,"nm":"mouth","parent":3,"sr":1,"ks":{"o":{"a":0,"k":100,"ix":11},"r":{"a":0,"k":0,"ix":10},"p":{"a":1,"k":[{"i":{"x":0.041,"y":1},"o":{"x":0.333,"y":0},"t":25,"s":[0.537,79.531,0],"to":[0,-6.667,0],"ti":[0,6.667,0]},{"t":37,"s":[0.537,39.531,0]}],"ix":2},"a":{"a":0,"k":[-2.463,39.531,0],"ix":1},"s":{"a":0,"k":[100,100,100],"ix":6}},"ao":0,"shapes":[{"ty":"gr","it":[{"ind":0,"ty":"sh","ix":1,"ks":{"a":1,"k":[{"i":{"x":0.833,"y":1},"o":{"x":0.333,"y":0},"t":25,"s":[{"i":[[0,0],[0,0],[27.358,0],[0,0],[0,0]],"o":[[0,0],[0,0],[-26.333,0],[0,0],[0,0]],"v":[[80.537,-5.531],[80.537,5.531],[-1.537,5.531],[-80.537,5.531],[-80.537,-5.531]],"c":true}]},{"i":{"x":0.667,"y":1},"o":{"x":0.167,"y":0},"t":37,"s":[{"i":[[0,0],[0,0],[86.9,1.123],[0,0],[0,0]],"o":[[0,0],[0,0],[-84.627,-1.093],[0,0],[0,0]],"v":[[80.537,-5.531],[80.537,5.531],[-0.264,86.907],[-80.537,5.531],[-80.537,-5.531]],"c":true}]},{"i":{"x":0.833,"y":1},"o":{"x":0.167,"y":0},"t":55,"s":[{"i":[[0,0],[0,0],[86.9,1.123],[0,0],[0,0]],"o":[[0,0],[0,0],[-84.627,-1.093],[0,0],[0,0]],"v":[[80.537,-5.531],[80.537,5.531],[-0.438,78.032],[-80.537,5.531],[-80.537,-5.531]],"c":true}]},{"i":{"x":0.667,"y":1},"o":{"x":0.167,"y":0},"t":71,"s":[{"i":[[0,0],[0,0],[86.9,1.123],[0,0],[0,0]],"o":[[0,0],[0,0],[-84.627,-1.093],[0,0],[0,0]],"v":[[80.537,-5.531],[80.537,5.531],[0.045,89.032],[-80.537,5.531],[-80.537,-5.531]],"c":true}]},{"t":131,"s":[{"i":[[0,0],[0,0],[86.9,1.123],[0,0],[0,0]],"o":[[0,0],[0,0],[-84.627,-1.093],[0,0],[0,0]],"v":[[80.537,-5.531],[80.537,5.531],[-0.438,78.032],[-80.537,5.531],[-80.537,-5.531]],"c":true}]}],"ix":2},"nm":"Path 1","mn":"ADBE Vector Shape - Group","hd":false},{"ty":"st","c":{"a":0,"k":[0.787944240196,0.787944240196,0.787944240196,1],"ix":3},"o":{"a":0,"k":100,"ix":4},"w":{"a":0,"k":0,"ix":5},"lc":1,"lj":1,"ml":4,"bm":0,"nm":"Stroke 1","mn":"ADBE Vector Graphic - Stroke","hd":false},{"ty":"fl","c":{"a":1,"k":[{"i":{"x":[0.833],"y":[0.833]},"o":{"x":[0.167],"y":[0.167]},"t":25,"s":[0.788235353956,0.788235353956,0.788235353956,1]},{"t":42,"s":[0,0,0,1]}],"ix":4},"o":{"a":0,"k":100,"ix":5},"r":1,"bm":0,"nm":"Fill 1","mn":"ADBE Vector Graphic - Fill","hd":false},{"ty":"tr","p":{"a":0,"k":[-2.463,39.531],"ix":2},"a":{"a":0,"k":[0,0],"ix":1},"s":{"a":0,"k":[100,100],"ix":3},"r":{"a":0,"k":-0.086,"ix":6},"o":{"a":0,"k":100,"ix":7},"sk":{"a":0,"k":0,"ix":4},"sa":{"a":0,"k":0,"ix":5},"nm":"Transform"}],"nm":"Rectangle 1","np":3,"cix":2,"bm":0,"ix":1,"mn":"ADBE Vector Group","hd":false}],"ip":0,"op":131,"st":0,"bm":0},{"ddd":0,"ind":12,"ty":4,"nm":"head","sr":1,"ks":{"o":{"a":0,"k":100,"ix":11},"r":{"a":0,"k":0,"ix":10},"p":{"a":0,"k":[352.348,348.348,0],"ix":2},"a":{"a":0,"k":[-19.652,34.348,0],"ix":1},"s":{"a":1,"k":[{"i":{"x":[0,0,0.667],"y":[1,1,1]},"o":{"x":[0.333,0.333,0.333],"y":[0,0,0]},"t":13,"s":[100,100,100]},{"i":{"x":[0.667,0.667,0.667],"y":[1,1,1]},"o":{"x":[0.333,0.333,0.333],"y":[0,0,0]},"t":25,"s":[90,90,100]},{"i":{"x":[0.667,0.667,0.667],"y":[1,1,1]},"o":{"x":[0.333,0.333,0.333],"y":[0,0,0]},"t":35,"s":[105,105,100]},{"i":{"x":[0.667,0.667,0.667],"y":[1,1,1]},"o":{"x":[0.333,0.333,0.333],"y":[0,0,0]},"t":42,"s":[100,100,100]},{"i":{"x":[0.667,0.667,0.667],"y":[1,1,1]},"o":{"x":[0.333,0.333,0.333],"y":[0,0,0]},"t":130,"s":[105,105,100]},{"t":155,"s":[100,100,100]}],"ix":6}},"ao":0,"shapes":[{"ty":"gr","it":[{"d":1,"ty":"el","s":{"a":0,"k":[324.695,324.695],"ix":2},"p":{"a":0,"k":[0,0],"ix":3},"nm":"Ellipse Path 1","mn":"ADBE Vector Shape - Ellipse","hd":false},{"ty":"st","c":{"a":1,"k":[{"i":{"x":[0.833],"y":[0.833]},"o":{"x":[0.167],"y":[0.167]},"t":25,"s":[0.788235353956,0.788235353956,0.788235353956,1]},{"i":{"x":[0.833],"y":[0.833]},"o":{"x":[0.167],"y":[0.167]},"t":42,"s":[0,0,0,1]},{"i":{"x":[0.833],"y":[0.833]},"o":{"x":[0.167],"y":[0.167]},"t":130,"s":[0,0,0,1]},{"t":151,"s":[0.788235353956,0.788235353956,0.788235353956,1]}],"ix":3},"o":{"a":0,"k":100,"ix":4},"w":{"a":0,"k":7,"ix":5},"lc":1,"lj":1,"ml":4,"bm":0,"nm":"Stroke 1","mn":"ADBE Vector Graphic - Stroke","hd":false},{"ty":"fl","c":{"a":1,"k":[{"i":{"x":[0.833],"y":[0.833]},"o":{"x":[0.167],"y":[0.167]},"t":25,"s":[1,0.970913410187,0.806326627731,1]},{"i":{"x":[0.833],"y":[0.833]},"o":{"x":[0.167],"y":[0.167]},"t":42,"s":[1,0.849816176471,0,1]},{"i":{"x":[0.833],"y":[0.833]},"o":{"x":[0.167],"y":[0.167]},"t":130,"s":[1,0.849816176471,0,1]},{"t":151,"s":[1,0.970913410187,0.806326627731,1]}],"ix":4},"o":{"a":0,"k":100,"ix":5},"r":1,"bm":0,"nm":"Fill 1","mn":"ADBE Vector Graphic - Fill","hd":false},{"ty":"tr","p":{"a":0,"k":[-19.652,34.348],"ix":2},"a":{"a":0,"k":[0,0],"ix":1},"s":{"a":0,"k":[100,100],"ix":3},"r":{"a":0,"k":0,"ix":6},"o":{"a":0,"k":100,"ix":7},"sk":{"a":0,"k":0,"ix":4},"sa":{"a":0,"k":0,"ix":5},"nm":"Transform"}],"nm":"Ellipse 1","np":4,"cix":2,"bm":0,"ix":1,"mn":"ADBE Vector Group","hd":false}],"ip":0,"op":170,"st":0,"bm":0}],"markers":[]}