{"v":"5.5.7","meta":{"g":"LottieFiles AE 0.1.20","a":"","k":"","d":"","tc":""},"fr":60,"ip":0,"op":151,"w":2000,"h":2000,"nm":"Clown Face","ddd":0,"assets":[],"layers":[{"ddd":0,"ind":1,"ty":3,"nm":"Ctrl","parent":8,"sr":1,"ks":{"o":{"a":0,"k":0,"ix":11},"r":{"a":0,"k":0,"ix":10},"p":{"a":1,"k":[{"i":{"x":0.58,"y":1},"o":{"x":0.001,"y":0},"t":0,"s":[600,600,0],"to":[0,0,0],"ti":[0,0,0]},{"i":{"x":0.58,"y":1},"o":{"x":0.001,"y":0},"t":10,"s":[600,577,0],"to":[0,0,0],"ti":[0,0,0]},{"i":{"x":0.58,"y":1},"o":{"x":0.001,"y":0},"t":20,"s":[600,627,0],"to":[0,0,0],"ti":[0,0,0]},{"i":{"x":0.58,"y":1},"o":{"x":0.001,"y":0},"t":30,"s":[600,577,0],"to":[0,0,0],"ti":[0,0,0]},{"i":{"x":0.58,"y":1},"o":{"x":0.001,"y":0},"t":40,"s":[600,627,0],"to":[0,0,0],"ti":[0,0,0]},{"i":{"x":0.58,"y":0.58},"o":{"x":0.001,"y":0.001},"t":50,"s":[600,600,0],"to":[0,0,0],"ti":[0,0,0]},{"i":{"x":0.58,"y":1},"o":{"x":0.001,"y":0},"t":60,"s":[600,600,0],"to":[0,0,0],"ti":[0,0,0]},{"i":{"x":0.58,"y":1},"o":{"x":0.001,"y":0},"t":70,"s":[600,577,0],"to":[0,0,0],"ti":[0,0,0]},{"i":{"x":0.58,"y":1},"o":{"x":0.001,"y":0},"t":80,"s":[600,627,0],"to":[0,0,0],"ti":[0,0,0]},{"i":{"x":0.58,"y":1},"o":{"x":0.001,"y":0},"t":90,"s":[600,577,0],"to":[0,0,0],"ti":[0,0,0]},{"i":{"x":0.58,"y":1},"o":{"x":0.001,"y":0},"t":100,"s":[600,627,0],"to":[0,0,0],"ti":[0,0,0]},{"i":{"x":0.58,"y":1},"o":{"x":0.001,"y":0},"t":110,"s":[600,577,0],"to":[0,0,0],"ti":[0,0,0]},{"i":{"x":0.58,"y":1},"o":{"x":0.001,"y":0},"t":120,"s":[600,627,0],"to":[0,0,0],"ti":[0,0,0]},{"t":130,"s":[600,600,0]}],"ix":2},"a":{"a":0,"k":[0,0,0],"ix":1},"s":{"a":0,"k":[51.282,51.282,100],"ix":6}},"ao":0,"ip":0,"op":151,"st":0,"bm":0},{"ddd":0,"ind":2,"ty":4,"nm":"Eye 2","parent":1,"sr":1,"ks":{"o":{"a":0,"k":100,"ix":11},"r":{"a":0,"k":0,"ix":10},"p":{"a":0,"k":[-274.435,-177.703,0],"ix":2},"a":{"a":0,"k":[740.736,508.87,0],"ix":1},"s":{"a":0,"k":[-195,195,100],"ix":6}},"ao":0,"shapes":[{"ty":"gr","it":[{"ind":0,"ty":"sh","ix":1,"ks":{"a":1,"k":[{"i":{"x":0.74,"y":1},"o":{"x":0.4,"y":0.8},"t":50,"s":[{"i":[[0,-40.288],[-14.754,0],[0,40.288],[14.753,0]],"o":[[0,40.288],[14.753,0],[0,-40.288],[-14.754,0]],"v":[[-26.713,0],[0,72.947],[26.713,0],[0,-72.947]],"c":true}]},{"i":{"x":0.74,"y":1},"o":{"x":0.4,"y":0.8},"t":54,"s":[{"i":[[5.218,28.045],[-14.754,0],[0,40.288],[14.753,0]],"o":[[0,40.288],[14.753,0],[-6.065,26.748],[-14.754,0]],"v":[[-26.713,0],[0,72.947],[26.713,0],[-0.253,63.197]],"c":true}]},{"t":59,"s":[{"i":[[0,-40.288],[-14.754,0],[0,40.288],[14.753,0]],"o":[[0,40.288],[14.753,0],[0,-40.288],[-14.754,0]],"v":[[-26.713,0],[0,72.947],[26.713,0],[0,-72.947]],"c":true}]}],"ix":2},"nm":"Path 1","mn":"ADBE Vector Shape - Group","hd":false},{"ty":"fl","c":{"a":0,"k":[0.165000002992,0.165000002992,0.165000002992,1],"ix":4},"o":{"a":0,"k":100,"ix":5},"r":1,"bm":0,"nm":"Fill 1","mn":"ADBE Vector Graphic - Fill","hd":false},{"ty":"tr","p":{"a":0,"k":[740.736,508.87],"ix":2},"a":{"a":0,"k":[0,0],"ix":1},"s":{"a":0,"k":[100,100],"ix":3},"r":{"a":0,"k":0,"ix":6},"o":{"a":0,"k":100,"ix":7},"sk":{"a":0,"k":0,"ix":4},"sa":{"a":0,"k":0,"ix":5},"nm":"Transform"}],"nm":"Group 1","np":2,"cix":2,"bm":0,"ix":1,"mn":"ADBE Vector Group","hd":false},{"ty":"gr","it":[{"ind":0,"ty":"sh","ix":1,"ks":{"a":1,"k":[{"i":{"x":0.74,"y":1},"o":{"x":0.4,"y":0.8},"t":50,"s":[{"i":[[0,67.55],[-43.125,0],[0,-67.55],[43.125,0]],"o":[[0,-67.55],[43.125,0],[0,67.55],[-43.125,0]],"v":[[-78.084,0],[0,-122.31],[78.085,0],[0,122.311]],"c":true}]},{"i":{"x":0.74,"y":1},"o":{"x":0.4,"y":0.8},"t":54,"s":[{"i":[[0,67.55],[-43.125,0],[0,-67.55],[43.125,0]],"o":[[0,-67.55],[43.125,0],[0,67.55],[-43.125,0]],"v":[[-78.084,0],[2.7,-86.5],[78.085,0],[0,122.311]],"c":true}]},{"t":59,"s":[{"i":[[0,67.55],[-43.125,0],[0,-67.55],[43.125,0]],"o":[[0,-67.55],[43.125,0],[0,67.55],[-43.125,0]],"v":[[-78.084,0],[0,-122.31],[78.085,0],[0,122.311]],"c":true}]}],"ix":2},"nm":"Path 1","mn":"ADBE Vector Shape - Group","hd":false},{"ty":"fl","c":{"a":0,"k":[1,1,1,1],"ix":4},"o":{"a":0,"k":100,"ix":5},"r":1,"bm":0,"nm":"Fill 1","mn":"ADBE Vector Graphic - Fill","hd":false},{"ty":"st","c":{"a":0,"k":[0,0.447058823529,0.733333333333,1],"ix":3},"o":{"a":0,"k":100,"ix":4},"w":{"a":0,"k":52,"ix":5},"lc":1,"lj":1,"ml":4,"bm":0,"nm":"Stroke 1","mn":"ADBE Vector Graphic - Stroke","hd":false},{"ty":"tr","p":{"a":0,"k":[740.736,508.87],"ix":2},"a":{"a":0,"k":[0,0],"ix":1},"s":{"a":0,"k":[100,100],"ix":3},"r":{"a":0,"k":0,"ix":6},"o":{"a":0,"k":100,"ix":7},"sk":{"a":0,"k":0,"ix":4},"sa":{"a":0,"k":0,"ix":5},"nm":"Transform"}],"nm":"Group 2","np":3,"cix":2,"bm":0,"ix":2,"mn":"ADBE Vector Group","hd":false}],"ip":0,"op":151,"st":0,"bm":0},{"ddd":0,"ind":3,"ty":4,"nm":"Eye","parent":1,"sr":1,"ks":{"o":{"a":0,"k":100,"ix":11},"r":{"a":0,"k":0,"ix":10},"p":{"a":0,"k":[274.435,-177.703,0],"ix":2},"a":{"a":0,"k":[740.736,508.87,0],"ix":1},"s":{"a":0,"k":[195,195,100],"ix":6}},"ao":0,"shapes":[{"ty":"gr","it":[{"ind":0,"ty":"sh","ix":1,"ks":{"a":1,"k":[{"i":{"x":0.74,"y":1},"o":{"x":0.4,"y":0.8},"t":50,"s":[{"i":[[0,-40.288],[-14.754,0],[0,40.288],[14.753,0]],"o":[[0,40.288],[14.753,0],[0,-40.288],[-14.754,0]],"v":[[-26.713,0],[0,72.947],[26.713,0],[0,-72.947]],"c":true}]},{"i":{"x":0.74,"y":1},"o":{"x":0.4,"y":0.8},"t":54,"s":[{"i":[[5.218,28.045],[-14.754,0],[0,40.288],[14.753,0]],"o":[[0,40.288],[14.753,0],[-6.065,26.748],[-14.754,0]],"v":[[-26.713,0],[0,72.947],[26.713,0],[-0.253,63.197]],"c":true}]},{"t":59,"s":[{"i":[[0,-40.288],[-14.754,0],[0,40.288],[14.753,0]],"o":[[0,40.288],[14.753,0],[0,-40.288],[-14.754,0]],"v":[[-26.713,0],[0,72.947],[26.713,0],[0,-72.947]],"c":true}]}],"ix":2},"nm":"Path 1","mn":"ADBE Vector Shape - Group","hd":false},{"ty":"fl","c":{"a":0,"k":[0.165000002992,0.165000002992,0.165000002992,1],"ix":4},"o":{"a":0,"k":100,"ix":5},"r":1,"bm":0,"nm":"Fill 1","mn":"ADBE Vector Graphic - Fill","hd":false},{"ty":"tr","p":{"a":0,"k":[740.736,508.87],"ix":2},"a":{"a":0,"k":[0,0],"ix":1},"s":{"a":0,"k":[100,100],"ix":3},"r":{"a":0,"k":0,"ix":6},"o":{"a":0,"k":100,"ix":7},"sk":{"a":0,"k":0,"ix":4},"sa":{"a":0,"k":0,"ix":5},"nm":"Transform"}],"nm":"Group 1","np":2,"cix":2,"bm":0,"ix":1,"mn":"ADBE Vector Group","hd":false},{"ty":"gr","it":[{"ind":0,"ty":"sh","ix":1,"ks":{"a":1,"k":[{"i":{"x":0.74,"y":1},"o":{"x":0.4,"y":0.8},"t":50,"s":[{"i":[[0,67.55],[-43.125,0],[0,-67.55],[43.125,0]],"o":[[0,-67.55],[43.125,0],[0,67.55],[-43.125,0]],"v":[[-78.084,0],[0,-122.31],[78.085,0],[0,122.311]],"c":true}]},{"i":{"x":0.74,"y":1},"o":{"x":0.4,"y":0.8},"t":54,"s":[{"i":[[0,67.55],[-43.125,0],[0,-67.55],[43.125,0]],"o":[[0,-67.55],[43.125,0],[0,67.55],[-43.125,0]],"v":[[-78.084,0],[2.7,-86.5],[78.085,0],[0,122.311]],"c":true}]},{"t":59,"s":[{"i":[[0,67.55],[-43.125,0],[0,-67.55],[43.125,0]],"o":[[0,-67.55],[43.125,0],[0,67.55],[-43.125,0]],"v":[[-78.084,0],[0,-122.31],[78.085,0],[0,122.311]],"c":true}]}],"ix":2},"nm":"Path 1","mn":"ADBE Vector Shape - Group","hd":false},{"ty":"fl","c":{"a":0,"k":[1,1,1,1],"ix":4},"o":{"a":0,"k":100,"ix":5},"r":1,"bm":0,"nm":"Fill 1","mn":"ADBE Vector Graphic - Fill","hd":false},{"ty":"st","c":{"a":0,"k":[0,0.447058823529,0.733333333333,1],"ix":3},"o":{"a":0,"k":100,"ix":4},"w":{"a":0,"k":52,"ix":5},"lc":1,"lj":1,"ml":4,"bm":0,"nm":"Stroke 1","mn":"ADBE Vector Graphic - Stroke","hd":false},{"ty":"tr","p":{"a":0,"k":[740.736,508.87],"ix":2},"a":{"a":0,"k":[0,0],"ix":1},"s":{"a":0,"k":[100,100],"ix":3},"r":{"a":0,"k":0,"ix":6},"o":{"a":0,"k":100,"ix":7},"sk":{"a":0,"k":0,"ix":4},"sa":{"a":0,"k":0,"ix":5},"nm":"Transform"}],"nm":"Group 2","np":3,"cix":2,"bm":0,"ix":2,"mn":"ADBE Vector Group","hd":false}],"ip":0,"op":151,"st":0,"bm":0},{"ddd":0,"ind":4,"ty":4,"nm":"Eyebrow 2","parent":1,"sr":1,"ks":{"o":{"a":0,"k":100,"ix":11},"r":{"a":0,"k":0,"ix":10},"p":{"a":0,"k":[0,0,0],"ix":2},"a":{"a":0,"k":[600,600,0],"ix":1},"s":{"a":0,"k":[195,195,100],"ix":6}},"ao":0,"shapes":[{"ty":"gr","it":[{"ind":0,"ty":"sh","ix":1,"ks":{"a":0,"k":{"i":[[27.002,0],[11.651,-25.09],[-0.527,4.303],[-9.583,-78.256],[1.825,3.932]],"o":[[-26.999,0],[-1.826,3.932],[9.598,-78.283],[0.527,4.303],[-11.65,-25.096]],"v":[[-0.001,-4.002],[-62.039,38.23],[-69.292,36.111],[69.292,36.121],[62.039,38.24]],"c":true},"ix":2},"nm":"Path 1","mn":"ADBE Vector Shape - Group","hd":false},{"ty":"fl","c":{"a":0,"k":[0.165000002992,0.165000002992,0.165000002992,1],"ix":4},"o":{"a":0,"k":100,"ix":5},"r":1,"bm":0,"nm":"Fill 1","mn":"ADBE Vector Graphic - Fill","hd":false},{"ty":"tr","p":{"a":0,"k":[740.738,306.359],"ix":2},"a":{"a":0,"k":[0,0],"ix":1},"s":{"a":0,"k":[100,100],"ix":3},"r":{"a":0,"k":0,"ix":6},"o":{"a":0,"k":100,"ix":7},"sk":{"a":0,"k":0,"ix":4},"sa":{"a":0,"k":0,"ix":5},"nm":"Transform"}],"nm":"Group 1","np":2,"cix":2,"bm":0,"ix":1,"mn":"ADBE Vector Group","hd":false}],"ip":0,"op":151,"st":0,"bm":0},{"ddd":0,"ind":5,"ty":4,"nm":"Eyebrow","parent":1,"sr":1,"ks":{"o":{"a":0,"k":100,"ix":11},"r":{"a":0,"k":0,"ix":10},"p":{"a":0,"k":[0,0,0],"ix":2},"a":{"a":0,"k":[600,600,0],"ix":1},"s":{"a":0,"k":[195,195,100],"ix":6}},"ao":0,"shapes":[{"ty":"gr","it":[{"ind":0,"ty":"sh","ix":1,"ks":{"a":0,"k":{"i":[[-27.002,0],[-11.652,-25.09],[0.527,4.303],[9.583,-78.256],[-1.826,3.932]],"o":[[26.999,0],[1.826,3.932],[-9.598,-78.283],[-0.527,4.303],[11.65,-25.096]],"v":[[0.001,-4.002],[62.038,38.23],[69.291,36.111],[-69.292,36.121],[-62.04,38.24]],"c":true},"ix":2},"nm":"Path 1","mn":"ADBE Vector Shape - Group","hd":false},{"ty":"fl","c":{"a":0,"k":[0.165000002992,0.165000002992,0.165000002992,1],"ix":4},"o":{"a":0,"k":100,"ix":5},"r":1,"bm":0,"nm":"Fill 1","mn":"ADBE Vector Graphic - Fill","hd":false},{"ty":"tr","p":{"a":0,"k":[451.685,306.359],"ix":2},"a":{"a":0,"k":[0,0],"ix":1},"s":{"a":0,"k":[100,100],"ix":3},"r":{"a":0,"k":0,"ix":6},"o":{"a":0,"k":100,"ix":7},"sk":{"a":0,"k":0,"ix":4},"sa":{"a":0,"k":0,"ix":5},"nm":"Transform"}],"nm":"Group 1","np":2,"cix":2,"bm":0,"ix":1,"mn":"ADBE Vector Group","hd":false}],"ip":0,"op":151,"st":0,"bm":0},{"ddd":0,"ind":6,"ty":4,"nm":"Nose","parent":1,"sr":1,"ks":{"o":{"a":0,"k":100,"ix":11},"r":{"a":0,"k":0,"ix":10},"p":{"a":1,"k":[{"i":{"x":0.74,"y":1},"o":{"x":0.4,"y":0.8},"t":0,"s":[4.174,85.036,0],"to":[0,0,0],"ti":[0,0,0]},{"i":{"x":0.74,"y":1},"o":{"x":0.4,"y":0.8},"t":10,"s":[-3.401,39.852,0],"to":[0,0,0],"ti":[0,0,0]},{"i":{"x":0.74,"y":1},"o":{"x":0.4,"y":0.8},"t":20,"s":[8.822,119.276,0],"to":[0,0,0],"ti":[0,0,0]},{"i":{"x":0.74,"y":1},"o":{"x":0.4,"y":0.8},"t":30,"s":[-3.401,39.852,0],"to":[0,0,0],"ti":[0,0,0]},{"i":{"x":0.74,"y":1},"o":{"x":0.4,"y":0.8},"t":40,"s":[8.822,119.276,0],"to":[0,0,0],"ti":[0,0,0]},{"i":{"x":0.74,"y":0.74},"o":{"x":0.4,"y":0.4},"t":50,"s":[4.174,85.036,0],"to":[0,0,0],"ti":[0,0,0]},{"i":{"x":0.74,"y":1},"o":{"x":0.4,"y":0.8},"t":60,"s":[4.174,85.036,0],"to":[0,0,0],"ti":[0,0,0]},{"i":{"x":0.74,"y":1},"o":{"x":0.4,"y":0.8},"t":70,"s":[-3.401,39.852,0],"to":[0,0,0],"ti":[0,0,0]},{"i":{"x":0.74,"y":1},"o":{"x":0.4,"y":0.8},"t":80,"s":[8.822,119.276,0],"to":[0,0,0],"ti":[0,0,0]},{"i":{"x":0.74,"y":1},"o":{"x":0.4,"y":0.8},"t":90,"s":[-3.401,39.852,0],"to":[0,0,0],"ti":[0,0,0]},{"i":{"x":0.74,"y":1},"o":{"x":0.4,"y":0.344},"t":100,"s":[8.822,119.276,0],"to":[0,0,0],"ti":[0,0,0]},{"i":{"x":0.74,"y":1},"o":{"x":0.4,"y":0.8},"t":110,"s":[-3.401,39.852,0],"to":[0,0,0],"ti":[0,0,0]},{"i":{"x":0.74,"y":1},"o":{"x":0.263,"y":1},"t":120,"s":[8.822,119.276,0],"to":[0,0,0],"ti":[0,0,0]},{"t":139,"s":[4.174,85.036,0]}],"ix":2},"a":{"a":0,"k":[598.038,643.608,0],"ix":1},"s":{"a":0,"k":[195,195,100],"ix":6}},"ao":0,"shapes":[{"ty":"gr","it":[{"ind":0,"ty":"sh","ix":1,"ks":{"a":0,"k":{"i":[[-21.835,0],[-11.9,-15.78],[0,0.978],[29.366,0],[0,-28.21],[-0.056,-0.965]],"o":[[21.834,0],[0.056,-0.965],[0,-28.21],[-29.366,0],[0,0.978],[11.9,-15.78]],"v":[[0,0.904],[53.02,26.988],[53.172,24.091],[0,-26.988],[-53.172,24.091],[-53.02,26.988]],"c":true},"ix":2},"nm":"Path 1","mn":"ADBE Vector Shape - Group","hd":false},{"ty":"fl","c":{"a":0,"k":[1,0.776000019148,0.74900004069,1],"ix":4},"o":{"a":0,"k":100,"ix":5},"r":1,"bm":0,"nm":"Fill 1","mn":"ADBE Vector Graphic - Fill","hd":false},{"ty":"tr","p":{"a":0,"k":[598.038,619.518],"ix":2},"a":{"a":0,"k":[0,0],"ix":1},"s":{"a":0,"k":[100,100],"ix":3},"r":{"a":0,"k":0,"ix":6},"o":{"a":0,"k":100,"ix":7},"sk":{"a":0,"k":0,"ix":4},"sa":{"a":0,"k":0,"ix":5},"nm":"Transform"}],"nm":"Group 1","np":2,"cix":2,"bm":0,"ix":1,"mn":"ADBE Vector Group","hd":false},{"ty":"gr","it":[{"ind":0,"ty":"sh","ix":1,"ks":{"a":0,"k":{"i":[[0,-28.21],[29.366,0],[0,28.21],[-29.366,0]],"o":[[0,28.21],[-29.366,0],[0,-28.21],[29.366,0]],"v":[[53.172,0],[0,51.079],[-53.172,0],[0,-51.079]],"c":true},"ix":2},"nm":"Path 1","mn":"ADBE Vector Shape - Group","hd":false},{"ty":"fl","c":{"a":0,"k":[1,0.211999990426,0.211999990426,1],"ix":4},"o":{"a":0,"k":100,"ix":5},"r":1,"bm":0,"nm":"Fill 1","mn":"ADBE Vector Graphic - Fill","hd":false},{"ty":"tr","p":{"a":0,"k":[598.038,643.608],"ix":2},"a":{"a":0,"k":[0,0],"ix":1},"s":{"a":0,"k":[100,100],"ix":3},"r":{"a":0,"k":0,"ix":6},"o":{"a":0,"k":100,"ix":7},"sk":{"a":0,"k":0,"ix":4},"sa":{"a":0,"k":0,"ix":5},"nm":"Transform"}],"nm":"Group 2","np":2,"cix":2,"bm":0,"ix":2,"mn":"ADBE Vector Group","hd":false},{"ty":"gr","it":[{"ind":0,"ty":"sh","ix":1,"ks":{"a":0,"k":{"i":[[0,-34.613],[36.032,0],[0,34.613],[-36.031,0]],"o":[[0,34.613],[-36.031,0],[0,-34.613],[36.032,0]],"v":[[65.242,0],[0,62.673],[-65.242,0],[0,-62.673]],"c":true},"ix":2},"nm":"Path 1","mn":"ADBE Vector Shape - Group","hd":false},{"ty":"fl","c":{"a":0,"k":[1,0,0,1],"ix":4},"o":{"a":0,"k":100,"ix":5},"r":1,"bm":0,"nm":"Fill 1","mn":"ADBE Vector Graphic - Fill","hd":false},{"ty":"tr","p":{"a":0,"k":[598.038,643.608],"ix":2},"a":{"a":0,"k":[0,0],"ix":1},"s":{"a":0,"k":[100,100],"ix":3},"r":{"a":0,"k":0,"ix":6},"o":{"a":0,"k":100,"ix":7},"sk":{"a":0,"k":0,"ix":4},"sa":{"a":0,"k":0,"ix":5},"nm":"Transform"}],"nm":"Group 3","np":2,"cix":2,"bm":0,"ix":3,"mn":"ADBE Vector Group","hd":false}],"ip":0,"op":151,"st":0,"bm":0},{"ddd":0,"ind":7,"ty":4,"nm":"Mouth","parent":1,"sr":1,"ks":{"o":{"a":0,"k":100,"ix":11},"r":{"a":0,"k":0,"ix":10},"p":{"a":0,"k":[0,0,0],"ix":2},"a":{"a":0,"k":[600,600,0],"ix":1},"s":{"a":0,"k":[195,195,100],"ix":6}},"ao":0,"shapes":[{"ty":"gr","it":[{"ind":0,"ty":"sh","ix":1,"ks":{"a":1,"k":[{"i":{"x":0.52,"y":0.96},"o":{"x":0.48,"y":0.04},"t":0,"s":[{"i":[[79.596,155.804],[-109.851,87.053]],"o":[[109.632,87.36],[-80.012,155.689]],"v":[[-195.257,-78.081],[195.257,-77.608]],"c":true}]},{"i":{"x":0.52,"y":0.96},"o":{"x":0.48,"y":0.04},"t":10,"s":[{"i":[[72.405,203.918],[-117.083,61.906]],"o":[[117.533,56.225],[-80.16,209.599]],"v":[[-195.257,-78.081],[195.257,-77.608]],"c":true}]},{"i":{"x":0.52,"y":0.96},"o":{"x":0.48,"y":0.04},"t":20,"s":[{"i":[[79.596,155.804],[-109.851,87.053]],"o":[[109.632,87.36],[-80.012,155.689]],"v":[[-195.257,-78.081],[195.257,-77.608]],"c":true}]},{"i":{"x":0.52,"y":0.96},"o":{"x":0.48,"y":0.04},"t":30,"s":[{"i":[[72.405,203.918],[-117.083,61.906]],"o":[[117.533,56.225],[-80.16,209.599]],"v":[[-195.257,-78.081],[195.257,-77.608]],"c":true}]},{"i":{"x":0.52,"y":0.96},"o":{"x":0.48,"y":0.04},"t":40,"s":[{"i":[[79.596,155.804],[-109.851,87.053]],"o":[[109.632,87.36],[-80.012,155.689]],"v":[[-195.257,-78.081],[195.257,-77.608]],"c":true}]},{"i":{"x":0.833,"y":0.833},"o":{"x":0.167,"y":0.167},"t":50,"s":[{"i":[[72.405,203.918],[-117.083,61.906]],"o":[[117.533,56.225],[-80.16,209.599]],"v":[[-195.257,-78.081],[195.257,-77.608]],"c":true}]},{"i":{"x":0.52,"y":0.96},"o":{"x":0.48,"y":0.04},"t":60,"s":[{"i":[[79.596,155.804],[-109.851,87.053]],"o":[[109.632,87.36],[-80.012,155.689]],"v":[[-195.257,-78.081],[195.257,-77.608]],"c":true}]},{"i":{"x":0.52,"y":0.96},"o":{"x":0.48,"y":0.04},"t":70,"s":[{"i":[[-0.61,73.005],[0.161,-68.06]],"o":[[0.61,-73.005],[-0.161,68.06]],"v":[[-66.026,-2.184],[63.975,-3.762]],"c":true}]},{"i":{"x":0.52,"y":0.96},"o":{"x":0.48,"y":0.04},"t":80,"s":[{"i":[[-0.546,73.006],[1.891,-82.017]],"o":[[0.61,-81.544],[-1.569,68.042]],"v":[[-74.231,-2.184],[72.18,-1.711]],"c":true}]},{"i":{"x":0.52,"y":0.96},"o":{"x":0.48,"y":0.04},"t":90,"s":[{"i":[[-0.61,73.005],[0.161,-68.06]],"o":[[0.61,-73.005],[-0.161,68.06]],"v":[[-66.026,-2.184],[63.975,-3.762]],"c":true}]},{"i":{"x":0.52,"y":0.96},"o":{"x":0.48,"y":0.04},"t":100,"s":[{"i":[[-0.546,73.006],[1.891,-82.017]],"o":[[0.61,-81.544],[-1.569,68.042]],"v":[[-74.231,-2.184],[72.18,-1.711]],"c":true}]},{"i":{"x":0.52,"y":0.96},"o":{"x":0.48,"y":0.04},"t":110,"s":[{"i":[[-0.61,73.005],[0.161,-68.06]],"o":[[0.61,-73.005],[-0.161,68.06]],"v":[[-66.026,-2.184],[63.975,-3.762]],"c":true}]},{"i":{"x":0.52,"y":0.96},"o":{"x":0.48,"y":0.04},"t":120,"s":[{"i":[[-0.546,73.006],[1.891,-82.017]],"o":[[0.61,-81.544],[-1.569,68.042]],"v":[[-74.231,-2.184],[72.18,-1.711]],"c":true}]},{"t":139,"s":[{"i":[[79.596,155.804],[-109.851,87.053]],"o":[[109.632,87.36],[-80.012,155.689]],"v":[[-195.257,-78.081],[195.257,-77.608]],"c":true}]}],"ix":2},"nm":"Path 1","mn":"ADBE Vector Shape - Group","hd":false},{"ty":"fl","c":{"a":0,"k":[1,1,1,1],"ix":4},"o":{"a":0,"k":100,"ix":5},"r":1,"bm":0,"nm":"Fill 1","mn":"ADBE Vector Graphic - Fill","hd":false},{"ty":"st","c":{"a":0,"k":[1,0,0,1],"ix":3},"o":{"a":0,"k":100,"ix":4},"w":{"a":0,"k":120,"ix":5},"lc":2,"lj":2,"bm":0,"nm":"Stroke 1","mn":"ADBE Vector Graphic - Stroke","hd":false},{"ty":"tr","p":{"a":0,"k":[597.724,837.24],"ix":2},"a":{"a":0,"k":[0,0],"ix":1},"s":{"a":0,"k":[100,100],"ix":3},"r":{"a":0,"k":0,"ix":6},"o":{"a":0,"k":100,"ix":7},"sk":{"a":0,"k":0,"ix":4},"sa":{"a":0,"k":0,"ix":5},"nm":"Transform"}],"nm":"Group 1","np":3,"cix":2,"bm":0,"ix":1,"mn":"ADBE Vector Group","hd":false}],"ip":0,"op":151,"st":0,"bm":0},{"ddd":0,"ind":8,"ty":4,"nm":"Head","sr":1,"ks":{"o":{"a":0,"k":100,"ix":11},"r":{"a":1,"k":[{"i":{"x":[0.74],"y":[1]},"o":{"x":[0.4],"y":[0.56]},"t":0,"s":[0]},{"i":{"x":[0.74],"y":[1]},"o":{"x":[0.4],"y":[0]},"t":14,"s":[9]},{"i":{"x":[0.74],"y":[1]},"o":{"x":[0.4],"y":[0.48]},"t":50,"s":[9]},{"i":{"x":[0.74],"y":[1]},"o":{"x":[0.4],"y":[0.48]},"t":62,"s":[0]},{"i":{"x":[0.74],"y":[1]},"o":{"x":[0.4],"y":[0]},"t":74,"s":[-9]},{"i":{"x":[0.4],"y":[1]},"o":{"x":[0.2],"y":[0]},"t":129,"s":[-9]},{"t":150,"s":[0]}],"ix":10},"p":{"a":0,"k":[1000,1792.782,0],"ix":2},"a":{"a":0,"k":[600,1005.738,0],"ix":1},"s":{"a":1,"k":[{"i":{"x":[0.52,0.52,0.52],"y":[0.96,0.96,1]},"o":{"x":[0.48,0.48,0.48],"y":[0.04,0.04,0]},"t":0,"s":[177.45,177.45,100]},{"i":{"x":[0.52,0.52,0.52],"y":[0.96,0.96,1]},"o":{"x":[0.48,0.48,0.48],"y":[0.04,0.04,0]},"t":10,"s":[163.8,191.1,100]},{"i":{"x":[0.52,0.52,0.52],"y":[0.96,0.96,1]},"o":{"x":[0.48,0.48,0.48],"y":[0.04,0.04,0]},"t":20,"s":[191.1,163.8,100]},{"i":{"x":[0.52,0.52,0.52],"y":[0.96,0.96,1]},"o":{"x":[0.48,0.48,0.48],"y":[0.04,0.04,0]},"t":30,"s":[163.8,191.1,100]},{"i":{"x":[0.52,0.52,0.52],"y":[0.96,0.96,1]},"o":{"x":[0.48,0.48,0.48],"y":[0.04,0.04,0]},"t":40,"s":[191.1,163.8,100]},{"i":{"x":[0.52,0.52,0.52],"y":[1,1,1]},"o":{"x":[0.48,0.48,0.48],"y":[0,0,0]},"t":50,"s":[177.45,177.45,100]},{"i":{"x":[0.52,0.52,0.52],"y":[0.96,0.96,1]},"o":{"x":[0.48,0.48,0.48],"y":[0.04,0.04,0]},"t":60,"s":[177.45,177.45,100]},{"i":{"x":[0.52,0.52,0.52],"y":[0.96,0.96,1]},"o":{"x":[0.48,0.48,0.48],"y":[0.04,0.04,0]},"t":70,"s":[163.8,191.1,100]},{"i":{"x":[0.52,0.52,0.52],"y":[0.96,0.96,1]},"o":{"x":[0.48,0.48,0.48],"y":[0.04,0.04,0]},"t":80,"s":[191.1,163.8,100]},{"i":{"x":[0.52,0.52,0.52],"y":[0.96,0.96,1]},"o":{"x":[0.48,0.48,0.48],"y":[0.04,0.04,0]},"t":90,"s":[163.8,191.1,100]},{"i":{"x":[0.52,0.52,0.52],"y":[1,1,1]},"o":{"x":[0.48,0.48,0.48],"y":[0.02,0.02,0]},"t":100,"s":[191.1,163.8,100]},{"i":{"x":[0.52,0.52,0.52],"y":[1,1,1]},"o":{"x":[0.48,0.48,0.48],"y":[0,0,0]},"t":110,"s":[163.8,191.1,100]},{"i":{"x":[0.52,0.52,0.52],"y":[0.944,0.944,1]},"o":{"x":[0.48,0.48,0.48],"y":[0,0,0]},"t":120,"s":[191.1,163.8,100]},{"t":134,"s":[177.45,177.45,100]}],"ix":6}},"ao":0,"shapes":[{"ty":"gr","it":[{"ind":0,"ty":"sh","ix":1,"ks":{"a":0,"k":{"i":[[34.02,-32.235],[-32.236,-34.019],[-34.019,32.235],[32.235,34.02]],"o":[[-34.02,32.235],[32.235,34.019],[34.02,-32.235],[-32.235,-34.019]],"v":[[-58.366,-61.598],[-61.596,58.366],[58.367,61.597],[61.598,-58.367]],"c":true},"ix":2},"nm":"Path 1","mn":"ADBE Vector Shape - Group","hd":false},{"ty":"fl","c":{"a":0,"k":[0.991999966491,0.663000009574,0.490000017952,1],"ix":4},"o":{"a":0,"k":100,"ix":5},"r":1,"bm":0,"nm":"Fill 1","mn":"ADBE Vector Graphic - Fill","hd":false},{"ty":"tr","p":{"a":0,"k":[848.991,690.355],"ix":2},"a":{"a":0,"k":[0,0],"ix":1},"s":{"a":0,"k":[100,100],"ix":3},"r":{"a":0,"k":0,"ix":6},"o":{"a":0,"k":100,"ix":7},"sk":{"a":0,"k":0,"ix":4},"sa":{"a":0,"k":0,"ix":5},"nm":"Transform"}],"nm":"Group 1","np":2,"cix":2,"bm":0,"ix":1,"mn":"ADBE Vector Group","hd":false},{"ty":"gr","it":[{"ind":0,"ty":"sh","ix":1,"ks":{"a":0,"k":{"i":[[49.438,-46.844],[-46.844,-49.438],[-49.438,46.845],[46.845,49.438]],"o":[[-49.438,46.845],[46.844,49.437],[49.436,-46.843],[-46.844,-49.437]],"v":[[-84.819,-89.515],[-89.514,84.819],[84.82,89.513],[89.513,-84.82]],"c":true},"ix":2},"nm":"Path 1","mn":"ADBE Vector Shape - Group","hd":false},{"ty":"fl","c":{"a":0,"k":[0.987999949736,0.783999992819,0.616000007181,1],"ix":4},"o":{"a":0,"k":100,"ix":5},"r":1,"bm":0,"nm":"Fill 1","mn":"ADBE Vector Graphic - Fill","hd":false},{"ty":"tr","p":{"a":0,"k":[828.994,680.403],"ix":2},"a":{"a":0,"k":[0,0],"ix":1},"s":{"a":0,"k":[100,100],"ix":3},"r":{"a":0,"k":0,"ix":6},"o":{"a":0,"k":100,"ix":7},"sk":{"a":0,"k":0,"ix":4},"sa":{"a":0,"k":0,"ix":5},"nm":"Transform"}],"nm":"Group 2","np":2,"cix":2,"bm":0,"ix":2,"mn":"ADBE Vector Group","hd":false},{"ty":"gr","it":[{"ind":0,"ty":"sh","ix":1,"ks":{"a":0,"k":{"i":[[-34.019,-32.235],[32.235,-34.019],[34.019,32.235],[-32.235,34.02]],"o":[[34.02,32.235],[-32.235,34.019],[-34.019,-32.235],[32.235,-34.019]],"v":[[58.367,-61.598],[61.598,58.366],[-58.366,61.597],[-61.598,-58.367]],"c":true},"ix":2},"nm":"Path 1","mn":"ADBE Vector Shape - Group","hd":false},{"ty":"fl","c":{"a":0,"k":[0.991999966491,0.663000009574,0.490000017952,1],"ix":4},"o":{"a":0,"k":100,"ix":5},"r":1,"bm":0,"nm":"Fill 1","mn":"ADBE Vector Graphic - Fill","hd":false},{"ty":"tr","p":{"a":0,"k":[351.008,690.355],"ix":2},"a":{"a":0,"k":[0,0],"ix":1},"s":{"a":0,"k":[100,100],"ix":3},"r":{"a":0,"k":0,"ix":6},"o":{"a":0,"k":100,"ix":7},"sk":{"a":0,"k":0,"ix":4},"sa":{"a":0,"k":0,"ix":5},"nm":"Transform"}],"nm":"Group 3","np":2,"cix":2,"bm":0,"ix":3,"mn":"ADBE Vector Group","hd":false},{"ty":"gr","it":[{"ind":0,"ty":"sh","ix":1,"ks":{"a":0,"k":{"i":[[-49.437,-46.844],[46.845,-49.438],[49.437,46.845],[-46.845,49.438]],"o":[[49.438,46.845],[-46.844,49.437],[-49.438,-46.843],[46.844,-49.437]],"v":[[84.819,-89.515],[89.514,84.819],[-84.819,89.513],[-89.514,-84.82]],"c":true},"ix":2},"nm":"Path 1","mn":"ADBE Vector Shape - Group","hd":false},{"ty":"fl","c":{"a":0,"k":[0.987999949736,0.783999992819,0.616000007181,1],"ix":4},"o":{"a":0,"k":100,"ix":5},"r":1,"bm":0,"nm":"Fill 1","mn":"ADBE Vector Graphic - Fill","hd":false},{"ty":"tr","p":{"a":0,"k":[371.006,680.403],"ix":2},"a":{"a":0,"k":[0,0],"ix":1},"s":{"a":0,"k":[100,100],"ix":3},"r":{"a":0,"k":0,"ix":6},"o":{"a":0,"k":100,"ix":7},"sk":{"a":0,"k":0,"ix":4},"sa":{"a":0,"k":0,"ix":5},"nm":"Transform"}],"nm":"Group 4","np":2,"cix":2,"bm":0,"ix":4,"mn":"ADBE Vector Group","hd":false},{"ty":"gr","it":[{"ind":0,"ty":"sh","ix":1,"ks":{"a":0,"k":{"i":[[0,-191.129],[191.13,0],[0,191.13],[-191.13,0]],"o":[[0,191.13],[-191.13,0],[0,-191.129],[191.13,0]],"v":[[346.071,0],[0,346.071],[-346.071,0],[0,-346.071]],"c":true},"ix":2},"nm":"Path 1","mn":"ADBE Vector Shape - Group","hd":false},{"ty":"fl","c":{"a":0,"k":[0.991999966491,0.961000031116,0.823999980852,1],"ix":4},"o":{"a":0,"k":100,"ix":5},"r":1,"bm":0,"nm":"Fill 1","mn":"ADBE Vector Graphic - Fill","hd":false},{"ty":"tr","p":{"a":0,"k":[600,578.519],"ix":2},"a":{"a":0,"k":[0,0],"ix":1},"s":{"a":0,"k":[100,100],"ix":3},"r":{"a":0,"k":0,"ix":6},"o":{"a":0,"k":100,"ix":7},"sk":{"a":0,"k":0,"ix":4},"sa":{"a":0,"k":0,"ix":5},"nm":"Transform"}],"nm":"Group 5","np":2,"cix":2,"bm":0,"ix":5,"mn":"ADBE Vector Group","hd":false},{"ty":"gr","it":[{"ind":0,"ty":"sh","ix":1,"ks":{"a":0,"k":{"i":[[0,-210.902],[210.901,0],[0,210.902],[-210.902,0]],"o":[[0,210.902],[-210.902,0],[0,-210.902],[210.901,0]],"v":[[381.871,0],[0,381.871],[-381.872,0],[0,-381.871]],"c":true},"ix":2},"nm":"Path 1","mn":"ADBE Vector Shape - Group","hd":false},{"ty":"fl","c":{"a":0,"k":[0.855000035903,0.804000016755,0.596000043084,1],"ix":4},"o":{"a":0,"k":100,"ix":5},"r":1,"bm":0,"nm":"Fill 1","mn":"ADBE Vector Graphic - Fill","hd":false},{"ty":"tr","p":{"a":0,"k":[600,588.066],"ix":2},"a":{"a":0,"k":[0,0],"ix":1},"s":{"a":0,"k":[100,100],"ix":3},"r":{"a":0,"k":0,"ix":6},"o":{"a":0,"k":100,"ix":7},"sk":{"a":0,"k":0,"ix":4},"sa":{"a":0,"k":0,"ix":5},"nm":"Transform"}],"nm":"Group 6","np":2,"cix":2,"bm":0,"ix":6,"mn":"ADBE Vector Group","hd":false},{"ty":"gr","it":[{"ind":0,"ty":"sh","ix":1,"ks":{"a":0,"k":{"i":[[0,-224.083],[224.083,0],[0,224.083],[-224.083,0]],"o":[[0,224.083],[-224.083,0],[0,-224.083],[224.083,0]],"v":[[405.739,0],[0,405.738],[-405.738,0],[0,-405.738]],"c":true},"ix":2},"nm":"Path 1","mn":"ADBE Vector Shape - Group","hd":false},{"ty":"fl","c":{"a":0,"k":[0.811999990426,0.647000002394,0.455000005984,1],"ix":4},"o":{"a":0,"k":100,"ix":5},"r":1,"bm":0,"nm":"Fill 1","mn":"ADBE Vector Graphic - Fill","hd":false},{"ty":"tr","p":{"a":0,"k":[600,600],"ix":2},"a":{"a":0,"k":[0,0],"ix":1},"s":{"a":0,"k":[100,100],"ix":3},"r":{"a":0,"k":0,"ix":6},"o":{"a":0,"k":100,"ix":7},"sk":{"a":0,"k":0,"ix":4},"sa":{"a":0,"k":0,"ix":5},"nm":"Transform"}],"nm":"Group 7","np":2,"cix":2,"bm":0,"ix":7,"mn":"ADBE Vector Group","hd":false}],"ip":0,"op":151,"st":0,"bm":0},{"ddd":0,"ind":9,"ty":4,"nm":"Hair","parent":8,"sr":1,"ks":{"o":{"a":0,"k":100,"ix":11},"r":{"a":0,"k":0,"ix":10},"p":{"a":1,"k":[{"i":{"x":0.34,"y":1},"o":{"x":0.66,"y":0},"t":0,"s":[600,600,0],"to":[0,0,0],"ti":[0,0,0]},{"i":{"x":0.34,"y":1},"o":{"x":0.66,"y":0},"t":10,"s":[600,638.095,0],"to":[0,0,0],"ti":[0,0,0]},{"i":{"x":0.34,"y":1},"o":{"x":0.66,"y":0},"t":20,"s":[600,560,0],"to":[0,0,0],"ti":[0,0,0]},{"i":{"x":0.34,"y":1},"o":{"x":0.66,"y":0},"t":30,"s":[600,638.095,0],"to":[0,0,0],"ti":[0,0,0]},{"i":{"x":0.34,"y":1},"o":{"x":0.66,"y":0},"t":40,"s":[600,560,0],"to":[0,0,0],"ti":[0,0,0]},{"i":{"x":0.34,"y":0.34},"o":{"x":0.66,"y":0.66},"t":50,"s":[600,600,0],"to":[0,0,0],"ti":[0,0,0]},{"i":{"x":0.34,"y":1},"o":{"x":0.66,"y":0},"t":60,"s":[600,600,0],"to":[0,0,0],"ti":[0,0,0]},{"i":{"x":0.34,"y":1},"o":{"x":0.66,"y":0},"t":70,"s":[600,638.095,0],"to":[0,0,0],"ti":[0,0,0]},{"i":{"x":0.34,"y":1},"o":{"x":0.66,"y":0},"t":80,"s":[600,560,0],"to":[0,0,0],"ti":[0,0,0]},{"i":{"x":0.34,"y":1},"o":{"x":0.66,"y":0},"t":90,"s":[600,638.095,0],"to":[0,0,0],"ti":[0,0,0]},{"i":{"x":0.34,"y":1},"o":{"x":0.66,"y":0},"t":100,"s":[600,560,0],"to":[0,0,0],"ti":[0,0,0]},{"i":{"x":0.34,"y":1},"o":{"x":0.66,"y":0},"t":110,"s":[600,638.095,0],"to":[0,0,0],"ti":[0,0,0]},{"i":{"x":0.34,"y":1},"o":{"x":0.66,"y":0},"t":120,"s":[600,560,0],"to":[0,0,0],"ti":[0,0,0]},{"t":134,"s":[600,600,0]}],"ix":2},"a":{"a":0,"k":[600,600,0],"ix":1},"s":{"a":0,"k":[100,100,100],"ix":6}},"ao":0,"shapes":[{"ty":"gr","it":[{"ind":0,"ty":"sh","ix":1,"ks":{"a":0,"k":{"i":[[-9.01,7.726],[0,17.136],[-26.396,6.712],[0,0.659],[-33.69,0],[-5.469,-1.61],[-17.184,0],[-11.177,-12.636],[-15.408,0],[0,-23.265],[23.265,0],[6.64,4.371],[28.03,0],[5.469,1.609],[11.101,-2.824],[0,-0.658],[22.579,-8.944],[0,-6.827],[9.432,-7.725],[0,-20.599],[23.264,0],[0,23.265],[-9.431,7.725],[0,20.599]],"o":[[-11.377,-11.081],[0,-28.486],[-0.021,-0.653],[0,-33.69],[5.99,0],[11.087,-11.434],[18.195,0],[7.344,-12.346],[23.265,0],[0,23.265],[-8.544,0],[-7.143,25.756],[-5.991,0],[-7.729,7.97],[0.021,0.652],[0,25.761],[2.884,5.703],[0,13.143],[19.537,3.659],[0,23.265],[-23.265,0],[0,-13.143],[-19.537,-3.659],[0,-12.799]],"v":[[-127.449,16.834],[-145.914,-26.844],[-99.965,-85.897],[-100.063,-87.846],[-39.062,-148.847],[-21.829,-146.337],[21.94,-164.902],[67.6,-144.257],[103.789,-164.902],[145.914,-122.778],[103.789,-80.653],[94.954,-63.142],[63.845,-17.343],[23.755,-0.965],[16.942,11.208],[13.232,42.045],[-18.673,62.067],[-39.844,66.58],[-18.156,92.513],[-39.062,122.777],[-81.186,164.902],[-123.311,122.777],[-107.856,90.178],[-142.188,48.802]],"c":true},"ix":2},"nm":"Path 1","mn":"ADBE Vector Shape - Group","hd":false},{"ty":"fl","c":{"a":0,"k":[1,0,0,1],"ix":4},"o":{"a":0,"k":100,"ix":5},"r":1,"bm":0,"nm":"Fill 1","mn":"ADBE Vector Graphic - Fill","hd":false},{"ty":"tr","p":{"a":0,"k":[313.348,381.217],"ix":2},"a":{"a":0,"k":[0,0],"ix":1},"s":{"a":0,"k":[100,100],"ix":3},"r":{"a":0,"k":0,"ix":6},"o":{"a":0,"k":100,"ix":7},"sk":{"a":0,"k":0,"ix":4},"sa":{"a":0,"k":0,"ix":5},"nm":"Transform"}],"nm":"Group 1","np":2,"cix":2,"bm":0,"ix":1,"mn":"ADBE Vector Group","hd":false},{"ty":"gr","it":[{"ind":0,"ty":"sh","ix":1,"ks":{"a":0,"k":{"i":[[9.009,7.726],[0,17.136],[26.396,6.712],[0,0.659],[33.691,0],[5.469,-1.61],[17.184,0],[11.177,-12.636],[15.409,0],[0,-23.265],[-23.265,0],[-6.641,4.371],[-28.031,0],[-5.47,1.609],[-11.102,-2.824],[0,-0.658],[-22.579,-8.944],[0,-6.827],[-9.431,-7.725],[0,-20.599],[-23.265,0],[0,23.265],[9.432,7.725],[0,20.599]],"o":[[11.376,-11.081],[0,-28.486],[0.02,-0.653],[0,-33.69],[-5.99,0],[-11.088,-11.434],[-18.196,0],[-7.345,-12.346],[-23.265,0],[0,23.265],[8.544,0],[7.142,25.756],[5.991,0],[7.728,7.97],[-0.022,0.652],[0,25.761],[-2.883,5.703],[0,13.143],[-19.537,3.659],[0,23.265],[23.265,0],[0,-13.143],[19.537,-3.659],[0,-12.799]],"v":[[127.449,16.834],[145.914,-26.844],[99.965,-85.897],[100.063,-87.846],[39.061,-148.847],[21.829,-146.337],[-21.94,-164.902],[-67.6,-144.257],[-103.79,-164.902],[-145.914,-122.778],[-103.79,-80.653],[-80.668,-64.253],[-33.369,-30.677],[-34.231,-5.409],[-13.133,4.541],[-18.946,23.156],[0.577,58.734],[7.462,67.691],[31.488,95.846],[39.061,122.777],[81.186,164.902],[123.31,122.777],[107.855,90.178],[142.187,48.802]],"c":true},"ix":2},"nm":"Path 1","mn":"ADBE Vector Shape - Group","hd":false},{"ty":"fl","c":{"a":0,"k":[1,0,0,1],"ix":4},"o":{"a":0,"k":100,"ix":5},"r":1,"bm":0,"nm":"Fill 1","mn":"ADBE Vector Graphic - Fill","hd":false},{"ty":"tr","p":{"a":0,"k":[886.653,381.217],"ix":2},"a":{"a":0,"k":[0,0],"ix":1},"s":{"a":0,"k":[100,100],"ix":3},"r":{"a":0,"k":0,"ix":6},"o":{"a":0,"k":100,"ix":7},"sk":{"a":0,"k":0,"ix":4},"sa":{"a":0,"k":0,"ix":5},"nm":"Transform"}],"nm":"Group 2","np":2,"cix":2,"bm":0,"ix":2,"mn":"ADBE Vector Group","hd":false}],"ip":0,"op":151,"st":0,"bm":0}],"markers":[]}