{"v":"5.6.4","fr":25,"ip":0,"op":150,"w":1080,"h":1080,"nm":"Comp 1","ddd":0,"assets":[{"id":"comp_0","layers":[{"ddd":0,"ind":1,"ty":4,"nm":"Eyebrows","sr":1,"ks":{"o":{"a":1,"k":[{"i":{"x":[0.667],"y":[1]},"o":{"x":[0.333],"y":[0]},"t":13,"s":[0]},{"i":{"x":[0.667],"y":[1]},"o":{"x":[0.333],"y":[0]},"t":20.786,"s":[0]},{"i":{"x":[0.833],"y":[1]},"o":{"x":[0.167],"y":[0]},"t":33.963,"s":[100]},{"i":{"x":[0.833],"y":[1]},"o":{"x":[0.167],"y":[0]},"t":131,"s":[100]},{"t":140,"s":[100]}],"ix":11},"r":{"a":0,"k":0,"ix":10},"p":{"a":1,"k":[{"i":{"x":0.667,"y":1},"o":{"x":0.333,"y":0},"t":54.925,"s":[556,564,0],"to":[0,18.333,0],"ti":[0,1,0]},{"i":{"x":0.667,"y":1},"o":{"x":0.333,"y":0},"t":65.107,"s":[556,674,0],"to":[0,-1,0],"ti":[0,22.667,0]},{"i":{"x":0.667,"y":1},"o":{"x":0.333,"y":0},"t":95.652,"s":[556,558,0],"to":[0,-22.667,0],"ti":[0,3.333,0]},{"i":{"x":0.57,"y":0.57},"o":{"x":0.194,"y":0.194},"t":125,"s":[556,538,0],"to":[0,0,0],"ti":[0,0,0]},{"i":{"x":0.704,"y":0.704},"o":{"x":0.328,"y":0.328},"t":131,"s":[556,538,0],"to":[0,0,0],"ti":[0,0,0]},{"t":140,"s":[556,538,0]}],"ix":2},"a":{"a":0,"k":[0,0,0],"ix":1},"s":{"a":0,"k":[100,100,100],"ix":6}},"ao":0,"shapes":[{"ty":"gr","it":[{"d":1,"ty":"el","s":{"a":0,"k":[128,124],"ix":2},"p":{"a":0,"k":[0,0],"ix":3},"nm":"Ellipse Path 1","mn":"ADBE Vector Shape - Ellipse","hd":false},{"ty":"tm","s":{"a":0,"k":70,"ix":1},"e":{"a":0,"k":100,"ix":2},"o":{"a":0,"k":17,"ix":3},"m":1,"ix":2,"nm":"Trim Paths 1","mn":"ADBE Vector Filter - Trim","hd":false},{"ty":"st","c":{"a":0,"k":[0.741176486015,0.282878994942,0.000581332541,1],"ix":3},"o":{"a":0,"k":100,"ix":4},"w":{"a":0,"k":21,"ix":5},"lc":2,"lj":1,"ml":4,"bm":0,"nm":"Stroke 1","mn":"ADBE Vector Graphic - Stroke","hd":false},{"ty":"tr","p":{"a":0,"k":[-124,-144],"ix":2},"a":{"a":0,"k":[0,0],"ix":1},"s":{"a":0,"k":[117,117],"ix":3},"r":{"a":1,"k":[{"i":{"x":[0.667],"y":[1]},"o":{"x":[0.333],"y":[0]},"t":59.117,"s":[0]},{"i":{"x":[0.667],"y":[1]},"o":{"x":[0.333],"y":[0]},"t":65.107,"s":[60]},{"i":{"x":[0.833],"y":[1]},"o":{"x":[0.167],"y":[0]},"t":125,"s":[0]},{"i":{"x":[0.594],"y":[1]},"o":{"x":[0.163],"y":[0]},"t":131,"s":[0]},{"i":{"x":[0.829],"y":[1]},"o":{"x":[0.425],"y":[0]},"t":136,"s":[-29]},{"t":140,"s":[0]}],"ix":6},"o":{"a":0,"k":100,"ix":7},"sk":{"a":0,"k":0,"ix":4},"sa":{"a":0,"k":0,"ix":5},"nm":"Transform"}],"nm":"Left","np":4,"cix":2,"bm":0,"ix":1,"mn":"ADBE Vector Group","hd":false},{"ty":"gr","it":[{"d":1,"ty":"el","s":{"a":0,"k":[128,124],"ix":2},"p":{"a":0,"k":[0,0],"ix":3},"nm":"Ellipse Path 1","mn":"ADBE Vector Shape - Ellipse","hd":false},{"ty":"st","c":{"a":0,"k":[1,1,1,1],"ix":3,"x":"var $bm_rt;\n$bm_rt = content('Left').content('Stroke 1').color;"},"o":{"a":0,"k":100,"ix":4},"w":{"a":0,"k":21,"ix":5},"lc":2,"lj":1,"ml":4,"bm":0,"nm":"Stroke 1","mn":"ADBE Vector Graphic - Stroke","hd":false},{"ty":"tm","s":{"a":0,"k":70,"ix":1},"e":{"a":0,"k":100,"ix":2},"o":{"a":0,"k":90,"ix":3},"m":1,"ix":4,"nm":"Trim Paths 1","mn":"ADBE Vector Filter - Trim","hd":false},{"ty":"tr","p":{"a":0,"k":[98,-144],"ix":2},"a":{"a":0,"k":[0,0],"ix":1},"s":{"a":0,"k":[117,117],"ix":3},"r":{"a":1,"k":[{"i":{"x":[0.667],"y":[1]},"o":{"x":[0.333],"y":[0]},"t":59.117,"s":[0]},{"i":{"x":[0.667],"y":[1]},"o":{"x":[0.333],"y":[0]},"t":65.107,"s":[-60]},{"i":{"x":[0.833],"y":[1]},"o":{"x":[0.167],"y":[0]},"t":125,"s":[0]},{"i":{"x":[0.833],"y":[1]},"o":{"x":[0.167],"y":[0]},"t":131,"s":[0]},{"t":140,"s":[0]}],"ix":6},"o":{"a":0,"k":100,"ix":7},"sk":{"a":0,"k":0,"ix":4},"sa":{"a":0,"k":0,"ix":5},"nm":"Transform"}],"nm":"Right","np":4,"cix":2,"bm":0,"ix":2,"mn":"ADBE Vector Group","hd":false}],"ip":0,"op":224,"st":0,"bm":0},{"ddd":0,"ind":2,"ty":4,"nm":"Eye","sr":1,"ks":{"o":{"a":1,"k":[{"i":{"x":[0.667],"y":[1]},"o":{"x":[0.333],"y":[0]},"t":13,"s":[0]},{"i":{"x":[0.667],"y":[1]},"o":{"x":[0.333],"y":[0]},"t":20.786,"s":[0]},{"i":{"x":[0.833],"y":[1]},"o":{"x":[0.167],"y":[0]},"t":33.963,"s":[100]},{"i":{"x":[0.833],"y":[1]},"o":{"x":[0.167],"y":[0]},"t":131,"s":[100]},{"t":140,"s":[100]}],"ix":11},"r":{"a":0,"k":0,"ix":10},"p":{"a":1,"k":[{"i":{"x":0.667,"y":1},"o":{"x":0.333,"y":0},"t":54.925,"s":[540,546,0],"to":[0,18.333,0],"ti":[0,1,0]},{"i":{"x":0.667,"y":1},"o":{"x":0.333,"y":0},"t":65.107,"s":[540,656,0],"to":[0,-1,0],"ti":[0,22.667,0]},{"i":{"x":0.667,"y":1},"o":{"x":0.333,"y":0},"t":95.652,"s":[540,540,0],"to":[0,-22.667,0],"ti":[0,3.333,0]},{"i":{"x":0.667,"y":0.667},"o":{"x":0.167,"y":0.167},"t":125,"s":[540,520,0],"to":[0,0,0],"ti":[0,0,0]},{"t":131,"s":[540,520,0]}],"ix":2},"a":{"a":0,"k":[0,0,0],"ix":1},"s":{"a":0,"k":[100,100,100],"ix":6}},"ao":0,"shapes":[{"ty":"gr","it":[{"d":1,"ty":"el","s":{"a":0,"k":[76.264,73.804],"ix":2},"p":{"a":0,"k":[0,0],"ix":3},"nm":"Ellipse Path 1","mn":"ADBE Vector Shape - Ellipse","hd":false},{"ty":"gf","o":{"a":0,"k":100,"ix":10},"r":1,"bm":0,"g":{"p":3,"k":{"a":0,"k":[0,0.081,0.082,0.126,0.515,0.141,0.183,0.31,1,0.2,0.284,0.493],"ix":9}},"s":{"a":0,"k":[0,0],"ix":5},"e":{"a":0,"k":[100,0],"ix":6},"t":1,"nm":"Gradient Fill 1","mn":"ADBE Vector Graphic - G-Fill","hd":false},{"ty":"tr","p":{"a":0,"k":[113.166,-126.697],"ix":2},"a":{"a":0,"k":[0,0],"ix":1},"s":{"a":0,"k":[100,100],"ix":3},"r":{"a":0,"k":90,"ix":6},"o":{"a":0,"k":100,"ix":7},"sk":{"a":0,"k":0,"ix":4},"sa":{"a":0,"k":0,"ix":5},"nm":"Transform"}],"nm":"Ellipse 2","np":3,"cix":2,"bm":0,"ix":1,"mn":"ADBE Vector Group","hd":false},{"ty":"gr","it":[{"d":1,"ty":"el","s":{"a":0,"k":[76.264,73.804],"ix":2},"p":{"a":0,"k":[0,0],"ix":3},"nm":"Ellipse Path 1","mn":"ADBE Vector Shape - Ellipse","hd":false},{"ty":"gf","o":{"a":0,"k":100,"ix":10},"r":1,"bm":0,"g":{"p":3,"k":{"a":0,"k":[0,0.082,0.082,0.125,0.502,0.141,0.182,0.31,0.996,0.2,0.282,0.494],"ix":9}},"s":{"a":0,"k":[0,0],"ix":5},"e":{"a":0,"k":[100,0],"ix":6},"t":1,"nm":"Gradient Fill 1","mn":"ADBE Vector Graphic - G-Fill","hd":false},{"ty":"tr","p":{"a":0,"k":[-108.246,-126.697],"ix":2},"a":{"a":0,"k":[0,0],"ix":1},"s":{"a":1,"k":[{"i":{"x":[0,0.833],"y":[1.064,1]},"o":{"x":[0.05,0.333],"y":[0.337,0]},"t":131,"s":[100,100]},{"i":{"x":[0,0.667],"y":[0.97,1]},"o":{"x":[0.126,0.167],"y":[0.006,0]},"t":136,"s":[1,100]},{"t":140,"s":[100,100]}],"ix":3},"r":{"a":0,"k":235,"ix":6,"x":"var $bm_rt;\n$bm_rt = content('Ellipse 2').transform.rotation;"},"o":{"a":0,"k":100,"ix":7},"sk":{"a":0,"k":0,"ix":4},"sa":{"a":0,"k":0,"ix":5},"nm":"Transform"}],"nm":"Ellipse 1","np":3,"cix":2,"bm":0,"ix":2,"mn":"ADBE Vector Group","hd":false}],"ip":0,"op":224,"st":0,"bm":0},{"ddd":0,"ind":3,"ty":4,"nm":"Mouth","sr":1,"ks":{"o":{"a":1,"k":[{"i":{"x":[0.667],"y":[1]},"o":{"x":[0.333],"y":[0]},"t":13,"s":[0]},{"i":{"x":[0.667],"y":[1]},"o":{"x":[0.333],"y":[0]},"t":20.786,"s":[0]},{"i":{"x":[0.833],"y":[1]},"o":{"x":[0.167],"y":[0]},"t":33.963,"s":[100]},{"i":{"x":[0.833],"y":[1]},"o":{"x":[0.167],"y":[0]},"t":131,"s":[100]},{"t":140,"s":[100]}],"ix":11},"r":{"a":0,"k":0,"ix":10},"p":{"a":1,"k":[{"i":{"x":0.667,"y":1},"o":{"x":0.333,"y":0},"t":54.925,"s":[540,505,0],"to":[0,18.333,0],"ti":[0,-5.833,0]},{"i":{"x":0.667,"y":1},"o":{"x":0.333,"y":0},"t":65.107,"s":[540,615,0],"to":[0,5.833,0],"ti":[0,15.833,0]},{"i":{"x":0.667,"y":1},"o":{"x":0.333,"y":0},"t":95.652,"s":[540,540,0],"to":[0,-15.833,0],"ti":[0,3.333,0]},{"i":{"x":0.667,"y":0.667},"o":{"x":0.167,"y":0.167},"t":125,"s":[540,520,0],"to":[0,0,0],"ti":[0,0,0]},{"i":{"x":0.667,"y":0.667},"o":{"x":0.167,"y":0.167},"t":131,"s":[540,520,0],"to":[0,0,0],"ti":[0,0,0]},{"t":140,"s":[540,520,0]}],"ix":2},"a":{"a":0,"k":[0,0,0],"ix":1},"s":{"a":0,"k":[100,100,100],"ix":6}},"ao":0,"shapes":[{"ty":"gr","it":[{"ind":0,"ty":"sh","ix":1,"ks":{"a":1,"k":[{"i":{"x":0.667,"y":1},"o":{"x":0.333,"y":0},"t":20.786,"s":[{"i":[[0,0],[0,0],[0,0],[-105.786,0]],"o":[[0,0],[0,0],[0,0],[105.786,0]],"v":[[121.777,-1.23],[1.77,-1.23],[-116.856,-1.23],[2.23,0.715]],"c":true}]},{"i":{"x":0.667,"y":1},"o":{"x":0.333,"y":0},"t":34,"s":[{"i":[[0,0],[95.77,-2.23],[0,0],[-105.786,0]],"o":[[0,0],[-95.77,2.23],[0,0],[105.786,0]],"v":[[121.777,-1.23],[2.77,103.77],[-116.856,-1.23],[0.886,50.028]],"c":true}]},{"i":{"x":0.667,"y":1},"o":{"x":0.333,"y":0},"t":59,"s":[{"i":[[0,0],[113.77,-1.472],[0,0],[-105.786,0]],"o":[[0,0],[-113.77,1.472],[0,0],[105.786,0]],"v":[[121.777,-1.23],[-3.23,103.773],[-116.856,-1.23],[-5.77,-0.284]],"c":true}]},{"i":{"x":0.667,"y":1},"o":{"x":0.333,"y":0},"t":65,"s":[{"i":[[0,0],[99.992,1.734],[0,0],[-105.786,0]],"o":[[0,0],[-99.992,-1.734],[0,0],[105.786,0]],"v":[[125.777,51.77],[-4.008,-7.232],[-119.856,53.77],[2.232,-64.107]],"c":true}]},{"i":{"x":0.667,"y":1},"o":{"x":0.333,"y":0},"t":80,"s":[{"i":[[0,0],[108.999,0.77],[0,0],[-105.786,0]],"o":[[0,0],[-108.999,-0.77],[0,0],[105.786,0]],"v":[[121.777,-1.23],[4,-27.226],[-116.856,-1.23],[2.23,-55.285]],"c":true}]},{"i":{"x":0.667,"y":1},"o":{"x":0.333,"y":0},"t":95,"s":[{"i":[[0,0],[89.77,-1.132],[0,0],[-105.786,0]],"o":[[0,0],[-89.77,1.132],[0,0],[105.786,0]],"v":[[121.777,-1.23],[-0.23,22.768],[-116.856,-1.23],[-1.77,-27.286]],"c":true}]},{"i":{"x":0.833,"y":0.833},"o":{"x":0.333,"y":0},"t":110,"s":[{"i":[[0,0],[100.77,0.77],[0,0],[-105.786,0]],"o":[[0,0],[-100.77,-0.77],[0,0],[105.786,0]],"v":[[121.777,-1.23],[0.77,46.769],[-116.856,-1.23],[-0.77,14.714]],"c":true}]},{"i":{"x":0.667,"y":1},"o":{"x":0.167,"y":0.167},"t":113,"s":[{"i":[[0,0],[100.77,0.77],[0,0],[-105.786,0]],"o":[[0,0],[-100.77,-0.77],[0,0],[105.786,0]],"v":[[122.131,-6.722],[-0.699,45.765],[-117.034,-5.659],[-0.091,11.51]],"c":true}]},{"i":{"x":0.833,"y":0.833},"o":{"x":0.167,"y":0},"t":125,"s":[{"i":[[0,0],[100.77,0.77],[0,0],[-105.786,0]],"o":[[0,0],[-100.77,-0.77],[0,0],[105.786,0]],"v":[[123.777,-32.23],[2.77,86.77],[-117.856,-26.23],[1.23,-1.285]],"c":true}]},{"i":{"x":0.833,"y":1},"o":{"x":0.167,"y":0.167},"t":136,"s":[{"i":[[0,0],[100.77,0.77],[0,0],[-105.786,0]],"o":[[0,0],[-100.77,-0.77],[0,0],[105.786,0]],"v":[[123.777,-32.23],[2.77,86.77],[-135.856,-52.23],[1.23,-1.285]],"c":true}]},{"t":140,"s":[{"i":[[0,0],[100.77,0.77],[0,0],[-105.786,0]],"o":[[0,0],[-100.77,-0.77],[0,0],[105.786,0]],"v":[[123.777,-32.23],[2.77,86.77],[-117.856,-26.23],[1.23,-1.285]],"c":true}]}],"ix":2},"nm":"Path 1","mn":"ADBE Vector Shape - Group","hd":false},{"ty":"gf","o":{"a":0,"k":100,"ix":10},"r":2,"bm":0,"g":{"p":3,"k":{"a":0,"k":[0,0.38,0.271,0.013,0.497,0.315,0.206,0.022,0.994,0.249,0.142,0.03],"ix":9}},"s":{"a":0,"k":[0,-132],"ix":5},"e":{"a":0,"k":[10,0],"ix":6},"t":1,"nm":"Gradient Fill 1","mn":"ADBE Vector Graphic - G-Fill","hd":false},{"ty":"tr","p":{"a":0,"k":[0,47],"ix":2},"a":{"a":0,"k":[0,0],"ix":1},"s":{"a":0,"k":[100,100],"ix":3},"r":{"a":0,"k":0,"ix":6},"o":{"a":0,"k":100,"ix":7},"sk":{"a":0,"k":0,"ix":4},"sa":{"a":0,"k":0,"ix":5},"nm":"Transform"}],"nm":"Shape 1","np":3,"cix":2,"bm":0,"ix":1,"mn":"ADBE Vector Group","hd":false}],"ip":0,"op":224,"st":0,"bm":0}]}],"layers":[{"ddd":0,"ind":1,"ty":0,"nm":"Face","refId":"comp_0","sr":1,"ks":{"o":{"a":0,"k":100,"ix":11},"r":{"a":1,"k":[{"i":{"x":[0.833],"y":[0.833]},"o":{"x":[0.167],"y":[0.167]},"t":131,"s":[0]},{"i":{"x":[0.833],"y":[0.833]},"o":{"x":[0.167],"y":[0.167]},"t":136,"s":[-7]},{"t":140,"s":[0]}],"ix":10},"p":{"a":0,"k":[552.217,671.946,0],"ix":2},"a":{"a":0,"k":[543.759,652.774,0],"ix":1},"s":{"a":0,"k":[65,65,100],"ix":6}},"ao":0,"w":1080,"h":1080,"ip":0,"op":224,"st":0,"bm":0},{"ddd":0,"ind":2,"ty":4,"nm":"Shape Layer 2","td":1,"sr":1,"ks":{"o":{"a":0,"k":100,"ix":11},"r":{"a":0,"k":9,"ix":10},"p":{"a":0,"k":[552.745,548.649,0],"ix":2},"a":{"a":0,"k":[-89.109,26.462,0],"ix":1},"s":{"a":1,"k":[{"i":{"x":[0.833,0.833,0.833],"y":[0.833,0.833,0.833]},"o":{"x":[0.167,0.167,0.167],"y":[0.167,0.167,0.167]},"t":0,"s":[0,0,100]},{"i":{"x":[0.659,0.659,0.659],"y":[0.821,0.821,0.943]},"o":{"x":[0.297,0.297,0.297],"y":[0,0,0]},"t":8,"s":[286,286,100]},{"i":{"x":[0.7,0.7,0.7],"y":[0.683,0.683,0.71]},"o":{"x":[0.356,0.356,0.356],"y":[-0.747,-0.747,0.06]},"t":11.571,"s":[137.435,137.435,100]},{"i":{"x":[0.78,0.78,0.78],"y":[1,1,1]},"o":{"x":[0.426,0.426,0.426],"y":[-1.452,-1.452,0.345]},"t":15.143,"s":[174.705,174.705,100]},{"t":18.142578125,"s":[165,165,100]}],"ix":6}},"ao":0,"ef":[{"ty":5,"nm":"Bevel Alpha","np":6,"mn":"ADBE Bevel Alpha","ix":1,"en":1,"ef":[{"ty":0,"nm":"Edge Thickness","mn":"ADBE Bevel Alpha-0001","ix":1,"v":{"a":1,"k":[{"i":{"x":[0.833],"y":[0.833]},"o":{"x":[0.167],"y":[0.167]},"t":8,"s":[62.5]},{"i":{"x":[0.833],"y":[0.833]},"o":{"x":[0.167],"y":[0.167]},"t":12,"s":[11]},{"i":{"x":[0.833],"y":[0.833]},"o":{"x":[0.167],"y":[0.167]},"t":15,"s":[34.15]},{"t":18,"s":[25.5]}],"ix":1}},{"ty":0,"nm":"Light Angle","mn":"ADBE Bevel Alpha-0002","ix":2,"v":{"a":0,"k":-60,"ix":2}},{"ty":2,"nm":"Light Color","mn":"ADBE Bevel Alpha-0003","ix":3,"v":{"a":0,"k":[1,1,1,1],"ix":3}},{"ty":0,"nm":"Light Intensity","mn":"ADBE Bevel Alpha-0004","ix":4,"v":{"a":0,"k":0.4,"ix":4}}]}],"shapes":[{"ty":"gr","it":[{"ty":"sr","sy":1,"d":2,"pt":{"a":0,"k":5,"ix":3},"p":{"a":0,"k":[0,0],"ix":4},"r":{"a":0,"k":116.295,"ix":5},"ir":{"a":1,"k":[{"i":{"x":[0.667],"y":[1]},"o":{"x":[0.167],"y":[0.167]},"t":4,"s":[120]},{"i":{"x":[0.833],"y":[0.833]},"o":{"x":[0.333],"y":[0]},"t":8,"s":[148.999]},{"t":18.142578125,"s":[119.999]}],"ix":6},"is":{"a":0,"k":63,"ix":8},"or":{"a":0,"k":211.998,"ix":7},"os":{"a":0,"k":43,"ix":9},"ix":1,"nm":"Polystar Path 1","mn":"ADBE Vector Shape - Star","hd":false},{"ty":"fl","c":{"a":0,"k":[0.879215734145,0.71921673943,0.163430771173,1],"ix":4},"o":{"a":0,"k":100,"ix":5},"r":1,"bm":0,"nm":"Fill 1","mn":"ADBE Vector Graphic - Fill","hd":false},{"ty":"tr","p":{"a":0,"k":[-88.323,30.186],"ix":2},"a":{"a":0,"k":[0,0],"ix":1},"s":{"a":0,"k":[87.059,89.474],"ix":3},"r":{"a":0,"k":90.024,"ix":6},"o":{"a":0,"k":100,"ix":7},"sk":{"a":0,"k":0,"ix":4},"sa":{"a":0,"k":0,"ix":5},"nm":"Transform"}],"nm":"Polystar 1","np":3,"cix":2,"bm":0,"ix":1,"mn":"ADBE Vector Group","hd":false}],"ip":0,"op":224,"st":0,"bm":0},{"ddd":0,"ind":3,"ty":4,"nm":"Shape Layer 3","tt":3,"sr":1,"ks":{"o":{"a":0,"k":100,"ix":11},"r":{"a":0,"k":0,"ix":10},"p":{"a":0,"k":[540,540,0],"ix":2},"a":{"a":0,"k":[0,0,0],"ix":1},"s":{"a":0,"k":[100,100,100],"ix":6}},"ao":0,"shapes":[{"ty":"gr","it":[{"ty":"rc","d":2,"s":{"a":0,"k":[1080,1080],"ix":2},"p":{"a":0,"k":[0,0],"ix":3},"r":{"a":0,"k":0,"ix":4},"nm":"Rectangle Path 1","mn":"ADBE Vector Shape - Rect","hd":false},{"ty":"gf","o":{"a":0,"k":100,"ix":10},"r":1,"bm":0,"g":{"p":3,"k":{"a":0,"k":[0,1,0.758,0,0.563,0.974,0.624,0.005,0.67,0.948,0.491,0.01],"ix":9}},"s":{"a":0,"k":[-540,-2.443],"ix":5},"e":{"a":0,"k":[549.593,-7.33],"ix":6},"t":1,"nm":"Gradient Fill 1","mn":"ADBE Vector Graphic - G-Fill","hd":false},{"ty":"tr","p":{"a":0,"k":[1.222,21.991],"ix":2},"a":{"a":0,"k":[0,0],"ix":1},"s":{"a":0,"k":[100,100],"ix":3},"r":{"a":0,"k":90,"ix":6},"o":{"a":0,"k":100,"ix":7},"sk":{"a":0,"k":0,"ix":4},"sa":{"a":0,"k":0,"ix":5},"nm":"Transform"}],"nm":"Rectangle 1","np":3,"cix":2,"bm":0,"ix":1,"mn":"ADBE Vector Group","hd":false}],"ip":0,"op":224,"st":0,"bm":0}],"markers":[]}