{"v":"5.9.6","fr":30,"ip":0,"op":51,"w":500,"h":500,"nm":"Sweat grinning","ddd":0,"assets":[{"id":"comp_0","nm":"main","fr":30,"layers":[{"ddd":0,"ind":1,"ty":4,"nm":"Layer 2","sr":1,"ks":{"o":{"a":0,"k":100,"ix":11},"r":{"a":1,"k":[{"i":{"x":[0.667],"y":[1]},"o":{"x":[0.333],"y":[0]},"t":0,"s":[-14]},{"t":35.63671875,"s":[19]}],"ix":10},"p":{"a":1,"k":[{"i":{"x":0.702,"y":0},"o":{"x":0.333,"y":0},"t":0,"s":[333.913,93.285,0],"to":[8.583,3.333,0],"ti":[-6.333,-22.083,0]},{"i":{"x":0.667,"y":1},"o":{"x":0.333,"y":0.081},"t":35.637,"s":[373.913,132.285,0],"to":[21.583,93.583,0],"ti":[-1.167,-49.583,0]},{"t":49,"s":[380.913,429.785,0]}],"ix":2,"l":2},"a":{"a":0,"k":[113.413,-108.215,0],"ix":1,"l":2},"s":{"a":1,"k":[{"i":{"x":[0.667,0.667,0.667],"y":[1,1,1]},"o":{"x":[0.333,0.333,0.333],"y":[0,0,0]},"t":0,"s":[0,0,100]},{"t":35.63671875,"s":[137,137,100]}],"ix":6,"l":2}},"ao":0,"shapes":[{"ty":"gr","it":[{"ind":0,"ty":"sh","ix":1,"ks":{"a":1,"k":[{"i":{"x":0.667,"y":1},"o":{"x":0.167,"y":0},"t":31.182,"s":[{"i":[[0,0],[-35.644,12.855]],"o":[[0,0],[38.247,-13.794]],"v":[[114.343,-108.162],[149.576,-50.719]],"c":true}]},{"i":{"x":0.667,"y":0.435},"o":{"x":0.333,"y":0},"t":35.637,"s":[{"i":[[0,0],[-36.042,19.125]],"o":[[0,0],[34.594,-18.357]],"v":[[114.343,-108.162],[149.186,-48.725]],"c":true}]},{"i":{"x":0.355,"y":1},"o":{"x":0.333,"y":0.565},"t":40.091,"s":[{"i":[[0,0],[-31.526,14.706]],"o":[[0,0],[26.413,-12.321]],"v":[[114.343,-108.162],[148.473,-25.414]],"c":true}]},{"t":49,"s":[{"i":[[0,0],[-35.644,12.855]],"o":[[0,0],[38.247,-13.794]],"v":[[114.343,-108.162],[140.508,-44.976]],"c":true}]}],"ix":2},"nm":"Path 1","mn":"ADBE Vector Shape - Group","hd":false},{"ty":"fl","c":{"a":0,"k":[0.313725490196,0.729411764706,0.866666726505,1],"ix":4},"o":{"a":0,"k":100,"ix":5},"r":1,"bm":0,"nm":"Fill 1","mn":"ADBE Vector Graphic - Fill","hd":false},{"ty":"tr","p":{"a":0,"k":[0,0],"ix":2},"a":{"a":0,"k":[0,0],"ix":1},"s":{"a":0,"k":[100,100],"ix":3},"r":{"a":0,"k":0,"ix":6},"o":{"a":0,"k":100,"ix":7},"sk":{"a":0,"k":0,"ix":4},"sa":{"a":0,"k":0,"ix":5},"nm":"Transform"}],"nm":"Group 1","np":2,"cix":2,"bm":0,"ix":1,"mn":"ADBE Vector Group","hd":false}],"ip":0,"op":180,"st":0,"ct":1,"bm":0},{"ddd":0,"ind":2,"ty":4,"nm":"l eye","sr":1,"ks":{"o":{"a":0,"k":100,"ix":11},"r":{"a":0,"k":0,"ix":10},"p":{"a":0,"k":[288.593,190.975,0],"ix":2,"l":2},"a":{"a":0,"k":[38.593,-59.025,0],"ix":1,"l":2},"s":{"a":0,"k":[100,100,100],"ix":6,"l":2}},"ao":0,"shapes":[{"ty":"gr","it":[{"ty":"gr","it":[{"ty":"gr","it":[{"ind":0,"ty":"sh","ix":1,"ks":{"a":1,"k":[{"i":{"x":0.667,"y":1},"o":{"x":0.333,"y":0},"t":0,"s":[{"i":[[0,0],[12.651,-24.553]],"o":[[-12.61,-30.975],[0,0]],"v":[[82.203,-42.303],[17.652,-44.32]],"c":false}]},{"i":{"x":0.667,"y":1},"o":{"x":0.333,"y":0},"t":6,"s":[{"i":[[0,0],[12.271,-24.745]],"o":[[-13.085,-30.777],[0,0]],"v":[[81.058,-56.084],[16.484,-57.107]],"c":false}]},{"i":{"x":0.667,"y":1},"o":{"x":0.333,"y":0},"t":10,"s":[{"i":[[0,0],[12.651,-24.553]],"o":[[-12.61,-30.975],[0,0]],"v":[[82.203,-42.303],[17.652,-44.32]],"c":false}]},{"i":{"x":0.667,"y":1},"o":{"x":0.333,"y":0},"t":16,"s":[{"i":[[0,0],[12.271,-24.745]],"o":[[-13.085,-30.777],[0,0]],"v":[[81.058,-56.084],[16.484,-57.107]],"c":false}]},{"i":{"x":0.667,"y":1},"o":{"x":0.333,"y":0},"t":20,"s":[{"i":[[0,0],[12.651,-24.553]],"o":[[-12.61,-30.975],[0,0]],"v":[[82.203,-42.303],[17.652,-44.32]],"c":false}]},{"i":{"x":0.667,"y":1},"o":{"x":0.333,"y":0},"t":26,"s":[{"i":[[0,0],[12.271,-24.745]],"o":[[-13.085,-30.777],[0,0]],"v":[[81.058,-56.084],[16.484,-57.107]],"c":false}]},{"i":{"x":0.667,"y":1},"o":{"x":0.333,"y":0},"t":30,"s":[{"i":[[0,0],[12.651,-24.553]],"o":[[-12.61,-30.975],[0,0]],"v":[[82.203,-42.303],[17.652,-44.32]],"c":false}]},{"i":{"x":0.667,"y":1},"o":{"x":0.333,"y":0},"t":36,"s":[{"i":[[0,0],[12.271,-24.745]],"o":[[-13.085,-30.777],[0,0]],"v":[[81.058,-56.084],[16.484,-57.107]],"c":false}]},{"i":{"x":0.667,"y":1},"o":{"x":0.333,"y":0},"t":40,"s":[{"i":[[0,0],[12.651,-24.553]],"o":[[-12.61,-30.975],[0,0]],"v":[[82.203,-42.303],[17.652,-44.32]],"c":false}]},{"i":{"x":0.667,"y":1},"o":{"x":0.333,"y":0},"t":46,"s":[{"i":[[0,0],[12.271,-24.745]],"o":[[-13.085,-30.777],[0,0]],"v":[[81.058,-56.084],[16.484,-57.107]],"c":false}]},{"t":50,"s":[{"i":[[0,0],[12.651,-24.553]],"o":[[-12.61,-30.975],[0,0]],"v":[[82.203,-42.303],[17.652,-44.32]],"c":false}]}],"ix":2},"nm":"Path 1","mn":"ADBE Vector Shape - Group","hd":false},{"ty":"st","c":{"a":0,"k":[0.258823543787,0.156862750649,0.113725490868,1],"ix":3},"o":{"a":0,"k":100,"ix":4},"w":{"a":0,"k":10,"ix":5},"lc":2,"lj":2,"bm":0,"nm":"Stroke 1","mn":"ADBE Vector Graphic - Stroke","hd":false},{"ty":"tr","p":{"a":0,"k":[0,0],"ix":2},"a":{"a":0,"k":[0,0],"ix":1},"s":{"a":0,"k":[100,100],"ix":3},"r":{"a":0,"k":0,"ix":6},"o":{"a":0,"k":100,"ix":7},"sk":{"a":0,"k":0,"ix":4},"sa":{"a":0,"k":0,"ix":5},"nm":"Transform"}],"nm":"Group 1","np":2,"cix":2,"bm":0,"ix":1,"mn":"ADBE Vector Group","hd":false},{"ty":"tr","p":{"a":0,"k":[0,0],"ix":2},"a":{"a":0,"k":[0,0],"ix":1},"s":{"a":0,"k":[100,100],"ix":3},"r":{"a":0,"k":0,"ix":6},"o":{"a":0,"k":100,"ix":7},"sk":{"a":0,"k":0,"ix":4},"sa":{"a":0,"k":0,"ix":5},"nm":"Transform"}],"nm":"Group 1","np":1,"cix":2,"bm":0,"ix":1,"mn":"ADBE Vector Group","hd":false},{"ty":"tr","p":{"a":0,"k":[0,0],"ix":2},"a":{"a":0,"k":[0,0],"ix":1},"s":{"a":0,"k":[100,100],"ix":3},"r":{"a":0,"k":0,"ix":6},"o":{"a":0,"k":100,"ix":7},"sk":{"a":0,"k":0,"ix":4},"sa":{"a":0,"k":0,"ix":5},"nm":"Transform"}],"nm":"Group 1","np":1,"cix":2,"bm":0,"ix":1,"mn":"ADBE Vector Group","hd":false},{"ty":"gr","it":[{"ty":"gr","it":[{"ty":"gr","it":[{"ty":"gr","it":[{"ind":0,"ty":"sh","ix":1,"ks":{"a":1,"k":[{"i":{"x":0.667,"y":1},"o":{"x":0.333,"y":0},"t":0,"s":[{"i":[[-2.391,0.211],[-0.531,0.223],[1.181,2.999],[15.079,0.743],[7.097,-14.443],[-2.766,-1.489],[-1.409,2.865],[-11.618,-0.58],[-4.343,-11.061]],"o":[[0.546,-0.048],[2.87,-1.207],[-6.005,-15.253],[-15.929,-0.785],[-1.41,2.869],[2.77,1.492],[5.145,-10.458],[10.73,0.535],[0.96,2.444]],"v":[[80.403,-30.384],[82.027,-30.792],[85.085,-38.408],[51.417,-63.971],[12.927,-41.167],[15.376,-33.272],[22.938,-35.766],[50.959,-52.277],[74.693,-34.033]],"c":true}]},{"i":{"x":0.667,"y":1},"o":{"x":0.333,"y":0},"t":6,"s":[{"i":[[-2.387,0.248],[-0.528,0.232],[1.227,2.98],[15.088,0.511],[6.874,-14.551],[-2.789,-1.447],[-1.365,2.886],[-11.626,-0.401],[-4.513,-10.993]],"o":[[0.546,-0.057],[2.851,-1.251],[-6.24,-15.159],[-15.939,-0.539],[-1.365,2.89],[2.793,1.449],[4.983,-10.536],[10.737,0.37],[0.997,2.429]],"v":[[79.442,-44.139],[81.06,-44.572],[84.001,-52.233],[49.943,-77.275],[11.808,-53.882],[14.379,-46.025],[21.901,-48.635],[49.664,-65.575],[73.677,-47.699]],"c":true}]},{"i":{"x":0.667,"y":1},"o":{"x":0.333,"y":0},"t":10,"s":[{"i":[[-2.391,0.211],[-0.531,0.223],[1.181,2.999],[15.079,0.743],[7.097,-14.443],[-2.766,-1.489],[-1.409,2.865],[-11.618,-0.58],[-4.343,-11.061]],"o":[[0.546,-0.048],[2.87,-1.207],[-6.005,-15.253],[-15.929,-0.785],[-1.41,2.869],[2.77,1.492],[5.145,-10.458],[10.73,0.535],[0.96,2.444]],"v":[[80.403,-30.384],[82.027,-30.792],[85.085,-38.408],[51.417,-63.971],[12.927,-41.167],[15.376,-33.272],[22.938,-35.766],[50.959,-52.277],[74.693,-34.033]],"c":true}]},{"i":{"x":0.667,"y":1},"o":{"x":0.333,"y":0},"t":16,"s":[{"i":[[-2.387,0.248],[-0.528,0.232],[1.227,2.98],[15.088,0.511],[6.874,-14.551],[-2.789,-1.447],[-1.365,2.886],[-11.626,-0.401],[-4.513,-10.993]],"o":[[0.546,-0.057],[2.851,-1.251],[-6.24,-15.159],[-15.939,-0.539],[-1.365,2.89],[2.793,1.449],[4.983,-10.536],[10.737,0.37],[0.997,2.429]],"v":[[79.442,-44.139],[81.06,-44.572],[84.001,-52.233],[49.943,-77.275],[11.808,-53.882],[14.379,-46.025],[21.901,-48.635],[49.664,-65.575],[73.677,-47.699]],"c":true}]},{"i":{"x":0.667,"y":1},"o":{"x":0.333,"y":0},"t":20,"s":[{"i":[[-2.391,0.211],[-0.531,0.223],[1.181,2.999],[15.079,0.743],[7.097,-14.443],[-2.766,-1.489],[-1.409,2.865],[-11.618,-0.58],[-4.343,-11.061]],"o":[[0.546,-0.048],[2.87,-1.207],[-6.005,-15.253],[-15.929,-0.785],[-1.41,2.869],[2.77,1.492],[5.145,-10.458],[10.73,0.535],[0.96,2.444]],"v":[[80.403,-30.384],[82.027,-30.792],[85.085,-38.408],[51.417,-63.971],[12.927,-41.167],[15.376,-33.272],[22.938,-35.766],[50.959,-52.277],[74.693,-34.033]],"c":true}]},{"i":{"x":0.667,"y":1},"o":{"x":0.333,"y":0},"t":26,"s":[{"i":[[-2.387,0.248],[-0.528,0.232],[1.227,2.98],[15.088,0.511],[6.874,-14.551],[-2.789,-1.447],[-1.365,2.886],[-11.626,-0.401],[-4.513,-10.993]],"o":[[0.546,-0.057],[2.851,-1.251],[-6.24,-15.159],[-15.939,-0.539],[-1.365,2.89],[2.793,1.449],[4.983,-10.536],[10.737,0.37],[0.997,2.429]],"v":[[79.442,-44.139],[81.06,-44.572],[84.001,-52.233],[49.943,-77.275],[11.808,-53.882],[14.379,-46.025],[21.901,-48.635],[49.664,-65.575],[73.677,-47.699]],"c":true}]},{"i":{"x":0.667,"y":1},"o":{"x":0.333,"y":0},"t":30,"s":[{"i":[[-2.391,0.211],[-0.531,0.223],[1.181,2.999],[15.079,0.743],[7.097,-14.443],[-2.766,-1.489],[-1.409,2.865],[-11.618,-0.58],[-4.343,-11.061]],"o":[[0.546,-0.048],[2.87,-1.207],[-6.005,-15.253],[-15.929,-0.785],[-1.41,2.869],[2.77,1.492],[5.145,-10.458],[10.73,0.535],[0.96,2.444]],"v":[[80.403,-30.384],[82.027,-30.792],[85.085,-38.408],[51.417,-63.971],[12.927,-41.167],[15.376,-33.272],[22.938,-35.766],[50.959,-52.277],[74.693,-34.033]],"c":true}]},{"i":{"x":0.667,"y":1},"o":{"x":0.333,"y":0},"t":36,"s":[{"i":[[-2.387,0.248],[-0.528,0.232],[1.227,2.98],[15.088,0.511],[6.874,-14.551],[-2.789,-1.447],[-1.365,2.886],[-11.626,-0.401],[-4.513,-10.993]],"o":[[0.546,-0.057],[2.851,-1.251],[-6.24,-15.159],[-15.939,-0.539],[-1.365,2.89],[2.793,1.449],[4.983,-10.536],[10.737,0.37],[0.997,2.429]],"v":[[79.442,-44.139],[81.06,-44.572],[84.001,-52.233],[49.943,-77.275],[11.808,-53.882],[14.379,-46.025],[21.901,-48.635],[49.664,-65.575],[73.677,-47.699]],"c":true}]},{"i":{"x":0.667,"y":1},"o":{"x":0.333,"y":0},"t":40,"s":[{"i":[[-2.391,0.211],[-0.531,0.223],[1.181,2.999],[15.079,0.743],[7.097,-14.443],[-2.766,-1.489],[-1.409,2.865],[-11.618,-0.58],[-4.343,-11.061]],"o":[[0.546,-0.048],[2.87,-1.207],[-6.005,-15.253],[-15.929,-0.785],[-1.41,2.869],[2.77,1.492],[5.145,-10.458],[10.73,0.535],[0.96,2.444]],"v":[[80.403,-30.384],[82.027,-30.792],[85.085,-38.408],[51.417,-63.971],[12.927,-41.167],[15.376,-33.272],[22.938,-35.766],[50.959,-52.277],[74.693,-34.033]],"c":true}]},{"i":{"x":0.667,"y":1},"o":{"x":0.333,"y":0},"t":46,"s":[{"i":[[-2.387,0.248],[-0.528,0.232],[1.227,2.98],[15.088,0.511],[6.874,-14.551],[-2.789,-1.447],[-1.365,2.886],[-11.626,-0.401],[-4.513,-10.993]],"o":[[0.546,-0.057],[2.851,-1.251],[-6.24,-15.159],[-15.939,-0.539],[-1.365,2.89],[2.793,1.449],[4.983,-10.536],[10.737,0.37],[0.997,2.429]],"v":[[79.442,-44.139],[81.06,-44.572],[84.001,-52.233],[49.943,-77.275],[11.808,-53.882],[14.379,-46.025],[21.901,-48.635],[49.664,-65.575],[73.677,-47.699]],"c":true}]},{"t":50,"s":[{"i":[[-2.391,0.211],[-0.531,0.223],[1.181,2.999],[15.079,0.743],[7.097,-14.443],[-2.766,-1.489],[-1.409,2.865],[-11.618,-0.58],[-4.343,-11.061]],"o":[[0.546,-0.048],[2.87,-1.207],[-6.005,-15.253],[-15.929,-0.785],[-1.41,2.869],[2.77,1.492],[5.145,-10.458],[10.73,0.535],[0.96,2.444]],"v":[[80.403,-30.384],[82.027,-30.792],[85.085,-38.408],[51.417,-63.971],[12.927,-41.167],[15.376,-33.272],[22.938,-35.766],[50.959,-52.277],[74.693,-34.033]],"c":true}]}],"ix":2},"nm":"Path 1","mn":"ADBE Vector Shape - Group","hd":false},{"ty":"fl","c":{"a":0,"k":[0.996078431606,0.949019610882,0.592156887054,1],"ix":4},"o":{"a":0,"k":100,"ix":5},"r":1,"bm":0,"nm":"Fill 1","mn":"ADBE Vector Graphic - Fill","hd":false},{"ty":"tr","p":{"a":0,"k":[0,0],"ix":2},"a":{"a":0,"k":[0,0],"ix":1},"s":{"a":0,"k":[100,100],"ix":3},"r":{"a":0,"k":0,"ix":6},"o":{"a":0,"k":100,"ix":7},"sk":{"a":0,"k":0,"ix":4},"sa":{"a":0,"k":0,"ix":5},"nm":"Transform"}],"nm":"Group 1","np":2,"cix":2,"bm":0,"ix":1,"mn":"ADBE Vector Group","hd":false},{"ty":"tr","p":{"a":0,"k":[0,0],"ix":2},"a":{"a":0,"k":[0,0],"ix":1},"s":{"a":0,"k":[100,100],"ix":3},"r":{"a":0,"k":0,"ix":6},"o":{"a":0,"k":100,"ix":7},"sk":{"a":0,"k":0,"ix":4},"sa":{"a":0,"k":0,"ix":5},"nm":"Transform"}],"nm":"Group 1","np":1,"cix":2,"bm":0,"ix":1,"mn":"ADBE Vector Group","hd":false},{"ty":"tr","p":{"a":0,"k":[0,0],"ix":2},"a":{"a":0,"k":[0,0],"ix":1},"s":{"a":0,"k":[100,100],"ix":3},"r":{"a":0,"k":0,"ix":6},"o":{"a":0,"k":100,"ix":7},"sk":{"a":0,"k":0,"ix":4},"sa":{"a":0,"k":0,"ix":5},"nm":"Transform"}],"nm":"Group 1","np":1,"cix":2,"bm":0,"ix":1,"mn":"ADBE Vector Group","hd":false},{"ty":"tr","p":{"a":0,"k":[0,0],"ix":2},"a":{"a":0,"k":[0,0],"ix":1},"s":{"a":0,"k":[100,100],"ix":3},"r":{"a":0,"k":0,"ix":6},"o":{"a":0,"k":42,"ix":7},"sk":{"a":0,"k":0,"ix":4},"sa":{"a":0,"k":0,"ix":5},"nm":"Transform"}],"nm":"Group 2","np":1,"cix":2,"bm":0,"ix":2,"mn":"ADBE Vector Group","hd":false}],"ip":0,"op":180,"st":0,"ct":1,"bm":0},{"ddd":0,"ind":3,"ty":4,"nm":"r eye","sr":1,"ks":{"o":{"a":0,"k":100,"ix":11},"r":{"a":0,"k":0,"ix":10},"p":{"a":0,"k":[206.614,190.975,0],"ix":2,"l":2},"a":{"a":0,"k":[-43.386,-59.025,0],"ix":1,"l":2},"s":{"a":0,"k":[100,100,100],"ix":6,"l":2}},"ao":0,"shapes":[{"ty":"gr","it":[{"ty":"gr","it":[{"ty":"gr","it":[{"ind":0,"ty":"sh","ix":1,"ks":{"a":1,"k":[{"i":{"x":0.667,"y":1},"o":{"x":0.333,"y":0},"t":0,"s":[{"i":[[0,0],[-13.247,-24.237]],"o":[[11.849,-31.274],[0,0]],"v":[[-84.813,-40.965],[-20.33,-44.558]],"c":false}]},{"i":{"x":0.667,"y":1},"o":{"x":0.333,"y":0},"t":6,"s":[{"i":[[0,0],[-12.533,-24.613]],"o":[[12.757,-30.915],[0,0]],"v":[[-80.53,-56.968],[-15.971,-58.677]],"c":false}]},{"i":{"x":0.667,"y":1},"o":{"x":0.333,"y":0},"t":10,"s":[{"i":[[0,0],[-13.247,-24.237]],"o":[[11.849,-31.274],[0,0]],"v":[[-84.813,-40.965],[-20.33,-44.558]],"c":false}]},{"i":{"x":0.667,"y":1},"o":{"x":0.333,"y":0},"t":16,"s":[{"i":[[0,0],[-12.533,-24.613]],"o":[[12.757,-30.915],[0,0]],"v":[[-80.53,-56.968],[-15.971,-58.677]],"c":false}]},{"i":{"x":0.667,"y":1},"o":{"x":0.333,"y":0},"t":20,"s":[{"i":[[0,0],[-13.247,-24.237]],"o":[[11.849,-31.274],[0,0]],"v":[[-84.813,-40.965],[-20.33,-44.558]],"c":false}]},{"i":{"x":0.667,"y":1},"o":{"x":0.333,"y":0},"t":26,"s":[{"i":[[0,0],[-12.533,-24.613]],"o":[[12.757,-30.915],[0,0]],"v":[[-80.53,-56.968],[-15.971,-58.677]],"c":false}]},{"i":{"x":0.667,"y":1},"o":{"x":0.333,"y":0},"t":30,"s":[{"i":[[0,0],[-13.247,-24.237]],"o":[[11.849,-31.274],[0,0]],"v":[[-84.813,-40.965],[-20.33,-44.558]],"c":false}]},{"i":{"x":0.667,"y":1},"o":{"x":0.333,"y":0},"t":36,"s":[{"i":[[0,0],[-12.533,-24.613]],"o":[[12.757,-30.915],[0,0]],"v":[[-80.53,-56.968],[-15.971,-58.677]],"c":false}]},{"i":{"x":0.667,"y":1},"o":{"x":0.333,"y":0},"t":40,"s":[{"i":[[0,0],[-13.247,-24.237]],"o":[[11.849,-31.274],[0,0]],"v":[[-84.813,-40.965],[-20.33,-44.558]],"c":false}]},{"i":{"x":0.667,"y":1},"o":{"x":0.333,"y":0},"t":46,"s":[{"i":[[0,0],[-12.533,-24.613]],"o":[[12.757,-30.915],[0,0]],"v":[[-80.53,-56.968],[-15.971,-58.677]],"c":false}]},{"t":50,"s":[{"i":[[0,0],[-13.247,-24.237]],"o":[[11.849,-31.274],[0,0]],"v":[[-84.813,-40.965],[-20.33,-44.558]],"c":false}]}],"ix":2},"nm":"Path 1","mn":"ADBE Vector Shape - Group","hd":false},{"ty":"st","c":{"a":0,"k":[0.258823543787,0.156862750649,0.113725490868,1],"ix":3},"o":{"a":0,"k":100,"ix":4},"w":{"a":0,"k":10,"ix":5},"lc":2,"lj":2,"bm":0,"nm":"Stroke 1","mn":"ADBE Vector Graphic - Stroke","hd":false},{"ty":"tr","p":{"a":0,"k":[0,0],"ix":2},"a":{"a":0,"k":[0,0],"ix":1},"s":{"a":0,"k":[100,100],"ix":3},"r":{"a":0,"k":0,"ix":6},"o":{"a":0,"k":100,"ix":7},"sk":{"a":0,"k":0,"ix":4},"sa":{"a":0,"k":0,"ix":5},"nm":"Transform"}],"nm":"Group 1","np":2,"cix":2,"bm":0,"ix":1,"mn":"ADBE Vector Group","hd":false},{"ty":"tr","p":{"a":0,"k":[0,0],"ix":2},"a":{"a":0,"k":[0,0],"ix":1},"s":{"a":0,"k":[100,100],"ix":3},"r":{"a":0,"k":0,"ix":6},"o":{"a":0,"k":100,"ix":7},"sk":{"a":0,"k":0,"ix":4},"sa":{"a":0,"k":0,"ix":5},"nm":"Transform"}],"nm":"Group 1","np":1,"cix":2,"bm":0,"ix":1,"mn":"ADBE Vector Group","hd":false},{"ty":"tr","p":{"a":0,"k":[0,0],"ix":2},"a":{"a":0,"k":[0,0],"ix":1},"s":{"a":0,"k":[100,100],"ix":3},"r":{"a":0,"k":0,"ix":6},"o":{"a":0,"k":100,"ix":7},"sk":{"a":0,"k":0,"ix":4},"sa":{"a":0,"k":0,"ix":5},"nm":"Transform"}],"nm":"Group 1","np":1,"cix":2,"bm":0,"ix":1,"mn":"ADBE Vector Group","hd":false},{"ty":"gr","it":[{"ty":"gr","it":[{"ty":"gr","it":[{"ty":"gr","it":[{"ind":0,"ty":"sh","ix":1,"ks":{"a":1,"k":[{"i":{"x":0.667,"y":1},"o":{"x":0.333,"y":0},"t":0,"s":[{"i":[[2.395,0.153],[0.537,0.21],[-1.107,3.027],[-15.056,1.111],[-7.448,-14.265],[2.729,-1.557],[1.479,2.829],[11.6,-0.863],[4.072,-11.164]],"o":[[-0.548,-0.035],[-2.899,-1.136],[5.631,-15.395],[15.905,-1.173],[1.479,2.833],[-2.733,1.559],[-5.399,-10.329],[-10.713,0.797],[-0.9,2.467]],"v":[[-82.722,-29.093],[-84.356,-29.461],[-87.599,-37],[-54.565,-63.378],[-15.529,-41.521],[-17.785,-33.568],[-25.406,-35.877],[-53.821,-51.698],[-77.103,-32.88]],"c":true}]},{"i":{"x":0.667,"y":1},"o":{"x":0.333,"y":0},"t":6,"s":[{"i":[[2.39,0.223],[0.53,0.226],[-1.195,2.993],[-15.082,0.671],[-7.028,-14.477],[2.773,-1.476],[1.396,2.871],[11.621,-0.524],[4.396,-11.04]],"o":[[-0.546,-0.051],[-2.864,-1.22],[6.078,-15.224],[15.933,-0.709],[1.396,2.875],[-2.777,1.478],[-5.095,-10.482],[-10.732,0.484],[-0.971,2.439]],"v":[[-78.787,-45.04],[-80.41,-45.456],[-83.431,-53.086],[-49.642,-78.488],[-11.26,-55.501],[-13.748,-47.618],[-21.297,-50.148],[-49.239,-66.792],[-73.061,-48.662]],"c":true}]},{"i":{"x":0.667,"y":1},"o":{"x":0.333,"y":0},"t":10,"s":[{"i":[[2.395,0.153],[0.537,0.21],[-1.107,3.027],[-15.056,1.111],[-7.448,-14.265],[2.729,-1.557],[1.479,2.829],[11.6,-0.863],[4.072,-11.164]],"o":[[-0.548,-0.035],[-2.899,-1.136],[5.631,-15.395],[15.905,-1.173],[1.479,2.833],[-2.733,1.559],[-5.399,-10.329],[-10.713,0.797],[-0.9,2.467]],"v":[[-82.722,-29.093],[-84.356,-29.461],[-87.599,-37],[-54.565,-63.378],[-15.529,-41.521],[-17.785,-33.568],[-25.406,-35.877],[-53.821,-51.698],[-77.103,-32.88]],"c":true}]},{"i":{"x":0.667,"y":1},"o":{"x":0.333,"y":0},"t":16,"s":[{"i":[[2.39,0.223],[0.53,0.226],[-1.195,2.993],[-15.082,0.671],[-7.028,-14.477],[2.773,-1.476],[1.396,2.871],[11.621,-0.524],[4.396,-11.04]],"o":[[-0.546,-0.051],[-2.864,-1.22],[6.078,-15.224],[15.933,-0.709],[1.396,2.875],[-2.777,1.478],[-5.095,-10.482],[-10.732,0.484],[-0.971,2.439]],"v":[[-78.787,-45.04],[-80.41,-45.456],[-83.431,-53.086],[-49.642,-78.488],[-11.26,-55.501],[-13.748,-47.618],[-21.297,-50.148],[-49.239,-66.792],[-73.061,-48.662]],"c":true}]},{"i":{"x":0.667,"y":1},"o":{"x":0.333,"y":0},"t":20,"s":[{"i":[[2.395,0.153],[0.537,0.21],[-1.107,3.027],[-15.056,1.111],[-7.448,-14.265],[2.729,-1.557],[1.479,2.829],[11.6,-0.863],[4.072,-11.164]],"o":[[-0.548,-0.035],[-2.899,-1.136],[5.631,-15.395],[15.905,-1.173],[1.479,2.833],[-2.733,1.559],[-5.399,-10.329],[-10.713,0.797],[-0.9,2.467]],"v":[[-82.722,-29.093],[-84.356,-29.461],[-87.599,-37],[-54.565,-63.378],[-15.529,-41.521],[-17.785,-33.568],[-25.406,-35.877],[-53.821,-51.698],[-77.103,-32.88]],"c":true}]},{"i":{"x":0.667,"y":1},"o":{"x":0.333,"y":0},"t":26,"s":[{"i":[[2.39,0.223],[0.53,0.226],[-1.195,2.993],[-15.082,0.671],[-7.028,-14.477],[2.773,-1.476],[1.396,2.871],[11.621,-0.524],[4.396,-11.04]],"o":[[-0.546,-0.051],[-2.864,-1.22],[6.078,-15.224],[15.933,-0.709],[1.396,2.875],[-2.777,1.478],[-5.095,-10.482],[-10.732,0.484],[-0.971,2.439]],"v":[[-78.787,-45.04],[-80.41,-45.456],[-83.431,-53.086],[-49.642,-78.488],[-11.26,-55.501],[-13.748,-47.618],[-21.297,-50.148],[-49.239,-66.792],[-73.061,-48.662]],"c":true}]},{"i":{"x":0.667,"y":1},"o":{"x":0.333,"y":0},"t":30,"s":[{"i":[[2.395,0.153],[0.537,0.21],[-1.107,3.027],[-15.056,1.111],[-7.448,-14.265],[2.729,-1.557],[1.479,2.829],[11.6,-0.863],[4.072,-11.164]],"o":[[-0.548,-0.035],[-2.899,-1.136],[5.631,-15.395],[15.905,-1.173],[1.479,2.833],[-2.733,1.559],[-5.399,-10.329],[-10.713,0.797],[-0.9,2.467]],"v":[[-82.722,-29.093],[-84.356,-29.461],[-87.599,-37],[-54.565,-63.378],[-15.529,-41.521],[-17.785,-33.568],[-25.406,-35.877],[-53.821,-51.698],[-77.103,-32.88]],"c":true}]},{"i":{"x":0.667,"y":1},"o":{"x":0.333,"y":0},"t":36,"s":[{"i":[[2.39,0.223],[0.53,0.226],[-1.195,2.993],[-15.082,0.671],[-7.028,-14.477],[2.773,-1.476],[1.396,2.871],[11.621,-0.524],[4.396,-11.04]],"o":[[-0.546,-0.051],[-2.864,-1.22],[6.078,-15.224],[15.933,-0.709],[1.396,2.875],[-2.777,1.478],[-5.095,-10.482],[-10.732,0.484],[-0.971,2.439]],"v":[[-78.787,-45.04],[-80.41,-45.456],[-83.431,-53.086],[-49.642,-78.488],[-11.26,-55.501],[-13.748,-47.618],[-21.297,-50.148],[-49.239,-66.792],[-73.061,-48.662]],"c":true}]},{"i":{"x":0.667,"y":1},"o":{"x":0.333,"y":0},"t":40,"s":[{"i":[[2.395,0.153],[0.537,0.21],[-1.107,3.027],[-15.056,1.111],[-7.448,-14.265],[2.729,-1.557],[1.479,2.829],[11.6,-0.863],[4.072,-11.164]],"o":[[-0.548,-0.035],[-2.899,-1.136],[5.631,-15.395],[15.905,-1.173],[1.479,2.833],[-2.733,1.559],[-5.399,-10.329],[-10.713,0.797],[-0.9,2.467]],"v":[[-82.722,-29.093],[-84.356,-29.461],[-87.599,-37],[-54.565,-63.378],[-15.529,-41.521],[-17.785,-33.568],[-25.406,-35.877],[-53.821,-51.698],[-77.103,-32.88]],"c":true}]},{"i":{"x":0.667,"y":1},"o":{"x":0.333,"y":0},"t":46,"s":[{"i":[[2.39,0.223],[0.53,0.226],[-1.195,2.993],[-15.082,0.671],[-7.028,-14.477],[2.773,-1.476],[1.396,2.871],[11.621,-0.524],[4.396,-11.04]],"o":[[-0.546,-0.051],[-2.864,-1.22],[6.078,-15.224],[15.933,-0.709],[1.396,2.875],[-2.777,1.478],[-5.095,-10.482],[-10.732,0.484],[-0.971,2.439]],"v":[[-78.787,-45.04],[-80.41,-45.456],[-83.431,-53.086],[-49.642,-78.488],[-11.26,-55.501],[-13.748,-47.618],[-21.297,-50.148],[-49.239,-66.792],[-73.061,-48.662]],"c":true}]},{"t":50,"s":[{"i":[[2.395,0.153],[0.537,0.21],[-1.107,3.027],[-15.056,1.111],[-7.448,-14.265],[2.729,-1.557],[1.479,2.829],[11.6,-0.863],[4.072,-11.164]],"o":[[-0.548,-0.035],[-2.899,-1.136],[5.631,-15.395],[15.905,-1.173],[1.479,2.833],[-2.733,1.559],[-5.399,-10.329],[-10.713,0.797],[-0.9,2.467]],"v":[[-82.722,-29.093],[-84.356,-29.461],[-87.599,-37],[-54.565,-63.378],[-15.529,-41.521],[-17.785,-33.568],[-25.406,-35.877],[-53.821,-51.698],[-77.103,-32.88]],"c":true}]}],"ix":2},"nm":"Path 1","mn":"ADBE Vector Shape - Group","hd":false},{"ty":"fl","c":{"a":0,"k":[0.996078431606,0.949019610882,0.592156887054,1],"ix":4},"o":{"a":0,"k":100,"ix":5},"r":1,"bm":0,"nm":"Fill 1","mn":"ADBE Vector Graphic - Fill","hd":false},{"ty":"tr","p":{"a":0,"k":[0,0],"ix":2},"a":{"a":0,"k":[0,0],"ix":1},"s":{"a":0,"k":[100,100],"ix":3},"r":{"a":0,"k":0,"ix":6},"o":{"a":0,"k":100,"ix":7},"sk":{"a":0,"k":0,"ix":4},"sa":{"a":0,"k":0,"ix":5},"nm":"Transform"}],"nm":"Group 1","np":2,"cix":2,"bm":0,"ix":1,"mn":"ADBE Vector Group","hd":false},{"ty":"tr","p":{"a":0,"k":[0,0],"ix":2},"a":{"a":0,"k":[0,0],"ix":1},"s":{"a":0,"k":[100,100],"ix":3},"r":{"a":0,"k":0,"ix":6},"o":{"a":0,"k":100,"ix":7},"sk":{"a":0,"k":0,"ix":4},"sa":{"a":0,"k":0,"ix":5},"nm":"Transform"}],"nm":"Group 1","np":1,"cix":2,"bm":0,"ix":1,"mn":"ADBE Vector Group","hd":false},{"ty":"tr","p":{"a":0,"k":[0,0],"ix":2},"a":{"a":0,"k":[0,0],"ix":1},"s":{"a":0,"k":[100,100],"ix":3},"r":{"a":0,"k":0,"ix":6},"o":{"a":0,"k":100,"ix":7},"sk":{"a":0,"k":0,"ix":4},"sa":{"a":0,"k":0,"ix":5},"nm":"Transform"}],"nm":"Group 1","np":1,"cix":2,"bm":0,"ix":1,"mn":"ADBE Vector Group","hd":false},{"ty":"tr","p":{"a":0,"k":[0,0],"ix":2},"a":{"a":0,"k":[0,0],"ix":1},"s":{"a":0,"k":[100,100],"ix":3},"r":{"a":0,"k":0,"ix":6},"o":{"a":0,"k":42,"ix":7},"sk":{"a":0,"k":0,"ix":4},"sa":{"a":0,"k":0,"ix":5},"nm":"Transform"}],"nm":"Group 2","np":1,"cix":2,"bm":0,"ix":2,"mn":"ADBE Vector Group","hd":false}],"ip":0,"op":180,"st":0,"ct":1,"bm":0},{"ddd":0,"ind":4,"ty":4,"nm":"mouth","sr":1,"ks":{"o":{"a":0,"k":100,"ix":11},"r":{"a":0,"k":0,"ix":10},"p":{"a":0,"k":[247.603,300.035,0],"ix":2,"l":2},"a":{"a":0,"k":[-2.397,50.035,0],"ix":1,"l":2},"s":{"a":0,"k":[100,100,100],"ix":6,"l":2}},"ao":0,"shapes":[{"ty":"gr","it":[{"ind":0,"ty":"sh","ix":1,"ks":{"a":1,"k":[{"i":{"x":0.667,"y":1},"o":{"x":0.333,"y":0},"t":0,"s":[{"i":[[-6.12,-18.826],[19.092,0],[15.3,9.047],[-39.853,0.033]],"o":[[-15.3,9.047],[-19.092,0],[5.867,-19.197],[39.449,-0.033]],"v":[[53.324,111.947],[1.103,126.116],[-51.117,111.947],[0.853,69.717]],"c":true}]},{"i":{"x":0.667,"y":1},"o":{"x":0.333,"y":0},"t":6,"s":[{"i":[[-6.12,-18.826],[19.092,0],[15.3,9.047],[-25.013,0]],"o":[[-15.3,9.047],[-19.092,0],[6.12,-18.826],[25.013,0]],"v":[[50.074,94.447],[-2.147,108.616],[-54.367,94.447],[-1.897,64.467]],"c":true}]},{"i":{"x":0.667,"y":1},"o":{"x":0.333,"y":0},"t":10,"s":[{"i":[[-6.12,-18.826],[19.092,0],[15.3,9.047],[-39.853,0.033]],"o":[[-15.3,9.047],[-19.092,0],[5.867,-19.197],[39.449,-0.033]],"v":[[53.324,111.947],[1.103,126.116],[-51.117,111.947],[0.853,69.717]],"c":true}]},{"i":{"x":0.667,"y":1},"o":{"x":0.333,"y":0},"t":16,"s":[{"i":[[-6.12,-18.826],[19.092,0],[15.3,9.047],[-25.013,0]],"o":[[-15.3,9.047],[-19.092,0],[6.12,-18.826],[25.013,0]],"v":[[50.074,94.447],[-2.147,108.616],[-54.367,94.447],[-1.897,64.467]],"c":true}]},{"i":{"x":0.667,"y":1},"o":{"x":0.333,"y":0},"t":20,"s":[{"i":[[-6.12,-18.826],[19.092,0],[15.3,9.047],[-39.853,0.033]],"o":[[-15.3,9.047],[-19.092,0],[5.867,-19.197],[39.449,-0.033]],"v":[[53.324,111.947],[1.103,126.116],[-51.117,111.947],[0.853,69.717]],"c":true}]},{"i":{"x":0.667,"y":1},"o":{"x":0.333,"y":0},"t":26,"s":[{"i":[[-6.12,-18.826],[19.092,0],[15.3,9.047],[-25.013,0]],"o":[[-15.3,9.047],[-19.092,0],[6.12,-18.826],[25.013,0]],"v":[[50.074,94.447],[-2.147,108.616],[-54.367,94.447],[-1.897,64.467]],"c":true}]},{"i":{"x":0.667,"y":1},"o":{"x":0.333,"y":0},"t":30,"s":[{"i":[[-6.12,-18.826],[19.092,0],[15.3,9.047],[-39.853,0.033]],"o":[[-15.3,9.047],[-19.092,0],[5.867,-19.197],[39.449,-0.033]],"v":[[53.324,111.947],[1.103,126.116],[-51.117,111.947],[0.853,69.717]],"c":true}]},{"i":{"x":0.667,"y":1},"o":{"x":0.333,"y":0},"t":36,"s":[{"i":[[-6.12,-18.826],[19.092,0],[15.3,9.047],[-25.013,0]],"o":[[-15.3,9.047],[-19.092,0],[6.12,-18.826],[25.013,0]],"v":[[50.074,94.447],[-2.147,108.616],[-54.367,94.447],[-1.897,64.467]],"c":true}]},{"i":{"x":0.667,"y":1},"o":{"x":0.333,"y":0},"t":40,"s":[{"i":[[-6.12,-18.826],[19.092,0],[15.3,9.047],[-39.853,0.033]],"o":[[-15.3,9.047],[-19.092,0],[5.867,-19.197],[39.449,-0.033]],"v":[[53.324,111.947],[1.103,126.116],[-51.117,111.947],[0.853,69.717]],"c":true}]},{"i":{"x":0.667,"y":1},"o":{"x":0.333,"y":0},"t":46,"s":[{"i":[[-6.12,-18.826],[19.092,0],[15.3,9.047],[-25.013,0]],"o":[[-15.3,9.047],[-19.092,0],[6.12,-18.826],[25.013,0]],"v":[[50.074,94.447],[-2.147,108.616],[-54.367,94.447],[-1.897,64.467]],"c":true}]},{"t":50,"s":[{"i":[[-6.12,-18.826],[19.092,0],[15.3,9.047],[-39.853,0.033]],"o":[[-15.3,9.047],[-19.092,0],[5.867,-19.197],[39.449,-0.033]],"v":[[53.324,111.947],[1.103,126.116],[-51.117,111.947],[0.853,69.717]],"c":true}]}],"ix":2},"nm":"Path 1","mn":"ADBE Vector Shape - Group","hd":false},{"ty":"fl","c":{"a":0,"k":[0.866666674614,0.266666680574,0.227450981736,1],"ix":4},"o":{"a":0,"k":100,"ix":5},"r":1,"bm":0,"nm":"Fill 1","mn":"ADBE Vector Graphic - Fill","hd":false},{"ty":"tr","p":{"a":0,"k":[0,0],"ix":2},"a":{"a":0,"k":[0,0],"ix":1},"s":{"a":0,"k":[100,100],"ix":3},"r":{"a":0,"k":0,"ix":6},"o":{"a":0,"k":100,"ix":7},"sk":{"a":0,"k":0,"ix":4},"sa":{"a":0,"k":0,"ix":5},"nm":"Transform"}],"nm":"Group 1","np":2,"cix":2,"bm":0,"ix":1,"mn":"ADBE Vector Group","hd":false},{"ty":"gr","it":[{"ind":0,"ty":"sh","ix":1,"ks":{"a":1,"k":[{"i":{"x":0.667,"y":1},"o":{"x":0.333,"y":0},"t":0,"s":[{"i":[[-67.296,-2.922],[1.929,-7.65],[0,0],[0,8.249]],"o":[[0,8.249],[0,0],[-1.929,-7.65],[75.09,-3.672]],"v":[[102.046,15.172],[98.436,38.121],[-98.48,38.621],[-101.34,15.922]],"c":true}]},{"i":{"x":0.667,"y":1},"o":{"x":0.333,"y":0},"t":6,"s":[{"i":[[-71.421,-6.547],[3.064,-7.746],[0,0],[1.34,8.328]],"o":[[0,8.249],[0,0],[-2.27,-9.121],[80.34,-8.172]],"v":[[107.671,1.047],[101.936,30.371],[-106.48,26.871],[-111.34,-0.828]],"c":true}]},{"i":{"x":0.667,"y":1},"o":{"x":0.333,"y":0},"t":10,"s":[{"i":[[-67.296,-2.922],[1.929,-7.65],[0,0],[0,8.249]],"o":[[0,8.249],[0,0],[-1.929,-7.65],[75.09,-3.672]],"v":[[102.046,15.172],[98.436,38.121],[-98.48,38.621],[-101.34,15.922]],"c":true}]},{"i":{"x":0.667,"y":1},"o":{"x":0.333,"y":0},"t":16,"s":[{"i":[[-71.421,-6.547],[3.064,-7.746],[0,0],[1.34,8.328]],"o":[[0,8.249],[0,0],[-2.27,-9.121],[80.34,-8.172]],"v":[[107.671,1.047],[101.936,30.371],[-106.48,26.871],[-111.34,-0.828]],"c":true}]},{"i":{"x":0.667,"y":1},"o":{"x":0.333,"y":0},"t":20,"s":[{"i":[[-67.296,-2.922],[1.929,-7.65],[0,0],[0,8.249]],"o":[[0,8.249],[0,0],[-1.929,-7.65],[75.09,-3.672]],"v":[[102.046,15.172],[98.436,38.121],[-98.48,38.621],[-101.34,15.922]],"c":true}]},{"i":{"x":0.667,"y":1},"o":{"x":0.333,"y":0},"t":26,"s":[{"i":[[-71.421,-6.547],[3.064,-7.746],[0,0],[1.34,8.328]],"o":[[0,8.249],[0,0],[-2.27,-9.121],[80.34,-8.172]],"v":[[107.671,1.047],[101.936,30.371],[-106.48,26.871],[-111.34,-0.828]],"c":true}]},{"i":{"x":0.667,"y":1},"o":{"x":0.333,"y":0},"t":30,"s":[{"i":[[-67.296,-2.922],[1.929,-7.65],[0,0],[0,8.249]],"o":[[0,8.249],[0,0],[-1.929,-7.65],[75.09,-3.672]],"v":[[102.046,15.172],[98.436,38.121],[-98.48,38.621],[-101.34,15.922]],"c":true}]},{"i":{"x":0.667,"y":1},"o":{"x":0.333,"y":0},"t":36,"s":[{"i":[[-71.421,-6.547],[3.064,-7.746],[0,0],[1.34,8.328]],"o":[[0,8.249],[0,0],[-2.27,-9.121],[80.34,-8.172]],"v":[[107.671,1.047],[101.936,30.371],[-106.48,26.871],[-111.34,-0.828]],"c":true}]},{"i":{"x":0.667,"y":1},"o":{"x":0.333,"y":0},"t":40,"s":[{"i":[[-67.296,-2.922],[1.929,-7.65],[0,0],[0,8.249]],"o":[[0,8.249],[0,0],[-1.929,-7.65],[75.09,-3.672]],"v":[[102.046,15.172],[98.436,38.121],[-98.48,38.621],[-101.34,15.922]],"c":true}]},{"i":{"x":0.667,"y":1},"o":{"x":0.333,"y":0},"t":46,"s":[{"i":[[-71.421,-6.547],[3.064,-7.746],[0,0],[1.34,8.328]],"o":[[0,8.249],[0,0],[-2.27,-9.121],[80.34,-8.172]],"v":[[107.671,1.047],[101.936,30.371],[-106.48,26.871],[-111.34,-0.828]],"c":true}]},{"t":50,"s":[{"i":[[-67.296,-2.922],[1.929,-7.65],[0,0],[0,8.249]],"o":[[0,8.249],[0,0],[-1.929,-7.65],[75.09,-3.672]],"v":[[102.046,15.172],[98.436,38.121],[-98.48,38.621],[-101.34,15.922]],"c":true}]}],"ix":2},"nm":"Path 1","mn":"ADBE Vector Shape - Group","hd":false},{"ty":"fl","c":{"a":0,"k":[1,1,1,1],"ix":4},"o":{"a":0,"k":100,"ix":5},"r":1,"bm":0,"nm":"Fill 1","mn":"ADBE Vector Graphic - Fill","hd":false},{"ty":"tr","p":{"a":0,"k":[0,0],"ix":2},"a":{"a":0,"k":[0,0],"ix":1},"s":{"a":0,"k":[100,100],"ix":3},"r":{"a":0,"k":0,"ix":6},"o":{"a":0,"k":100,"ix":7},"sk":{"a":0,"k":0,"ix":4},"sa":{"a":0,"k":0,"ix":5},"nm":"Transform"}],"nm":"Group 2","np":2,"cix":2,"bm":0,"ix":2,"mn":"ADBE Vector Group","hd":false},{"ty":"gr","it":[{"ind":0,"ty":"sh","ix":1,"ks":{"a":1,"k":[{"i":{"x":0.667,"y":1},"o":{"x":0.333,"y":0},"t":0,"s":[{"i":[[-68.796,-2.922],[1.929,-7.65],[0.266,-0.931],[23.15,-13.504],[19.092,0],[15.3,9.047],[7.118,26.543],[0,0],[0.133,0.998],[0,8.249]],"o":[[0,8.249],[-0.199,0.998],[-7.118,26.543],[-15.3,9.047],[-19.092,0],[-23.15,-13.504],[0,0],[-0.266,-0.931],[-1.929,-7.65],[71.59,-5.672]],"v":[[106.546,10.922],[103.936,38.621],[103.204,41.548],[53.324,111.947],[1.103,126.116],[-51.117,111.947],[-103.498,40.548],[-103.565,40.548],[-104.23,37.621],[-108.34,11.922]],"c":true}]},{"i":{"x":0.667,"y":1},"o":{"x":0.333,"y":0},"t":6,"s":[{"i":[[-70.796,-12.672],[1.929,-7.65],[0.266,-0.931],[23.15,-13.504],[19.092,0],[15.3,9.047],[7.118,26.543],[0,0],[0.133,0.998],[0,8.249]],"o":[[0,8.249],[-0.199,0.998],[-7.118,26.543],[-15.3,9.047],[-19.092,0],[-23.15,-13.504],[0,0],[-0.266,-0.931],[-1.929,-7.65],[70.34,-13.922]],"v":[[111.796,-0.828],[108.936,23.121],[108.204,26.048],[50.074,94.447],[-2.147,108.616],[-54.368,94.447],[-112.248,23.048],[-112.315,23.048],[-112.98,20.121],[-115.84,-3.828]],"c":true}]},{"i":{"x":0.667,"y":1},"o":{"x":0.333,"y":0},"t":10,"s":[{"i":[[-68.796,-2.922],[1.929,-7.65],[0.266,-0.931],[23.15,-13.504],[19.092,0],[15.3,9.047],[7.118,26.543],[0,0],[0.133,0.998],[0,8.249]],"o":[[0,8.249],[-0.199,0.998],[-7.118,26.543],[-15.3,9.047],[-19.092,0],[-23.15,-13.504],[0,0],[-0.266,-0.931],[-1.929,-7.65],[71.59,-5.672]],"v":[[106.546,10.922],[103.936,38.621],[103.204,41.548],[53.324,111.947],[1.103,126.116],[-51.117,111.947],[-103.498,40.548],[-103.565,40.548],[-104.23,37.621],[-108.34,11.922]],"c":true}]},{"i":{"x":0.667,"y":1},"o":{"x":0.333,"y":0},"t":16,"s":[{"i":[[-70.796,-12.672],[1.929,-7.65],[0.266,-0.931],[23.15,-13.504],[19.092,0],[15.3,9.047],[7.118,26.543],[0,0],[0.133,0.998],[0,8.249]],"o":[[0,8.249],[-0.199,0.998],[-7.118,26.543],[-15.3,9.047],[-19.092,0],[-23.15,-13.504],[0,0],[-0.266,-0.931],[-1.929,-7.65],[70.34,-13.922]],"v":[[111.796,-0.828],[108.936,23.121],[108.204,26.048],[50.074,94.447],[-2.147,108.616],[-54.368,94.447],[-112.248,23.048],[-112.315,23.048],[-112.98,20.121],[-115.84,-3.828]],"c":true}]},{"i":{"x":0.667,"y":1},"o":{"x":0.333,"y":0},"t":20,"s":[{"i":[[-68.796,-2.922],[1.929,-7.65],[0.266,-0.931],[23.15,-13.504],[19.092,0],[15.3,9.047],[7.118,26.543],[0,0],[0.133,0.998],[0,8.249]],"o":[[0,8.249],[-0.199,0.998],[-7.118,26.543],[-15.3,9.047],[-19.092,0],[-23.15,-13.504],[0,0],[-0.266,-0.931],[-1.929,-7.65],[71.59,-5.672]],"v":[[106.546,10.922],[103.936,38.621],[103.204,41.548],[53.324,111.947],[1.103,126.116],[-51.117,111.947],[-103.498,40.548],[-103.565,40.548],[-104.23,37.621],[-108.34,11.922]],"c":true}]},{"i":{"x":0.667,"y":1},"o":{"x":0.333,"y":0},"t":26,"s":[{"i":[[-70.796,-12.672],[1.929,-7.65],[0.266,-0.931],[23.15,-13.504],[19.092,0],[15.3,9.047],[7.118,26.543],[0,0],[0.133,0.998],[0,8.249]],"o":[[0,8.249],[-0.199,0.998],[-7.118,26.543],[-15.3,9.047],[-19.092,0],[-23.15,-13.504],[0,0],[-0.266,-0.931],[-1.929,-7.65],[70.34,-13.922]],"v":[[111.796,-0.828],[108.936,23.121],[108.204,26.048],[50.074,94.447],[-2.147,108.616],[-54.368,94.447],[-112.248,23.048],[-112.315,23.048],[-112.98,20.121],[-115.84,-3.828]],"c":true}]},{"i":{"x":0.667,"y":1},"o":{"x":0.333,"y":0},"t":30,"s":[{"i":[[-68.796,-2.922],[1.929,-7.65],[0.266,-0.931],[23.15,-13.504],[19.092,0],[15.3,9.047],[7.118,26.543],[0,0],[0.133,0.998],[0,8.249]],"o":[[0,8.249],[-0.199,0.998],[-7.118,26.543],[-15.3,9.047],[-19.092,0],[-23.15,-13.504],[0,0],[-0.266,-0.931],[-1.929,-7.65],[71.59,-5.672]],"v":[[106.546,10.922],[103.936,38.621],[103.204,41.548],[53.324,111.947],[1.103,126.116],[-51.117,111.947],[-103.498,40.548],[-103.565,40.548],[-104.23,37.621],[-108.34,11.922]],"c":true}]},{"i":{"x":0.667,"y":1},"o":{"x":0.333,"y":0},"t":36,"s":[{"i":[[-70.796,-12.672],[1.929,-7.65],[0.266,-0.931],[23.15,-13.504],[19.092,0],[15.3,9.047],[7.118,26.543],[0,0],[0.133,0.998],[0,8.249]],"o":[[0,8.249],[-0.199,0.998],[-7.118,26.543],[-15.3,9.047],[-19.092,0],[-23.15,-13.504],[0,0],[-0.266,-0.931],[-1.929,-7.65],[70.34,-13.922]],"v":[[111.796,-0.828],[108.936,23.121],[108.204,26.048],[50.074,94.447],[-2.147,108.616],[-54.368,94.447],[-112.248,23.048],[-112.315,23.048],[-112.98,20.121],[-115.84,-3.828]],"c":true}]},{"i":{"x":0.667,"y":1},"o":{"x":0.333,"y":0},"t":40,"s":[{"i":[[-68.796,-2.922],[1.929,-7.65],[0.266,-0.931],[23.15,-13.504],[19.092,0],[15.3,9.047],[7.118,26.543],[0,0],[0.133,0.998],[0,8.249]],"o":[[0,8.249],[-0.199,0.998],[-7.118,26.543],[-15.3,9.047],[-19.092,0],[-23.15,-13.504],[0,0],[-0.266,-0.931],[-1.929,-7.65],[71.59,-5.672]],"v":[[106.546,10.922],[103.936,38.621],[103.204,41.548],[53.324,111.947],[1.103,126.116],[-51.117,111.947],[-103.498,40.548],[-103.565,40.548],[-104.23,37.621],[-108.34,11.922]],"c":true}]},{"i":{"x":0.667,"y":1},"o":{"x":0.333,"y":0},"t":46,"s":[{"i":[[-70.796,-12.672],[1.929,-7.65],[0.266,-0.931],[23.15,-13.504],[19.092,0],[15.3,9.047],[7.118,26.543],[0,0],[0.133,0.998],[0,8.249]],"o":[[0,8.249],[-0.199,0.998],[-7.118,26.543],[-15.3,9.047],[-19.092,0],[-23.15,-13.504],[0,0],[-0.266,-0.931],[-1.929,-7.65],[70.34,-13.922]],"v":[[111.796,-0.828],[108.936,23.121],[108.204,26.048],[50.074,94.447],[-2.147,108.616],[-54.368,94.447],[-112.248,23.048],[-112.315,23.048],[-112.98,20.121],[-115.84,-3.828]],"c":true}]},{"t":50,"s":[{"i":[[-68.796,-2.922],[1.929,-7.65],[0.266,-0.931],[23.15,-13.504],[19.092,0],[15.3,9.047],[7.118,26.543],[0,0],[0.133,0.998],[0,8.249]],"o":[[0,8.249],[-0.199,0.998],[-7.118,26.543],[-15.3,9.047],[-19.092,0],[-23.15,-13.504],[0,0],[-0.266,-0.931],[-1.929,-7.65],[71.59,-5.672]],"v":[[106.546,10.922],[103.936,38.621],[103.204,41.548],[53.324,111.947],[1.103,126.116],[-51.117,111.947],[-103.498,40.548],[-103.565,40.548],[-104.23,37.621],[-108.34,11.922]],"c":true}]}],"ix":2},"nm":"Path 1","mn":"ADBE Vector Shape - Group","hd":false},{"ty":"st","c":{"a":0,"k":[0.309803932905,0.227450981736,0.188235297799,1],"ix":3},"o":{"a":0,"k":100,"ix":4},"w":{"a":0,"k":10,"ix":5},"lc":2,"lj":2,"bm":0,"nm":"Stroke 1","mn":"ADBE Vector Graphic - Stroke","hd":false},{"ty":"fl","c":{"a":0,"k":[0.188235297799,0.188235297799,0.188235297799,1],"ix":4},"o":{"a":0,"k":100,"ix":5},"r":1,"bm":0,"nm":"Fill 1","mn":"ADBE Vector Graphic - Fill","hd":false},{"ty":"tr","p":{"a":0,"k":[0,0],"ix":2},"a":{"a":0,"k":[0,0],"ix":1},"s":{"a":0,"k":[100,100],"ix":3},"r":{"a":0,"k":0,"ix":6},"o":{"a":0,"k":100,"ix":7},"sk":{"a":0,"k":0,"ix":4},"sa":{"a":0,"k":0,"ix":5},"nm":"Transform"}],"nm":"Group 3","np":3,"cix":2,"bm":0,"ix":3,"mn":"ADBE Vector Group","hd":false}],"ip":0,"op":180,"st":0,"ct":1,"bm":0},{"ddd":0,"ind":5,"ty":4,"nm":"face","sr":1,"ks":{"o":{"a":0,"k":100,"ix":11},"r":{"a":0,"k":0,"ix":10},"p":{"a":0,"k":[247.603,245.96,0],"ix":2,"l":2},"a":{"a":0,"k":[-2.397,-4.04,0],"ix":1,"l":2},"s":{"a":0,"k":[100,100,100],"ix":6,"l":2}},"ao":0,"shapes":[{"ty":"gr","it":[{"ind":0,"ty":"sh","ix":1,"ks":{"a":0,"k":{"i":[[0,-95.523],[95.523,0],[0,95.523],[-95.523,0]],"o":[[0,95.523],[-95.523,0],[0,-95.523],[95.523,0]],"v":[[170.563,-4.04],[-2.397,168.92],[-175.357,-4.04],[-2.397,-177]],"c":true},"ix":2},"nm":"Path 1","mn":"ADBE Vector Shape - Group","hd":false},{"ty":"fl","c":{"a":0,"k":[0.992156863213,0.807843148708,0.298039227724,1],"ix":4},"o":{"a":0,"k":100,"ix":5},"r":1,"bm":0,"nm":"Fill 1","mn":"ADBE Vector Graphic - Fill","hd":false},{"ty":"tr","p":{"a":0,"k":[0,0],"ix":2},"a":{"a":0,"k":[0,0],"ix":1},"s":{"a":0,"k":[100,100],"ix":3},"r":{"a":0,"k":0,"ix":6},"o":{"a":0,"k":100,"ix":7},"sk":{"a":0,"k":0,"ix":4},"sa":{"a":0,"k":0,"ix":5},"nm":"Transform"}],"nm":"Group 1","np":2,"cix":2,"bm":0,"ix":1,"mn":"ADBE Vector Group","hd":false}],"ip":0,"op":180,"st":0,"ct":1,"bm":0}]}],"layers":[{"ddd":0,"ind":1,"ty":0,"nm":"main","refId":"comp_0","sr":1,"ks":{"o":{"a":0,"k":100,"ix":11},"r":{"a":0,"k":0,"ix":10},"p":{"a":0,"k":[250,250,0],"ix":2,"l":2},"a":{"a":0,"k":[250,250,0],"ix":1,"l":2},"s":{"a":0,"k":[100,100,100],"ix":6,"l":2}},"ao":0,"hasMask":true,"masksProperties":[{"inv":false,"mode":"a","pt":{"a":0,"k":{"i":[[0,0],[0,0],[0,0],[0,0]],"o":[[0,0],[0,0],[0,0],[0,0]],"v":[[472,56],[34,56],[32,436],[470,436]],"c":true},"ix":1},"o":{"a":0,"k":100,"ix":3},"x":{"a":0,"k":0,"ix":4},"nm":"Mask 1"}],"w":500,"h":500,"ip":0,"op":180,"st":0,"bm":0}],"markers":[]}