{"v":"4.8.0","meta":{"g":"LottieFiles AE ","a":"","k":"","d":"","tc":""},"fr":30,"ip":0,"op":77,"w":500,"h":500,"nm":"Kiss","ddd":0,"assets":[],"layers":[{"ddd":0,"ind":1,"ty":3,"nm":"Null 9","sr":1,"ks":{"o":{"a":0,"k":0,"ix":11},"r":{"a":0,"k":0,"ix":10},"p":{"a":1,"k":[{"i":{"x":0.667,"y":1},"o":{"x":0.333,"y":0},"t":0,"s":[246.9,222.157,0],"to":[0,-0.833,0],"ti":[0,0.833,0]},{"i":{"x":0.667,"y":1},"o":{"x":0.333,"y":0},"t":17,"s":[246.9,217.157,0],"to":[0,0,0],"ti":[0,-0.833,0]},{"i":{"x":0.667,"y":1},"o":{"x":0.333,"y":0},"t":54,"s":[246.9,217.157,0],"to":[0,0.833,0],"ti":[0,-0.833,0]},{"t":71,"s":[246.9,222.157,0]}],"ix":2},"a":{"a":0,"k":[50,50,0],"ix":1},"s":{"a":0,"k":[100,100,100],"ix":6}},"ao":0,"ip":0,"op":180,"st":0,"bm":0},{"ddd":0,"ind":2,"ty":4,"nm":"Shape Layer 2","parent":1,"sr":1,"ks":{"o":{"a":0,"k":100,"ix":11},"r":{"a":0,"k":0,"ix":10},"p":{"a":0,"k":[85.475,51.907,0],"ix":2},"a":{"a":0,"k":[-38.625,-26.436,0],"ix":1},"s":{"a":0,"k":[100,100,100],"ix":6}},"ao":0,"shapes":[{"ty":"gr","it":[{"ind":0,"ty":"sh","ix":1,"ks":{"a":1,"k":[{"i":{"x":0.667,"y":1},"o":{"x":0.167,"y":0.167},"t":12,"s":[{"i":[[0,0],[20.416,0.772],[0.675,1.35]],"o":[[0,0],[-17.658,-0.668],[-0.75,-1.5]],"v":[[-13.629,-28.847],[-39.74,-36.181],[-63.536,-29.383]],"c":false}]},{"i":{"x":0.667,"y":1},"o":{"x":0.167,"y":0},"t":14,"s":[{"i":[[0,0],[20.311,0.773],[0.675,1.35]],"o":[[0,0],[-17.5,-0.666],[-0.75,-1.5]],"v":[[-13.75,-28.75],[-40,-40.75],[-63.5,-29.25]],"c":false}]},{"i":{"x":0.667,"y":1},"o":{"x":0.167,"y":0},"t":16,"s":[{"i":[[0,0],[20.311,0.773],[0.675,1.35]],"o":[[0,0],[-17.5,-0.666],[-0.75,-1.5]],"v":[[-13.75,-28.75],[-40,-40.75],[-63.5,-29.25]],"c":false}]},{"i":{"x":0.667,"y":1},"o":{"x":0.167,"y":0},"t":30,"s":[{"i":[[0,0],[20.324,0.221],[0.675,1.35]],"o":[[0,0],[-23,-0.25],[-0.75,-1.5]],"v":[[-11.75,-34.75],[-35.5,-52.75],[-60,-33.75]],"c":false}]},{"i":{"x":0.833,"y":1},"o":{"x":0.333,"y":0},"t":41,"s":[{"i":[[0,0],[20.324,0.221],[0.675,1.35]],"o":[[0,0],[-23,-0.25],[-0.75,-1.5]],"v":[[-11.75,-34.75],[-35.5,-52.75],[-60,-33.75]],"c":false}]},{"i":{"x":0.833,"y":1},"o":{"x":0.333,"y":0},"t":55,"s":[{"i":[[0,0],[20.311,0.773],[0.675,1.35]],"o":[[0,0],[-17.5,-0.666],[-0.75,-1.5]],"v":[[-13.75,-28.75],[-40,-40.75],[-63.5,-29.25]],"c":false}]},{"i":{"x":0.833,"y":1},"o":{"x":0.333,"y":0},"t":57,"s":[{"i":[[0,0],[20.311,0.773],[0.675,1.35]],"o":[[0,0],[-17.5,-0.666],[-0.75,-1.5]],"v":[[-13.75,-28.75],[-40,-40.75],[-63.5,-29.25]],"c":false}]},{"t":59,"s":[{"i":[[0,0],[20.416,0.772],[0.675,1.35]],"o":[[0,0],[-17.658,-0.668],[-0.75,-1.5]],"v":[[-13.629,-28.847],[-40.74,-28.931],[-63.536,-29.383]],"c":false}]}],"ix":2},"nm":"Path 1","mn":"ADBE Vector Shape - Group","hd":false},{"ty":"st","c":{"a":0,"k":[0.043137254902,0.043137254902,0.043137254902,1],"ix":3},"o":{"a":0,"k":100,"ix":4},"w":{"a":1,"k":[{"i":{"x":[0.667],"y":[1]},"o":{"x":[0.333],"y":[0.474]},"t":12,"s":[3]},{"i":{"x":[0.667],"y":[1]},"o":{"x":[0.167],"y":[0]},"t":14,"s":[8]},{"i":{"x":[0.667],"y":[1]},"o":{"x":[0.167],"y":[0]},"t":16,"s":[8]},{"i":{"x":[0.667],"y":[1]},"o":{"x":[0.177],"y":[0]},"t":30,"s":[8]},{"i":{"x":[0.833],"y":[1]},"o":{"x":[0.333],"y":[0]},"t":41,"s":[8]},{"i":{"x":[0.833],"y":[1]},"o":{"x":[0.333],"y":[0]},"t":55,"s":[8]},{"i":{"x":[0.667],"y":[0.407]},"o":{"x":[0.333],"y":[0]},"t":57,"s":[5]},{"t":59,"s":[1]}],"ix":5},"lc":2,"lj":1,"ml":4,"bm":0,"nm":"Stroke 1","mn":"ADBE Vector Graphic - Stroke","hd":false},{"ty":"tr","p":{"a":0,"k":[0,0],"ix":2},"a":{"a":0,"k":[0,0],"ix":1},"s":{"a":0,"k":[100,100],"ix":3},"r":{"a":0,"k":0,"ix":6},"o":{"a":0,"k":100,"ix":7},"sk":{"a":0,"k":0,"ix":4},"sa":{"a":0,"k":0,"ix":5},"nm":"Transform"}],"nm":"Shape 1","np":3,"cix":2,"bm":0,"ix":1,"mn":"ADBE Vector Group","hd":false}],"ip":12,"op":59,"st":0,"bm":0},{"ddd":0,"ind":3,"ty":4,"nm":"Shape Layer 1","parent":1,"sr":1,"ks":{"o":{"a":0,"k":100,"ix":11},"r":{"a":0,"k":0,"ix":10},"p":{"a":0,"k":[14.475,51.407,0],"ix":2},"a":{"a":0,"k":[-38.625,-26.436,0],"ix":1},"s":{"a":0,"k":[100,100,100],"ix":6}},"ao":0,"shapes":[{"ty":"gr","it":[{"ind":0,"ty":"sh","ix":1,"ks":{"a":1,"k":[{"i":{"x":0.667,"y":1},"o":{"x":0.167,"y":0.167},"t":12,"s":[{"i":[[0,0],[20.406,-0.833],[0.675,1.35]],"o":[[0,0],[-18.738,0.794],[-0.75,-1.5]],"v":[[-13.629,-28.847],[-39.407,-36.902],[-63.536,-29.383]],"c":false}]},{"i":{"x":0.667,"y":1},"o":{"x":0.167,"y":0},"t":14,"s":[{"i":[[0,0],[20.298,-1.054],[0.675,1.35]],"o":[[0,0],[-19.25,1],[-0.75,-1.5]],"v":[[-13.75,-28.75],[-39,-41.25],[-63.5,-29.25]],"c":false}]},{"i":{"x":0.667,"y":1},"o":{"x":0.167,"y":0},"t":16,"s":[{"i":[[0,0],[20.298,-1.054],[0.675,1.35]],"o":[[0,0],[-19.25,1],[-0.75,-1.5]],"v":[[-13.75,-28.75],[-39,-41.25],[-63.5,-29.25]],"c":false}]},{"i":{"x":0.667,"y":1},"o":{"x":0.167,"y":0},"t":30,"s":[{"i":[[0,0],[20.298,-1.054],[0.675,1.35]],"o":[[0,0],[-19.25,1],[-0.75,-1.5]],"v":[[-11.75,-34.25],[-36.5,-52.75],[-60.5,-35.75]],"c":false}]},{"i":{"x":0.833,"y":1},"o":{"x":0.333,"y":0},"t":41,"s":[{"i":[[0,0],[20.298,-1.054],[0.675,1.35]],"o":[[0,0],[-19.25,1],[-0.75,-1.5]],"v":[[-11.75,-34.25],[-36.5,-52.75],[-60.5,-35.75]],"c":false}]},{"i":{"x":0.833,"y":1},"o":{"x":0.333,"y":0},"t":55,"s":[{"i":[[0,0],[20.298,-1.054],[0.675,1.35]],"o":[[0,0],[-19.25,1],[-0.75,-1.5]],"v":[[-13.75,-28.75],[-39,-41.25],[-63.5,-29.25]],"c":false}]},{"i":{"x":0.833,"y":1},"o":{"x":0.333,"y":0},"t":57,"s":[{"i":[[0,0],[20.298,-1.054],[0.675,1.35]],"o":[[0,0],[-19.25,1],[-0.75,-1.5]],"v":[[-13.75,-28.75],[-39,-41.25],[-63.5,-29.25]],"c":false}]},{"t":59,"s":[{"i":[[0,0],[20.416,0.542],[0.675,1.35]],"o":[[0,0],[-14.843,-0.394],[-0.75,-1.5]],"v":[[-13.629,-28.847],[-41.907,-29.152],[-63.536,-29.383]],"c":false}]}],"ix":2},"nm":"Path 1","mn":"ADBE Vector Shape - Group","hd":false},{"ty":"st","c":{"a":0,"k":[0.043137254902,0.043137254902,0.043137254902,1],"ix":3},"o":{"a":0,"k":100,"ix":4},"w":{"a":1,"k":[{"i":{"x":[0.667],"y":[1]},"o":{"x":[0.333],"y":[0.474]},"t":12,"s":[3]},{"i":{"x":[0.667],"y":[1]},"o":{"x":[0.167],"y":[0]},"t":14,"s":[8]},{"i":{"x":[0.667],"y":[1]},"o":{"x":[0.167],"y":[0]},"t":16,"s":[8]},{"i":{"x":[0.667],"y":[1]},"o":{"x":[0.177],"y":[0]},"t":30,"s":[8]},{"i":{"x":[0.833],"y":[1]},"o":{"x":[0.333],"y":[0]},"t":41,"s":[8]},{"i":{"x":[0.833],"y":[1]},"o":{"x":[0.333],"y":[0]},"t":55,"s":[8]},{"i":{"x":[0.667],"y":[-0.185]},"o":{"x":[0.333],"y":[0]},"t":57,"s":[5]},{"t":59,"s":[3]}],"ix":5},"lc":2,"lj":1,"ml":4,"bm":0,"nm":"Stroke 1","mn":"ADBE Vector Graphic - Stroke","hd":false},{"ty":"tr","p":{"a":0,"k":[0,0],"ix":2},"a":{"a":0,"k":[0,0],"ix":1},"s":{"a":0,"k":[100,100],"ix":3},"r":{"a":0,"k":0,"ix":6},"o":{"a":0,"k":100,"ix":7},"sk":{"a":0,"k":0,"ix":4},"sa":{"a":0,"k":0,"ix":5},"nm":"Transform"}],"nm":"Shape 1","np":3,"cix":2,"bm":0,"ix":1,"mn":"ADBE Vector Group","hd":false}],"ip":12,"op":59,"st":0,"bm":0},{"ddd":0,"ind":4,"ty":4,"nm":"l eye 4","parent":1,"td":1,"sr":1,"ks":{"o":{"a":0,"k":100,"ix":11},"r":{"a":0,"k":0,"ix":10},"p":{"a":0,"k":[85.525,49.233,0],"ix":2},"a":{"a":0,"k":[-37.75,-28.25,0],"ix":1},"s":{"a":1,"k":[{"i":{"x":[0.667,0.667,0.667],"y":[1,1,1]},"o":{"x":[0.333,0.333,0.333],"y":[0,0,0]},"t":57,"s":[107,0,100]},{"t":71,"s":[107,107,100]}],"ix":6}},"ao":0,"shapes":[{"ty":"gr","it":[{"d":1,"ty":"el","s":{"a":0,"k":[49.5,49.5],"ix":2},"p":{"a":0,"k":[0,0],"ix":3},"nm":"Ellipse Path 1","mn":"ADBE Vector Shape - Ellipse","hd":false},{"ty":"fl","c":{"a":0,"k":[1,1,1,1],"ix":4},"o":{"a":0,"k":100,"ix":5},"r":1,"bm":0,"nm":"Fill 1","mn":"ADBE Vector Graphic - Fill","hd":false},{"ty":"tr","p":{"a":0,"k":[-37.75,-28.25],"ix":2},"a":{"a":0,"k":[0,0],"ix":1},"s":{"a":0,"k":[100,100],"ix":3},"r":{"a":0,"k":0,"ix":6},"o":{"a":0,"k":100,"ix":7},"sk":{"a":0,"k":0,"ix":4},"sa":{"a":0,"k":0,"ix":5},"nm":"Transform"}],"nm":"Ellipse 1","np":3,"cix":2,"bm":0,"ix":1,"mn":"ADBE Vector Group","hd":false}],"ip":59,"op":77,"st":59,"bm":0},{"ddd":0,"ind":5,"ty":4,"nm":"l pupil 2","parent":1,"tt":1,"sr":1,"ks":{"o":{"a":0,"k":100,"ix":11},"r":{"a":0,"k":0,"ix":10},"p":{"a":1,"k":[{"i":{"x":0.667,"y":1},"o":{"x":0.333,"y":0},"t":57,"s":[85.35,43.093,0],"to":[0,0.833,0],"ti":[0,-0.833,0]},{"t":71,"s":[85.35,48.093,0]}],"ix":2},"a":{"a":0,"k":[-49.596,-29.315,0],"ix":1},"s":{"a":0,"k":[107,107,100],"ix":6}},"ao":0,"shapes":[{"ty":"gr","it":[{"ind":0,"ty":"sh","ix":1,"ks":{"a":0,"k":{"i":[[-7.097,0],[0,-7.097],[7.097,0],[0,7.097]],"o":[[7.097,0],[0,7.097],[-7.097,0],[0,-7.097]],"v":[[0,-12.85],[12.85,0],[0,12.85],[-12.85,0]],"c":true},"ix":2},"nm":"Path 1","mn":"ADBE Vector Shape - Group","hd":false},{"ty":"fl","c":{"a":0,"k":[0,0,0,1],"ix":4},"o":{"a":0,"k":100,"ix":5},"r":1,"bm":0,"nm":"Fill 1","mn":"ADBE Vector Graphic - Fill","hd":false},{"ty":"tr","p":{"a":0,"k":[-49.596,-29.315],"ix":2},"a":{"a":0,"k":[0,0],"ix":1},"s":{"a":0,"k":[100,100],"ix":3},"r":{"a":0,"k":0,"ix":6},"o":{"a":0,"k":100,"ix":7},"sk":{"a":0,"k":0,"ix":4},"sa":{"a":0,"k":0,"ix":5},"nm":"Transform"}],"nm":"Ellipse 2","np":3,"cix":2,"bm":0,"ix":1,"mn":"ADBE Vector Group","hd":false}],"ip":59,"op":77,"st":59,"bm":0},{"ddd":0,"ind":6,"ty":4,"nm":"l eye 3","parent":1,"sr":1,"ks":{"o":{"a":0,"k":100,"ix":11},"r":{"a":0,"k":0,"ix":10},"p":{"a":0,"k":[85.525,49.233,0],"ix":2},"a":{"a":0,"k":[-37.75,-28.25,0],"ix":1},"s":{"a":1,"k":[{"i":{"x":[0.667,0.667,0.667],"y":[1,1,1]},"o":{"x":[0.333,0.333,0.333],"y":[0,0,0]},"t":57,"s":[107,0,100]},{"t":71,"s":[107,107,100]}],"ix":6}},"ao":0,"shapes":[{"ty":"gr","it":[{"d":1,"ty":"el","s":{"a":0,"k":[49.5,49.5],"ix":2},"p":{"a":0,"k":[0,0],"ix":3},"nm":"Ellipse Path 1","mn":"ADBE Vector Shape - Ellipse","hd":false},{"ty":"fl","c":{"a":0,"k":[1,1,1,1],"ix":4},"o":{"a":0,"k":100,"ix":5},"r":1,"bm":0,"nm":"Fill 1","mn":"ADBE Vector Graphic - Fill","hd":false},{"ty":"tr","p":{"a":0,"k":[-37.75,-28.25],"ix":2},"a":{"a":0,"k":[0,0],"ix":1},"s":{"a":0,"k":[100,100],"ix":3},"r":{"a":0,"k":0,"ix":6},"o":{"a":0,"k":100,"ix":7},"sk":{"a":0,"k":0,"ix":4},"sa":{"a":0,"k":0,"ix":5},"nm":"Transform"}],"nm":"Ellipse 1","np":3,"cix":2,"bm":0,"ix":1,"mn":"ADBE Vector Group","hd":false}],"ip":59,"op":77,"st":59,"bm":0},{"ddd":0,"ind":7,"ty":4,"nm":"r eye 4","parent":1,"td":1,"sr":1,"ks":{"o":{"a":0,"k":100,"ix":11},"r":{"a":0,"k":0,"ix":10},"p":{"a":0,"k":[15.025,49.233,0],"ix":2},"a":{"a":0,"k":[-37.75,-28.25,0],"ix":1},"s":{"a":1,"k":[{"i":{"x":[0.667,0.667,0.667],"y":[1,1,1]},"o":{"x":[0.333,0.333,0.333],"y":[0,0,0]},"t":57,"s":[107,0,100]},{"t":71,"s":[107,107,100]}],"ix":6}},"ao":0,"shapes":[{"ty":"gr","it":[{"d":1,"ty":"el","s":{"a":0,"k":[49.5,49.5],"ix":2},"p":{"a":0,"k":[0,0],"ix":3},"nm":"Ellipse Path 1","mn":"ADBE Vector Shape - Ellipse","hd":false},{"ty":"fl","c":{"a":0,"k":[1,1,1,1],"ix":4},"o":{"a":0,"k":100,"ix":5},"r":1,"bm":0,"nm":"Fill 1","mn":"ADBE Vector Graphic - Fill","hd":false},{"ty":"tr","p":{"a":0,"k":[-37.75,-28.25],"ix":2},"a":{"a":0,"k":[0,0],"ix":1},"s":{"a":0,"k":[100,100],"ix":3},"r":{"a":0,"k":0,"ix":6},"o":{"a":0,"k":100,"ix":7},"sk":{"a":0,"k":0,"ix":4},"sa":{"a":0,"k":0,"ix":5},"nm":"Transform"}],"nm":"Ellipse 1","np":3,"cix":2,"bm":0,"ix":1,"mn":"ADBE Vector Group","hd":false}],"ip":59,"op":77,"st":59,"bm":0},{"ddd":0,"ind":8,"ty":4,"nm":"r pupil 2","parent":1,"tt":1,"sr":1,"ks":{"o":{"a":0,"k":100,"ix":11},"r":{"a":0,"k":0,"ix":10},"p":{"a":1,"k":[{"i":{"x":0.667,"y":1},"o":{"x":0.333,"y":0},"t":57,"s":[14.85,43.093,0],"to":[0,0.833,0],"ti":[0,-0.833,0]},{"t":71,"s":[14.85,48.093,0]}],"ix":2},"a":{"a":0,"k":[-49.596,-29.315,0],"ix":1},"s":{"a":0,"k":[107,107,100],"ix":6}},"ao":0,"shapes":[{"ty":"gr","it":[{"ind":0,"ty":"sh","ix":1,"ks":{"a":0,"k":{"i":[[-7.097,0],[0,-7.097],[7.097,0],[0,7.097]],"o":[[7.097,0],[0,7.097],[-7.097,0],[0,-7.097]],"v":[[0,-12.85],[12.85,0],[0,12.85],[-12.85,0]],"c":true},"ix":2},"nm":"Path 1","mn":"ADBE Vector Shape - Group","hd":false},{"ty":"fl","c":{"a":0,"k":[0,0,0,1],"ix":4},"o":{"a":0,"k":100,"ix":5},"r":1,"bm":0,"nm":"Fill 1","mn":"ADBE Vector Graphic - Fill","hd":false},{"ty":"tr","p":{"a":0,"k":[-49.596,-29.315],"ix":2},"a":{"a":0,"k":[0,0],"ix":1},"s":{"a":0,"k":[100,100],"ix":3},"r":{"a":0,"k":0,"ix":6},"o":{"a":0,"k":100,"ix":7},"sk":{"a":0,"k":0,"ix":4},"sa":{"a":0,"k":0,"ix":5},"nm":"Transform"}],"nm":"Ellipse 2","np":3,"cix":2,"bm":0,"ix":1,"mn":"ADBE Vector Group","hd":false}],"ip":59,"op":77,"st":59,"bm":0},{"ddd":0,"ind":9,"ty":4,"nm":"r eye 3","parent":1,"sr":1,"ks":{"o":{"a":0,"k":100,"ix":11},"r":{"a":0,"k":0,"ix":10},"p":{"a":0,"k":[15.025,49.233,0],"ix":2},"a":{"a":0,"k":[-37.75,-28.25,0],"ix":1},"s":{"a":1,"k":[{"i":{"x":[0.667,0.667,0.667],"y":[1,1,1]},"o":{"x":[0.333,0.333,0.333],"y":[0,0,0]},"t":57,"s":[107,0,100]},{"t":71,"s":[107,107,100]}],"ix":6}},"ao":0,"shapes":[{"ty":"gr","it":[{"d":1,"ty":"el","s":{"a":0,"k":[49.5,49.5],"ix":2},"p":{"a":0,"k":[0,0],"ix":3},"nm":"Ellipse Path 1","mn":"ADBE Vector Shape - Ellipse","hd":false},{"ty":"fl","c":{"a":0,"k":[1,1,1,1],"ix":4},"o":{"a":0,"k":100,"ix":5},"r":1,"bm":0,"nm":"Fill 1","mn":"ADBE Vector Graphic - Fill","hd":false},{"ty":"tr","p":{"a":0,"k":[-37.75,-28.25],"ix":2},"a":{"a":0,"k":[0,0],"ix":1},"s":{"a":0,"k":[100,100],"ix":3},"r":{"a":0,"k":0,"ix":6},"o":{"a":0,"k":100,"ix":7},"sk":{"a":0,"k":0,"ix":4},"sa":{"a":0,"k":0,"ix":5},"nm":"Transform"}],"nm":"Ellipse 1","np":3,"cix":2,"bm":0,"ix":1,"mn":"ADBE Vector Group","hd":false}],"ip":59,"op":77,"st":59,"bm":0},{"ddd":0,"ind":10,"ty":4,"nm":"l eye 2","parent":1,"td":1,"sr":1,"ks":{"o":{"a":0,"k":100,"ix":11},"r":{"a":0,"k":0,"ix":10},"p":{"a":0,"k":[85.525,49.233,0],"ix":2},"a":{"a":0,"k":[-37.75,-28.25,0],"ix":1},"s":{"a":1,"k":[{"i":{"x":[0.667,0.667,0.667],"y":[1,1,1]},"o":{"x":[0.333,0.333,0.333],"y":[0,0,0]},"t":0,"s":[107,107,100]},{"t":14,"s":[107,0,100]}],"ix":6}},"ao":0,"shapes":[{"ty":"gr","it":[{"d":1,"ty":"el","s":{"a":0,"k":[49.5,49.5],"ix":2},"p":{"a":0,"k":[0,0],"ix":3},"nm":"Ellipse Path 1","mn":"ADBE Vector Shape - Ellipse","hd":false},{"ty":"fl","c":{"a":0,"k":[1,1,1,1],"ix":4},"o":{"a":0,"k":100,"ix":5},"r":1,"bm":0,"nm":"Fill 1","mn":"ADBE Vector Graphic - Fill","hd":false},{"ty":"tr","p":{"a":0,"k":[-37.75,-28.25],"ix":2},"a":{"a":0,"k":[0,0],"ix":1},"s":{"a":0,"k":[100,100],"ix":3},"r":{"a":0,"k":0,"ix":6},"o":{"a":0,"k":100,"ix":7},"sk":{"a":0,"k":0,"ix":4},"sa":{"a":0,"k":0,"ix":5},"nm":"Transform"}],"nm":"Ellipse 1","np":3,"cix":2,"bm":0,"ix":1,"mn":"ADBE Vector Group","hd":false}],"ip":0,"op":12,"st":0,"bm":0},{"ddd":0,"ind":11,"ty":4,"nm":"l pupil","parent":1,"tt":1,"sr":1,"ks":{"o":{"a":0,"k":100,"ix":11},"r":{"a":0,"k":0,"ix":10},"p":{"a":1,"k":[{"i":{"x":0.667,"y":1},"o":{"x":0.333,"y":0},"t":0,"s":[85.35,48.093,0],"to":[0,-0.833,0],"ti":[0,0.833,0]},{"t":14,"s":[85.35,43.093,0]}],"ix":2},"a":{"a":0,"k":[-49.596,-29.315,0],"ix":1},"s":{"a":0,"k":[107,107,100],"ix":6}},"ao":0,"shapes":[{"ty":"gr","it":[{"ind":0,"ty":"sh","ix":1,"ks":{"a":0,"k":{"i":[[-7.097,0],[0,-7.097],[7.097,0],[0,7.097]],"o":[[7.097,0],[0,7.097],[-7.097,0],[0,-7.097]],"v":[[0,-12.85],[12.85,0],[0,12.85],[-12.85,0]],"c":true},"ix":2},"nm":"Path 1","mn":"ADBE Vector Shape - Group","hd":false},{"ty":"fl","c":{"a":0,"k":[0,0,0,1],"ix":4},"o":{"a":0,"k":100,"ix":5},"r":1,"bm":0,"nm":"Fill 1","mn":"ADBE Vector Graphic - Fill","hd":false},{"ty":"tr","p":{"a":0,"k":[-49.596,-29.315],"ix":2},"a":{"a":0,"k":[0,0],"ix":1},"s":{"a":0,"k":[100,100],"ix":3},"r":{"a":0,"k":0,"ix":6},"o":{"a":0,"k":100,"ix":7},"sk":{"a":0,"k":0,"ix":4},"sa":{"a":0,"k":0,"ix":5},"nm":"Transform"}],"nm":"Ellipse 2","np":3,"cix":2,"bm":0,"ix":1,"mn":"ADBE Vector Group","hd":false}],"ip":0,"op":12,"st":0,"bm":0},{"ddd":0,"ind":12,"ty":4,"nm":"l eye","parent":1,"sr":1,"ks":{"o":{"a":0,"k":100,"ix":11},"r":{"a":0,"k":0,"ix":10},"p":{"a":0,"k":[85.525,49.233,0],"ix":2},"a":{"a":0,"k":[-37.75,-28.25,0],"ix":1},"s":{"a":1,"k":[{"i":{"x":[0.667,0.667,0.667],"y":[1,1,1]},"o":{"x":[0.333,0.333,0.333],"y":[0,0,0]},"t":0,"s":[107,107,100]},{"t":14,"s":[107,0,100]}],"ix":6}},"ao":0,"shapes":[{"ty":"gr","it":[{"d":1,"ty":"el","s":{"a":0,"k":[49.5,49.5],"ix":2},"p":{"a":0,"k":[0,0],"ix":3},"nm":"Ellipse Path 1","mn":"ADBE Vector Shape - Ellipse","hd":false},{"ty":"fl","c":{"a":0,"k":[1,1,1,1],"ix":4},"o":{"a":0,"k":100,"ix":5},"r":1,"bm":0,"nm":"Fill 1","mn":"ADBE Vector Graphic - Fill","hd":false},{"ty":"tr","p":{"a":0,"k":[-37.75,-28.25],"ix":2},"a":{"a":0,"k":[0,0],"ix":1},"s":{"a":0,"k":[100,100],"ix":3},"r":{"a":0,"k":0,"ix":6},"o":{"a":0,"k":100,"ix":7},"sk":{"a":0,"k":0,"ix":4},"sa":{"a":0,"k":0,"ix":5},"nm":"Transform"}],"nm":"Ellipse 1","np":3,"cix":2,"bm":0,"ix":1,"mn":"ADBE Vector Group","hd":false}],"ip":0,"op":12,"st":0,"bm":0},{"ddd":0,"ind":13,"ty":4,"nm":"r eye 2","parent":1,"td":1,"sr":1,"ks":{"o":{"a":0,"k":100,"ix":11},"r":{"a":0,"k":0,"ix":10},"p":{"a":0,"k":[15.025,49.233,0],"ix":2},"a":{"a":0,"k":[-37.75,-28.25,0],"ix":1},"s":{"a":1,"k":[{"i":{"x":[0.667,0.667,0.667],"y":[1,1,1]},"o":{"x":[0.333,0.333,0.333],"y":[0,0,0]},"t":0,"s":[107,107,100]},{"t":14,"s":[107,0,100]}],"ix":6}},"ao":0,"shapes":[{"ty":"gr","it":[{"d":1,"ty":"el","s":{"a":0,"k":[49.5,49.5],"ix":2},"p":{"a":0,"k":[0,0],"ix":3},"nm":"Ellipse Path 1","mn":"ADBE Vector Shape - Ellipse","hd":false},{"ty":"fl","c":{"a":0,"k":[1,1,1,1],"ix":4},"o":{"a":0,"k":100,"ix":5},"r":1,"bm":0,"nm":"Fill 1","mn":"ADBE Vector Graphic - Fill","hd":false},{"ty":"tr","p":{"a":0,"k":[-37.75,-28.25],"ix":2},"a":{"a":0,"k":[0,0],"ix":1},"s":{"a":0,"k":[100,100],"ix":3},"r":{"a":0,"k":0,"ix":6},"o":{"a":0,"k":100,"ix":7},"sk":{"a":0,"k":0,"ix":4},"sa":{"a":0,"k":0,"ix":5},"nm":"Transform"}],"nm":"Ellipse 1","np":3,"cix":2,"bm":0,"ix":1,"mn":"ADBE Vector Group","hd":false}],"ip":0,"op":12,"st":0,"bm":0},{"ddd":0,"ind":14,"ty":4,"nm":"r pupil","parent":1,"tt":1,"sr":1,"ks":{"o":{"a":0,"k":100,"ix":11},"r":{"a":0,"k":0,"ix":10},"p":{"a":1,"k":[{"i":{"x":0.667,"y":1},"o":{"x":0.333,"y":0},"t":0,"s":[14.85,48.093,0],"to":[0,-0.833,0],"ti":[0,0.833,0]},{"t":14,"s":[14.85,43.093,0]}],"ix":2},"a":{"a":0,"k":[-49.596,-29.315,0],"ix":1},"s":{"a":0,"k":[107,107,100],"ix":6}},"ao":0,"shapes":[{"ty":"gr","it":[{"ind":0,"ty":"sh","ix":1,"ks":{"a":0,"k":{"i":[[-7.097,0],[0,-7.097],[7.097,0],[0,7.097]],"o":[[7.097,0],[0,7.097],[-7.097,0],[0,-7.097]],"v":[[0,-12.85],[12.85,0],[0,12.85],[-12.85,0]],"c":true},"ix":2},"nm":"Path 1","mn":"ADBE Vector Shape - Group","hd":false},{"ty":"fl","c":{"a":0,"k":[0,0,0,1],"ix":4},"o":{"a":0,"k":100,"ix":5},"r":1,"bm":0,"nm":"Fill 1","mn":"ADBE Vector Graphic - Fill","hd":false},{"ty":"tr","p":{"a":0,"k":[-49.596,-29.315],"ix":2},"a":{"a":0,"k":[0,0],"ix":1},"s":{"a":0,"k":[100,100],"ix":3},"r":{"a":0,"k":0,"ix":6},"o":{"a":0,"k":100,"ix":7},"sk":{"a":0,"k":0,"ix":4},"sa":{"a":0,"k":0,"ix":5},"nm":"Transform"}],"nm":"Ellipse 2","np":3,"cix":2,"bm":0,"ix":1,"mn":"ADBE Vector Group","hd":false}],"ip":0,"op":12,"st":0,"bm":0},{"ddd":0,"ind":15,"ty":4,"nm":"r eye","parent":1,"sr":1,"ks":{"o":{"a":0,"k":100,"ix":11},"r":{"a":0,"k":0,"ix":10},"p":{"a":0,"k":[15.025,49.233,0],"ix":2},"a":{"a":0,"k":[-37.75,-28.25,0],"ix":1},"s":{"a":1,"k":[{"i":{"x":[0.667,0.667,0.667],"y":[1,1,1]},"o":{"x":[0.333,0.333,0.333],"y":[0,0,0]},"t":0,"s":[107,107,100]},{"t":14,"s":[107,0,100]}],"ix":6}},"ao":0,"shapes":[{"ty":"gr","it":[{"d":1,"ty":"el","s":{"a":0,"k":[49.5,49.5],"ix":2},"p":{"a":0,"k":[0,0],"ix":3},"nm":"Ellipse Path 1","mn":"ADBE Vector Shape - Ellipse","hd":false},{"ty":"fl","c":{"a":0,"k":[1,1,1,1],"ix":4},"o":{"a":0,"k":100,"ix":5},"r":1,"bm":0,"nm":"Fill 1","mn":"ADBE Vector Graphic - Fill","hd":false},{"ty":"tr","p":{"a":0,"k":[-37.75,-28.25],"ix":2},"a":{"a":0,"k":[0,0],"ix":1},"s":{"a":0,"k":[100,100],"ix":3},"r":{"a":0,"k":0,"ix":6},"o":{"a":0,"k":100,"ix":7},"sk":{"a":0,"k":0,"ix":4},"sa":{"a":0,"k":0,"ix":5},"nm":"Transform"}],"nm":"Ellipse 1","np":3,"cix":2,"bm":0,"ix":1,"mn":"ADBE Vector Group","hd":false}],"ip":0,"op":12,"st":0,"bm":0},{"ddd":0,"ind":16,"ty":4,"nm":"Shape Layer 4","sr":1,"ks":{"o":{"a":0,"k":100,"ix":11},"r":{"a":0,"k":0,"ix":10},"p":{"a":0,"k":[250,250,0],"ix":2},"a":{"a":0,"k":[0,0,0],"ix":1},"s":{"a":0,"k":[100,100,100],"ix":6}},"ao":0,"hasMask":true,"masksProperties":[{"inv":true,"mode":"a","pt":{"a":0,"k":{"i":[[14.822,-6.146],[2.795,-1.413],[0.562,-0.188],[8.438,1.812],[0,0],[-17,-15],[-9.25,10.75],[0,0]],"o":[[-2.562,1.062],[-5.562,2.813],[-0.688,-2.125],[-12.375,-6.625],[0,0],[17,15],[9.25,-10.75],[0,0]],"v":[[12.688,52.125],[5.812,54.438],[-0.75,61.75],[-15.625,51.375],[-70.625,54.875],[-20.5,-5.25],[41.75,-5],[61.25,51.75]],"c":true},"ix":1},"o":{"a":0,"k":100,"ix":3},"x":{"a":0,"k":0,"ix":4},"nm":"Mask 1"}],"shapes":[{"ty":"gr","it":[{"ind":0,"ty":"sh","ix":1,"ks":{"a":1,"k":[{"i":{"x":0.667,"y":1},"o":{"x":0.333,"y":0},"t":12,"s":[{"i":[[1.987,0.839],[2.795,-0.272],[-0.559,-0.272],[-2.732,0.159]],"o":[[-1.428,0.567],[3.726,0.113],[0.807,-0.793],[-2.608,-0.272]],"v":[[-1.814,46.071],[-8.646,47.363],[-1.628,49.244],[4.83,47.476]],"c":true}]},{"i":{"x":0.667,"y":1},"o":{"x":0.167,"y":0},"t":29,"s":[{"i":[[4,4.625],[5.625,-1.5],[-1.125,-1.5],[-5.5,0.875]],"o":[[-2.875,3.125],[7.5,0.625],[1.625,-4.375],[-5.25,-1.5]],"v":[[-1,44],[-14.75,51.125],[-0.625,61.5],[12.375,51.75]],"c":true}]},{"i":{"x":0.667,"y":1},"o":{"x":0.333,"y":0},"t":41,"s":[{"i":[[4,4.625],[5.625,-1.5],[-1.125,-1.5],[-5.5,0.875]],"o":[[-2.875,3.125],[7.5,0.625],[1.625,-4.375],[-5.25,-1.5]],"v":[[-1,44],[-14.75,51.125],[-0.625,61.5],[12.375,51.75]],"c":true}]},{"t":58,"s":[{"i":[[1.987,0.839],[2.795,-0.272],[-0.559,-0.272],[-2.732,0.159]],"o":[[-1.428,0.567],[3.726,0.113],[0.807,-0.793],[-2.608,-0.272]],"v":[[-1.814,46.071],[-8.646,47.363],[-1.628,49.244],[4.83,47.476]],"c":true}]}],"ix":2},"nm":"Path 1","mn":"ADBE Vector Shape - Group","hd":false},{"ty":"fl","c":{"a":0,"k":[0.141176470588,0.141176470588,0.141176470588,1],"ix":4},"o":{"a":0,"k":100,"ix":5},"r":1,"bm":0,"nm":"Fill 1","mn":"ADBE Vector Graphic - Fill","hd":false},{"ty":"tr","p":{"a":0,"k":[0,0],"ix":2},"a":{"a":0,"k":[0,0],"ix":1},"s":{"a":0,"k":[100,100],"ix":3},"r":{"a":0,"k":0,"ix":6},"o":{"a":0,"k":100,"ix":7},"sk":{"a":0,"k":0,"ix":4},"sa":{"a":0,"k":0,"ix":5},"nm":"Transform"}],"nm":"Shape 2","np":3,"cix":2,"bm":0,"ix":1,"mn":"ADBE Vector Group","hd":false},{"ty":"gr","it":[{"ind":0,"ty":"sh","ix":1,"ks":{"a":1,"k":[{"i":{"x":0.667,"y":0.432},"o":{"x":0.333,"y":0},"t":12,"s":[{"i":[[2.546,3.535],[4.099,-2.198],[1.246,0.928],[1.304,-2.425],[4.223,-0.907],[0.8,-0.382],[-5.116,-1.589],[-4.075,-0.165],[-3.912,0.363],[-3.091,1.337],[-1.49,0.635]],"o":[[-1.398,-1.941],[-4.19,2.248],[-1.49,-1.11],[-1.196,2.224],[-2.372,0.509],[-0.901,0.43],[11.675,3.626],[5.589,0.227],[1.724,-0.16],[3.353,-1.45],[-1.242,-0.861]],"v":[[13.648,41.765],[1.042,41.198],[-6.162,40.518],[-17.215,41.765],[-25.909,46.252],[-30.349,47.363],[-23.301,49.47],[-9.142,54.728],[8.805,54.637],[14.828,51.374],[27,47.249]],"c":true}]},{"i":{"x":0.667,"y":1},"o":{"x":0.333,"y":0.568},"t":20.5,"s":[{"i":[[3.836,11.518],[6.174,-7.162],[1.877,3.024],[1.965,-7.9],[6.361,-2.953],[1.206,-1.244],[-7.706,-5.176],[-6.139,-0.538],[-5.894,1.181],[-4.656,4.355],[-2.245,2.067]],"o":[[-2.106,-6.323],[-6.313,7.322],[-2.245,-3.618],[-1.802,7.245],[-3.574,1.659],[-1.358,1.401],[17.587,11.813],[8.42,0.738],[2.596,-0.52],[5.052,-4.725],[-1.871,-2.806]],"v":[[25.637,29.007],[6.646,27.162],[-10.206,25.447],[-26.858,29.507],[-46.955,47.626],[-53.642,51.246],[-43.026,58.11],[-12.446,82.739],[14.59,82.444],[29.414,68.562],[50,51.875]],"c":true}]},{"i":{"x":0.667,"y":1},"o":{"x":0.167,"y":0},"t":29,"s":[{"i":[[5.125,19.5],[8.25,-12.125],[2.508,5.12],[2.625,-13.375],[8.5,-5],[1.611,-2.106],[-10.297,-8.764],[-8.203,-0.911],[-7.875,2],[-6.221,7.373],[-3,3.5]],"o":[[-2.813,-10.704],[-8.435,12.397],[-3,-6.125],[-2.407,12.266],[-4.775,2.809],[-1.814,2.372],[23.5,20],[11.25,1.25],[3.469,-0.881],[6.75,-8],[-2.5,-4.75]],"v":[[30.125,20.25],[4.75,17.125],[-9.75,13.375],[-32,20.25],[-49.5,45],[-58.436,51.128],[-44.25,62.75],[-15.75,91.75],[20.375,91.25],[32.5,73.25],[57,50.5]],"c":true}]},{"i":{"x":0.667,"y":0.432},"o":{"x":0.333,"y":0},"t":41,"s":[{"i":[[5.125,19.5],[8.25,-12.125],[2.508,5.12],[2.625,-13.375],[8.5,-5],[1.611,-2.106],[-10.297,-8.764],[-8.203,-0.911],[-7.875,2],[-6.221,7.373],[-3,3.5]],"o":[[-2.813,-10.704],[-8.435,12.397],[-3,-6.125],[-2.407,12.266],[-4.775,2.809],[-1.814,2.372],[23.5,20],[11.25,1.25],[3.469,-0.881],[6.75,-8],[-2.5,-4.75]],"v":[[30.125,20.25],[4.75,17.125],[-9.75,13.375],[-32,20.25],[-49.5,45],[-58.436,51.128],[-44.25,62.75],[-15.75,91.75],[20.375,91.25],[32.5,73.25],[57,50.5]],"c":true}]},{"i":{"x":0.667,"y":1},"o":{"x":0.333,"y":0.568},"t":49.5,"s":[{"i":[[3.836,11.518],[6.174,-7.162],[1.877,3.024],[1.965,-7.9],[6.361,-2.953],[1.206,-1.244],[-7.706,-5.176],[-6.139,-0.538],[-5.894,1.181],[-4.656,4.355],[-2.245,2.067]],"o":[[-2.106,-6.323],[-6.313,7.322],[-2.245,-3.618],[-1.802,7.245],[-3.574,1.659],[-1.358,1.401],[17.587,11.813],[8.42,0.738],[2.596,-0.52],[5.052,-4.725],[-1.871,-2.806]],"v":[[25.637,29.007],[6.646,27.162],[-10.206,25.447],[-26.858,29.507],[-46.955,47.626],[-53.642,51.246],[-43.026,58.11],[-12.446,82.739],[14.59,82.444],[29.414,68.562],[50,51.875]],"c":true}]},{"t":58,"s":[{"i":[[2.546,3.535],[4.099,-2.198],[1.246,0.928],[1.304,-2.425],[4.223,-0.907],[0.8,-0.382],[-5.116,-1.589],[-4.075,-0.165],[-3.912,0.363],[-3.091,1.337],[-1.49,0.635]],"o":[[-1.398,-1.941],[-4.19,2.248],[-1.49,-1.11],[-1.196,2.224],[-2.372,0.509],[-0.901,0.43],[11.675,3.626],[5.589,0.227],[1.724,-0.16],[3.353,-1.45],[-1.242,-0.861]],"v":[[13.648,41.765],[1.042,41.198],[-6.162,40.518],[-17.215,41.765],[-25.909,46.252],[-30.349,47.363],[-23.301,49.47],[-9.142,54.728],[8.805,54.637],[14.828,51.374],[27,47.249]],"c":true}]}],"ix":2},"nm":"Path 1","mn":"ADBE Vector Shape - Group","hd":false},{"ty":"fl","c":{"a":0,"k":[0.552941176471,0,0.051040739172,1],"ix":4},"o":{"a":0,"k":100,"ix":5},"r":1,"bm":0,"nm":"Fill 1","mn":"ADBE Vector Graphic - Fill","hd":false},{"ty":"tr","p":{"a":0,"k":[0,0],"ix":2},"a":{"a":0,"k":[0,0],"ix":1},"s":{"a":0,"k":[100,100],"ix":3},"r":{"a":0,"k":0,"ix":6},"o":{"a":0,"k":100,"ix":7},"sk":{"a":0,"k":0,"ix":4},"sa":{"a":0,"k":0,"ix":5},"nm":"Transform"}],"nm":"Shape 1","np":3,"cix":2,"bm":0,"ix":2,"mn":"ADBE Vector Group","hd":false}],"ip":12,"op":58,"st":12,"bm":0},{"ddd":0,"ind":17,"ty":4,"nm":"Shape Layer 3","sr":1,"ks":{"o":{"a":0,"k":100,"ix":11},"r":{"a":0,"k":0,"ix":10},"p":{"a":0,"k":[250,250,0],"ix":2},"a":{"a":0,"k":[0,0,0],"ix":1},"s":{"a":0,"k":[100,100,100],"ix":6}},"ao":0,"hasMask":true,"masksProperties":[{"inv":false,"mode":"a","pt":{"a":0,"k":{"i":[[14.822,-6.146],[2.795,-1.413],[0.562,-0.188],[8.438,1.812],[0,0],[-17,-15],[-9.25,10.75],[0,0]],"o":[[-2.562,1.062],[-5.562,2.812],[-0.688,-2.125],[-12.375,-6.625],[0,0],[17,15],[9.25,-10.75],[0,0]],"v":[[12.688,51.625],[5.812,54.438],[-0.75,61.75],[-15.625,50.75],[-70.625,54.25],[-24.5,107.75],[41.25,92.5],[61.25,51.125]],"c":true},"ix":1},"o":{"a":0,"k":100,"ix":3},"x":{"a":0,"k":0,"ix":4},"nm":"Mask 1"}],"shapes":[{"ty":"gr","it":[{"ind":0,"ty":"sh","ix":1,"ks":{"a":1,"k":[{"i":{"x":0.667,"y":1},"o":{"x":0.333,"y":0},"t":12,"s":[{"i":[[1.987,0.839],[2.795,-0.272],[-0.559,-0.272],[-2.732,0.159]],"o":[[-1.428,0.567],[3.726,0.113],[0.807,-0.793],[-2.608,-0.272]],"v":[[-1.814,46.071],[-8.646,47.363],[-1.628,49.244],[4.83,47.476]],"c":true}]},{"i":{"x":0.667,"y":1},"o":{"x":0.167,"y":0},"t":29,"s":[{"i":[[4,4.625],[5.625,-1.5],[-1.125,-1.5],[-5.5,0.875]],"o":[[-2.875,3.125],[7.5,0.625],[1.625,-4.375],[-5.25,-1.5]],"v":[[-1,44],[-14.75,51.125],[-0.625,61.5],[12.375,51.75]],"c":true}]},{"i":{"x":0.667,"y":1},"o":{"x":0.333,"y":0},"t":41,"s":[{"i":[[4,4.625],[5.625,-1.5],[-1.125,-1.5],[-5.5,0.875]],"o":[[-2.875,3.125],[7.5,0.625],[1.625,-4.375],[-5.25,-1.5]],"v":[[-1,44],[-14.75,51.125],[-0.625,61.5],[12.375,51.75]],"c":true}]},{"t":58,"s":[{"i":[[1.987,0.839],[2.795,-0.272],[-0.559,-0.272],[-2.732,0.159]],"o":[[-1.428,0.567],[3.726,0.113],[0.807,-0.793],[-2.608,-0.272]],"v":[[-1.814,46.071],[-8.646,47.363],[-1.628,49.244],[4.83,47.476]],"c":true}]}],"ix":2},"nm":"Path 1","mn":"ADBE Vector Shape - Group","hd":false},{"ty":"fl","c":{"a":0,"k":[0.141176470588,0.141176470588,0.141176470588,1],"ix":4},"o":{"a":0,"k":100,"ix":5},"r":1,"bm":0,"nm":"Fill 1","mn":"ADBE Vector Graphic - Fill","hd":false},{"ty":"tr","p":{"a":0,"k":[0,0],"ix":2},"a":{"a":0,"k":[0,0],"ix":1},"s":{"a":0,"k":[100,100],"ix":3},"r":{"a":0,"k":0,"ix":6},"o":{"a":0,"k":100,"ix":7},"sk":{"a":0,"k":0,"ix":4},"sa":{"a":0,"k":0,"ix":5},"nm":"Transform"}],"nm":"Shape 2","np":3,"cix":2,"bm":0,"ix":1,"mn":"ADBE Vector Group","hd":false},{"ty":"gr","it":[{"ind":0,"ty":"sh","ix":1,"ks":{"a":1,"k":[{"i":{"x":0.667,"y":0.432},"o":{"x":0.333,"y":0},"t":12,"s":[{"i":[[2.546,3.535],[4.099,-2.198],[1.246,0.928],[1.304,-2.425],[4.223,-0.907],[0.8,-0.382],[-5.116,-1.589],[-4.075,-0.165],[-3.912,0.363],[-3.091,1.337],[-1.49,0.635]],"o":[[-1.398,-1.941],[-4.19,2.248],[-1.49,-1.11],[-1.196,2.224],[-2.372,0.509],[-0.901,0.43],[11.675,3.626],[5.589,0.227],[1.724,-0.16],[3.353,-1.45],[-1.242,-0.861]],"v":[[13.648,41.765],[1.042,41.198],[-6.162,40.518],[-17.215,41.765],[-25.909,46.252],[-30.349,47.363],[-23.301,49.47],[-9.142,54.728],[8.805,54.637],[14.828,51.374],[27,47.249]],"c":true}]},{"i":{"x":0.667,"y":1},"o":{"x":0.333,"y":0.568},"t":20.5,"s":[{"i":[[3.836,11.518],[6.174,-7.162],[1.877,3.024],[1.965,-7.9],[6.361,-2.953],[1.206,-1.244],[-7.706,-5.176],[-6.139,-0.538],[-5.894,1.181],[-4.656,4.355],[-2.245,2.067]],"o":[[-2.106,-6.323],[-6.313,7.322],[-2.245,-3.618],[-1.802,7.245],[-3.574,1.659],[-1.358,1.401],[17.587,11.813],[8.42,0.738],[2.596,-0.52],[5.052,-4.725],[-1.871,-2.806]],"v":[[25.637,29.007],[6.646,27.162],[-10.206,25.447],[-26.858,29.507],[-46.955,47.626],[-53.642,51.246],[-43.026,58.11],[-12.446,82.739],[14.59,82.444],[29.414,68.562],[50,51.875]],"c":true}]},{"i":{"x":0.667,"y":1},"o":{"x":0.167,"y":0},"t":29,"s":[{"i":[[5.125,19.5],[8.25,-12.125],[2.508,5.12],[2.625,-13.375],[8.5,-5],[1.611,-2.106],[-10.297,-8.764],[-8.203,-0.911],[-7.875,2],[-6.221,7.373],[-3,3.5]],"o":[[-2.813,-10.704],[-8.435,12.397],[-3,-6.125],[-2.407,12.266],[-4.775,2.809],[-1.814,2.372],[23.5,20],[11.25,1.25],[3.469,-0.881],[6.75,-8],[-2.5,-4.75]],"v":[[30.125,20.25],[4.75,17.125],[-9.75,13.375],[-32,20.25],[-49.5,45],[-58.436,51.128],[-44.25,62.75],[-15.75,91.75],[20.375,91.25],[32.5,73.25],[57,50.5]],"c":true}]},{"i":{"x":0.667,"y":0.432},"o":{"x":0.333,"y":0},"t":41,"s":[{"i":[[5.125,19.5],[8.25,-12.125],[2.508,5.12],[2.625,-13.375],[8.5,-5],[1.611,-2.106],[-10.297,-8.764],[-8.203,-0.911],[-7.875,2],[-6.221,7.373],[-3,3.5]],"o":[[-2.813,-10.704],[-8.435,12.397],[-3,-6.125],[-2.407,12.266],[-4.775,2.809],[-1.814,2.372],[23.5,20],[11.25,1.25],[3.469,-0.881],[6.75,-8],[-2.5,-4.75]],"v":[[30.125,20.25],[4.75,17.125],[-9.75,13.375],[-32,20.25],[-49.5,45],[-58.436,51.128],[-44.25,62.75],[-15.75,91.75],[20.375,91.25],[32.5,73.25],[57,50.5]],"c":true}]},{"i":{"x":0.667,"y":1},"o":{"x":0.333,"y":0.568},"t":49.5,"s":[{"i":[[3.836,11.518],[6.174,-7.162],[1.877,3.024],[1.965,-7.9],[6.361,-2.953],[1.206,-1.244],[-7.706,-5.176],[-6.139,-0.538],[-5.894,1.181],[-4.656,4.355],[-2.245,2.067]],"o":[[-2.106,-6.323],[-6.313,7.322],[-2.245,-3.618],[-1.802,7.245],[-3.574,1.659],[-1.358,1.401],[17.587,11.813],[8.42,0.738],[2.596,-0.52],[5.052,-4.725],[-1.871,-2.806]],"v":[[25.637,29.007],[6.646,27.162],[-10.206,25.447],[-26.858,29.507],[-46.955,47.626],[-53.642,51.246],[-43.026,58.11],[-12.446,82.739],[14.59,82.444],[29.414,68.562],[50,51.875]],"c":true}]},{"t":58,"s":[{"i":[[2.546,3.535],[4.099,-2.198],[1.246,0.928],[1.304,-2.425],[4.223,-0.907],[0.8,-0.382],[-5.116,-1.589],[-4.075,-0.165],[-3.912,0.363],[-3.091,1.337],[-1.49,0.635]],"o":[[-1.398,-1.941],[-4.19,2.248],[-1.49,-1.11],[-1.196,2.224],[-2.372,0.509],[-0.901,0.43],[11.675,3.626],[5.589,0.227],[1.724,-0.16],[3.353,-1.45],[-1.242,-0.861]],"v":[[13.648,41.765],[1.042,41.198],[-6.162,40.518],[-17.215,41.765],[-25.909,46.252],[-30.349,47.363],[-23.301,49.47],[-9.142,54.728],[8.805,54.637],[14.828,51.374],[27,47.249]],"c":true}]}],"ix":2},"nm":"Path 1","mn":"ADBE Vector Shape - Group","hd":false},{"ty":"fl","c":{"a":0,"k":[0.63137254902,0.059423297059,0.112218624938,1],"ix":4},"o":{"a":0,"k":100,"ix":5},"r":1,"bm":0,"nm":"Fill 1","mn":"ADBE Vector Graphic - Fill","hd":false},{"ty":"tr","p":{"a":0,"k":[0,0],"ix":2},"a":{"a":0,"k":[0,0],"ix":1},"s":{"a":0,"k":[100,100],"ix":3},"r":{"a":0,"k":0,"ix":6},"o":{"a":0,"k":100,"ix":7},"sk":{"a":0,"k":0,"ix":4},"sa":{"a":0,"k":0,"ix":5},"nm":"Transform"}],"nm":"Shape 1","np":3,"cix":2,"bm":0,"ix":2,"mn":"ADBE Vector Group","hd":false}],"ip":12,"op":58,"st":12,"bm":0},{"ddd":0,"ind":18,"ty":4,"nm":"mouth 2","sr":1,"ks":{"o":{"a":0,"k":100,"ix":11},"r":{"a":0,"k":0,"ix":10},"p":{"a":0,"k":[247.25,297.693,0],"ix":2},"a":{"a":0,"k":[-2.75,47.693,0],"ix":1},"s":{"a":0,"k":[100,100,100],"ix":6}},"ao":0,"shapes":[{"ty":"gr","it":[{"ind":0,"ty":"sh","ix":1,"ks":{"a":1,"k":[{"i":{"x":0.667,"y":1},"o":{"x":0.333,"y":0},"t":58,"s":[{"i":[[0,0],[-8.368,0.373],[0,0]],"o":[[0,0],[15.871,-0.708],[0,0]],"v":[[-25.25,49.25],[-3.882,51.127],[21,49.25]],"c":false}]},{"t":71,"s":[{"i":[[0,0],[-44.882,0.627],[0,0]],"o":[[0,0],[44.883,-0.627],[0,0]],"v":[[-68.5,32],[-1.133,63.377],[63,34]],"c":false}]}],"ix":2},"nm":"Path 1","mn":"ADBE Vector Shape - Group","hd":false},{"ty":"st","c":{"a":0,"k":[0,0,0,1],"ix":3},"o":{"a":0,"k":100,"ix":4},"w":{"a":0,"k":12,"ix":5},"lc":2,"lj":1,"ml":4,"bm":0,"nm":"Stroke 1","mn":"ADBE Vector Graphic - Stroke","hd":false},{"ty":"tr","p":{"a":0,"k":[0,0],"ix":2},"a":{"a":0,"k":[0,0],"ix":1},"s":{"a":0,"k":[100,100],"ix":3},"r":{"a":0,"k":0,"ix":6},"o":{"a":0,"k":100,"ix":7},"sk":{"a":0,"k":0,"ix":4},"sa":{"a":0,"k":0,"ix":5},"nm":"Transform"}],"nm":"Shape 1","np":3,"cix":2,"bm":0,"ix":1,"mn":"ADBE Vector Group","hd":false}],"ip":58,"op":77,"st":58,"bm":0},{"ddd":0,"ind":19,"ty":4,"nm":"mouth","sr":1,"ks":{"o":{"a":0,"k":100,"ix":11},"r":{"a":0,"k":0,"ix":10},"p":{"a":0,"k":[247.25,297.693,0],"ix":2},"a":{"a":0,"k":[-2.75,47.693,0],"ix":1},"s":{"a":0,"k":[100,100,100],"ix":6}},"ao":0,"shapes":[{"ty":"gr","it":[{"ind":0,"ty":"sh","ix":1,"ks":{"a":1,"k":[{"i":{"x":0.667,"y":1},"o":{"x":0.333,"y":0},"t":0,"s":[{"i":[[0,0],[-44.882,0.627],[0,0]],"o":[[0,0],[44.883,-0.627],[0,0]],"v":[[-68.5,32],[-1.133,63.377],[63,34]],"c":false}]},{"t":13,"s":[{"i":[[0,0],[-8.368,0.373],[0,0]],"o":[[0,0],[15.871,-0.708],[0,0]],"v":[[-25.25,49.25],[-3.882,51.127],[21,49.25]],"c":false}]}],"ix":2},"nm":"Path 1","mn":"ADBE Vector Shape - Group","hd":false},{"ty":"st","c":{"a":0,"k":[0,0,0,1],"ix":3},"o":{"a":0,"k":100,"ix":4},"w":{"a":0,"k":12,"ix":5},"lc":2,"lj":1,"ml":4,"bm":0,"nm":"Stroke 1","mn":"ADBE Vector Graphic - Stroke","hd":false},{"ty":"tr","p":{"a":0,"k":[0,0],"ix":2},"a":{"a":0,"k":[0,0],"ix":1},"s":{"a":0,"k":[100,100],"ix":3},"r":{"a":0,"k":0,"ix":6},"o":{"a":0,"k":100,"ix":7},"sk":{"a":0,"k":0,"ix":4},"sa":{"a":0,"k":0,"ix":5},"nm":"Transform"}],"nm":"Shape 1","np":3,"cix":2,"bm":0,"ix":1,"mn":"ADBE Vector Group","hd":false}],"ip":0,"op":13,"st":0,"bm":0},{"ddd":0,"ind":20,"ty":4,"nm":"head","sr":1,"ks":{"o":{"a":0,"k":100,"ix":11},"r":{"a":0,"k":0,"ix":10},"p":{"a":0,"k":[250,250,0],"ix":2},"a":{"a":0,"k":[0,0,0],"ix":1},"s":{"a":0,"k":[100,100,100],"ix":6}},"ao":0,"shapes":[{"ty":"gr","it":[{"d":1,"ty":"el","s":{"a":0,"k":[277,277],"ix":2},"p":{"a":0,"k":[0,0],"ix":3},"nm":"Ellipse Path 1","mn":"ADBE Vector Shape - Ellipse","hd":false},{"ty":"gf","o":{"a":0,"k":100,"ix":10},"r":1,"bm":0,"g":{"p":3,"k":{"a":0,"k":[0,1,0.914,0.471,0.5,0.996,0.761,0.278,1,0.992,0.608,0.086],"ix":9}},"s":{"a":0,"k":[0,0],"ix":5},"e":{"a":0,"k":[92.381,-89.524],"ix":6},"t":2,"h":{"a":0,"k":0,"ix":7},"a":{"a":0,"k":0,"ix":8},"nm":"Gradient Fill 1","mn":"ADBE Vector Graphic - G-Fill","hd":false},{"ty":"tr","p":{"a":0,"k":[-0.5,-0.5],"ix":2},"a":{"a":0,"k":[0,0],"ix":1},"s":{"a":0,"k":[100,100],"ix":3},"r":{"a":0,"k":0,"ix":6},"o":{"a":0,"k":100,"ix":7},"sk":{"a":0,"k":0,"ix":4},"sa":{"a":0,"k":0,"ix":5},"nm":"Transform"}],"nm":"Ellipse 1","np":3,"cix":2,"bm":0,"ix":1,"mn":"ADBE Vector Group","hd":false}],"ip":0,"op":180,"st":0,"bm":0}],"markers":[]}