{"v":"5.5.7","fr":25,"ip":0,"op":45,"w":1500,"h":1500,"nm":"21_Star-Struck","ddd":0,"assets":[],"layers":[{"ddd":0,"ind":1,"ty":3,"nm":"SIZE","sr":1,"ks":{"o":{"a":0,"k":0,"ix":11},"r":{"a":0,"k":0,"ix":10},"p":{"a":0,"k":[749.695,748.848,0],"ix":2},"a":{"a":0,"k":[60,60,0],"ix":1},"s":{"a":0,"k":[650,650,100],"ix":6}},"ao":0,"ip":0,"op":45,"st":0,"bm":0},{"ddd":0,"ind":2,"ty":3,"nm":"Body CONTROL","parent":1,"sr":1,"ks":{"o":{"a":0,"k":0,"ix":11},"r":{"a":0,"k":0,"ix":10},"p":{"a":1,"k":[{"i":{"x":0.497,"y":1},"o":{"x":0.602,"y":0},"t":3,"s":[60,60.252,0],"to":[0,0,0],"ti":[0,0,0]},{"i":{"x":0.672,"y":1},"o":{"x":0.637,"y":0},"t":10,"s":[60,56.052,0],"to":[0,0,0],"ti":[0,0,0]},{"i":{"x":0.371,"y":1},"o":{"x":0.389,"y":0},"t":19,"s":[60,66.452,0],"to":[0,0,0],"ti":[0,0,0]},{"i":{"x":0.371,"y":1},"o":{"x":0.422,"y":0},"t":30,"s":[60,59.052,0],"to":[0,0,0],"ti":[0,0,0]},{"t":44,"s":[60,60.252,0]}],"ix":2},"a":{"a":0,"k":[60,60,0],"ix":1},"s":{"a":1,"k":[{"i":{"x":[0.497,0.497,0.667],"y":[1,1,1]},"o":{"x":[0.602,0.602,0.333],"y":[0,0,0]},"t":3,"s":[100,100,100]},{"i":{"x":[0.263,0.263,0.667],"y":[1,1,1]},"o":{"x":[0.505,0.505,0.333],"y":[0,0,0]},"t":9,"s":[97.8,102.4,100]},{"i":{"x":[0.418,0.418,0.667],"y":[1,1,1]},"o":{"x":[0.444,0.444,0.333],"y":[0,0,0]},"t":16,"s":[101.9,98.5,100]},{"i":{"x":[0.833,0.833,0.833],"y":[1,1,1]},"o":{"x":[0.167,0.167,0.167],"y":[0,0,0]},"t":28,"s":[98.6,102.1,100]},{"t":44,"s":[100,100,100]}],"ix":6}},"ao":0,"ip":0,"op":45,"st":0,"bm":0},{"ddd":0,"ind":3,"ty":3,"nm":"Face CONTROL","parent":15,"sr":1,"ks":{"o":{"a":0,"k":0,"ix":11},"r":{"a":0,"k":0,"ix":10},"p":{"a":1,"k":[{"i":{"x":0.497,"y":1},"o":{"x":0.602,"y":0},"t":1,"s":[0,0,0],"to":[0,0,0],"ti":[0,0,0]},{"i":{"x":0.523,"y":1},"o":{"x":0.805,"y":0},"t":9,"s":[0,-60.6,0],"to":[0,0,0],"ti":[0,0,0]},{"i":{"x":0.417,"y":1},"o":{"x":0.323,"y":0},"t":18,"s":[0,39.6,0],"to":[0,0,0],"ti":[0,0,0]},{"i":{"x":0.386,"y":1},"o":{"x":0.291,"y":0},"t":29,"s":[0,-5,0],"to":[0,0,0],"ti":[0,0,0]},{"t":44,"s":[0,0,0]}],"ix":2},"a":{"a":0,"k":[60,60,0],"ix":1},"s":{"a":1,"k":[{"i":{"x":[0.598,0.598,0.833],"y":[1,1,1]},"o":{"x":[0.513,0.513,0.167],"y":[0,0,0]},"t":0,"s":[100,100,100]},{"i":{"x":[0.247,0.247,0.667],"y":[1,1,1]},"o":{"x":[0.544,0.544,0.333],"y":[0,0,0]},"t":9,"s":[85,85,100]},{"i":{"x":[0.833,0.833,0.833],"y":[1,1,1]},"o":{"x":[0.167,0.167,0.167],"y":[0,0,0]},"t":25,"s":[100,100,100]},{"t":44,"s":[100,100,100]}],"ix":6}},"ao":0,"ip":0,"op":45,"st":0,"bm":0},{"ddd":0,"ind":4,"ty":4,"nm":"Star_4","parent":6,"sr":1,"ks":{"o":{"a":0,"k":90,"ix":11},"r":{"a":0,"k":0,"ix":10},"p":{"a":0,"k":[-41.161,-30.126,0],"ix":2},"a":{"a":0,"k":[-41.161,-30.126,0],"ix":1},"s":{"a":0,"k":[100,100,100],"ix":6}},"ao":0,"ef":[{"ty":5,"nm":"Fast Box Blur","np":6,"mn":"ADBE Box Blur2","ix":1,"en":1,"ef":[{"ty":0,"nm":"Blur Radius","mn":"ADBE Box Blur2-0001","ix":1,"v":{"a":0,"k":0.6,"ix":1,"x":"var $bm_rt;\n$bm_rt = $bm_div($bm_mul(value, thisComp.layer('SIZE').transform.scale[0]), 100);"}},{"ty":0,"nm":"Iterations","mn":"ADBE Box Blur2-0002","ix":2,"v":{"a":0,"k":3,"ix":2}},{"ty":7,"nm":"Blur Dimensions","mn":"ADBE Box Blur2-0003","ix":3,"v":{"a":0,"k":1,"ix":3}},{"ty":7,"nm":"Repeat Edge Pixels","mn":"ADBE Box Blur2-0004","ix":4,"v":{"a":0,"k":0,"ix":4}}]}],"shapes":[{"ty":"gr","it":[{"ind":0,"ty":"sh","ix":1,"ks":{"a":0,"k":{"i":[[4.875,7],[0.75,-4],[0.625,-1.125],[3.75,-1],[-1,-0.5],[-1,-0.5],[-10.688,1.775],[1.5,-1],[-4.5,6],[4.25,-1],[1.25,0.25]],"o":[[-4.53,-6.504],[-0.28,1.495],[-0.625,1.125],[-3.75,1],[1,0.5],[0.474,0.237],[10.604,-1.761],[-1.5,1],[3.295,-4.393],[-2.007,0.472],[-0.66,-0.132]],"v":[[-41.375,-64.75],[-50.625,-63.5],[-53.375,-43.25],[-76.25,-36.75],[-78.25,-31],[-57.75,-22.625],[-36.854,-20.739],[-18,-30.75],[-4.625,-43],[-8.75,-50.625],[-30.375,-47.75]],"c":true},"ix":2},"nm":"Path 1","mn":"ADBE Vector Shape - Group","hd":false},{"ty":"op","nm":"Offset Paths 1","a":{"a":0,"k":-2.5,"ix":1},"lj":2,"ml":{"a":0,"k":4,"ix":3},"ix":2,"mn":"ADBE Vector Filter - Offset","hd":false},{"ty":"gf","o":{"a":0,"k":100,"ix":10},"r":1,"bm":0,"g":{"p":3,"k":{"a":0,"k":[0,1,1,1,0.5,1,1,1,1,1,1,1,0,1,0.633,0.795,1,0.59],"ix":9}},"s":{"a":0,"k":[-44.975,-59.229],"ix":5},"e":{"a":0,"k":[-36.8,-20.535],"ix":6},"t":1,"nm":"Gradient Fill 1","mn":"ADBE Vector Graphic - G-Fill","hd":false},{"ty":"tr","p":{"a":0,"k":[0,0],"ix":2},"a":{"a":0,"k":[0,0],"ix":1},"s":{"a":0,"k":[100,100],"ix":3},"r":{"a":0,"k":0,"ix":6},"o":{"a":0,"k":93,"ix":7},"sk":{"a":0,"k":0,"ix":4},"sa":{"a":0,"k":0,"ix":5},"nm":"Transform"}],"nm":"Shape 2","np":4,"cix":2,"bm":0,"ix":1,"mn":"ADBE Vector Group","hd":false},{"ty":"gr","it":[{"ind":0,"ty":"sh","ix":1,"ks":{"a":0,"k":{"i":[[0,-6.375],[-0.75,0.75],[-0.875,0.125],[-7.944,-2.698],[1.125,3],[12.5,-1.75]],"o":[[0,6.375],[0.75,-0.75],[0.375,0.5],[6.625,2.25],[-0.648,-1.728],[-12.5,1.75]],"v":[[-57.375,3.5],[-50.875,7.125],[-34.375,-8.5],[-15.5,-1.375],[-8.875,-6.25],[-35.5,-17]],"c":true},"ix":2},"nm":"Path 1","mn":"ADBE Vector Shape - Group","hd":false},{"ty":"op","nm":"Offset Paths 1","a":{"a":0,"k":-0.6,"ix":1},"lj":1,"ml":{"a":0,"k":4,"ix":3},"ix":2,"mn":"ADBE Vector Filter - Offset","hd":false},{"ty":"gf","o":{"a":0,"k":100,"ix":10},"r":1,"bm":0,"g":{"p":3,"k":{"a":0,"k":[0,0.762,0.521,0.066,0.688,0.801,0.541,0.033,1,0.839,0.561,0,0,1,0.5,0.5,1,0],"ix":9}},"s":{"a":0,"k":[-33.844,-4.453],"ix":5},"e":{"a":0,"k":[-37.48,-20.062],"ix":6},"t":2,"h":{"a":0,"k":0,"ix":7},"a":{"a":0,"k":0,"ix":8},"nm":"Gradient Fill 1","mn":"ADBE Vector Graphic - G-Fill","hd":false},{"ty":"tr","p":{"a":0,"k":[0,0],"ix":2},"a":{"a":0,"k":[0,0],"ix":1},"s":{"a":0,"k":[100,100],"ix":3},"r":{"a":0,"k":0,"ix":6},"o":{"a":0,"k":100,"ix":7},"sk":{"a":0,"k":0,"ix":4},"sa":{"a":0,"k":0,"ix":5},"nm":"Transform"}],"nm":"Shape 3","np":4,"cix":2,"bm":0,"ix":2,"mn":"ADBE Vector Group","hd":false}],"ip":0,"op":45,"st":0,"bm":0},{"ddd":0,"ind":5,"ty":4,"nm":"Star_6","parent":6,"sr":1,"ks":{"o":{"a":0,"k":100,"ix":11},"r":{"a":0,"k":0,"ix":10},"p":{"a":0,"k":[-41.161,-30.126,0],"ix":2},"a":{"a":0,"k":[-41.161,-30.126,0],"ix":1},"s":{"a":0,"k":[100,100,100],"ix":6}},"ao":0,"ef":[{"ty":5,"nm":"Fast Box Blur","np":6,"mn":"ADBE Box Blur2","ix":1,"en":1,"ef":[{"ty":0,"nm":"Blur Radius","mn":"ADBE Box Blur2-0001","ix":1,"v":{"a":0,"k":1.3,"ix":1,"x":"var $bm_rt;\n$bm_rt = $bm_div($bm_mul(value, thisComp.layer('SIZE').transform.scale[0]), 100);"}},{"ty":0,"nm":"Iterations","mn":"ADBE Box Blur2-0002","ix":2,"v":{"a":0,"k":3,"ix":2}},{"ty":7,"nm":"Blur Dimensions","mn":"ADBE Box Blur2-0003","ix":3,"v":{"a":0,"k":1,"ix":3}},{"ty":7,"nm":"Repeat Edge Pixels","mn":"ADBE Box Blur2-0004","ix":4,"v":{"a":0,"k":0,"ix":4}}]}],"shapes":[{"ty":"gr","it":[{"ind":0,"ty":"sh","ix":1,"ks":{"a":0,"k":{"i":[[4.875,7],[0.75,-4],[0.625,-1.125],[3.75,-1],[-1,-0.5],[-1,-0.5],[0,-6.375],[-0.75,0.75],[-0.875,0.125],[-7.944,-2.698],[1.125,3],[0.125,1.25],[-4.5,6],[4.25,-1],[1.25,0.25]],"o":[[-4.53,-6.504],[-0.28,1.495],[-0.625,1.125],[-3.75,1],[1,0.5],[1,0.5],[0,6.375],[0.75,-0.75],[0.375,0.5],[6.625,2.25],[-0.648,-1.728],[-0.125,-1.25],[3.295,-4.393],[-2.007,0.472],[-0.66,-0.132]],"v":[[-41.375,-64.75],[-50.625,-63.5],[-53.375,-43.25],[-76.25,-36.75],[-78.25,-31],[-57.625,-18.625],[-57.375,3.5],[-50.875,7.125],[-34.375,-8.5],[-15.5,-1.375],[-8.875,-6.25],[-18,-26.5],[-4.625,-43],[-8.75,-50.625],[-30.375,-47.75]],"c":true},"ix":2},"nm":"Path 1","mn":"ADBE Vector Shape - Group","hd":false},{"ty":"op","nm":"Offset Paths 1","a":{"a":0,"k":-0.1,"ix":1,"x":"var $bm_rt;\n$bm_rt = $bm_div($bm_mul(value, thisComp.layer('SIZE').transform.scale[0]), 100);"},"lj":1,"ml":{"a":0,"k":4,"ix":3},"ix":2,"mn":"ADBE Vector Filter - Offset","hd":false},{"ty":"gf","o":{"a":0,"k":100,"ix":10},"r":1,"bm":0,"g":{"p":3,"k":{"a":0,"k":[0,0.953,0.875,0.329,0.5,0.892,0.734,0.209,1,0.832,0.593,0.089],"ix":9}},"s":{"a":0,"k":[-38.512,-27.174],"ix":5},"e":{"a":0,"k":[-31.035,1.91],"ix":6},"t":1,"nm":"Gradient Fill 1","mn":"ADBE Vector Graphic - G-Fill","hd":false},{"ty":"tr","p":{"a":0,"k":[0,0],"ix":2},"a":{"a":0,"k":[0,0],"ix":1},"s":{"a":0,"k":[100,100],"ix":3},"r":{"a":0,"k":0,"ix":6},"o":{"a":0,"k":100,"ix":7},"sk":{"a":0,"k":0,"ix":4},"sa":{"a":0,"k":0,"ix":5},"nm":"Transform"}],"nm":"Shape 2","np":4,"cix":2,"bm":0,"ix":1,"mn":"ADBE Vector Group","hd":false}],"ip":0,"op":45,"st":0,"bm":0},{"ddd":0,"ind":6,"ty":4,"nm":"Star_3","parent":3,"sr":1,"ks":{"o":{"a":0,"k":100,"ix":11},"r":{"a":1,"k":[{"i":{"x":[0.641],"y":[1]},"o":{"x":[0.552],"y":[0]},"t":1,"s":[22.3]},{"i":{"x":[0.536],"y":[1]},"o":{"x":[0.417],"y":[0]},"t":10,"s":[53.3]},{"i":{"x":[0.537],"y":[1]},"o":{"x":[0.255],"y":[0]},"t":19,"s":[8.2]},{"t":29,"s":[22.3]}],"ix":10},"p":{"a":0,"k":[186.427,-92.087,0],"ix":2},"a":{"a":0,"k":[-41.161,-30.126,0],"ix":1},"s":{"a":1,"k":[{"i":{"x":[0.604,0.604,0.667],"y":[1,1,1]},"o":{"x":[0.483,0.483,0.333],"y":[0,0,0]},"t":0,"s":[333.333,333.333,100]},{"i":{"x":[0.38,0.38,0.667],"y":[1,1,1]},"o":{"x":[0.388,0.388,0.333],"y":[0,0,0]},"t":9,"s":[189.333,189.333,100]},{"i":{"x":[0.271,0.271,0.667],"y":[1,1,1]},"o":{"x":[0.297,0.297,0.333],"y":[0,0,0]},"t":18,"s":[390.333,390.333,100]},{"t":28,"s":[333.333,333.333,100]}],"ix":6}},"ao":0,"ef":[{"ty":25,"nm":"Drop Shadow","np":8,"mn":"ADBE Drop Shadow","ix":1,"en":1,"ef":[{"ty":2,"nm":"Shadow Color","mn":"ADBE Drop Shadow-0001","ix":1,"v":{"a":0,"k":[0,0,0,1],"ix":1}},{"ty":0,"nm":"Opacity","mn":"ADBE Drop Shadow-0002","ix":2,"v":{"a":0,"k":39.5,"ix":2}},{"ty":0,"nm":"Direction","mn":"ADBE Drop Shadow-0003","ix":3,"v":{"a":0,"k":228,"ix":3}},{"ty":0,"nm":"Distance","mn":"ADBE Drop Shadow-0004","ix":4,"v":{"a":0,"k":2,"ix":4,"x":"var $bm_rt;\n$bm_rt = $bm_div($bm_mul(value, thisComp.layer('SIZE').transform.scale[0]), 100);"}},{"ty":0,"nm":"Softness","mn":"ADBE Drop Shadow-0005","ix":5,"v":{"a":0,"k":1,"ix":5,"x":"var $bm_rt;\n$bm_rt = $bm_div($bm_mul(value, thisComp.layer('SIZE').transform.scale[0]), 100);"}},{"ty":7,"nm":"Shadow Only","mn":"ADBE Drop Shadow-0006","ix":6,"v":{"a":0,"k":0,"ix":6}}]}],"shapes":[{"ty":"gr","it":[{"ind":0,"ty":"sh","ix":1,"ks":{"a":0,"k":{"i":[[4.875,7],[0.75,-4],[0.625,-1.125],[3.75,-1],[-1,-0.5],[-1,-0.5],[0,-6.375],[-0.75,0.75],[-0.875,0.125],[-7.944,-2.698],[1.125,3],[0.125,1.25],[-4.5,6],[4.25,-1],[1.25,0.25]],"o":[[-4.53,-6.504],[-0.28,1.495],[-0.625,1.125],[-3.75,1],[1,0.5],[1,0.5],[0,6.375],[0.75,-0.75],[0.375,0.5],[6.625,2.25],[-0.648,-1.728],[-0.125,-1.25],[3.295,-4.393],[-2.007,0.472],[-0.66,-0.132]],"v":[[-41.375,-64.75],[-50.625,-63.5],[-53.375,-43.25],[-76.25,-36.75],[-78.25,-31],[-57.625,-18.625],[-57.375,3.5],[-50.875,7.125],[-34.375,-8.5],[-15.5,-1.375],[-8.875,-6.25],[-18,-26.5],[-4.625,-43],[-8.75,-50.625],[-30.375,-47.75]],"c":true},"ix":2},"nm":"Path 1","mn":"ADBE Vector Shape - Group","hd":false},{"ty":"gf","o":{"a":0,"k":100,"ix":10},"r":1,"bm":0,"g":{"p":3,"k":{"a":0,"k":[0,0.596,0.278,0.031,0.5,0.459,0.192,0.043,1,0.322,0.106,0.055],"ix":9}},"s":{"a":0,"k":[-38.512,-27.174],"ix":5},"e":{"a":0,"k":[-31.035,1.91],"ix":6},"t":1,"nm":"Gradient Fill 1","mn":"ADBE Vector Graphic - G-Fill","hd":false},{"ty":"tr","p":{"a":0,"k":[0,0],"ix":2},"a":{"a":0,"k":[0,0],"ix":1},"s":{"a":0,"k":[100,100],"ix":3},"r":{"a":0,"k":0,"ix":6},"o":{"a":0,"k":100,"ix":7},"sk":{"a":0,"k":0,"ix":4},"sa":{"a":0,"k":0,"ix":5},"nm":"Transform"}],"nm":"Shape 1","np":3,"cix":2,"bm":0,"ix":2,"mn":"ADBE Vector Group","hd":false}],"ip":0,"op":45,"st":0,"bm":0},{"ddd":0,"ind":7,"ty":4,"nm":"Star_2","parent":9,"sr":1,"ks":{"o":{"a":0,"k":90,"ix":11},"r":{"a":0,"k":0,"ix":10},"p":{"a":0,"k":[-41.161,-30.126,0],"ix":2},"a":{"a":0,"k":[-41.161,-30.126,0],"ix":1},"s":{"a":0,"k":[100,100,100],"ix":6}},"ao":0,"ef":[{"ty":5,"nm":"Fast Box Blur","np":6,"mn":"ADBE Box Blur2","ix":1,"en":1,"ef":[{"ty":0,"nm":"Blur Radius","mn":"ADBE Box Blur2-0001","ix":1,"v":{"a":0,"k":0.6,"ix":1,"x":"var $bm_rt;\n$bm_rt = $bm_div($bm_mul(value, thisComp.layer('SIZE').transform.scale[0]), 100);"}},{"ty":0,"nm":"Iterations","mn":"ADBE Box Blur2-0002","ix":2,"v":{"a":0,"k":3,"ix":2}},{"ty":7,"nm":"Blur Dimensions","mn":"ADBE Box Blur2-0003","ix":3,"v":{"a":0,"k":1,"ix":3}},{"ty":7,"nm":"Repeat Edge Pixels","mn":"ADBE Box Blur2-0004","ix":4,"v":{"a":0,"k":0,"ix":4}}]}],"shapes":[{"ty":"gr","it":[{"ind":0,"ty":"sh","ix":1,"ks":{"a":0,"k":{"i":[[4.875,7],[0.75,-4],[0.625,-1.125],[3.75,-1],[-1,-0.5],[-1,-0.5],[-10.688,1.775],[1.5,-1],[-4.5,6],[4.25,-1],[1.25,0.25]],"o":[[-4.53,-6.504],[-0.28,1.495],[-0.625,1.125],[-3.75,1],[1,0.5],[0.474,0.237],[10.604,-1.761],[-1.5,1],[3.295,-4.393],[-2.007,0.472],[-0.66,-0.132]],"v":[[-41.375,-64.75],[-50.625,-63.5],[-53.375,-43.25],[-76.25,-36.75],[-78.25,-31],[-57.75,-22.625],[-36.854,-20.739],[-18,-30.75],[-4.625,-43],[-8.75,-50.625],[-30.375,-47.75]],"c":true},"ix":2},"nm":"Path 1","mn":"ADBE Vector Shape - Group","hd":false},{"ty":"op","nm":"Offset Paths 1","a":{"a":0,"k":-2.5,"ix":1},"lj":2,"ml":{"a":0,"k":4,"ix":3},"ix":2,"mn":"ADBE Vector Filter - Offset","hd":false},{"ty":"gf","o":{"a":0,"k":100,"ix":10},"r":1,"bm":0,"g":{"p":3,"k":{"a":0,"k":[0,1,1,1,0.5,1,1,1,1,1,1,1,0,1,0.633,0.795,1,0.59],"ix":9}},"s":{"a":0,"k":[-44.975,-59.229],"ix":5},"e":{"a":0,"k":[-36.8,-20.535],"ix":6},"t":1,"nm":"Gradient Fill 1","mn":"ADBE Vector Graphic - G-Fill","hd":false},{"ty":"tr","p":{"a":0,"k":[0,0],"ix":2},"a":{"a":0,"k":[0,0],"ix":1},"s":{"a":0,"k":[100,100],"ix":3},"r":{"a":0,"k":0,"ix":6},"o":{"a":0,"k":93,"ix":7},"sk":{"a":0,"k":0,"ix":4},"sa":{"a":0,"k":0,"ix":5},"nm":"Transform"}],"nm":"Shape 2","np":4,"cix":2,"bm":0,"ix":1,"mn":"ADBE Vector Group","hd":false},{"ty":"gr","it":[{"ind":0,"ty":"sh","ix":1,"ks":{"a":0,"k":{"i":[[0,-6.375],[-0.75,0.75],[-0.875,0.125],[-7.944,-2.698],[1.125,3],[12.5,-1.75]],"o":[[0,6.375],[0.75,-0.75],[0.375,0.5],[6.625,2.25],[-0.648,-1.728],[-12.5,1.75]],"v":[[-57.375,3.5],[-50.875,7.125],[-34.375,-8.5],[-15.5,-1.375],[-8.875,-6.25],[-35.5,-17]],"c":true},"ix":2},"nm":"Path 1","mn":"ADBE Vector Shape - Group","hd":false},{"ty":"op","nm":"Offset Paths 1","a":{"a":0,"k":-0.6,"ix":1},"lj":1,"ml":{"a":0,"k":4,"ix":3},"ix":2,"mn":"ADBE Vector Filter - Offset","hd":false},{"ty":"gf","o":{"a":0,"k":100,"ix":10},"r":1,"bm":0,"g":{"p":3,"k":{"a":0,"k":[0,0.762,0.521,0.066,0.688,0.801,0.541,0.033,1,0.839,0.561,0,0,1,0.5,0.5,1,0],"ix":9}},"s":{"a":0,"k":[-33.844,-4.453],"ix":5},"e":{"a":0,"k":[-37.48,-20.062],"ix":6},"t":2,"h":{"a":0,"k":0,"ix":7},"a":{"a":0,"k":0,"ix":8},"nm":"Gradient Fill 1","mn":"ADBE Vector Graphic - G-Fill","hd":false},{"ty":"tr","p":{"a":0,"k":[0,0],"ix":2},"a":{"a":0,"k":[0,0],"ix":1},"s":{"a":0,"k":[100,100],"ix":3},"r":{"a":0,"k":0,"ix":6},"o":{"a":0,"k":100,"ix":7},"sk":{"a":0,"k":0,"ix":4},"sa":{"a":0,"k":0,"ix":5},"nm":"Transform"}],"nm":"Shape 3","np":4,"cix":2,"bm":0,"ix":2,"mn":"ADBE Vector Group","hd":false}],"ip":0,"op":45,"st":0,"bm":0},{"ddd":0,"ind":8,"ty":4,"nm":"Star_5","parent":9,"sr":1,"ks":{"o":{"a":0,"k":100,"ix":11},"r":{"a":0,"k":0,"ix":10},"p":{"a":0,"k":[-41.161,-30.126,0],"ix":2},"a":{"a":0,"k":[-41.161,-30.126,0],"ix":1},"s":{"a":0,"k":[100,100,100],"ix":6}},"ao":0,"ef":[{"ty":5,"nm":"Fast Box Blur","np":6,"mn":"ADBE Box Blur2","ix":1,"en":1,"ef":[{"ty":0,"nm":"Blur Radius","mn":"ADBE Box Blur2-0001","ix":1,"v":{"a":0,"k":1.3,"ix":1,"x":"var $bm_rt;\n$bm_rt = $bm_div($bm_mul(value, thisComp.layer('SIZE').transform.scale[0]), 100);"}},{"ty":0,"nm":"Iterations","mn":"ADBE Box Blur2-0002","ix":2,"v":{"a":0,"k":3,"ix":2}},{"ty":7,"nm":"Blur Dimensions","mn":"ADBE Box Blur2-0003","ix":3,"v":{"a":0,"k":1,"ix":3}},{"ty":7,"nm":"Repeat Edge Pixels","mn":"ADBE Box Blur2-0004","ix":4,"v":{"a":0,"k":0,"ix":4}}]}],"shapes":[{"ty":"gr","it":[{"ind":0,"ty":"sh","ix":1,"ks":{"a":0,"k":{"i":[[4.875,7],[0.75,-4],[0.625,-1.125],[3.75,-1],[-1,-0.5],[-1,-0.5],[0,-6.375],[-0.75,0.75],[-0.875,0.125],[-7.944,-2.698],[1.125,3],[0.125,1.25],[-4.5,6],[4.25,-1],[1.25,0.25]],"o":[[-4.53,-6.504],[-0.28,1.495],[-0.625,1.125],[-3.75,1],[1,0.5],[1,0.5],[0,6.375],[0.75,-0.75],[0.375,0.5],[6.625,2.25],[-0.648,-1.728],[-0.125,-1.25],[3.295,-4.393],[-2.007,0.472],[-0.66,-0.132]],"v":[[-41.375,-64.75],[-50.625,-63.5],[-53.375,-43.25],[-76.25,-36.75],[-78.25,-31],[-57.625,-18.625],[-57.375,3.5],[-50.875,7.125],[-34.375,-8.5],[-15.5,-1.375],[-8.875,-6.25],[-18,-26.5],[-4.625,-43],[-8.75,-50.625],[-30.375,-47.75]],"c":true},"ix":2},"nm":"Path 1","mn":"ADBE Vector Shape - Group","hd":false},{"ty":"op","nm":"Offset Paths 1","a":{"a":0,"k":-0.1,"ix":1,"x":"var $bm_rt;\n$bm_rt = $bm_div($bm_mul(value, thisComp.layer('SIZE').transform.scale[0]), 100);"},"lj":1,"ml":{"a":0,"k":4,"ix":3,"x":"var $bm_rt;\n$bm_rt = $bm_div($bm_mul(value, thisComp.layer('SIZE').transform.scale[0]), 100);"},"ix":2,"mn":"ADBE Vector Filter - Offset","hd":false},{"ty":"gf","o":{"a":0,"k":100,"ix":10},"r":1,"bm":0,"g":{"p":3,"k":{"a":0,"k":[0,0.953,0.875,0.329,0.5,0.892,0.734,0.209,1,0.832,0.593,0.089],"ix":9}},"s":{"a":0,"k":[-38.512,-27.174],"ix":5},"e":{"a":0,"k":[-31.035,1.91],"ix":6},"t":1,"nm":"Gradient Fill 1","mn":"ADBE Vector Graphic - G-Fill","hd":false},{"ty":"tr","p":{"a":0,"k":[0,0],"ix":2},"a":{"a":0,"k":[0,0],"ix":1},"s":{"a":0,"k":[100,100],"ix":3},"r":{"a":0,"k":0,"ix":6},"o":{"a":0,"k":100,"ix":7},"sk":{"a":0,"k":0,"ix":4},"sa":{"a":0,"k":0,"ix":5},"nm":"Transform"}],"nm":"Shape 2","np":4,"cix":2,"bm":0,"ix":1,"mn":"ADBE Vector Group","hd":false}],"ip":0,"op":45,"st":0,"bm":0},{"ddd":0,"ind":9,"ty":4,"nm":"Star_1","parent":3,"sr":1,"ks":{"o":{"a":0,"k":100,"ix":11},"r":{"a":1,"k":[{"i":{"x":[0.641],"y":[1]},"o":{"x":[0.552],"y":[0]},"t":1,"s":[0]},{"i":{"x":[0.536],"y":[1]},"o":{"x":[0.417],"y":[0]},"t":10,"s":[-28]},{"i":{"x":[0.537],"y":[1]},"o":{"x":[0.255],"y":[0]},"t":19,"s":[18]},{"t":29,"s":[0]}],"ix":10},"p":{"a":0,"k":[-73.573,-92.777,0],"ix":2},"a":{"a":0,"k":[-41.161,-30.126,0],"ix":1},"s":{"a":1,"k":[{"i":{"x":[0.604,0.604,0.667],"y":[1,1,1]},"o":{"x":[0.483,0.483,0.333],"y":[0,0,0]},"t":0,"s":[333.333,333.333,100]},{"i":{"x":[0.38,0.38,0.667],"y":[1,1,1]},"o":{"x":[0.388,0.388,0.333],"y":[0,0,0]},"t":9,"s":[189.333,189.333,100]},{"i":{"x":[0.271,0.271,0.667],"y":[1,1,1]},"o":{"x":[0.297,0.297,0.333],"y":[0,0,0]},"t":18,"s":[390.333,390.333,100]},{"t":28,"s":[333.333,333.333,100]}],"ix":6}},"ao":0,"ef":[{"ty":25,"nm":"Drop Shadow","np":8,"mn":"ADBE Drop Shadow","ix":1,"en":1,"ef":[{"ty":2,"nm":"Shadow Color","mn":"ADBE Drop Shadow-0001","ix":1,"v":{"a":0,"k":[0,0,0,1],"ix":1}},{"ty":0,"nm":"Opacity","mn":"ADBE Drop Shadow-0002","ix":2,"v":{"a":0,"k":39.5,"ix":2}},{"ty":0,"nm":"Direction","mn":"ADBE Drop Shadow-0003","ix":3,"v":{"a":0,"k":142,"ix":3}},{"ty":0,"nm":"Distance","mn":"ADBE Drop Shadow-0004","ix":4,"v":{"a":0,"k":2,"ix":4,"x":"var $bm_rt;\n$bm_rt = $bm_div($bm_mul(value, thisComp.layer('SIZE').transform.scale[0]), 100);"}},{"ty":0,"nm":"Softness","mn":"ADBE Drop Shadow-0005","ix":5,"v":{"a":0,"k":1,"ix":5,"x":"var $bm_rt;\n$bm_rt = $bm_div($bm_mul(value, thisComp.layer('SIZE').transform.scale[0]), 100);"}},{"ty":7,"nm":"Shadow Only","mn":"ADBE Drop Shadow-0006","ix":6,"v":{"a":0,"k":0,"ix":6}}]}],"shapes":[{"ty":"gr","it":[{"ind":0,"ty":"sh","ix":1,"ks":{"a":0,"k":{"i":[[4.875,7],[0.75,-4],[0.625,-1.125],[3.75,-1],[-1,-0.5],[-1,-0.5],[0,-6.375],[-0.75,0.75],[-0.875,0.125],[-7.944,-2.698],[1.125,3],[0.125,1.25],[-4.5,6],[4.25,-1],[1.25,0.25]],"o":[[-4.53,-6.504],[-0.28,1.495],[-0.625,1.125],[-3.75,1],[1,0.5],[1,0.5],[0,6.375],[0.75,-0.75],[0.375,0.5],[6.625,2.25],[-0.648,-1.728],[-0.125,-1.25],[3.295,-4.393],[-2.007,0.472],[-0.66,-0.132]],"v":[[-41.375,-64.75],[-50.625,-63.5],[-53.375,-43.25],[-76.25,-36.75],[-78.25,-31],[-57.625,-18.625],[-57.375,3.5],[-50.875,7.125],[-34.375,-8.5],[-15.5,-1.375],[-8.875,-6.25],[-18,-26.5],[-4.625,-43],[-8.75,-50.625],[-30.375,-47.75]],"c":true},"ix":2},"nm":"Path 1","mn":"ADBE Vector Shape - Group","hd":false},{"ty":"gf","o":{"a":0,"k":100,"ix":10},"r":1,"bm":0,"g":{"p":3,"k":{"a":0,"k":[0,0.596,0.278,0.031,0.5,0.459,0.192,0.043,1,0.322,0.106,0.055],"ix":9}},"s":{"a":0,"k":[-38.512,-27.174],"ix":5},"e":{"a":0,"k":[-31.035,1.91],"ix":6},"t":1,"nm":"Gradient Fill 1","mn":"ADBE Vector Graphic - G-Fill","hd":false},{"ty":"tr","p":{"a":0,"k":[0,0],"ix":2},"a":{"a":0,"k":[0,0],"ix":1},"s":{"a":0,"k":[100,100],"ix":3},"r":{"a":0,"k":0,"ix":6},"o":{"a":0,"k":100,"ix":7},"sk":{"a":0,"k":0,"ix":4},"sa":{"a":0,"k":0,"ix":5},"nm":"Transform"}],"nm":"Shape 1","np":3,"cix":2,"bm":0,"ix":2,"mn":"ADBE Vector Group","hd":false}],"ip":0,"op":45,"st":0,"bm":0},{"ddd":0,"ind":11,"ty":4,"nm":"Light","parent":2,"sr":1,"ks":{"o":{"a":0,"k":70,"ix":11},"r":{"a":0,"k":0,"ix":10},"p":{"a":0,"k":[59.695,60,0],"ix":2},"a":{"a":0,"k":[0,0,0],"ix":1},"s":{"a":0,"k":[100,100,100],"ix":6}},"ao":0,"shapes":[{"ty":"gr","it":[{"d":1,"ty":"el","s":{"a":0,"k":[127.932,127.932],"ix":2},"p":{"a":0,"k":[0,0],"ix":3},"nm":"Ellipse Path 1","mn":"ADBE Vector Shape - Ellipse","hd":false},{"ty":"gf","o":{"a":0,"k":100,"ix":10},"r":1,"bm":0,"g":{"p":3,"k":{"a":0,"k":[0,1,1,1,0.5,1,1,1,1,1,1,1,0,1,0.361,0.5,1,0],"ix":9}},"s":{"a":0,"k":[0.744,-64.67],"ix":5},"e":{"a":0,"k":[0.658,-9.553],"ix":6},"t":1,"nm":"Gradient Fill 1","mn":"ADBE Vector Graphic - G-Fill","hd":false},{"ty":"tr","p":{"a":0,"k":[0,-0.5],"ix":2},"a":{"a":0,"k":[0,0],"ix":1},"s":{"a":0,"k":[100,100],"ix":3},"r":{"a":0,"k":0,"ix":6},"o":{"a":0,"k":100,"ix":7},"sk":{"a":0,"k":0,"ix":4},"sa":{"a":0,"k":0,"ix":5},"nm":"Transform"}],"nm":"Ellipse 2","np":3,"cix":2,"bm":0,"ix":1,"mn":"ADBE Vector Group","hd":false}],"ip":0,"op":45,"st":0,"bm":16},{"ddd":0,"ind":12,"ty":4,"nm":"Face","parent":2,"sr":1,"ks":{"o":{"a":0,"k":100,"ix":11},"r":{"a":0,"k":0,"ix":10},"p":{"a":0,"k":[59.695,60,0],"ix":2},"a":{"a":0,"k":[0,0,0],"ix":1},"s":{"a":0,"k":[100,100,100],"ix":6}},"ao":0,"shapes":[{"ty":"gr","it":[{"ty":"gr","it":[{"ty":"gr","it":[{"ind":0,"ty":"sh","ix":1,"ks":{"a":1,"k":[{"i":{"x":0.497,"y":1},"o":{"x":0.602,"y":0},"t":0,"s":[{"i":[[39.129,0.552],[-0.998,-11],[-26.442,0],[-3.484,21.358]],"o":[[-40.125,-0.566],[1.955,21.552],[26.442,0],[1.998,-12.25]],"v":[[-0.5,23.322],[-49.127,21.256],[-0.5,61.69],[47.877,21.506]],"c":true}]},{"i":{"x":0.194,"y":1},"o":{"x":0.597,"y":0},"t":9,"s":[{"i":[[12.274,0.173],[-1.556,-3.095],[-8.294,0],[-1.113,2.167]],"o":[[-12.586,-0.178],[1.189,2.366],[8.294,0],[1.778,-3.463]],"v":[[-0.358,37.07],[-15.612,36.663],[-0.358,40.691],[14.815,36.741]],"c":true}]},{"t":21,"s":[{"i":[[39.129,0.552],[-0.998,-11],[-26.442,0],[-3.484,21.358]],"o":[[-40.125,-0.566],[1.955,21.552],[26.442,0],[1.998,-12.25]],"v":[[-0.5,23.322],[-49.127,21.256],[-0.5,61.69],[47.877,21.506]],"c":true}]}],"ix":2},"nm":"Path 2","mn":"ADBE Vector Shape - Group","hd":false},{"ty":"tr","p":{"a":1,"k":[{"i":{"x":0.497,"y":1},"o":{"x":0.602,"y":0},"t":0,"s":[-0.549,32.107],"to":[0,0],"ti":[0,0]},{"i":{"x":0.653,"y":1},"o":{"x":0.613,"y":0},"t":9,"s":[-0.549,19.207],"to":[0,0],"ti":[0,0]},{"i":{"x":0.197,"y":1},"o":{"x":0.253,"y":0},"t":18,"s":[-0.549,31.107],"to":[0,0],"ti":[0,0]},{"t":30,"s":[-0.549,32.107]}],"ix":2},"a":{"a":0,"k":[-0.549,39.145],"ix":1},"s":{"a":1,"k":[{"i":{"x":[0.497,0.497],"y":[1,1]},"o":{"x":[0.602,0.602],"y":[0,0]},"t":0,"s":[100,100]},{"i":{"x":[0.653,0.653],"y":[1,1]},"o":{"x":[0.613,0.613],"y":[0,0]},"t":9,"s":[100,100]},{"i":{"x":[0.197,0.197],"y":[1,1]},"o":{"x":[0.253,0.253],"y":[0,0]},"t":18,"s":[110.4,101.4]},{"t":30,"s":[100,100]}],"ix":3},"r":{"a":0,"k":0,"ix":6},"o":{"a":0,"k":100,"ix":7},"sk":{"a":0,"k":0,"ix":4},"sa":{"a":0,"k":0,"ix":5},"nm":"Transform"}],"nm":"Group 1","np":1,"cix":2,"bm":0,"ix":2,"mn":"ADBE Vector Group","hd":false},{"ty":"tr","p":{"a":0,"k":[-0.549,16.288],"ix":2,"x":"var $bm_rt;\n$bm_rt = $bm_sum(value, $bm_div(thisComp.layer('Face CONTROL').transform.position, 3.33));"},"a":{"a":0,"k":[-0.549,16.288],"ix":1},"s":{"a":0,"k":[100,100],"ix":3,"x":"var $bm_rt;\n$bm_rt = $bm_sub($bm_sum(value, thisComp.layer('Face CONTROL').transform.scale), [\n    100,\n    100\n]);"},"r":{"a":0,"k":0,"ix":6,"x":"var $bm_rt;\n$bm_rt = $bm_sum(value, thisComp.layer('Face CONTROL').transform.rotation);"},"o":{"a":0,"k":100,"ix":7},"sk":{"a":0,"k":0,"ix":4},"sa":{"a":0,"k":0,"ix":5},"nm":"Transform"}],"nm":"Group 1","np":2,"cix":2,"bm":0,"ix":1,"mn":"ADBE Vector Group","hd":false},{"ind":1,"ty":"sh","ix":2,"ks":{"a":0,"k":{"i":[[-39.994,0],[0,-39.994],[39.994,0],[0,39.994]],"o":[[39.994,0],[0,39.994],[-39.994,0],[0,-39.994]],"v":[[0,-72.416],[72.416,0],[0,72.416],[-72.416,0]],"c":true},"ix":2},"nm":"Path 1","mn":"ADBE Vector Shape - Group","hd":false},{"ty":"gf","o":{"a":0,"k":100,"ix":10},"r":1,"bm":0,"g":{"p":3,"k":{"a":0,"k":[0.662,1,0.843,0.212,0.857,0.904,0.641,0.114,0.982,0.808,0.439,0.016],"ix":9}},"s":{"a":0,"k":[0.744,-13.84],"ix":5},"e":{"a":0,"k":[0.658,65.297],"ix":6},"t":2,"h":{"a":0,"k":0,"ix":7},"a":{"a":0,"k":0,"ix":8},"nm":"000","mn":"ADBE Vector Graphic - G-Fill","hd":false},{"ty":"tr","p":{"a":0,"k":[0.666,-1.301],"ix":2},"a":{"a":0,"k":[0.666,-0.801],"ix":1},"s":{"a":0,"k":[100,100],"ix":3},"r":{"a":0,"k":0,"ix":6},"o":{"a":0,"k":100,"ix":7},"sk":{"a":0,"k":0,"ix":4},"sa":{"a":0,"k":0,"ix":5},"nm":"Transform"}],"nm":"Ellipse 1","np":4,"cix":2,"bm":0,"ix":1,"mn":"ADBE Vector Group","hd":false}],"ip":0,"op":45,"st":0,"bm":0},{"ddd":0,"ind":13,"ty":4,"nm":"Teeth","parent":3,"sr":1,"ks":{"o":{"a":0,"k":100,"ix":11},"r":{"a":0,"k":0,"ix":10},"p":{"a":1,"k":[{"i":{"x":0.497,"y":1},"o":{"x":0.602,"y":0},"t":0,"s":[60,76.65,0],"to":[0,-2.267,0],"ti":[0,0,0]},{"i":{"x":0.194,"y":1},"o":{"x":0.597,"y":0},"t":9,"s":[60,63.05,0],"to":[0,0,0],"ti":[0,-2.267,0]},{"t":21,"s":[60,76.65,0]}],"ix":2},"a":{"a":0,"k":[-1.089,23.895,0],"ix":1},"s":{"a":0,"k":[333.333,333.333,100],"ix":6}},"ao":0,"shapes":[{"ty":"gr","it":[{"ind":0,"ty":"sh","ix":1,"ks":{"a":0,"k":{"i":[[4,1.125],[0,0],[-0.625,-1.25],[-3.25,-1],[-16.875,0],[-5.125,1.25],[-0.63,0.787],[-1.375,4.5],[0,0],[23.75,0]],"o":[[-4,-1.125],[0,0],[0.625,1.25],[3.25,1],[16.595,0],[3.299,-0.805],[1,-1.25],[1.375,-4.5],[0,0],[-23.75,0]],"v":[[-43.875,14.875],[-46.25,17.75],[-43.875,25],[-38.5,28.625],[0,33.125],[35.75,28.5],[40.5,26],[44.125,17.75],[41.25,15],[-0.25,21]],"c":true},"ix":2},"nm":"Path 1","mn":"ADBE Vector Shape - Group","hd":false},{"ty":"gf","o":{"a":0,"k":100,"ix":10},"r":1,"bm":0,"g":{"p":5,"k":{"a":0,"k":[0,0.784,0.788,0.796,0.15,0.873,0.878,0.882,0.498,0.961,0.969,0.969,0.854,0.867,0.867,0.863,1,0.773,0.765,0.757],"ix":9}},"s":{"a":0,"k":[-51.746,24.299],"ix":5},"e":{"a":0,"k":[51.568,24.16],"ix":6},"t":1,"nm":"Gradient Fill 1","mn":"ADBE Vector Graphic - G-Fill","hd":false},{"ty":"tr","p":{"a":0,"k":[0,0],"ix":2},"a":{"a":0,"k":[0,0],"ix":1},"s":{"a":0,"k":[100,100],"ix":3},"r":{"a":0,"k":0,"ix":6},"o":{"a":0,"k":100,"ix":7},"sk":{"a":0,"k":0,"ix":4},"sa":{"a":0,"k":0,"ix":5},"nm":"Transform"}],"nm":"Shape 1","np":3,"cix":2,"bm":0,"ix":1,"mn":"ADBE Vector Group","hd":false}],"ip":0,"op":45,"st":0,"bm":0},{"ddd":0,"ind":14,"ty":4,"nm":"Dark_Base","parent":2,"sr":1,"ks":{"o":{"a":0,"k":100,"ix":11},"r":{"a":0,"k":0,"ix":10},"p":{"a":0,"k":[59.695,60,0],"ix":2},"a":{"a":0,"k":[0,0,0],"ix":1},"s":{"a":0,"k":[100,100,100],"ix":6}},"ao":0,"shapes":[{"ty":"gr","it":[{"ind":0,"ty":"sh","ix":1,"ks":{"a":0,"k":{"i":[[-39.994,0],[0,-39.994],[39.994,0],[0,39.994]],"o":[[39.994,0],[0,39.994],[-39.994,0],[0,-39.994]],"v":[[0,-72.416],[72.416,0],[0,72.416],[-72.416,0]],"c":true},"ix":2},"nm":"Path 1","mn":"ADBE Vector Shape - Group","hd":false},{"ty":"fl","c":{"a":0,"k":[0.341176470588,0.160784313725,0.027450980392,1],"ix":4},"o":{"a":0,"k":100,"ix":5},"r":1,"bm":0,"nm":"Fill 1","mn":"ADBE Vector Graphic - Fill","hd":false},{"ty":"tr","p":{"a":0,"k":[0,-0.5],"ix":2},"a":{"a":0,"k":[0,0],"ix":1},"s":{"a":0,"k":[100,100],"ix":3},"r":{"a":0,"k":0,"ix":6},"o":{"a":0,"k":100,"ix":7},"sk":{"a":0,"k":0,"ix":4},"sa":{"a":0,"k":0,"ix":5},"nm":"Transform"}],"nm":"Ellipse 1","np":3,"cix":2,"bm":0,"ix":1,"mn":"ADBE Vector Group","hd":false}],"ip":0,"op":45,"st":0,"bm":0},{"ddd":0,"ind":15,"ty":3,"nm":"Zero_Face CONTROL","parent":2,"sr":1,"ks":{"o":{"a":0,"k":0,"ix":11},"r":{"a":0,"k":0,"ix":10},"p":{"a":0,"k":[59.216,75.9,0],"ix":2},"a":{"a":0,"k":[0,0,0],"ix":1},"s":{"a":0,"k":[30,30,100],"ix":6}},"ao":0,"ip":0,"op":45,"st":0,"bm":0}],"markers":[{"tm":44,"cm":"1","dr":0}]}