{"v":"5.5.6","fr":60,"ip":0,"op":180,"w":512,"h":512,"nm":"aggretsuko","ddd":0,"assets":[],"layers":[{"ddd":0,"ind":1,"ty":4,"nm":"Layer 2 Outlines","sr":1,"ks":{"o":{"a":0,"k":100,"ix":11},"r":{"a":1,"k":[{"i":{"x":[0.125],"y":[1]},"o":{"x":[0.333],"y":[0]},"t":15,"s":[-6]},{"i":{"x":[0.763],"y":[0.794]},"o":{"x":[0.601],"y":[0]},"t":49,"s":[7]},{"i":{"x":[0.833],"y":[0.833]},"o":{"x":[0.291],"y":[-1.703]},"t":78,"s":[-7]},{"i":{"x":[0.125],"y":[1]},"o":{"x":[0.333],"y":[0]},"t":92,"s":[-6]},{"i":{"x":[0.763],"y":[0.794]},"o":{"x":[0.601],"y":[0]},"t":126,"s":[7]},{"i":{"x":[0.608],"y":[1]},"o":{"x":[0.291],"y":[-1.703]},"t":155,"s":[-7]},{"t":169,"s":[-6]}],"ix":10},"p":{"a":0,"k":[254.744,219.442,0],"ix":2},"a":{"a":0,"k":[200,210.354,0],"ix":1},"s":{"a":0,"k":[100,100,100],"ix":6}},"ao":0,"shapes":[{"ty":"gr","it":[{"ind":0,"ty":"sh","ix":1,"ks":{"a":0,"k":{"i":[[-8.546,0],[0,-8.546],[8.546,0],[0,8.546]],"o":[[8.546,0],[0,8.546],[-8.546,0],[0,-8.546]],"v":[[0,-15.474],[15.474,0.001],[0,15.474],[-15.474,0.001]],"c":true},"ix":2},"nm":"Path 1","mn":"ADBE Vector Shape - Group","hd":false},{"ty":"fl","c":{"a":0,"k":[1,1,1,1],"ix":4},"o":{"a":0,"k":100,"ix":5},"r":1,"bm":0,"nm":"Fill 1","mn":"ADBE Vector Graphic - Fill","hd":false},{"ty":"tr","p":{"a":0,"k":[276.291,169.523],"ix":2},"a":{"a":0,"k":[0,0],"ix":1},"s":{"a":0,"k":[100,100],"ix":3},"r":{"a":0,"k":0,"ix":6},"o":{"a":0,"k":100,"ix":7},"sk":{"a":0,"k":0,"ix":4},"sa":{"a":0,"k":0,"ix":5},"nm":"Transform"}],"nm":"Group 1","np":2,"cix":2,"bm":0,"ix":1,"mn":"ADBE Vector Group","hd":false},{"ty":"gr","it":[{"ind":0,"ty":"sh","ix":1,"ks":{"a":0,"k":{"i":[[-8.546,0],[0,-8.546],[8.546,0],[0,8.546]],"o":[[8.546,0],[0,8.546],[-8.546,0],[0,-8.546]],"v":[[0,-15.474],[15.474,0.001],[0,15.474],[-15.474,0.001]],"c":true},"ix":2},"nm":"Path 1","mn":"ADBE Vector Shape - Group","hd":false},{"ty":"fl","c":{"a":0,"k":[1,1,1,1],"ix":4},"o":{"a":0,"k":100,"ix":5},"r":1,"bm":0,"nm":"Fill 1","mn":"ADBE Vector Graphic - Fill","hd":false},{"ty":"tr","p":{"a":0,"k":[150.782,150.611],"ix":2},"a":{"a":0,"k":[0,0],"ix":1},"s":{"a":0,"k":[100,100],"ix":3},"r":{"a":0,"k":0,"ix":6},"o":{"a":0,"k":100,"ix":7},"sk":{"a":0,"k":0,"ix":4},"sa":{"a":0,"k":0,"ix":5},"nm":"Transform"}],"nm":"Group 2","np":2,"cix":2,"bm":0,"ix":2,"mn":"ADBE Vector Group","hd":false},{"ty":"gr","it":[{"ind":0,"ty":"sh","ix":1,"ks":{"a":0,"k":{"i":[[3.438,-6.017],[-5.158,-1.719],[1.72,5.158]],"o":[[-2.751,4.814],[5.158,0],[-1.36,-4.077]],"v":[[-11.519,-4.299],[-2.063,10.316],[12.551,-0.859]],"c":true},"ix":2},"nm":"Path 1","mn":"ADBE Vector Shape - Group","hd":false},{"ty":"st","c":{"a":0,"k":[0.136999990426,0.097999999102,0.090000002992,1],"ix":3},"o":{"a":0,"k":100,"ix":4},"w":{"a":0,"k":1.719,"ix":5},"lc":1,"lj":1,"ml":4,"bm":0,"nm":"Stroke 1","mn":"ADBE Vector Graphic - Stroke","hd":false},{"ty":"fl","c":{"a":0,"k":[0.136999990426,0.097999999102,0.090000002992,1],"ix":4},"o":{"a":0,"k":100,"ix":5},"r":1,"bm":0,"nm":"Fill 1","mn":"ADBE Vector Graphic - Fill","hd":false},{"ty":"tr","p":{"a":0,"k":[199.267,241.734],"ix":2},"a":{"a":0,"k":[0,0],"ix":1},"s":{"a":0,"k":[100,100],"ix":3},"r":{"a":0,"k":0,"ix":6},"o":{"a":0,"k":100,"ix":7},"sk":{"a":0,"k":0,"ix":4},"sa":{"a":0,"k":0,"ix":5},"nm":"Transform"}],"nm":"Group 3","np":3,"cix":2,"bm":0,"ix":3,"mn":"ADBE Vector Group","hd":false},{"ty":"gr","it":[{"ind":0,"ty":"sh","ix":1,"ks":{"a":0,"k":{"i":[[0,0],[-6.877,-0.687],[-1.72,1.719]],"o":[[-0.286,3.151],[8.596,0.861],[0,0]],"v":[[-9.313,-5.588],[-1.576,4.727],[9.599,-0.43]],"c":false},"ix":2},"nm":"Path 1","mn":"ADBE Vector Shape - Group","hd":false},{"ty":"st","c":{"a":0,"k":[0,0,0,1],"ix":3},"o":{"a":0,"k":100,"ix":4},"w":{"a":0,"k":5.502,"ix":5},"lc":2,"lj":1,"ml":4,"bm":0,"nm":"Stroke 1","mn":"ADBE Vector Graphic - Stroke","hd":false},{"ty":"tr","p":{"a":0,"k":[193.622,273.111],"ix":2},"a":{"a":0,"k":[0,0],"ix":1},"s":{"a":0,"k":[100,100],"ix":3},"r":{"a":0,"k":0,"ix":6},"o":{"a":0,"k":100,"ix":7},"sk":{"a":0,"k":0,"ix":4},"sa":{"a":0,"k":0,"ix":5},"nm":"Transform"}],"nm":"Group 4","np":2,"cix":2,"bm":0,"ix":4,"mn":"ADBE Vector Group","hd":false},{"ty":"gr","it":[{"ind":0,"ty":"sh","ix":1,"ks":{"a":0,"k":{"i":[[-3.084,8.07],[-3.181,1.302],[-1.305,-0.176],[-2.996,-1.996],[-2.415,-4.221],[1.353,-4.978],[7.232,-6.941],[6.862,0.975],[1.361,4.824]],"o":[[2.017,-5.271],[1.218,-0.498],[3.619,0.486],[4.528,3.012],[2.416,4.221],[-1.353,4.977],[-7.234,6.942],[-6.863,-0.975],[-1.361,-4.825]],"v":[[-16.906,-18.182],[-7.108,-27.74],[-3.253,-28.147],[8.876,-24.533],[19.67,-11.8],[21.417,4.711],[10.648,21.381],[-8.2,25.165],[-21.409,8.211]],"c":true},"ix":2},"nm":"Path 1","mn":"ADBE Vector Shape - Group","hd":false},{"ty":"st","c":{"a":0,"k":[0.136999990426,0.097999999102,0.090000002992,1],"ix":3},"o":{"a":0,"k":100,"ix":4},"w":{"a":0,"k":1.719,"ix":5},"lc":1,"lj":1,"ml":4,"bm":0,"nm":"Stroke 1","mn":"ADBE Vector Graphic - Stroke","hd":false},{"ty":"fl","c":{"a":0,"k":[0.136999990426,0.097999999102,0.090000002992,1],"ix":4},"o":{"a":0,"k":100,"ix":5},"r":1,"bm":0,"nm":"Fill 1","mn":"ADBE Vector Graphic - Fill","hd":false},{"ty":"tr","p":{"a":0,"k":[269.512,230.291],"ix":2},"a":{"a":0,"k":[0,0],"ix":1},"s":{"a":0,"k":[100,100],"ix":3},"r":{"a":0,"k":0,"ix":6},"o":{"a":0,"k":100,"ix":7},"sk":{"a":0,"k":0,"ix":4},"sa":{"a":0,"k":0,"ix":5},"nm":"Transform"}],"nm":"Group 5","np":3,"cix":2,"bm":0,"ix":5,"mn":"ADBE Vector Group","hd":false},{"ty":"gr","it":[{"ind":0,"ty":"sh","ix":1,"ks":{"a":0,"k":{"i":[[0,0],[4.464,1.926]],"o":[[-3.215,4.174],[0,0]],"v":[[8.179,-3.194],[-8.179,1.268]],"c":false},"ix":2},"nm":"Path 1","mn":"ADBE Vector Shape - Group","hd":false},{"ty":"st","c":{"a":0,"k":[0.136999990426,0.097999999102,0.090000002992,1],"ix":3},"o":{"a":0,"k":100,"ix":4},"w":{"a":0,"k":10.316,"ix":5},"lc":2,"lj":1,"ml":4,"bm":0,"nm":"Stroke 1","mn":"ADBE Vector Graphic - Stroke","hd":false},{"ty":"tr","p":{"a":0,"k":[284.541,211.954],"ix":2},"a":{"a":0,"k":[0,0],"ix":1},"s":{"a":0,"k":[100,100],"ix":3},"r":{"a":0,"k":0,"ix":6},"o":{"a":0,"k":100,"ix":7},"sk":{"a":0,"k":0,"ix":4},"sa":{"a":0,"k":0,"ix":5},"nm":"Transform"}],"nm":"Group 6","np":2,"cix":2,"bm":0,"ix":6,"mn":"ADBE Vector Group","hd":false},{"ty":"gr","it":[{"ind":0,"ty":"sh","ix":1,"ks":{"a":0,"k":{"i":[[0.86,8.597],[2.726,2.09],[1.305,0.172],[3.416,-1.138],[3.439,-3.439],[0,-5.158],[-5.158,-8.596],[-6.878,-0.86],[-2.579,4.298]],"o":[[-0.562,-5.615],[-1.045,-0.802],[-3.62,-0.482],[-5.158,1.72],[-3.438,3.438],[0,5.158],[5.158,8.597],[6.876,0.859],[2.579,-4.298]],"v":[[21.061,-13.185],[14.116,-24.977],[10.503,-26.382],[-2.149,-26.08],[-15.904,-16.623],[-21.921,-1.15],[-15.904,17.762],[1.29,26.359],[18.482,13.464]],"c":true},"ix":2},"nm":"Path 1","mn":"ADBE Vector Shape - Group","hd":false},{"ty":"st","c":{"a":0,"k":[0.136999990426,0.097999999102,0.090000002992,1],"ix":3},"o":{"a":0,"k":100,"ix":4},"w":{"a":0,"k":1.719,"ix":5},"lc":1,"lj":1,"ml":4,"bm":0,"nm":"Stroke 1","mn":"ADBE Vector Graphic - Stroke","hd":false},{"ty":"fl","c":{"a":0,"k":[0.136999990426,0.097999999102,0.090000002992,1],"ix":4},"o":{"a":0,"k":100,"ix":5},"r":1,"bm":0,"nm":"Fill 1","mn":"ADBE Vector Graphic - Fill","hd":false},{"ty":"tr","p":{"a":0,"k":[133.16,208.498],"ix":2},"a":{"a":0,"k":[0,0],"ix":1},"s":{"a":0,"k":[100,100],"ix":3},"r":{"a":0,"k":0,"ix":6},"o":{"a":0,"k":100,"ix":7},"sk":{"a":0,"k":0,"ix":4},"sa":{"a":0,"k":0,"ix":5},"nm":"Transform"}],"nm":"Group 7","np":3,"cix":2,"bm":0,"ix":7,"mn":"ADBE Vector Group","hd":false},{"ty":"gr","it":[{"ind":0,"ty":"sh","ix":1,"ks":{"a":0,"k":{"i":[[0,0],[-4.814,0.687]],"o":[[2.006,4.871],[0,0]],"v":[[-7.307,-4.642],[7.307,3.955]],"c":false},"ix":2},"nm":"Path 1","mn":"ADBE Vector Shape - Group","hd":false},{"ty":"st","c":{"a":0,"k":[0.136999990426,0.097999999102,0.090000002992,1],"ix":3},"o":{"a":0,"k":100,"ix":4},"w":{"a":0,"k":10.316,"ix":5},"lc":2,"lj":1,"ml":4,"bm":0,"nm":"Stroke 1","mn":"ADBE Vector Graphic - Stroke","hd":false},{"ty":"tr","p":{"a":0,"k":[123.704,186.2],"ix":2},"a":{"a":0,"k":[0,0],"ix":1},"s":{"a":0,"k":[100,100],"ix":3},"r":{"a":0,"k":0,"ix":6},"o":{"a":0,"k":100,"ix":7},"sk":{"a":0,"k":0,"ix":4},"sa":{"a":0,"k":0,"ix":5},"nm":"Transform"}],"nm":"Group 8","np":2,"cix":2,"bm":0,"ix":8,"mn":"ADBE Vector Group","hd":false},{"ty":"gr","it":[{"ind":0,"ty":"sh","ix":1,"ks":{"a":0,"k":{"i":[[-10.152,24.99],[19.772,1.719],[2.579,0.007],[-0.001,-29.228],[-12.895,-1.718]],"o":[[11.176,-27.508],[-3.439,-0.002],[-18.989,-0.05],[0,25.848],[12.894,1.72]],"v":[[57.167,25.383],[7.307,-53.702],[-1.29,-53.701],[-68.342,12.487],[-4.728,52.031]],"c":true},"ix":2},"nm":"Path 1","mn":"ADBE Vector Shape - Group","hd":false},{"ty":"fl","c":{"a":0,"k":[1,1,1,1],"ix":4},"o":{"a":0,"k":100,"ix":5},"r":1,"bm":0,"nm":"Fill 1","mn":"ADBE Vector Graphic - Fill","hd":false},{"ty":"tr","p":{"a":0,"k":[197.633,248.148],"ix":2},"a":{"a":0,"k":[0,0],"ix":1},"s":{"a":0,"k":[100,100],"ix":3},"r":{"a":0,"k":0,"ix":6},"o":{"a":0,"k":100,"ix":7},"sk":{"a":0,"k":0,"ix":4},"sa":{"a":0,"k":0,"ix":5},"nm":"Transform"}],"nm":"Group 9","np":2,"cix":2,"bm":0,"ix":9,"mn":"ADBE Vector Group","hd":false},{"ty":"gr","it":[{"ind":0,"ty":"sh","ix":1,"ks":{"a":0,"k":{"i":[[0,15.474],[6.018,5.158],[0,0],[0,0],[-5.502,0],[-11.177,5.158]],"o":[[0,-12.379],[0,0],[0,0],[-2.292,6.018],[6.877,0],[11.176,-5.158]],"v":[[42.957,-7.307],[24.902,-38.255],[-9.487,-12.464],[-25.42,25.359],[-37.455,33.096],[26.621,33.096]],"c":true},"ix":2},"nm":"Path 1","mn":"ADBE Vector Shape - Group","hd":false},{"ty":"fl","c":{"a":0,"k":[0.788000009574,0.62400004069,0.388000009574,1],"ix":4},"o":{"a":0,"k":100,"ix":5},"r":1,"bm":0,"nm":"Fill 1","mn":"ADBE Vector Graphic - Fill","hd":false},{"ty":"tr","p":{"a":0,"k":[248.413,264.514],"ix":2},"a":{"a":0,"k":[0,0],"ix":1},"s":{"a":0,"k":[100,100],"ix":3},"r":{"a":0,"k":0,"ix":6},"o":{"a":0,"k":100,"ix":7},"sk":{"a":0,"k":0,"ix":4},"sa":{"a":0,"k":0,"ix":5},"nm":"Transform"}],"nm":"Group 10","np":2,"cix":2,"bm":0,"ix":10,"mn":"ADBE Vector Group","hd":false},{"ty":"gr","it":[{"ind":0,"ty":"sh","ix":1,"ks":{"a":0,"k":{"i":[[0,15.474],[-6.017,5.158],[0,0],[0,0],[5.502,0],[11.175,5.159]],"o":[[0,-12.379],[0,0],[0,0],[2.293,6.018],[-6.877,0],[-11.175,-5.157]],"v":[[-38.426,-12.465],[-20.375,-43.412],[14.011,-17.623],[28.626,27.938],[32.924,43.412],[-22.094,27.938]],"c":true},"ix":2},"nm":"Path 1","mn":"ADBE Vector Shape - Group","hd":false},{"ty":"fl","c":{"a":0,"k":[0.788000009574,0.62400004069,0.388000009574,1],"ix":4},"o":{"a":0,"k":100,"ix":5},"r":1,"bm":0,"nm":"Fill 1","mn":"ADBE Vector Graphic - Fill","hd":false},{"ty":"tr","p":{"a":0,"k":[137.63,249.9],"ix":2},"a":{"a":0,"k":[0,0],"ix":1},"s":{"a":0,"k":[100,100],"ix":3},"r":{"a":0,"k":0,"ix":6},"o":{"a":0,"k":100,"ix":7},"sk":{"a":0,"k":0,"ix":4},"sa":{"a":0,"k":0,"ix":5},"nm":"Transform"}],"nm":"Group 11","np":2,"cix":2,"bm":0,"ix":11,"mn":"ADBE Vector Group","hd":false},{"ty":"gr","it":[{"ind":0,"ty":"sh","ix":1,"ks":{"a":0,"k":{"i":[[0,0],[12.673,8.267],[-13.14,-6.92],[-6.343,2.754],[0,0],[-1.729,10.105],[0,0],[0,0]],"o":[[-3.758,-12.936],[-14.264,25.332],[13.137,6.922],[0,0],[3.177,-1.287],[0,0],[0,0],[0,0]],"v":[[41.11,-5.277],[-1.604,-46.245],[-27.969,38.402],[7.48,38.789],[9.104,46.245],[26.357,20.81],[36.95,27.949],[30.476,-5.391]],"c":true},"ix":2},"nm":"Path 1","mn":"ADBE Vector Shape - Group","hd":false},{"ty":"fl","c":{"a":0,"k":[1,1,1,1],"ix":4},"o":{"a":0,"k":100,"ix":5},"r":1,"bm":0,"nm":"Fill 1","mn":"ADBE Vector Graphic - Fill","hd":false},{"ty":"tr","p":{"a":0,"k":[287.163,258.141],"ix":2},"a":{"a":0,"k":[0,0],"ix":1},"s":{"a":0,"k":[100,100],"ix":3},"r":{"a":0,"k":0,"ix":6},"o":{"a":0,"k":100,"ix":7},"sk":{"a":0,"k":0,"ix":4},"sa":{"a":0,"k":0,"ix":5},"nm":"Transform"}],"nm":"Group 12","np":2,"cix":2,"bm":0,"ix":12,"mn":"ADBE Vector Group","hd":false},{"ty":"gr","it":[{"ind":0,"ty":"sh","ix":1,"ks":{"a":0,"k":{"i":[[0,0],[-14.328,4.871],[14.443,-3.439],[5.444,4.298],[0,0],[-0.86,10.316],[0,0],[0,0]],"o":[[6.877,-11.691],[7.45,28.369],[-14.441,3.438],[0,0],[-2.751,-2.062],[0,0],[0,0],[0,0]],"v":[[-33.01,-17.193],[18.569,-46.421],[22.866,42.983],[-11.519,34.386],[-14.958,41.263],[-25.274,12.035],[-37.309,16.333],[-22.694,-14.614]],"c":true},"ix":2},"nm":"Path 1","mn":"ADBE Vector Shape - Group","hd":false},{"ty":"fl","c":{"a":0,"k":[1,1,1,1],"ix":4},"o":{"a":0,"k":100,"ix":5},"r":1,"bm":0,"nm":"Fill 1","mn":"ADBE Vector Graphic - Fill","hd":false},{"ty":"tr","p":{"a":0,"k":[100.407,233.137],"ix":2},"a":{"a":0,"k":[0,0],"ix":1},"s":{"a":0,"k":[100,100],"ix":3},"r":{"a":0,"k":0,"ix":6},"o":{"a":0,"k":100,"ix":7},"sk":{"a":0,"k":0,"ix":4},"sa":{"a":0,"k":0,"ix":5},"nm":"Transform"}],"nm":"Group 13","np":2,"cix":2,"bm":0,"ix":13,"mn":"ADBE Vector Group","hd":false},{"ty":"gr","it":[{"ind":0,"ty":"sh","ix":1,"ks":{"a":0,"k":{"i":[[138.403,5.158],[15.76,-58.456],[-42.123,-6.018],[-24.93,36.965]],"o":[[-110.723,-4.126],[42.123,64.473],[79.947,5.158],[9.456,-56.736]],"v":[[10.316,-129.462],[-175.368,42.465],[-6.017,128.43],[165.913,94.903]],"c":true},"ix":2},"nm":"Path 1","mn":"ADBE Vector Shape - Group","hd":false},{"ty":"st","c":{"a":0,"k":[0,0,0,1],"ix":3},"o":{"a":0,"k":100,"ix":4},"w":{"a":0,"k":7.221,"ix":5},"lc":1,"lj":1,"ml":4,"bm":0,"nm":"Stroke 1","mn":"ADBE Vector Graphic - Stroke","hd":false},{"ty":"fl","c":{"a":0,"k":[0.984000052658,0.752999997606,0.250999989229,1],"ix":4},"o":{"a":0,"k":100,"ix":5},"r":1,"bm":0,"nm":"Fill 1","mn":"ADBE Vector Graphic - Fill","hd":false},{"ty":"tr","p":{"a":0,"k":[197.204,183.898],"ix":2},"a":{"a":0,"k":[0,0],"ix":1},"s":{"a":0,"k":[100,100],"ix":3},"r":{"a":0,"k":0,"ix":6},"o":{"a":0,"k":100,"ix":7},"sk":{"a":0,"k":0,"ix":4},"sa":{"a":0,"k":0,"ix":5},"nm":"Transform"}],"nm":"Group 14","np":3,"cix":2,"bm":0,"ix":14,"mn":"ADBE Vector Group","hd":false},{"ty":"gr","it":[{"ind":0,"ty":"sh","ix":1,"ks":{"a":0,"k":{"i":[[-1.212,-5.916],[11.484,-22.67],[0,0]],"o":[[3.718,18.14],[0,0],[16.118,-27.097]],"v":[[26.251,-42.384],[-3.553,48.3],[-29.969,2.287]],"c":true},"ix":2},"nm":"Path 1","mn":"ADBE Vector Shape - Group","hd":false},{"ty":"fl","c":{"a":0,"k":[0.788000009574,0.62400004069,0.388000009574,1],"ix":4},"o":{"a":0,"k":100,"ix":5},"r":1,"bm":0,"nm":"Fill 1","mn":"ADBE Vector Graphic - Fill","hd":false},{"ty":"tr","p":{"a":0,"k":[358.875,132.558],"ix":2},"a":{"a":0,"k":[0,0],"ix":1},"s":{"a":0,"k":[100,100],"ix":3},"r":{"a":0,"k":0,"ix":6},"o":{"a":0,"k":100,"ix":7},"sk":{"a":0,"k":0,"ix":4},"sa":{"a":0,"k":0,"ix":5},"nm":"Transform"}],"nm":"Group 15","np":2,"cix":2,"bm":0,"ix":15,"mn":"ADBE Vector Group","hd":false},{"ty":"gr","it":[{"ind":0,"ty":"sh","ix":1,"ks":{"a":0,"k":{"i":[[0.872,-2.428],[0,0],[0,0],[-14.274,-13.16],[1.161,-3.236],[1.162,-3.238],[0.062,-2.719],[1.68,-2.138]],"o":[[0,0],[0,0],[28.955,-13.66],[17.843,16.45],[-1.162,3.238],[-1.16,3.235],[-0.062,2.718],[-1.682,2.136]],"v":[[15.561,70.925],[8.302,91.153],[-61.273,-53.462],[43.431,-77.993],[27.176,38.559],[51.553,54.616],[29.336,63.082],[39.897,76.919]],"c":true},"ix":2},"nm":"Path 1","mn":"ADBE Vector Shape - Group","hd":false},{"ty":"st","c":{"a":0,"k":[0,0,0,1],"ix":3},"o":{"a":0,"k":100,"ix":4},"w":{"a":0,"k":7.221,"ix":5},"lc":1,"lj":1,"ml":4,"bm":0,"nm":"Stroke 1","mn":"ADBE Vector Graphic - Stroke","hd":false},{"ty":"fl","c":{"a":0,"k":[1,1,1,1],"ix":4},"o":{"a":0,"k":100,"ix":5},"r":1,"bm":0,"nm":"Fill 1","mn":"ADBE Vector Graphic - Fill","hd":false},{"ty":"tr","p":{"a":0,"k":[354.97,146.443],"ix":2},"a":{"a":0,"k":[0,0],"ix":1},"s":{"a":0,"k":[100,100],"ix":3},"r":{"a":0,"k":0,"ix":6},"o":{"a":0,"k":100,"ix":7},"sk":{"a":0,"k":0,"ix":4},"sa":{"a":0,"k":0,"ix":5},"nm":"Transform"}],"nm":"Group 16","np":3,"cix":2,"bm":0,"ix":16,"mn":"ADBE Vector Group","hd":false},{"ty":"gr","it":[{"ind":0,"ty":"sh","ix":1,"ks":{"a":0,"k":{"i":[[3.14,-5.159],[-3.151,-25.216],[0,0]],"o":[[-9.626,15.819],[0,0],[-6.017,-30.948]],"v":[[-14.1,-45.131],[-16.678,50.29],[23.725,15.904]],"c":true},"ix":2},"nm":"Path 1","mn":"ADBE Vector Shape - Group","hd":false},{"ty":"fl","c":{"a":0,"k":[0.788000009574,0.62400004069,0.388000009574,1],"ix":4},"o":{"a":0,"k":100,"ix":5},"r":1,"bm":0,"nm":"Fill 1","mn":"ADBE Vector Graphic - Fill","hd":false},{"ty":"tr","p":{"a":0,"k":[78.916,84.848],"ix":2},"a":{"a":0,"k":[0,0],"ix":1},"s":{"a":0,"k":[100,100],"ix":3},"r":{"a":0,"k":0,"ix":6},"o":{"a":0,"k":100,"ix":7},"sk":{"a":0,"k":0,"ix":4},"sa":{"a":0,"k":0,"ix":5},"nm":"Transform"}],"nm":"Group 17","np":2,"cix":2,"bm":0,"ix":17,"mn":"ADBE Vector Group","hd":false},{"ty":"gr","it":[{"ind":0,"ty":"sh","ix":1,"ks":{"a":0,"k":{"i":[[0,-2.579],[0,0],[0,0],[17.88,-7.565],[0,-3.438],[0,-3.438],[0.86,-2.579],[-0.86,-2.579]],"o":[[0,0],[0,0],[-22.638,-22.637],[-22.351,9.456],[0,3.439],[0,3.439],[-0.859,2.579],[0.86,2.579]],"v":[[-42.982,67.826],[-42.982,89.318],[71.351,-23.297],[-18.912,-81.753],[-42.982,33.44],[-71.351,40.317],[-53.298,55.791],[-67.912,65.247]],"c":true},"ix":2},"nm":"Path 1","mn":"ADBE Vector Shape - Group","hd":false},{"ty":"st","c":{"a":0,"k":[0,0,0,1],"ix":3},"o":{"a":0,"k":100,"ix":4},"w":{"a":0,"k":7.221,"ix":5},"lc":1,"lj":1,"ml":4,"bm":0,"nm":"Stroke 1","mn":"ADBE Vector Graphic - Stroke","hd":false},{"ty":"fl","c":{"a":0,"k":[1,1,1,1],"ix":4},"o":{"a":0,"k":100,"ix":5},"r":1,"bm":0,"nm":"Fill 1","mn":"ADBE Vector Graphic - Fill","hd":false},{"ty":"tr","p":{"a":0,"k":[78.572,96.539],"ix":2},"a":{"a":0,"k":[0,0],"ix":1},"s":{"a":0,"k":[100,100],"ix":3},"r":{"a":0,"k":0,"ix":6},"o":{"a":0,"k":100,"ix":7},"sk":{"a":0,"k":0,"ix":4},"sa":{"a":0,"k":0,"ix":5},"nm":"Transform"}],"nm":"Group 18","np":3,"cix":2,"bm":0,"ix":18,"mn":"ADBE Vector Group","hd":false}],"ip":0,"op":180,"st":0,"bm":0},{"ddd":0,"ind":2,"ty":4,"nm":"Layer 20 Outlines","sr":1,"ks":{"o":{"a":0,"k":100,"ix":11},"r":{"a":1,"k":[{"i":{"x":[0.314],"y":[1]},"o":{"x":[0.333],"y":[0]},"t":15,"s":[0]},{"i":{"x":[0.667],"y":[1]},"o":{"x":[0.28],"y":[0]},"t":49,"s":[-3]},{"i":{"x":[0.833],"y":[1]},"o":{"x":[0.167],"y":[0]},"t":78,"s":[0]},{"i":{"x":[0.314],"y":[1]},"o":{"x":[0.333],"y":[0]},"t":92,"s":[0]},{"i":{"x":[0.667],"y":[1]},"o":{"x":[0.28],"y":[0]},"t":126,"s":[-3]},{"t":155,"s":[0]}],"ix":10},"p":{"a":1,"k":[{"i":{"x":0.314,"y":1},"o":{"x":0.333,"y":0},"t":15,"s":[245.07,353.98,0],"to":[0,-0.333,0],"ti":[0,0,0]},{"i":{"x":0.667,"y":1},"o":{"x":0.205,"y":0},"t":49,"s":[245.07,351.98,0],"to":[0,0,0],"ti":[0,-0.333,0]},{"i":{"x":0.833,"y":0.833},"o":{"x":0.167,"y":0.167},"t":78,"s":[245.07,353.98,0],"to":[0,0,0],"ti":[0,0,0]},{"i":{"x":0.314,"y":1},"o":{"x":0.333,"y":0},"t":92,"s":[245.07,353.98,0],"to":[0,-0.333,0],"ti":[0,0,0]},{"i":{"x":0.667,"y":1},"o":{"x":0.205,"y":0},"t":126,"s":[245.07,351.98,0],"to":[0,0,0],"ti":[0,-0.333,0]},{"t":155,"s":[245.07,353.98,0]}],"ix":2},"a":{"a":0,"k":[69.804,54.501,0],"ix":1},"s":{"a":0,"k":[100,100,100],"ix":6}},"ao":0,"shapes":[{"ty":"gr","it":[{"ind":0,"ty":"sh","ix":1,"ks":{"a":0,"k":{"i":[[1.271,2.357],[0,0],[-2.601,0],[0,0],[1.354,-2.292],[0,0]],"o":[[0,0],[-1.232,-2.29],[0,0],[2.659,0],[0,0],[-1.36,2.305]],"v":[[-3.646,12.867],[-16.08,-10.221],[-13.052,-15.29],[12.998,-15.29],[15.958,-10.105],[2.344,12.984]],"c":true},"ix":2},"nm":"Path 1","mn":"ADBE Vector Shape - Group","hd":false},{"ty":"st","c":{"a":0,"k":[0,0,0,1],"ix":3},"o":{"a":0,"k":100,"ix":4},"w":{"a":0,"k":5.158,"ix":5},"lc":1,"lj":1,"ml":4,"bm":0,"nm":"Stroke 1","mn":"ADBE Vector Graphic - Stroke","hd":false},{"ty":"fl","c":{"a":0,"k":[0.788000009574,0.62400004069,0.388000009574,1],"ix":4},"o":{"a":0,"k":100,"ix":5},"r":1,"bm":0,"nm":"Fill 1","mn":"ADBE Vector Graphic - Fill","hd":false},{"ty":"tr","p":{"a":0,"k":[72.278,26.808],"ix":2},"a":{"a":0,"k":[0,0],"ix":1},"s":{"a":0,"k":[100,100],"ix":3},"r":{"a":0,"k":0,"ix":6},"o":{"a":0,"k":100,"ix":7},"sk":{"a":0,"k":0,"ix":4},"sa":{"a":0,"k":0,"ix":5},"nm":"Transform"}],"nm":"Group 1","np":3,"cix":2,"bm":0,"ix":1,"mn":"ADBE Vector Group","hd":false},{"ty":"gr","it":[{"ind":0,"ty":"sh","ix":1,"ks":{"a":0,"k":{"i":[[0.86,2.579],[-4.298,0.859],[0,0],[3.44,-3.438],[2.578,-2.579],[1.376,-1.031],[2.578,0],[0,2.579],[0.859,1.719]],"o":[[-0.687,-2.063],[0,0],[7.45,1.719],[-2.578,2.579],[-2.579,2.579],[-3.439,2.579],[-2.579,0],[0,-2.579],[-0.86,-1.719]],"v":[[-37.052,-10.317],[-25.017,-15.474],[20.545,-15.474],[34.299,-10.317],[16.247,-4.299],[23.984,3.439],[-0.086,15.474],[-25.017,3.439],[-21.577,-4.299]],"c":true},"ix":2},"nm":"Path 1","mn":"ADBE Vector Shape - Group","hd":false},{"ty":"st","c":{"a":0,"k":[0,0,0,1],"ix":3},"o":{"a":0,"k":100,"ix":4},"w":{"a":0,"k":5.158,"ix":5},"lc":1,"lj":1,"ml":4,"bm":0,"nm":"Stroke 1","mn":"ADBE Vector Graphic - Stroke","hd":false},{"ty":"fl","c":{"a":0,"k":[1,1,1,1],"ix":4},"o":{"a":0,"k":100,"ix":5},"r":1,"bm":0,"nm":"Fill 1","mn":"ADBE Vector Graphic - Fill","hd":false},{"ty":"tr","p":{"a":0,"k":[72.469,28.712],"ix":2},"a":{"a":0,"k":[0,0],"ix":1},"s":{"a":0,"k":[100,100],"ix":3},"r":{"a":0,"k":0,"ix":6},"o":{"a":0,"k":100,"ix":7},"sk":{"a":0,"k":0,"ix":4},"sa":{"a":0,"k":0,"ix":5},"nm":"Transform"}],"nm":"Group 2","np":3,"cix":2,"bm":0,"ix":2,"mn":"ADBE Vector Group","hd":false},{"ty":"gr","it":[{"ind":0,"ty":"sh","ix":1,"ks":{"a":0,"k":{"i":[[0.859,2.579],[-3.153,24.93],[0,0],[0.688,-2.063],[2.58,0],[2.579,0],[2.579,0]],"o":[[-0.688,-2.063],[0,0],[4.298,25.789],[-0.86,2.579],[-2.579,0],[-2.578,0],[-2.579,0]],"v":[[-61.895,30.087],[-53.298,-47.281],[49.86,-47.281],[61.895,32.667],[13.754,47.281],[-0.86,36.105],[-15.474,47.281]],"c":true},"ix":2},"nm":"Path 1","mn":"ADBE Vector Shape - Group","hd":false},{"ty":"st","c":{"a":0,"k":[0,0,0,1],"ix":3},"o":{"a":0,"k":100,"ix":4},"w":{"a":0,"k":7.221,"ix":5},"lc":1,"lj":1,"ml":4,"bm":0,"nm":"Stroke 1","mn":"ADBE Vector Graphic - Stroke","hd":false},{"ty":"fl","c":{"a":0,"k":[0.019999999626,0.438999998803,0.722000002394,1],"ix":4},"o":{"a":0,"k":100,"ix":5},"r":1,"bm":0,"nm":"Fill 1","mn":"ADBE Vector Graphic - Fill","hd":false},{"ty":"tr","p":{"a":0,"k":[69.804,54.501],"ix":2},"a":{"a":0,"k":[0,0],"ix":1},"s":{"a":0,"k":[100,100],"ix":3},"r":{"a":0,"k":0,"ix":6},"o":{"a":0,"k":100,"ix":7},"sk":{"a":0,"k":0,"ix":4},"sa":{"a":0,"k":0,"ix":5},"nm":"Transform"}],"nm":"Group 3","np":3,"cix":2,"bm":0,"ix":3,"mn":"ADBE Vector Group","hd":false}],"ip":0,"op":180,"st":0,"bm":0},{"ddd":0,"ind":3,"ty":4,"nm":"Layer 27 Outlines","sr":1,"ks":{"o":{"a":0,"k":100,"ix":11},"r":{"a":1,"k":[{"i":{"x":[0.33],"y":[1]},"o":{"x":[0.333],"y":[0]},"t":15,"s":[0]},{"i":{"x":[0.667],"y":[1]},"o":{"x":[0.367],"y":[0]},"t":49,"s":[-3]},{"i":{"x":[0.833],"y":[1]},"o":{"x":[0.167],"y":[0]},"t":78,"s":[0]},{"i":{"x":[0.33],"y":[1]},"o":{"x":[0.333],"y":[0]},"t":92,"s":[0]},{"i":{"x":[0.667],"y":[1]},"o":{"x":[0.367],"y":[0]},"t":126,"s":[-3]},{"t":155,"s":[0]}],"ix":10},"p":{"a":1,"k":[{"i":{"x":0.33,"y":1},"o":{"x":0.333,"y":0},"t":15,"s":[244.469,395.673,0],"to":[0,-0.5,0],"ti":[0,0,0]},{"i":{"x":0.667,"y":1},"o":{"x":0.374,"y":0},"t":49,"s":[244.469,392.673,0],"to":[0,0,0],"ti":[0,-0.5,0]},{"i":{"x":0.833,"y":0.833},"o":{"x":0.167,"y":0.167},"t":78,"s":[244.469,395.673,0],"to":[0,0,0],"ti":[0,0,0]},{"i":{"x":0.33,"y":1},"o":{"x":0.333,"y":0},"t":92,"s":[244.469,395.673,0],"to":[0,-0.5,0],"ti":[0,0,0]},{"i":{"x":0.667,"y":1},"o":{"x":0.374,"y":0},"t":126,"s":[244.469,392.673,0],"to":[0,0,0],"ti":[0,-0.5,0]},{"t":155,"s":[244.469,395.673,0]}],"ix":2},"a":{"a":0,"k":[61.12,35.159,0],"ix":1},"s":{"a":0,"k":[100,100,100],"ix":6}},"ao":0,"shapes":[{"ty":"gr","it":[{"ind":0,"ty":"sh","ix":1,"ks":{"a":0,"k":{"i":[[2.579,2.579],[-0.86,16.905],[0,0],[1.376,-2.751],[5.158,-0.859]],"o":[[-2.063,-2.063],[0,0],[0,14.326],[-1.719,3.439],[-5.158,0.859]],"v":[[-51.837,25.359],[-51.837,-27.939],[53.9,-27.939],[52.18,18.482],[1.461,25.359]],"c":true},"ix":2},"nm":"Path 1","mn":"ADBE Vector Shape - Group","hd":false},{"ty":"st","c":{"a":0,"k":[0,0,0,1],"ix":3},"o":{"a":0,"k":100,"ix":4},"w":{"a":0,"k":7.221,"ix":5},"lc":1,"lj":1,"ml":4,"bm":0,"nm":"Stroke 1","mn":"ADBE Vector Graphic - Stroke","hd":false},{"ty":"fl","c":{"a":0,"k":[0.019999999626,0.438999998803,0.722000002394,1],"ix":4},"o":{"a":0,"k":100,"ix":5},"r":1,"bm":0,"nm":"Fill 1","mn":"ADBE Vector Graphic - Fill","hd":false},{"ty":"tr","p":{"a":0,"k":[61.12,35.159],"ix":2},"a":{"a":0,"k":[0,0],"ix":1},"s":{"a":0,"k":[100,100],"ix":3},"r":{"a":0,"k":0,"ix":6},"o":{"a":0,"k":100,"ix":7},"sk":{"a":0,"k":0,"ix":4},"sa":{"a":0,"k":0,"ix":5},"nm":"Transform"}],"nm":"Group 1","np":3,"cix":2,"bm":0,"ix":1,"mn":"ADBE Vector Group","hd":false}],"ip":0,"op":180,"st":0,"bm":0},{"ddd":0,"ind":4,"ty":4,"nm":"Layer 23 Outlines","sr":1,"ks":{"o":{"a":0,"k":100,"ix":11},"r":{"a":1,"k":[{"i":{"x":[0.213],"y":[1]},"o":{"x":[0.333],"y":[0]},"t":15,"s":[-16]},{"i":{"x":[0.667],"y":[1]},"o":{"x":[0.482],"y":[0]},"t":49,"s":[17]},{"i":{"x":[0.833],"y":[1]},"o":{"x":[0.167],"y":[0]},"t":78,"s":[-16]},{"i":{"x":[0.213],"y":[1]},"o":{"x":[0.333],"y":[0]},"t":92,"s":[-16]},{"i":{"x":[0.667],"y":[1]},"o":{"x":[0.482],"y":[0]},"t":126,"s":[17]},{"t":155,"s":[-16]}],"ix":10},"p":{"a":0,"k":[202.095,316.696,0],"ix":2},"a":{"a":0,"k":[116.403,23.236,0],"ix":1},"s":{"a":0,"k":[100,100,100],"ix":6}},"ao":0,"shapes":[{"ty":"gr","it":[{"ind":0,"ty":"sh","ix":1,"ks":{"a":0,"k":{"i":[[-3.438,7.737],[-4.012,-3.154],[0,0],[2.751,1.375]],"o":[[2.751,-6.189],[0,0],[-2.866,0.287],[-3.438,-1.719]],"v":[[-9.027,-6.19],[6.448,-4.47],[12.465,11.864],[0.43,11.004]],"c":true},"ix":2},"nm":"Path 1","mn":"ADBE Vector Shape - Group","hd":false},{"ty":"st","c":{"a":0,"k":[0,0,0,1],"ix":3},"o":{"a":0,"k":100,"ix":4},"w":{"a":0,"k":7.221,"ix":5},"lc":1,"lj":1,"ml":4,"bm":0,"nm":"Stroke 1","mn":"ADBE Vector Graphic - Stroke","hd":false},{"ty":"fl","c":{"a":0,"k":[0.788000009574,0.62400004069,0.388000009574,1],"ix":4},"o":{"a":0,"k":100,"ix":5},"r":1,"bm":0,"nm":"Fill 1","mn":"ADBE Vector Graphic - Fill","hd":false},{"ty":"tr","p":{"a":0,"k":[19.685,42.638],"ix":2},"a":{"a":0,"k":[0,0],"ix":1},"s":{"a":0,"k":[100,100],"ix":3},"r":{"a":0,"k":0,"ix":6},"o":{"a":0,"k":100,"ix":7},"sk":{"a":0,"k":0,"ix":4},"sa":{"a":0,"k":0,"ix":5},"nm":"Transform"}],"nm":"Group 1","np":3,"cix":2,"bm":0,"ix":1,"mn":"ADBE Vector Group","hd":false},{"ty":"gr","it":[{"ind":0,"ty":"sh","ix":1,"ks":{"a":0,"k":{"i":[[-7.089,0],[-24.93,9.744],[13.066,-7.564],[7.737,0]],"o":[[4.298,0],[5.444,6.018],[-16.334,9.456],[-7.736,0]],"v":[[-43.822,5.587],[35.266,-23.641],[37.845,5.587],[-36.946,23.641]],"c":true},"ix":2},"nm":"Path 1","mn":"ADBE Vector Shape - Group","hd":false},{"ty":"st","c":{"a":0,"k":[0,0,0,1],"ix":3},"o":{"a":0,"k":100,"ix":4},"w":{"a":0,"k":7.221,"ix":5},"lc":1,"lj":1,"ml":4,"bm":0,"nm":"Stroke 1","mn":"ADBE Vector Graphic - Stroke","hd":false},{"ty":"fl","c":{"a":0,"k":[1,1,1,1],"ix":4},"o":{"a":0,"k":100,"ix":5},"r":1,"bm":0,"nm":"Fill 1","mn":"ADBE Vector Graphic - Fill","hd":false},{"ty":"tr","p":{"a":0,"k":[72.534,30.861],"ix":2},"a":{"a":0,"k":[0,0],"ix":1},"s":{"a":0,"k":[100,100],"ix":3},"r":{"a":0,"k":0,"ix":6},"o":{"a":0,"k":100,"ix":7},"sk":{"a":0,"k":0,"ix":4},"sa":{"a":0,"k":0,"ix":5},"nm":"Transform"}],"nm":"Group 2","np":3,"cix":2,"bm":0,"ix":2,"mn":"ADBE Vector Group","hd":false}],"ip":0,"op":180,"st":0,"bm":0},{"ddd":0,"ind":5,"ty":4,"nm":"Layer 25 Outlines","sr":1,"ks":{"o":{"a":0,"k":100,"ix":11},"r":{"a":1,"k":[{"i":{"x":[0.213],"y":[1]},"o":{"x":[0.333],"y":[0]},"t":15,"s":[24]},{"i":{"x":[0.667],"y":[1]},"o":{"x":[0.48],"y":[0]},"t":49,"s":[2]},{"i":{"x":[0.833],"y":[1]},"o":{"x":[0.167],"y":[0]},"t":78,"s":[24]},{"i":{"x":[0.213],"y":[1]},"o":{"x":[0.333],"y":[0]},"t":92,"s":[24]},{"i":{"x":[0.667],"y":[1]},"o":{"x":[0.48],"y":[0]},"t":126,"s":[2]},{"t":155,"s":[24]}],"ix":10},"p":{"a":0,"k":[291.491,314.298,0],"ix":2},"a":{"a":0,"k":[13.914,19.119,0],"ix":1},"s":{"a":0,"k":[100,100,100],"ix":6}},"ao":0,"shapes":[{"ty":"gr","it":[{"ind":0,"ty":"sh","ix":1,"ks":{"a":0,"k":{"i":[[3.438,7.736],[4.013,-3.153],[0,0],[-2.751,1.375]],"o":[[-2.751,-6.189],[0,0],[2.864,0.287],[3.438,-1.719]],"v":[[9.027,-6.19],[-6.449,-4.471],[-12.465,11.864],[-0.43,11.004]],"c":true},"ix":2},"nm":"Path 1","mn":"ADBE Vector Shape - Group","hd":false},{"ty":"st","c":{"a":0,"k":[0,0,0,1],"ix":3},"o":{"a":0,"k":100,"ix":4},"w":{"a":0,"k":7.221,"ix":5},"lc":1,"lj":1,"ml":4,"bm":0,"nm":"Stroke 1","mn":"ADBE Vector Graphic - Stroke","hd":false},{"ty":"fl","c":{"a":0,"k":[0.788000009574,0.62400004069,0.388000009574,1],"ix":4},"o":{"a":0,"k":100,"ix":5},"r":1,"bm":0,"nm":"Fill 1","mn":"ADBE Vector Graphic - Fill","hd":false},{"ty":"tr","p":{"a":0,"k":[110.983,42.639],"ix":2},"a":{"a":0,"k":[0,0],"ix":1},"s":{"a":0,"k":[100,100],"ix":3},"r":{"a":0,"k":0,"ix":6},"o":{"a":0,"k":100,"ix":7},"sk":{"a":0,"k":0,"ix":4},"sa":{"a":0,"k":0,"ix":5},"nm":"Transform"}],"nm":"Group 1","np":3,"cix":2,"bm":0,"ix":1,"mn":"ADBE Vector Group","hd":false},{"ty":"gr","it":[{"ind":0,"ty":"sh","ix":1,"ks":{"a":0,"k":{"i":[[7.089,0],[24.93,9.744],[-13.066,-7.565],[-7.737,0]],"o":[[-4.3,0],[-5.445,6.018],[16.333,9.456],[7.736,0]],"v":[[43.824,5.588],[-35.267,-23.641],[-37.846,5.588],[36.947,23.641]],"c":true},"ix":2},"nm":"Path 1","mn":"ADBE Vector Shape - Group","hd":false},{"ty":"st","c":{"a":0,"k":[0,0,0,1],"ix":3},"o":{"a":0,"k":100,"ix":4},"w":{"a":0,"k":7.221,"ix":5},"lc":1,"lj":1,"ml":4,"bm":0,"nm":"Stroke 1","mn":"ADBE Vector Graphic - Stroke","hd":false},{"ty":"fl","c":{"a":0,"k":[1,1,1,1],"ix":4},"o":{"a":0,"k":100,"ix":5},"r":1,"bm":0,"nm":"Fill 1","mn":"ADBE Vector Graphic - Fill","hd":false},{"ty":"tr","p":{"a":0,"k":[58.133,30.862],"ix":2},"a":{"a":0,"k":[0,0],"ix":1},"s":{"a":0,"k":[100,100],"ix":3},"r":{"a":0,"k":0,"ix":6},"o":{"a":0,"k":100,"ix":7},"sk":{"a":0,"k":0,"ix":4},"sa":{"a":0,"k":0,"ix":5},"nm":"Transform"}],"nm":"Group 2","np":3,"cix":2,"bm":0,"ix":2,"mn":"ADBE Vector Group","hd":false}],"ip":0,"op":180,"st":0,"bm":0},{"ddd":0,"ind":6,"ty":4,"nm":"Layer 28 Outlines","sr":1,"ks":{"o":{"a":0,"k":100,"ix":11},"r":{"a":0,"k":0,"ix":10},"p":{"a":0,"k":[167.968,397.35,0],"ix":2},"a":{"a":0,"k":[36.525,31.106,0],"ix":1},"s":{"a":0,"k":[100,100,100],"ix":6}},"ao":0,"shapes":[{"ty":"gr","it":[{"ind":0,"ty":"sh","ix":1,"ks":{"a":1,"k":[{"i":{"x":0.314,"y":1},"o":{"x":0.333,"y":0},"t":15,"s":[{"i":[[-12.228,5.945],[-7.164,-2.006],[2.063,-1.375],[13.975,3.077],[1.72,8.599]],"o":[[10.893,-5.296],[2.865,9.743],[-2.579,1.719],[-6.767,-1.49],[-1.527,-7.633]],"v":[[-7.111,-16.554],[22.943,-21.879],[27.241,9.925],[-11.193,22.573],[-29.027,4.127]],"c":true}]},{"i":{"x":0.667,"y":1},"o":{"x":0.524,"y":0},"t":49,"s":[{"i":[[-12.898,4.301],[-7.164,-2.006],[2.479,-0.043],[9.725,-4.673],[0.059,6.273]],"o":[[9.064,-3.021],[2.865,9.743],[-12.959,0.225],[-11.826,5.683],[-0.126,-13.509]],"v":[[-8.361,-23.304],[22.943,-21.879],[27.741,11.675],[-11.443,22.823],[-33.027,2.627]],"c":true}]},{"i":{"x":0.833,"y":0.833},"o":{"x":0.167,"y":0},"t":78,"s":[{"i":[[-12.228,5.945],[-7.164,-2.006],[2.063,-1.375],[13.975,3.077],[1.72,8.599]],"o":[[10.893,-5.296],[2.865,9.743],[-2.579,1.719],[-6.767,-1.49],[-1.527,-7.633]],"v":[[-7.111,-16.554],[22.943,-21.879],[27.241,9.925],[-11.193,22.573],[-29.027,4.127]],"c":true}]},{"i":{"x":0.314,"y":1},"o":{"x":0.333,"y":0},"t":92,"s":[{"i":[[-12.228,5.945],[-7.164,-2.006],[2.063,-1.375],[13.975,3.077],[1.72,8.599]],"o":[[10.893,-5.296],[2.865,9.743],[-2.579,1.719],[-6.767,-1.49],[-1.527,-7.633]],"v":[[-7.111,-16.554],[22.943,-21.879],[27.241,9.925],[-11.193,22.573],[-29.027,4.127]],"c":true}]},{"i":{"x":0.667,"y":1},"o":{"x":0.524,"y":0},"t":126,"s":[{"i":[[-12.898,4.301],[-7.164,-2.006],[2.479,-0.043],[9.725,-4.673],[0.059,6.273]],"o":[[9.064,-3.021],[2.865,9.743],[-12.959,0.225],[-11.826,5.683],[-0.126,-13.509]],"v":[[-8.361,-23.304],[22.943,-21.879],[27.741,11.675],[-11.443,22.823],[-33.027,2.627]],"c":true}]},{"t":155,"s":[{"i":[[-12.228,5.945],[-7.164,-2.006],[2.063,-1.375],[13.975,3.077],[1.72,8.599]],"o":[[10.893,-5.296],[2.865,9.743],[-2.579,1.719],[-6.767,-1.49],[-1.527,-7.633]],"v":[[-7.111,-16.554],[22.943,-21.879],[27.241,9.925],[-11.193,22.573],[-29.027,4.127]],"c":true}]}],"ix":2},"nm":"Path 1","mn":"ADBE Vector Shape - Group","hd":false},{"ty":"st","c":{"a":0,"k":[0,0,0,1],"ix":3},"o":{"a":0,"k":100,"ix":4},"w":{"a":0,"k":7.221,"ix":5},"lc":1,"lj":1,"ml":4,"bm":0,"nm":"Stroke 1","mn":"ADBE Vector Graphic - Stroke","hd":false},{"ty":"tr","p":{"a":0,"k":[36.525,31.106],"ix":2},"a":{"a":0,"k":[0,0],"ix":1},"s":{"a":0,"k":[100,100],"ix":3},"r":{"a":0,"k":0,"ix":6},"o":{"a":0,"k":100,"ix":7},"sk":{"a":0,"k":0,"ix":4},"sa":{"a":0,"k":0,"ix":5},"nm":"Transform"}],"nm":"Group 1","np":2,"cix":2,"bm":0,"ix":1,"mn":"ADBE Vector Group","hd":false},{"ty":"gr","it":[{"ind":0,"ty":"sh","ix":1,"ks":{"a":1,"k":[{"i":{"x":0.833,"y":0.833},"o":{"x":0.167,"y":0.167},"t":15,"s":[{"i":[[6.189,2.751],[0,11.463],[1.39,-5.91],[-3.438,-8.882]],"o":[[-6.189,-2.751],[3.153,-4.299],[-2.101,8.931],[0.287,1.719]],"v":[[0.287,22.008],[-6.701,-13.316],[-0.572,-15.818],[7.164,20.289]],"c":true}]},{"i":{"x":0.833,"y":0.833},"o":{"x":0.167,"y":0.167},"t":49,"s":[{"i":[[6.189,2.751],[0,11.463],[2.063,-8.941],[-3.438,-8.882]],"o":[[-6.189,-2.751],[3.153,-4.299],[-2.063,8.94],[0.287,1.719]],"v":[[0.037,20.008],[-7.451,-15.816],[-0.572,-15.818],[6.164,17.789]],"c":true}]},{"i":{"x":0.833,"y":0.833},"o":{"x":0.167,"y":0.167},"t":78,"s":[{"i":[[6.189,2.751],[0,11.463],[1.39,-5.91],[-3.438,-8.882]],"o":[[-6.189,-2.751],[3.153,-4.299],[-2.101,8.931],[0.287,1.719]],"v":[[0.287,22.008],[-6.701,-13.316],[-0.572,-15.818],[7.164,20.289]],"c":true}]},{"i":{"x":0.833,"y":0.833},"o":{"x":0.167,"y":0.167},"t":126,"s":[{"i":[[6.189,2.751],[0,11.463],[2.063,-8.941],[-3.438,-8.882]],"o":[[-6.189,-2.751],[3.153,-4.299],[-2.063,8.94],[0.287,1.719]],"v":[[-0.463,19.258],[-7.451,-15.816],[-0.572,-15.818],[6.664,16.039]],"c":true}]},{"t":155,"s":[{"i":[[6.189,2.751],[0,11.463],[1.39,-5.91],[-3.438,-8.882]],"o":[[-6.189,-2.751],[3.153,-4.299],[-2.101,8.931],[0.287,1.719]],"v":[[0.287,22.008],[-6.701,-13.316],[-0.572,-15.818],[7.164,20.289]],"c":true}]}],"ix":2},"nm":"Path 1","mn":"ADBE Vector Shape - Group","hd":false},{"ty":"fl","c":{"a":0,"k":[0.984000052658,0.752999997606,0.250999989229,1],"ix":4},"o":{"a":0,"k":100,"ix":5},"r":1,"bm":0,"nm":"Fill 1","mn":"ADBE Vector Graphic - Fill","hd":false},{"ty":"tr","p":{"a":0,"k":[41.989,26.984],"ix":2},"a":{"a":0,"k":[0,0],"ix":1},"s":{"a":0,"k":[100,100],"ix":3},"r":{"a":0,"k":0,"ix":6},"o":{"a":0,"k":100,"ix":7},"sk":{"a":0,"k":0,"ix":4},"sa":{"a":0,"k":0,"ix":5},"nm":"Transform"}],"nm":"Group 2","np":2,"cix":2,"bm":0,"ix":2,"mn":"ADBE Vector Group","hd":false},{"ty":"gr","it":[{"ind":0,"ty":"sh","ix":1,"ks":{"a":1,"k":[{"i":{"x":0.833,"y":0.833},"o":{"x":0.167,"y":0.167},"t":15,"s":[{"i":[[6.189,2.751],[0,11.463],[1.176,-2.659],[-3.439,-8.882]],"o":[[-6.189,-2.751],[3.152,-4.299],[-3.711,8.391],[0.287,1.719]],"v":[[0.287,22.867],[-7.201,-12.208],[-0.573,-16.678],[7.164,21.148]],"c":true}]},{"i":{"x":0.833,"y":0.833},"o":{"x":0.167,"y":0.167},"t":49,"s":[{"i":[[6.189,2.751],[0,11.463],[2.063,-8.94],[-3.439,-8.882]],"o":[[-6.189,-2.751],[3.152,-4.299],[-2.063,8.94],[0.287,1.719]],"v":[[0.287,22.867],[-7.451,-14.958],[-0.573,-16.678],[7.164,21.148]],"c":true}]},{"i":{"x":0.833,"y":0.833},"o":{"x":0.167,"y":0.167},"t":78,"s":[{"i":[[6.189,2.751],[0,11.463],[1.176,-2.659],[-3.439,-8.882]],"o":[[-6.189,-2.751],[3.152,-4.299],[-3.711,8.391],[0.287,1.719]],"v":[[0.287,22.867],[-7.201,-12.208],[-0.573,-16.678],[7.164,21.148]],"c":true}]},{"i":{"x":0.833,"y":0.833},"o":{"x":0.167,"y":0.167},"t":92,"s":[{"i":[[6.189,2.751],[0,11.463],[1.435,-4.491],[-3.439,-8.882]],"o":[[-6.189,-2.751],[3.152,-4.299],[-3.23,8.551],[0.287,1.719]],"v":[[0.287,22.867],[-7.273,-10.76],[-0.573,-13.928],[7.164,21.148]],"c":true}]},{"i":{"x":0.833,"y":0.833},"o":{"x":0.167,"y":0.167},"t":126,"s":[{"i":[[6.189,2.751],[0,11.463],[2.063,-8.94],[-3.439,-8.882]],"o":[[-6.189,-2.751],[3.152,-4.299],[-2.063,8.94],[0.287,1.719]],"v":[[0.287,22.867],[-7.451,-14.958],[-0.573,-16.678],[7.164,21.148]],"c":true}]},{"t":155,"s":[{"i":[[6.189,2.751],[0,11.463],[1.176,-2.659],[-3.439,-8.882]],"o":[[-6.189,-2.751],[3.152,-4.299],[-3.711,8.391],[0.287,1.719]],"v":[[0.287,22.867],[-7.201,-12.208],[-0.573,-16.678],[7.164,21.148]],"c":true}]}],"ix":2},"nm":"Path 1","mn":"ADBE Vector Shape - Group","hd":false},{"ty":"fl","c":{"a":0,"k":[0.984000052658,0.752999997606,0.250999989229,1],"ix":4},"o":{"a":0,"k":100,"ix":5},"r":1,"bm":0,"nm":"Fill 1","mn":"ADBE Vector Graphic - Fill","hd":false},{"ty":"tr","p":{"a":0,"k":[29.954,29.343],"ix":2},"a":{"a":0,"k":[0,0],"ix":1},"s":{"a":0,"k":[100,100],"ix":3},"r":{"a":0,"k":0,"ix":6},"o":{"a":0,"k":100,"ix":7},"sk":{"a":0,"k":0,"ix":4},"sa":{"a":0,"k":0,"ix":5},"nm":"Transform"}],"nm":"Group 3","np":2,"cix":2,"bm":0,"ix":3,"mn":"ADBE Vector Group","hd":false},{"ty":"gr","it":[{"ind":0,"ty":"sh","ix":1,"ks":{"a":1,"k":[{"i":{"x":0.314,"y":1},"o":{"x":0.333,"y":0},"t":15,"s":[{"i":[[-12.228,5.945],[-7.164,-2.006],[2.063,-1.375],[13.975,3.077],[1.72,8.599]],"o":[[10.893,-5.296],[2.865,9.743],[-2.579,1.719],[-6.767,-1.49],[-1.527,-7.633]],"v":[[-7.111,-16.554],[22.943,-21.879],[27.241,9.925],[-11.193,22.573],[-29.027,4.127]],"c":true}]},{"i":{"x":0.667,"y":1},"o":{"x":0.524,"y":0},"t":49,"s":[{"i":[[-12.898,4.301],[-7.164,-2.006],[2.479,-0.043],[9.725,-4.673],[0.059,6.273]],"o":[[9.064,-3.021],[2.865,9.743],[-12.959,0.225],[-11.826,5.683],[-0.126,-13.509]],"v":[[-8.361,-23.304],[22.943,-21.879],[27.741,11.675],[-11.443,22.823],[-33.027,2.627]],"c":true}]},{"i":{"x":0.833,"y":0.833},"o":{"x":0.167,"y":0},"t":78,"s":[{"i":[[-12.228,5.945],[-7.164,-2.006],[2.063,-1.375],[13.975,3.077],[1.72,8.599]],"o":[[10.893,-5.296],[2.865,9.743],[-2.579,1.719],[-6.767,-1.49],[-1.527,-7.633]],"v":[[-7.111,-16.554],[22.943,-21.879],[27.241,9.925],[-11.193,22.573],[-29.027,4.127]],"c":true}]},{"i":{"x":0.314,"y":1},"o":{"x":0.333,"y":0},"t":92,"s":[{"i":[[-12.228,5.945],[-7.164,-2.006],[2.063,-1.375],[13.975,3.077],[1.72,8.599]],"o":[[10.893,-5.296],[2.865,9.743],[-2.579,1.719],[-6.767,-1.49],[-1.527,-7.633]],"v":[[-7.111,-16.554],[22.943,-21.879],[27.241,9.925],[-11.193,22.573],[-29.027,4.127]],"c":true}]},{"i":{"x":0.667,"y":1},"o":{"x":0.524,"y":0},"t":126,"s":[{"i":[[-12.898,4.301],[-7.164,-2.006],[2.479,-0.043],[9.725,-4.673],[0.059,6.273]],"o":[[9.064,-3.021],[2.865,9.743],[-12.959,0.225],[-11.826,5.683],[-0.126,-13.509]],"v":[[-8.361,-23.304],[22.943,-21.879],[27.741,11.675],[-11.443,22.823],[-33.027,2.627]],"c":true}]},{"t":155,"s":[{"i":[[-12.228,5.945],[-7.164,-2.006],[2.063,-1.375],[13.975,3.077],[1.72,8.599]],"o":[[10.893,-5.296],[2.865,9.743],[-2.579,1.719],[-6.767,-1.49],[-1.527,-7.633]],"v":[[-7.111,-16.554],[22.943,-21.879],[27.241,9.925],[-11.193,22.573],[-29.027,4.127]],"c":true}]}],"ix":2},"nm":"Path 1","mn":"ADBE Vector Shape - Group","hd":false},{"ty":"st","c":{"a":0,"k":[0,0,0,1],"ix":3},"o":{"a":0,"k":100,"ix":4},"w":{"a":0,"k":7.221,"ix":5},"lc":1,"lj":1,"ml":4,"bm":0,"nm":"Stroke 1","mn":"ADBE Vector Graphic - Stroke","hd":false},{"ty":"fl","c":{"a":0,"k":[0.788000009574,0.62400004069,0.388000009574,1],"ix":4},"o":{"a":0,"k":100,"ix":5},"r":1,"bm":0,"nm":"Fill 1","mn":"ADBE Vector Graphic - Fill","hd":false},{"ty":"tr","p":{"a":0,"k":[36.525,31.106],"ix":2},"a":{"a":0,"k":[0,0],"ix":1},"s":{"a":0,"k":[100,100],"ix":3},"r":{"a":0,"k":0,"ix":6},"o":{"a":0,"k":100,"ix":7},"sk":{"a":0,"k":0,"ix":4},"sa":{"a":0,"k":0,"ix":5},"nm":"Transform"}],"nm":"Group 4","np":3,"cix":2,"bm":0,"ix":4,"mn":"ADBE Vector Group","hd":false}],"ip":0,"op":180,"st":0,"bm":0},{"ddd":0,"ind":7,"ty":4,"nm":"Layer 31 Outlines","sr":1,"ks":{"o":{"a":0,"k":100,"ix":11},"r":{"a":1,"k":[{"i":{"x":[0.263],"y":[1]},"o":{"x":[0.333],"y":[0]},"t":15,"s":[0]},{"i":{"x":[0.667],"y":[1]},"o":{"x":[0.618],"y":[0]},"t":49,"s":[-76]},{"i":{"x":[0.833],"y":[1]},"o":{"x":[0.167],"y":[0]},"t":78,"s":[0]},{"i":{"x":[0.263],"y":[1]},"o":{"x":[0.333],"y":[0]},"t":92,"s":[0]},{"i":{"x":[0.667],"y":[1]},"o":{"x":[0.618],"y":[0]},"t":126,"s":[-76]},{"t":155,"s":[0]}],"ix":10},"p":{"a":0,"k":[271.654,418.653,0],"ix":2},"a":{"a":0,"k":[26.928,6.562,0],"ix":1},"s":{"a":0,"k":[100,100,100],"ix":6}},"ao":0,"shapes":[{"ty":"gr","it":[{"ind":0,"ty":"sh","ix":1,"ks":{"a":1,"k":[{"i":{"x":0.833,"y":0.833},"o":{"x":0.167,"y":0.167},"t":15,"s":[{"i":[[-0.633,4.126],[-2.11,10.03],[0,0],[0,0],[-3.164,-3.439],[-5.536,5.158]],"o":[[0.633,-4.126],[0,0],[0,0],[0,6.878],[2.531,2.751],[2.71,-2.524]],"v":[[9.887,8.941],[16.214,-29.745],[-16.214,-29.745],[-16.214,15.818],[-12.259,26.993],[6.723,20.975]],"c":true}]},{"i":{"x":0.833,"y":0.833},"o":{"x":0.167,"y":0.167},"t":25,"s":[{"i":[[-0.633,4.126],[-2.11,10.03],[6.268,-8.806],[0,0],[-3.164,-3.439],[-5.536,5.158]],"o":[[0.633,-4.126],[0,0],[-3.708,9.078],[0,6.878],[2.531,2.751],[2.71,-2.524]],"v":[[9.887,8.941],[16.214,-29.745],[-14.918,-31.601],[-16.214,15.818],[-12.259,26.993],[6.723,20.975]],"c":true}]},{"i":{"x":0.833,"y":0.833},"o":{"x":0.167,"y":0.167},"t":49,"s":[{"i":[[-0.633,4.126],[-2.11,10.03],[5.777,-16.395],[0,0],[-3.164,-3.439],[-5.536,5.158]],"o":[[0.633,-4.126],[0,0],[-5.273,7.488],[0,6.878],[2.531,2.751],[2.71,-2.524]],"v":[[6.37,9.302],[16.214,-29.745],[-14.918,-31.601],[-16.214,15.817],[-12.259,26.994],[6.723,20.976]],"c":true}]},{"i":{"x":0.833,"y":0.833},"o":{"x":0.167,"y":0.167},"t":78,"s":[{"i":[[-0.633,4.126],[-2.11,10.03],[0,0],[0,0],[-3.164,-3.439],[-5.536,5.158]],"o":[[0.633,-4.126],[0,0],[0,0],[0,6.878],[2.531,2.751],[2.71,-2.524]],"v":[[9.887,8.941],[16.214,-29.745],[-16.214,-29.745],[-16.214,15.818],[-12.259,26.993],[6.723,20.975]],"c":true}]},{"i":{"x":0.833,"y":0.833},"o":{"x":0.167,"y":0.167},"t":92,"s":[{"i":[[-0.633,4.126],[-2.11,10.03],[0,0],[0,0],[-3.164,-3.439],[-5.536,5.158]],"o":[[0.633,-4.126],[0,0],[0,0],[0,6.878],[2.531,2.751],[2.71,-2.524]],"v":[[9.887,8.941],[16.214,-29.745],[-16.214,-29.745],[-16.214,15.818],[-12.259,26.993],[6.723,20.975]],"c":true}]},{"i":{"x":0.833,"y":0.833},"o":{"x":0.167,"y":0.167},"t":102,"s":[{"i":[[-0.633,4.126],[-2.11,10.03],[6.268,-8.806],[0,0],[-3.164,-3.439],[-5.536,5.158]],"o":[[0.633,-4.126],[0,0],[-3.708,9.078],[0,6.878],[2.531,2.751],[2.71,-2.524]],"v":[[9.887,8.941],[16.214,-29.745],[-14.918,-31.601],[-16.214,15.818],[-12.259,26.993],[6.723,20.975]],"c":true}]},{"i":{"x":0.833,"y":0.833},"o":{"x":0.167,"y":0.167},"t":126,"s":[{"i":[[-0.633,4.126],[-2.11,10.03],[5.777,-16.395],[0,0],[-3.164,-3.439],[-5.536,5.158]],"o":[[0.633,-4.126],[0,0],[-5.273,7.488],[0,6.878],[2.531,2.751],[2.71,-2.524]],"v":[[6.37,9.302],[16.214,-29.745],[-14.918,-31.601],[-16.214,15.817],[-12.259,26.994],[6.723,20.976]],"c":true}]},{"t":155,"s":[{"i":[[-0.633,4.126],[-2.11,10.03],[0,0],[0,0],[-3.164,-3.439],[-5.536,5.158]],"o":[[0.633,-4.126],[0,0],[0,0],[0,6.878],[2.531,2.751],[2.71,-2.524]],"v":[[9.887,8.941],[16.214,-29.745],[-16.214,-29.745],[-16.214,15.818],[-12.259,26.993],[6.723,20.975]],"c":true}]}],"ix":2},"nm":"Path 1","mn":"ADBE Vector Shape - Group","hd":false},{"ty":"st","c":{"a":0,"k":[0,0,0,1],"ix":3},"o":{"a":0,"k":100,"ix":4},"w":{"a":0,"k":7.221,"ix":5},"lc":1,"lj":1,"ml":4,"bm":0,"nm":"Stroke 1","mn":"ADBE Vector Graphic - Stroke","hd":false},{"ty":"fl","c":{"a":0,"k":[0.788000009574,0.62400004069,0.388000009574,1],"ix":4},"o":{"a":0,"k":100,"ix":5},"r":1,"bm":0,"nm":"Fill 1","mn":"ADBE Vector Graphic - Fill","hd":false},{"ty":"tr","p":{"a":0,"k":[30.552,36.965],"ix":2},"a":{"a":0,"k":[0,0],"ix":1},"s":{"a":0,"k":[100,100],"ix":3},"r":{"a":0,"k":0,"ix":6},"o":{"a":0,"k":100,"ix":7},"sk":{"a":0,"k":0,"ix":4},"sa":{"a":0,"k":0,"ix":5},"nm":"Transform"}],"nm":"Group 1","np":3,"cix":2,"bm":0,"ix":1,"mn":"ADBE Vector Group","hd":false},{"ty":"gr","it":[{"ind":0,"ty":"sh","ix":1,"ks":{"a":0,"k":{"i":[[-11.072,0.859],[-0.526,6.302],[3.163,-1.376],[0,-2.579]],"o":[[8.858,-0.687],[-6.852,-1.435],[-3.955,1.719],[0,2.58]],"v":[[2.768,11.434],[15.422,-8.337],[-9.094,-10.917],[-15.422,5.416]],"c":true},"ix":2},"nm":"Path 1","mn":"ADBE Vector Shape - Group","hd":false},{"ty":"st","c":{"a":0,"k":[0,0,0,1],"ix":3},"o":{"a":0,"k":100,"ix":4},"w":{"a":0,"k":7.221,"ix":5},"lc":1,"lj":1,"ml":4,"bm":0,"nm":"Stroke 1","mn":"ADBE Vector Graphic - Stroke","hd":false},{"ty":"fl","c":{"a":0,"k":[0.40800000359,0.224000010771,0.051000000449,1],"ix":4},"o":{"a":0,"k":100,"ix":5},"r":1,"bm":0,"nm":"Fill 1","mn":"ADBE Vector Graphic - Fill","hd":false},{"ty":"tr","p":{"a":0,"k":[22.643,65.419],"ix":2},"a":{"a":0,"k":[0,0],"ix":1},"s":{"a":0,"k":[100,100],"ix":3},"r":{"a":0,"k":0,"ix":6},"o":{"a":0,"k":100,"ix":7},"sk":{"a":0,"k":0,"ix":4},"sa":{"a":0,"k":0,"ix":5},"nm":"Transform"}],"nm":"Group 2","np":3,"cix":2,"bm":0,"ix":2,"mn":"ADBE Vector Group","hd":false}],"ip":0,"op":180,"st":0,"bm":0},{"ddd":0,"ind":8,"ty":4,"nm":"Layer 33 Outlines","sr":1,"ks":{"o":{"a":0,"k":100,"ix":11},"r":{"a":1,"k":[{"i":{"x":[0.314],"y":[1]},"o":{"x":[0.333],"y":[0]},"t":15,"s":[-3]},{"i":{"x":[0.667],"y":[1]},"o":{"x":[0.411],"y":[0]},"t":49,"s":[4]},{"i":{"x":[0.833],"y":[1]},"o":{"x":[0.167],"y":[0]},"t":78,"s":[-3]},{"i":{"x":[0.314],"y":[1]},"o":{"x":[0.333],"y":[0]},"t":92,"s":[-3]},{"i":{"x":[0.667],"y":[1]},"o":{"x":[0.411],"y":[0]},"t":126,"s":[4]},{"t":155,"s":[-3]}],"ix":10},"p":{"a":0,"k":[221.867,483.058,0],"ix":2},"a":{"a":0,"k":[27,70.967,0],"ix":1},"s":{"a":0,"k":[100,100,100],"ix":6}},"ao":0,"shapes":[{"ty":"gr","it":[{"ind":0,"ty":"sh","ix":1,"ks":{"a":0,"k":{"i":[[0.632,4.126],[2.109,10.03],[0,0],[0,0],[3.163,-3.439],[5.536,5.158]],"o":[[-0.633,-4.126],[0,0],[0,0],[0,6.878],[-2.531,2.751],[-2.709,-2.524]],"v":[[-9.886,8.941],[-16.213,-29.745],[16.213,-29.745],[16.213,15.818],[12.259,26.993],[-6.723,20.975]],"c":true},"ix":2},"nm":"Path 1","mn":"ADBE Vector Shape - Group","hd":false},{"ty":"st","c":{"a":0,"k":[0,0,0,1],"ix":3},"o":{"a":0,"k":100,"ix":4},"w":{"a":0,"k":7.221,"ix":5},"lc":1,"lj":1,"ml":4,"bm":0,"nm":"Stroke 1","mn":"ADBE Vector Graphic - Stroke","hd":false},{"ty":"fl","c":{"a":0,"k":[0.788000009574,0.62400004069,0.388000009574,1],"ix":4},"o":{"a":0,"k":100,"ix":5},"r":1,"bm":0,"nm":"Fill 1","mn":"ADBE Vector Graphic - Fill","hd":false},{"ty":"tr","p":{"a":0,"k":[23.434,36.965],"ix":2},"a":{"a":0,"k":[0,0],"ix":1},"s":{"a":0,"k":[100,100],"ix":3},"r":{"a":0,"k":0,"ix":6},"o":{"a":0,"k":100,"ix":7},"sk":{"a":0,"k":0,"ix":4},"sa":{"a":0,"k":0,"ix":5},"nm":"Transform"}],"nm":"Group 1","np":3,"cix":2,"bm":0,"ix":1,"mn":"ADBE Vector Group","hd":false},{"ty":"gr","it":[{"ind":0,"ty":"sh","ix":1,"ks":{"a":0,"k":{"i":[[11.073,0.859],[0.527,6.302],[-3.163,-1.376],[0,-2.579]],"o":[[-8.858,-0.687],[6.854,-1.435],[3.954,1.719],[0,2.58]],"v":[[-2.768,11.434],[-15.423,-8.337],[9.096,-10.917],[15.423,5.416]],"c":true},"ix":2},"nm":"Path 1","mn":"ADBE Vector Shape - Group","hd":false},{"ty":"st","c":{"a":0,"k":[0,0,0,1],"ix":3},"o":{"a":0,"k":100,"ix":4},"w":{"a":0,"k":7.221,"ix":5},"lc":1,"lj":1,"ml":4,"bm":0,"nm":"Stroke 1","mn":"ADBE Vector Graphic - Stroke","hd":false},{"ty":"fl","c":{"a":0,"k":[0.40800000359,0.224000010771,0.051000000449,1],"ix":4},"o":{"a":0,"k":100,"ix":5},"r":1,"bm":0,"nm":"Fill 1","mn":"ADBE Vector Graphic - Fill","hd":false},{"ty":"tr","p":{"a":0,"k":[31.344,65.419],"ix":2},"a":{"a":0,"k":[0,0],"ix":1},"s":{"a":0,"k":[100,100],"ix":3},"r":{"a":0,"k":0,"ix":6},"o":{"a":0,"k":100,"ix":7},"sk":{"a":0,"k":0,"ix":4},"sa":{"a":0,"k":0,"ix":5},"nm":"Transform"}],"nm":"Group 2","np":3,"cix":2,"bm":0,"ix":2,"mn":"ADBE Vector Group","hd":false}],"ip":0,"op":180,"st":0,"bm":0}],"markers":[]}