{"v":"5.7.1","fr":29.9700012207031,"ip":0,"op":58.0000023623884,"w":100,"h":100,"nm":"water","ddd":0,"assets":[],"layers":[{"ddd":0,"ind":1,"ty":4,"nm":"gota-01 Outlines 2","td":1,"sr":1,"ks":{"o":{"a":0,"k":100,"ix":11},"r":{"a":0,"k":0,"ix":10},"p":{"a":0,"k":[50,50,0],"ix":2},"a":{"a":0,"k":[50,50,0],"ix":1},"s":{"a":0,"k":[100,100,100],"ix":6}},"ao":0,"hasMask":true,"masksProperties":[{"inv":true,"mode":"s","pt":{"a":0,"k":{"i":[[0,0],[0,0],[0,0],[0,0]],"o":[[0,0],[0,0],[0,0],[0,0]],"v":[[17.755,11.134],[17.755,88.752],[76.303,88.752],[76.303,11.134]],"c":true},"ix":1},"o":{"a":0,"k":100,"ix":3},"x":{"a":0,"k":0,"ix":4},"nm":"Mask 1"}],"shapes":[{"ty":"gr","it":[{"ind":0,"ty":"sh","ix":1,"ks":{"a":0,"k":{"i":[[0,0],[0,-1.177],[-16.505,0],[1.967,15.917]],"o":[[-0.168,1.187],[0,14.738],[17.642,0],[0,0]],"v":[[-29.915,-16.07],[-30.161,-12.521],[-0.885,16.07],[28.195,-15.655]],"c":true},"ix":2},"nm":"Path 1","mn":"ADBE Vector Shape - Group","hd":false},{"ty":"fl","c":{"a":0,"k":[0.305882352941,0.517647058824,0.976470648074,1],"ix":4},"o":{"a":0,"k":100,"ix":5},"r":1,"bm":0,"nm":"Fill 1","mn":"ADBE Vector Graphic - Fill","hd":false},{"ty":"tr","p":{"a":0,"k":[47.917,72.683],"ix":2},"a":{"a":0,"k":[0,0],"ix":1},"s":{"a":0,"k":[100,100],"ix":3},"r":{"a":0,"k":0,"ix":6},"o":{"a":0,"k":100,"ix":7},"sk":{"a":0,"k":0,"ix":4},"sa":{"a":0,"k":0,"ix":5},"nm":"Transform"}],"nm":"Group 1","np":2,"cix":2,"bm":0,"ix":1,"mn":"ADBE Vector Group","hd":false},{"ty":"gr","it":[{"ind":0,"ty":"sh","ix":1,"ks":{"a":0,"k":{"i":[[0,0],[21.32,0],[0,14.737],[-2.456,4.225],[0,0]],"o":[[10.709,18.471],[-16.506,0],[0,-4.323],[0,0],[0,0]],"v":[[22.156,-2.751],[-3.585,38.809],[-32.865,10.219],[-29.327,-2.751],[-3.585,-38.809]],"c":true},"ix":2},"nm":"Path 1","mn":"ADBE Vector Shape - Group","hd":false},{"ty":"fl","c":{"a":0,"k":[0.925490255917,0.925490255917,0.921568687289,1],"ix":4},"o":{"a":0,"k":100,"ix":5},"r":1,"bm":0,"nm":"Fill 1","mn":"ADBE Vector Graphic - Fill","hd":false},{"ty":"tr","p":{"a":0,"k":[50.619,49.943],"ix":2},"a":{"a":0,"k":[0,0],"ix":1},"s":{"a":0,"k":[100,100],"ix":3},"r":{"a":0,"k":0,"ix":6},"o":{"a":0,"k":100,"ix":7},"sk":{"a":0,"k":0,"ix":4},"sa":{"a":0,"k":0,"ix":5},"nm":"Transform"}],"nm":"Group 2","np":2,"cix":2,"bm":0,"ix":2,"mn":"ADBE Vector Group","hd":false}],"ip":0,"op":58.0000023623884,"st":0,"bm":0},{"ddd":0,"ind":2,"ty":4,"nm":"Shape Layer 3","tt":1,"sr":1,"ks":{"o":{"a":0,"k":100,"ix":11},"r":{"a":0,"k":0,"ix":10},"p":{"a":1,"k":[{"i":{"x":0.833,"y":0.833},"o":{"x":0.167,"y":0.167},"t":0,"s":[41.75,65.5,0],"to":[2.875,0,0],"ti":[-2.875,0,0]},{"t":57.0000023216576,"s":[59,65.5,0]}],"ix":2},"a":{"a":0,"k":[0,0,0],"ix":1},"s":{"a":0,"k":[120.763,82.587,100],"ix":6}},"ao":0,"shapes":[{"ty":"gr","it":[{"ind":0,"ty":"sh","ix":1,"ks":{"a":0,"k":{"i":[[3.5,0],[3.25,0],[3.625,0],[3.5,0],[4,0],[3,0],[4,0],[3.75,0],[3,0],[2.399,0.127],[0.306,0.012],[-3.427,-0.963],[-1.723,0],[-3.125,0],[-4,0],[-2.875,0],[-4.375,0],[-3.5,0],[-4.25,0],[-3.75,0],[-4.5,0],[-4,0],[-4.031,0.188],[0.101,-0.252],[4.5,0.188],[3.375,0]],"o":[[-3.5,0],[-3.25,0],[-3.625,0],[-3.5,0],[-4,0],[-3,0],[-4,0],[-3.75,0],[-3,0],[-0.274,-0.127],[2.431,0.137],[2.594,0.729],[4,0],[3.125,0],[4,0],[2.875,0],[4.375,0],[3.5,0],[4.25,0],[3.75,0],[4.5,0],[4,0],[0.094,0.188],[-2.399,0.123],[-2.873,-0.12],[-3.375,0]],"v":[[14.25,-15.062],[6.875,-11],[-0.125,-15.062],[-7.5,-11],[-14.125,-15.062],[-20.625,-11],[-26.625,-15.062],[-32.75,-11],[-40.375,-15.062],[-47.25,-11],[-47.205,-1.889],[-40.554,-4.682],[-33.594,-1.562],[-26.594,-5],[-19.719,-1.562],[-14.094,-5],[-7.719,-1.562],[-1.469,-5],[5.906,-1.562],[12.781,-5],[20.781,-1.562],[27.281,-5],[34.156,-1.812],[34.25,-11],[28.125,-15.062],[20.5,-11]],"c":true},"ix":2},"nm":"Path 1","mn":"ADBE Vector Shape - Group","hd":false},{"ty":"st","c":{"a":0,"k":[0.730988027535,0.730988027535,0.730988027535,1],"ix":3},"o":{"a":0,"k":100,"ix":4},"w":{"a":0,"k":0,"ix":5},"lc":1,"lj":1,"ml":4,"bm":0,"nm":"Stroke 1","mn":"ADBE Vector Graphic - Stroke","hd":false},{"ty":"tr","p":{"a":0,"k":[0.024,0.127],"ix":2},"a":{"a":0,"k":[0,0],"ix":1},"s":{"a":0,"k":[100,100],"ix":3},"r":{"a":0,"k":0,"ix":6},"o":{"a":0,"k":100,"ix":7},"sk":{"a":0,"k":0,"ix":4},"sa":{"a":0,"k":0,"ix":5},"nm":"Transform"}],"nm":"Shape 1","np":2,"cix":2,"bm":0,"ix":1,"mn":"ADBE Vector Group","hd":false},{"ty":"fl","c":{"a":0,"k":[0.019607843831,0.262745112181,0.886274516582,1],"ix":4},"o":{"a":0,"k":100,"ix":5},"r":1,"bm":0,"nm":"Fill 1","mn":"ADBE Vector Graphic - Fill","hd":false}],"ip":0,"op":58.0000023623884,"st":0,"bm":0},{"ddd":0,"ind":4,"ty":4,"nm":"gota-01 Outlines","sr":1,"ks":{"o":{"a":0,"k":100,"ix":11},"r":{"a":0,"k":0,"ix":10},"p":{"a":0,"k":[50,50,0],"ix":2},"a":{"a":0,"k":[50,50,0],"ix":1},"s":{"a":0,"k":[100,100,100],"ix":6}},"ao":0,"shapes":[{"ty":"gr","it":[{"ind":0,"ty":"sh","ix":1,"ks":{"a":0,"k":{"i":[[0,0],[0,-1.177],[-16.505,0],[1.967,15.917]],"o":[[-0.168,1.187],[0,14.738],[17.642,0],[0,0]],"v":[[-29.915,-16.07],[-30.161,-12.521],[-0.885,16.07],[28.195,-15.655]],"c":true},"ix":2},"nm":"Path 1","mn":"ADBE Vector Shape - Group","hd":false},{"ty":"fl","c":{"a":0,"k":[0.305882352941,0.517647058824,0.976470648074,1],"ix":4},"o":{"a":0,"k":100,"ix":5},"r":1,"bm":0,"nm":"Fill 1","mn":"ADBE Vector Graphic - Fill","hd":false},{"ty":"tr","p":{"a":0,"k":[47.917,72.683],"ix":2},"a":{"a":0,"k":[0,0],"ix":1},"s":{"a":0,"k":[100,100],"ix":3},"r":{"a":0,"k":0,"ix":6},"o":{"a":0,"k":100,"ix":7},"sk":{"a":0,"k":0,"ix":4},"sa":{"a":0,"k":0,"ix":5},"nm":"Transform"}],"nm":"Group 1","np":2,"cix":2,"bm":0,"ix":1,"mn":"ADBE Vector Group","hd":false},{"ty":"gr","it":[{"ind":0,"ty":"sh","ix":1,"ks":{"a":0,"k":{"i":[[0,0],[21.32,0],[0,14.737],[-2.456,4.225],[0,0]],"o":[[10.709,18.471],[-16.506,0],[0,-4.323],[0,0],[0,0]],"v":[[22.156,-2.751],[-3.585,38.809],[-32.865,10.219],[-29.327,-2.751],[-3.585,-38.809]],"c":true},"ix":2},"nm":"Path 1","mn":"ADBE Vector Shape - Group","hd":false},{"ty":"fl","c":{"a":0,"k":[0.925490255917,0.925490255917,0.921568687289,1],"ix":4},"o":{"a":0,"k":100,"ix":5},"r":1,"bm":0,"nm":"Fill 1","mn":"ADBE Vector Graphic - Fill","hd":false},{"ty":"tr","p":{"a":0,"k":[50.619,49.943],"ix":2},"a":{"a":0,"k":[0,0],"ix":1},"s":{"a":0,"k":[100,100],"ix":3},"r":{"a":0,"k":0,"ix":6},"o":{"a":0,"k":100,"ix":7},"sk":{"a":0,"k":0,"ix":4},"sa":{"a":0,"k":0,"ix":5},"nm":"Transform"}],"nm":"Group 2","np":2,"cix":2,"bm":0,"ix":2,"mn":"ADBE Vector Group","hd":false}],"ip":0,"op":58.0000023623884,"st":0,"bm":0}],"markers":[]}