{"v":"5.5.10","fr":24,"ip":0,"op":55,"w":668,"h":317,"nm":"ilustra_mÃÂ£o_coraÃÂ§ÃÂ£o","ddd":0,"assets":[],"layers":[{"ddd":0,"ind":1,"ty":3,"nm":"Null 1","sr":1,"ks":{"o":{"a":0,"k":0,"ix":11},"r":{"a":0,"k":0,"ix":10},"p":{"a":0,"k":[322,163.5,0],"ix":2},"a":{"a":0,"k":[0,0,0],"ix":1},"s":{"a":0,"k":[160,160,100],"ix":6}},"ao":0,"ip":0,"op":240,"st":0,"bm":0},{"ddd":0,"ind":2,"ty":4,"nm":"CORAÃÂÃÂO 2","parent":1,"sr":1,"ks":{"o":{"a":1,"k":[{"i":{"x":[0.833],"y":[1]},"o":{"x":[0.167],"y":[0]},"t":10,"s":[0]},{"i":{"x":[0.136],"y":[1]},"o":{"x":[0.318],"y":[0]},"t":18.5,"s":[100]},{"t":24.875,"s":[0]}],"ix":11},"r":{"a":0,"k":0,"ix":10},"p":{"a":0,"k":[3.766,20,0],"ix":2},"a":{"a":0,"k":[38.499,34.25,0],"ix":1},"s":{"a":1,"k":[{"i":{"x":[0.136,0.136,0.667],"y":[1,1,1]},"o":{"x":[0.333,0.333,0.333],"y":[0,0,0]},"t":10,"s":[0,0,100]},{"i":{"x":[0.123,0.123,0.667],"y":[1,1,1]},"o":{"x":[0.324,0.324,0.333],"y":[0,0,0]},"t":16.375,"s":[110,110,100]},{"t":27,"s":[100,100,100]}],"ix":6}},"ao":0,"shapes":[{"ty":"gr","it":[{"ind":0,"ty":"sh","ix":1,"ks":{"a":0,"k":{"i":[[-7.714,0],[0,-11.796],[0.684,0],[0,23.939],[-13.49,0],[-2.929,-3.424]],"o":[[13.49,0],[0,23.939],[-0.683,0],[0,-11.796],[7.714,0],[2.93,-3.424]],"v":[[15.71,-34],[38.249,-9.541],[-0.001,34],[-38.249,-9.541],[-15.71,-34],[-0.001,-26.729]],"c":true},"ix":2},"nm":"Path 1","mn":"ADBE Vector Shape - Group","hd":false},{"ty":"fl","c":{"a":0,"k":[1,0.165000002992,0.395999983245,1],"ix":4},"o":{"a":0,"k":100,"ix":5},"r":1,"bm":0,"nm":"Fill 1","mn":"ADBE Vector Graphic - Fill","hd":false},{"ty":"tr","p":{"a":0,"k":[38.499,34.25],"ix":2},"a":{"a":0,"k":[0,0],"ix":1},"s":{"a":0,"k":[100,100],"ix":3},"r":{"a":0,"k":0,"ix":6},"o":{"a":0,"k":100,"ix":7},"sk":{"a":0,"k":0,"ix":4},"sa":{"a":0,"k":0,"ix":5},"nm":"Transform"}],"nm":"Group 1","np":2,"cix":2,"bm":0,"ix":1,"mn":"ADBE Vector Group","hd":false}],"ip":10,"op":250,"st":10,"bm":0},{"ddd":0,"ind":3,"ty":4,"nm":"CORAÃÂÃÂO 3","parent":1,"sr":1,"ks":{"o":{"a":1,"k":[{"i":{"x":[0.833],"y":[1]},"o":{"x":[0.167],"y":[0]},"t":19,"s":[0]},{"i":{"x":[0.136],"y":[1]},"o":{"x":[0.318],"y":[0]},"t":27,"s":[100]},{"t":33.375,"s":[0]}],"ix":11},"r":{"a":0,"k":0,"ix":10},"p":{"a":0,"k":[3.766,20,0],"ix":2},"a":{"a":0,"k":[38.499,34.25,0],"ix":1},"s":{"a":1,"k":[{"i":{"x":[0.136,0.136,0.667],"y":[1,1,1]},"o":{"x":[0.333,0.333,0.333],"y":[0,0,0]},"t":18.5,"s":[0,0,100]},{"i":{"x":[0.123,0.123,0.667],"y":[1,1,1]},"o":{"x":[0.324,0.324,0.333],"y":[0,0,0]},"t":24.875,"s":[110,110,100]},{"t":35.5,"s":[100,100,100]}],"ix":6}},"ao":0,"shapes":[{"ty":"gr","it":[{"ind":0,"ty":"sh","ix":1,"ks":{"a":0,"k":{"i":[[-7.714,0],[0,-11.796],[0.684,0],[0,23.939],[-13.49,0],[-2.929,-3.424]],"o":[[13.49,0],[0,23.939],[-0.683,0],[0,-11.796],[7.714,0],[2.93,-3.424]],"v":[[15.71,-34],[38.249,-9.541],[-0.001,34],[-38.249,-9.541],[-15.71,-34],[-0.001,-26.729]],"c":true},"ix":2},"nm":"Path 1","mn":"ADBE Vector Shape - Group","hd":false},{"ty":"fl","c":{"a":0,"k":[1,0.165000002992,0.395999983245,1],"ix":4},"o":{"a":0,"k":100,"ix":5},"r":1,"bm":0,"nm":"Fill 1","mn":"ADBE Vector Graphic - Fill","hd":false},{"ty":"tr","p":{"a":0,"k":[38.499,34.25],"ix":2},"a":{"a":0,"k":[0,0],"ix":1},"s":{"a":0,"k":[100,100],"ix":3},"r":{"a":0,"k":0,"ix":6},"o":{"a":0,"k":100,"ix":7},"sk":{"a":0,"k":0,"ix":4},"sa":{"a":0,"k":0,"ix":5},"nm":"Transform"}],"nm":"Group 1","np":2,"cix":2,"bm":0,"ix":1,"mn":"ADBE Vector Group","hd":false}],"ip":18,"op":258,"st":18,"bm":0},{"ddd":0,"ind":4,"ty":4,"nm":"CORAÃÂÃÂO","parent":1,"sr":1,"ks":{"o":{"a":1,"k":[{"i":{"x":[0.833],"y":[1]},"o":{"x":[0.167],"y":[0]},"t":27,"s":[0]},{"i":{"x":[0.136],"y":[1]},"o":{"x":[0.318],"y":[0]},"t":35.5,"s":[100]},{"t":41.875,"s":[0]}],"ix":11},"r":{"a":0,"k":0,"ix":10},"p":{"a":0,"k":[3.766,20,0],"ix":2},"a":{"a":0,"k":[38.499,34.25,0],"ix":1},"s":{"a":1,"k":[{"i":{"x":[0.136,0.136,0.667],"y":[1,1,1]},"o":{"x":[0.333,0.333,0.333],"y":[0,0,0]},"t":27,"s":[0,0,100]},{"i":{"x":[0.123,0.123,0.667],"y":[1,1,1]},"o":{"x":[0.324,0.324,0.333],"y":[0,0,0]},"t":33.375,"s":[110,110,100]},{"t":44,"s":[100,100,100]}],"ix":6}},"ao":0,"shapes":[{"ty":"gr","it":[{"ind":0,"ty":"sh","ix":1,"ks":{"a":0,"k":{"i":[[-7.714,0],[0,-11.796],[0.684,0],[0,23.939],[-13.49,0],[-2.929,-3.424]],"o":[[13.49,0],[0,23.939],[-0.683,0],[0,-11.796],[7.714,0],[2.93,-3.424]],"v":[[15.71,-34],[38.249,-9.541],[-0.001,34],[-38.249,-9.541],[-15.71,-34],[-0.001,-26.729]],"c":true},"ix":2},"nm":"Path 1","mn":"ADBE Vector Shape - Group","hd":false},{"ty":"fl","c":{"a":0,"k":[1,0.165000002992,0.395999983245,1],"ix":4},"o":{"a":0,"k":100,"ix":5},"r":1,"bm":0,"nm":"Fill 1","mn":"ADBE Vector Graphic - Fill","hd":false},{"ty":"tr","p":{"a":0,"k":[38.499,34.25],"ix":2},"a":{"a":0,"k":[0,0],"ix":1},"s":{"a":0,"k":[100,100],"ix":3},"r":{"a":0,"k":0,"ix":6},"o":{"a":0,"k":100,"ix":7},"sk":{"a":0,"k":0,"ix":4},"sa":{"a":0,"k":0,"ix":5},"nm":"Transform"}],"nm":"Group 1","np":2,"cix":2,"bm":0,"ix":1,"mn":"ADBE Vector Group","hd":false}],"ip":26,"op":266,"st":26,"bm":0},{"ddd":0,"ind":5,"ty":4,"nm":"mao D 2","parent":1,"sr":1,"ks":{"o":{"a":0,"k":100,"ix":11},"r":{"a":1,"k":[{"i":{"x":[0.218],"y":[1]},"o":{"x":[0.333],"y":[0]},"t":0,"s":[-10]},{"i":{"x":[0.266],"y":[1]},"o":{"x":[0.426],"y":[0]},"t":8,"s":[8]},{"i":{"x":[0.066],"y":[1]},"o":{"x":[0.333],"y":[0]},"t":17,"s":[-4]},{"i":{"x":[0.267],"y":[1]},"o":{"x":[0.333],"y":[0]},"t":23,"s":[-1]},{"i":{"x":[0.068],"y":[1]},"o":{"x":[0.333],"y":[0]},"t":32,"s":[-1]},{"i":{"x":[0.267],"y":[1]},"o":{"x":[0.333],"y":[0]},"t":38,"s":[-4]},{"i":{"x":[0.217],"y":[1]},"o":{"x":[0.333],"y":[0]},"t":47,"s":[8]},{"t":55,"s":[-10]}],"ix":10},"p":{"a":1,"k":[{"i":{"x":0.197,"y":1},"o":{"x":0.333,"y":0},"t":0,"s":[192.601,69.852,0],"to":[0,0,0],"ti":[0,0,0]},{"i":{"x":0.249,"y":1},"o":{"x":0.333,"y":0},"t":8,"s":[143.226,69.852,0],"to":[0,0,0],"ti":[0,0,0]},{"i":{"x":0.427,"y":1},"o":{"x":0.333,"y":0},"t":17,"s":[146.351,69.852,0],"to":[0,0,0],"ti":[0,0,0]},{"i":{"x":0.267,"y":1},"o":{"x":0.333,"y":0},"t":32,"s":[146.351,69.852,0],"to":[0,0,0],"ti":[0,0,0]},{"i":{"x":0.217,"y":1},"o":{"x":0.333,"y":0},"t":41,"s":[143.226,69.852,0],"to":[0,0,0],"ti":[0,0,0]},{"t":49,"s":[192.601,69.852,0]}],"ix":2},"a":{"a":0,"k":[23.662,151.255,0],"ix":1},"s":{"a":0,"k":[-100,100,100],"ix":6}},"ao":0,"shapes":[{"ty":"gr","it":[{"ind":0,"ty":"sh","ix":1,"ks":{"a":0,"k":{"i":[[-1.218,-3.524],[1.174,-0.405],[1.217,3.525],[-1.175,0.405]],"o":[[1.217,3.525],[-1.176,0.406],[-1.218,-3.526],[1.175,-0.407]],"v":[[2.128,-0.735],[2.205,6.383],[-2.127,0.735],[-2.204,-6.382]],"c":true},"ix":2},"nm":"Path 1","mn":"ADBE Vector Shape - Group","hd":false},{"ty":"fl","c":{"a":0,"k":[1,1,1,1],"ix":4},"o":{"a":0,"k":100,"ix":5},"r":1,"bm":0,"nm":"Fill 1","mn":"ADBE Vector Graphic - Fill","hd":false},{"ty":"tr","p":{"a":0,"k":[18.633,127.404],"ix":2},"a":{"a":0,"k":[0,0],"ix":1},"s":{"a":0,"k":[100,100],"ix":3},"r":{"a":0,"k":0,"ix":6},"o":{"a":0,"k":100,"ix":7},"sk":{"a":0,"k":0,"ix":4},"sa":{"a":0,"k":0,"ix":5},"nm":"Transform"}],"nm":"Group 1","np":2,"cix":2,"bm":0,"ix":1,"mn":"ADBE Vector Group","hd":false},{"ty":"gr","it":[{"ind":0,"ty":"sh","ix":1,"ks":{"a":0,"k":{"i":[[-8.174,-16.271],[6.671,-3.339],[8.254,18.008],[-9.005,5.253]],"o":[[8.175,16.271],[-5.746,2.876],[-7.586,-16.553],[6.443,-3.758]],"v":[[1.542,-0.372],[15.798,29.642],[-9.713,14.635],[-13.464,-28.885]],"c":true},"ix":2},"nm":"Path 1","mn":"ADBE Vector Shape - Group","hd":false},{"ty":"st","c":{"a":0,"k":[0,0,0,1],"ix":3},"o":{"a":0,"k":100,"ix":4},"w":{"a":0,"k":1,"ix":5},"lc":2,"lj":2,"bm":0,"nm":"Stroke 1","mn":"ADBE Vector Graphic - Stroke","hd":false},{"ty":"fl","c":{"a":0,"k":[1,0.165000002992,0.395999983245,1],"ix":4},"o":{"a":0,"k":100,"ix":5},"r":1,"bm":0,"nm":"Fill 1","mn":"ADBE Vector Graphic - Fill","hd":false},{"ty":"tr","p":{"a":0,"k":[24.969,122.148],"ix":2},"a":{"a":0,"k":[0,0],"ix":1},"s":{"a":0,"k":[100,100],"ix":3},"r":{"a":0,"k":0,"ix":6},"o":{"a":0,"k":100,"ix":7},"sk":{"a":0,"k":0,"ix":4},"sa":{"a":0,"k":0,"ix":5},"nm":"Transform"}],"nm":"Group 2","np":3,"cix":2,"bm":0,"ix":2,"mn":"ADBE Vector Group","hd":false},{"ty":"gr","it":[{"ind":0,"ty":"sh","ix":1,"ks":{"a":1,"k":[{"i":{"x":0.218,"y":1},"o":{"x":0.333,"y":0},"t":0,"s":[{"i":[[0,0],[-0.438,14.568],[-0.578,2.505],[-2.263,1.219],[-2.389,-3.259],[-0.15,-4.038],[6.003,-9.755]],"o":[[10.137,-10.473],[0.077,-2.57],[0.577,-2.505],[3.558,-1.915],[2.389,3.258],[0.407,10.92],[0,0]],"v":[[-18.378,27.374],[-0.553,-11.594],[0.016,-19.271],[4.217,-25.459],[14.846,-22.236],[17.971,-10.715],[8.634,26.624]],"c":false}]},{"i":{"x":0.266,"y":1},"o":{"x":0.333,"y":0},"t":8,"s":[{"i":[[0,0],[2.675,14.327],[-0.031,2.57],[-1.952,1.672],[-3.028,-2.675],[-1.007,-3.913],[6.003,-9.755]],"o":[[10.137,-10.473],[-0.472,-2.527],[0.031,-2.57],[3.069,-2.629],[3.028,2.675],[2.722,10.583],[0,0]],"v":[[-18.378,27.374],[-7.552,-11.302],[-8.631,-18.924],[-5.842,-25.865],[5.229,-24.978],[10.734,-14.387],[8.634,26.624]],"c":false}]},{"i":{"x":0.066,"y":1},"o":{"x":0.333,"y":0},"t":17,"s":[{"i":[[0,0],[-2.378,14.379],[-0.906,2.406],[-2.406,0.905],[-1.933,-3.548],[0.39,-4.022],[6.003,-9.755]],"o":[[10.137,-10.473],[0.419,-2.537],[0.906,-2.406],[3.782,-1.423],[1.933,3.548],[-1.055,10.877],[0,0]],"v":[[-18.378,27.374],[5.235,-10.732],[6.823,-18.265],[11.813,-23.836],[21.917,-19.223],[23.475,-7.388],[8.634,26.624]],"c":false}]},{"i":{"x":0.267,"y":1},"o":{"x":0.333,"y":0},"t":23,"s":[{"i":[[0,0],[-0.438,14.568],[-0.578,2.505],[-2.263,1.219],[-2.389,-3.259],[-0.15,-4.038],[6.003,-9.755]],"o":[[10.137,-10.473],[0.077,-2.57],[0.577,-2.505],[3.558,-1.915],[2.389,3.258],[0.407,10.92],[0,0]],"v":[[-18.378,27.374],[-0.553,-11.594],[0.016,-19.271],[4.217,-25.459],[14.846,-22.236],[17.971,-10.715],[8.634,26.624]],"c":false}]},{"i":{"x":0.068,"y":1},"o":{"x":0.333,"y":0},"t":32,"s":[{"i":[[0,0],[-0.438,14.568],[-0.578,2.505],[-2.263,1.219],[-2.389,-3.259],[-0.15,-4.038],[6.003,-9.755]],"o":[[10.137,-10.473],[0.077,-2.57],[0.577,-2.505],[3.558,-1.915],[2.389,3.258],[0.407,10.92],[0,0]],"v":[[-18.378,27.374],[-0.553,-11.594],[0.016,-19.271],[4.217,-25.459],[14.846,-22.236],[17.971,-10.715],[8.634,26.624]],"c":false}]},{"i":{"x":0.267,"y":1},"o":{"x":0.333,"y":0},"t":38,"s":[{"i":[[0,0],[-2.378,14.379],[-0.906,2.406],[-2.406,0.905],[-1.933,-3.548],[0.39,-4.022],[6.003,-9.755]],"o":[[10.137,-10.473],[0.419,-2.537],[0.906,-2.406],[3.782,-1.423],[1.933,3.548],[-1.055,10.877],[0,0]],"v":[[-18.378,27.374],[5.235,-10.732],[6.823,-18.265],[11.813,-23.836],[21.917,-19.223],[23.475,-7.388],[8.634,26.624]],"c":false}]},{"i":{"x":0.217,"y":1},"o":{"x":0.333,"y":0},"t":47,"s":[{"i":[[0,0],[2.675,14.327],[-0.031,2.57],[-1.952,1.672],[-3.028,-2.675],[-1.007,-3.913],[6.003,-9.755]],"o":[[10.137,-10.473],[-0.472,-2.527],[0.031,-2.57],[3.069,-2.629],[3.028,2.675],[2.722,10.583],[0,0]],"v":[[-18.378,27.374],[-7.552,-11.302],[-8.631,-18.924],[-5.842,-25.865],[5.229,-24.978],[10.734,-14.387],[8.634,26.624]],"c":false}]},{"t":55,"s":[{"i":[[0,0],[-0.438,14.568],[-0.578,2.505],[-2.263,1.219],[-2.389,-3.259],[-0.15,-4.038],[6.003,-9.755]],"o":[[10.137,-10.473],[0.077,-2.57],[0.577,-2.505],[3.558,-1.915],[2.389,3.258],[0.407,10.92],[0,0]],"v":[[-18.378,27.374],[-0.553,-11.594],[0.016,-19.271],[4.217,-25.459],[14.846,-22.236],[17.971,-10.715],[8.634,26.624]],"c":false}]}],"ix":2},"nm":"Path 1","mn":"ADBE Vector Shape - Group","hd":false},{"ty":"st","c":{"a":0,"k":[0,0,0,1],"ix":3},"o":{"a":0,"k":100,"ix":4},"w":{"a":0,"k":1,"ix":5},"lc":2,"lj":2,"bm":0,"nm":"Stroke 1","mn":"ADBE Vector Graphic - Stroke","hd":false},{"ty":"fl","c":{"a":0,"k":[1,1,1,1],"ix":4},"o":{"a":0,"k":100,"ix":5},"r":1,"bm":0,"nm":"Fill 1","mn":"ADBE Vector Graphic - Fill","hd":false},{"ty":"tr","p":{"a":0,"k":[89.159,29.874],"ix":2},"a":{"a":0,"k":[0,0],"ix":1},"s":{"a":0,"k":[100,100],"ix":3},"r":{"a":0,"k":0,"ix":6},"o":{"a":0,"k":100,"ix":7},"sk":{"a":0,"k":0,"ix":4},"sa":{"a":0,"k":0,"ix":5},"nm":"Transform"}],"nm":"dedo_levantado","np":3,"cix":2,"bm":0,"ix":3,"mn":"ADBE Vector Group","hd":false},{"ty":"gr","it":[{"ind":0,"ty":"sh","ix":1,"ks":{"a":0,"k":{"i":[[0,0],[5.922,-13.375]],"o":[[-9.83,-10.557],[0,0]],"v":[[15.461,2.255],[-15.461,8.303]],"c":false},"ix":2},"nm":"Path 1","mn":"ADBE Vector Shape - Group","hd":false},{"ty":"st","c":{"a":0,"k":[0,0,0,1],"ix":3},"o":{"a":0,"k":100,"ix":4},"w":{"a":0,"k":1,"ix":5},"lc":2,"lj":2,"bm":0,"nm":"Stroke 1","mn":"ADBE Vector Graphic - Stroke","hd":false},{"ty":"fl","c":{"a":0,"k":[1,1,1,1],"ix":4},"o":{"a":0,"k":100,"ix":5},"r":1,"bm":0,"nm":"Fill 1","mn":"ADBE Vector Graphic - Fill","hd":false},{"ty":"tr","p":{"a":0,"k":[107.843,55.744],"ix":2},"a":{"a":0,"k":[0,0],"ix":1},"s":{"a":0,"k":[100,100],"ix":3},"r":{"a":0,"k":0,"ix":6},"o":{"a":0,"k":100,"ix":7},"sk":{"a":0,"k":0,"ix":4},"sa":{"a":0,"k":0,"ix":5},"nm":"Transform"}],"nm":"Group 4","np":3,"cix":2,"bm":0,"ix":4,"mn":"ADBE Vector Group","hd":false},{"ty":"gr","it":[{"ind":0,"ty":"sh","ix":1,"ks":{"a":0,"k":{"i":[[0,0],[4.293,2.975],[7.697,0.201],[9.776,0.814],[4.505,0.216],[4.249,-2.806],[8.158,-1.516]],"o":[[-6.043,2.394],[-6.357,-4.408],[-9.803,-0.253],[-9.004,-0.75],[-5.087,-0.243],[-6.922,4.573],[0,0]],"v":[[60.329,4.272],[45.769,-3.051],[23.985,-9.872],[-3.302,-7.758],[-19.059,-10.008],[-37.298,-1.999],[-60.329,10.251]],"c":false},"ix":2},"nm":"Path 1","mn":"ADBE Vector Shape - Group","hd":false},{"ty":"st","c":{"a":0,"k":[0,0,0,1],"ix":3},"o":{"a":0,"k":100,"ix":4},"w":{"a":0,"k":1,"ix":5},"lc":2,"lj":2,"bm":0,"nm":"Stroke 1","mn":"ADBE Vector Graphic - Stroke","hd":false},{"ty":"tr","p":{"a":0,"k":[99.594,142.29],"ix":2},"a":{"a":0,"k":[0,0],"ix":1},"s":{"a":0,"k":[100,100],"ix":3},"r":{"a":0,"k":0,"ix":6},"o":{"a":0,"k":100,"ix":7},"sk":{"a":0,"k":0,"ix":4},"sa":{"a":0,"k":0,"ix":5},"nm":"Transform"}],"nm":"Group 5","np":2,"cix":2,"bm":0,"ix":5,"mn":"ADBE Vector Group","hd":false},{"ty":"gr","it":[{"ind":0,"ty":"sh","ix":1,"ks":{"a":0,"k":{"i":[[0.083,0.06],[11.024,1.315],[9.361,-3.681],[8.011,-5.58],[5.325,-5.755],[0.223,-0.284],[-0.013,0.002],[-6.923,4.572],[-5.086,-0.243],[-9.004,-0.75],[-9.043,-0.191],[-6.007,-3.848],[-3.406,-2.547],[-0.648,0.115],[-0.082,0.91],[3.311,2.398]],"o":[[-9.172,-6.546],[-9.85,-1.176],[-9.159,3.601],[-6.375,4.438],[-0.275,0.297],[0.013,-0.002],[8.158,-1.516],[4.249,-2.807],[4.506,0.216],[8.995,0.75],[7.132,0.152],[3.58,2.294],[0.527,0.395],[0.899,-0.161],[0.369,-4.072],[-0.083,-0.06]],"v":[[52.189,-1.372],[20.786,-11.855],[-13.471,-13.034],[-38.525,2.149],[-58.232,15.845],[-58.969,16.714],[-58.93,16.709],[-35.899,4.46],[-17.661,-3.551],[-1.903,-1.299],[24.981,-3.214],[45.376,2.317],[55.397,10.201],[57.19,10.882],[58.6,8.762],[52.439,-1.192]],"c":true},"ix":2},"nm":"Path 1","mn":"ADBE Vector Shape - Group","hd":false},{"ty":"fl","c":{"a":0,"k":[1,0.62400004069,0.741000007181,1],"ix":4},"o":{"a":0,"k":100,"ix":5},"r":1,"bm":0,"nm":"Fill 1","mn":"ADBE Vector Graphic - Fill","hd":false},{"ty":"tr","p":{"a":0,"k":[98.196,135.831],"ix":2},"a":{"a":0,"k":[0,0],"ix":1},"s":{"a":0,"k":[100,100],"ix":3},"r":{"a":0,"k":0,"ix":6},"o":{"a":0,"k":100,"ix":7},"sk":{"a":0,"k":0,"ix":4},"sa":{"a":0,"k":0,"ix":5},"nm":"Transform"}],"nm":"Group 6","np":2,"cix":2,"bm":0,"ix":6,"mn":"ADBE Vector Group","hd":false},{"ty":"gr","it":[{"ind":0,"ty":"sh","ix":1,"ks":{"a":1,"k":[{"i":{"x":0.218,"y":1},"o":{"x":0.333,"y":0},"t":0,"s":[{"i":[[0,0],[-8.955,4.549],[-5.929,0.923],[-0.226,-10.37],[4.234,-0.055],[5.678,0.352],[2.843,-6.182],[-5.601,-4.969],[-6.667,-5.287],[-1.384,-7.267],[5.396,-2.137],[4.293,2.975],[7.697,0.2],[9.776,0.814],[4.505,0.216],[4.249,-2.807],[8.158,-1.516],[3.543,14.811],[-10.925,2.425],[-7.534,5.005],[0.936,11.064],[0.553,5.143],[-6.732,0.198],[1.046,-8.796]],"o":[[6.61,-7.563],[5.35,-2.718],[12.614,-1.963],[0.086,3.943],[-3.899,0.05],[-8.513,-0.528],[-3.142,6.833],[6.358,5.639],[5.721,4.536],[0.976,5.119],[-6.043,2.394],[-6.357,-4.408],[-9.803,-0.254],[-9.004,-0.75],[-5.087,-0.243],[-6.922,4.572],[-20.028,3.719],[-1.844,-7.707],[8.886,-1.972],[9.248,-6.145],[-0.436,-5.154],[-0.618,-5.748],[11.857,-0.349],[0,0]],"v":[[20.17,-19.101],[43.806,-37.493],[57.604,-41.888],[85.567,-28.69],[77.214,-20.806],[65.721,-22.623],[40.761,-8.857],[45.031,10.949],[67.294,24.151],[79.048,40.77],[73.149,54.939],[58.589,47.615],[36.805,40.795],[9.518,42.91],[-6.239,40.658],[-24.478,48.669],[-47.509,60.918],[-77.915,25.327],[-72.125,0.699],[-46.895,-8.781],[-33.114,-37.134],[-36.355,-52.289],[-28.994,-63.471],[-13.742,-35.876]],"c":false}]},{"i":{"x":0.266,"y":1},"o":{"x":0.333,"y":0},"t":8,"s":[{"i":[[0,0],[-8.955,4.549],[-5.694,-1.894],[8.332,-6.123],[3.157,2.822],[3.11,2.316],[2.843,-6.182],[-5.601,-4.969],[-6.667,-5.287],[-1.384,-7.267],[5.396,-2.137],[4.293,2.975],[7.697,0.2],[9.776,0.814],[4.505,0.216],[4.249,-2.807],[8.158,-1.516],[3.543,14.811],[-10.925,2.425],[-7.534,5.005],[3.387,10.574],[1.689,4.889],[-6.517,1.699],[1.046,-8.796]],"o":[[6.61,-7.563],[5.35,-2.718],[11.463,3.812],[-3.178,2.336],[-2.907,-2.599],[-6.274,-4.672],[-3.142,6.833],[6.358,5.639],[5.721,4.536],[0.976,5.119],[-6.043,2.394],[-6.357,-4.408],[-9.803,-0.254],[-9.004,-0.75],[-5.087,-0.243],[-6.922,4.572],[-20.028,3.719],[-1.844,-7.707],[8.886,-1.972],[9.248,-6.145],[-1.578,-4.926],[-1.888,-5.464],[11.479,-2.992],[0,0]],"v":[[20.17,-19.101],[43.806,-37.493],[64.068,-39.082],[72.44,-7.005],[60.955,-6.843],[55.393,-16.549],[40.761,-8.857],[45.031,10.949],[67.294,24.151],[79.048,40.77],[73.149,54.939],[58.589,47.615],[36.805,40.796],[9.518,42.91],[-6.239,40.658],[-24.478,48.669],[-47.509,60.918],[-77.915,25.327],[-72.125,0.699],[-46.895,-8.781],[-31.181,-36.26],[-37.729,-50.306],[-33.056,-62.851],[-13.742,-35.876]],"c":false}]},{"i":{"x":0.066,"y":1},"o":{"x":0.333,"y":0},"t":17,"s":[{"i":[[0,0],[-8.955,4.549],[-5.971,-0.594],[6.78,-7.807],[3.701,2.058],[3.543,1.574],[2.843,-6.182],[-5.601,-4.969],[-6.667,-5.287],[-1.384,-7.267],[5.396,-2.137],[4.293,2.975],[7.697,0.2],[9.776,0.814],[4.505,0.216],[4.249,-2.807],[8.158,-1.516],[3.543,14.811],[-10.925,2.425],[-7.534,5.005],[0.153,11.102],[0.189,5.169],[-6.73,-0.277],[1.046,-8.796]],"o":[[6.61,-7.563],[5.35,-2.718],[12.021,1.195],[-2.586,2.978],[-3.408,-1.895],[-7.149,-3.176],[-3.142,6.833],[6.358,5.639],[5.721,4.536],[0.976,5.119],[-6.043,2.394],[-6.357,-4.408],[-9.803,-0.254],[-9.004,-0.75],[-5.087,-0.243],[-6.922,4.572],[-20.028,3.719],[-1.844,-7.707],[8.886,-1.972],[9.248,-6.145],[-0.071,-5.172],[-0.211,-5.777],[11.852,0.488],[0,0]],"v":[[20.17,-19.101],[43.806,-37.493],[58.234,-41.562],[73.463,-12.116],[62.295,-9.429],[54.733,-17.672],[40.761,-8.857],[45.031,10.949],[67.294,24.151],[79.048,40.77],[73.149,54.939],[58.589,47.615],[36.805,40.795],[9.518,42.91],[-6.239,40.658],[-24.478,48.669],[-47.509,60.918],[-77.915,25.327],[-72.125,0.699],[-46.895,-8.781],[-33.673,-37.494],[-35.837,-52.84],[-27.706,-63.475],[-13.742,-35.876]],"c":false}]},{"i":{"x":0.267,"y":1},"o":{"x":0.333,"y":0},"t":23,"s":[{"i":[[0,0],[-8.955,4.549],[-5.971,-0.593],[6.781,-7.806],[3.702,2.056],[3.543,1.575],[2.843,-6.182],[-5.601,-4.969],[-6.667,-5.287],[-1.384,-7.267],[5.396,-2.137],[4.293,2.975],[7.697,0.2],[9.776,0.814],[4.505,0.216],[4.249,-2.807],[8.158,-1.516],[3.543,14.811],[-10.925,2.425],[-7.534,5.005],[1.801,10.956],[0.955,5.084],[-6.696,0.726],[1.046,-8.796]],"o":[[6.61,-7.563],[5.35,-2.718],[12.021,1.195],[-2.586,2.978],[-3.408,-1.895],[-7.149,-3.176],[-3.142,6.833],[6.358,5.639],[5.721,4.536],[0.976,5.119],[-6.043,2.394],[-6.357,-4.408],[-9.803,-0.254],[-9.004,-0.75],[-5.087,-0.243],[-6.922,4.572],[-20.028,3.719],[-1.844,-7.707],[8.886,-1.972],[9.248,-6.145],[-0.839,-5.104],[-1.067,-5.682],[11.793,-1.278],[0,0]],"v":[[20.17,-19.101],[43.806,-37.493],[61.04,-41.758],[76.269,-12.313],[65.101,-9.626],[57.539,-17.868],[40.761,-8.857],[45.031,10.949],[67.294,24.151],[79.048,40.77],[73.149,54.939],[58.589,47.615],[36.805,40.795],[9.518,42.91],[-6.239,40.658],[-24.478,48.669],[-47.509,60.918],[-77.915,25.327],[-72.125,0.699],[-46.895,-8.781],[-32.464,-36.781],[-36.884,-51.635],[-30.423,-63.359],[-13.742,-35.876]],"c":false}]},{"i":{"x":0.068,"y":1},"o":{"x":0.333,"y":0},"t":32,"s":[{"i":[[0,0],[-8.955,4.549],[-5.971,-0.593],[6.781,-7.806],[3.702,2.056],[3.543,1.575],[2.843,-6.182],[-5.601,-4.969],[-6.667,-5.287],[-1.384,-7.267],[5.396,-2.137],[4.293,2.975],[7.697,0.2],[9.776,0.814],[4.505,0.216],[4.249,-2.807],[8.158,-1.516],[3.543,14.811],[-10.925,2.425],[-7.534,5.005],[1.801,10.956],[0.955,5.084],[-6.696,0.726],[1.046,-8.796]],"o":[[6.61,-7.563],[5.35,-2.718],[12.021,1.195],[-2.586,2.978],[-3.408,-1.895],[-7.149,-3.176],[-3.142,6.833],[6.358,5.639],[5.721,4.536],[0.976,5.119],[-6.043,2.394],[-6.357,-4.408],[-9.803,-0.254],[-9.004,-0.75],[-5.087,-0.243],[-6.922,4.572],[-20.028,3.719],[-1.844,-7.707],[8.886,-1.972],[9.248,-6.145],[-0.839,-5.104],[-1.067,-5.682],[11.793,-1.278],[0,0]],"v":[[20.17,-19.101],[43.806,-37.493],[61.04,-41.758],[76.269,-12.313],[65.101,-9.626],[57.539,-17.868],[40.761,-8.857],[45.031,10.949],[67.294,24.151],[79.048,40.77],[73.149,54.939],[58.589,47.615],[36.805,40.795],[9.518,42.91],[-6.239,40.658],[-24.478,48.669],[-47.509,60.918],[-77.915,25.327],[-72.125,0.699],[-46.895,-8.781],[-32.464,-36.781],[-36.884,-51.635],[-30.423,-63.359],[-13.742,-35.876]],"c":false}]},{"i":{"x":0.267,"y":1},"o":{"x":0.333,"y":0},"t":38,"s":[{"i":[[0,0],[-8.955,4.549],[-5.971,-0.594],[6.78,-7.807],[3.701,2.058],[3.543,1.574],[2.843,-6.182],[-5.601,-4.969],[-6.667,-5.287],[-1.384,-7.267],[5.396,-2.137],[4.293,2.975],[7.697,0.2],[9.776,0.814],[4.505,0.216],[4.249,-2.807],[8.158,-1.516],[3.543,14.811],[-10.925,2.425],[-7.534,5.005],[0.153,11.102],[0.189,5.169],[-6.73,-0.277],[1.046,-8.796]],"o":[[6.61,-7.563],[5.35,-2.718],[12.021,1.195],[-2.586,2.978],[-3.408,-1.895],[-7.149,-3.176],[-3.142,6.833],[6.358,5.639],[5.721,4.536],[0.976,5.119],[-6.043,2.394],[-6.357,-4.408],[-9.803,-0.254],[-9.004,-0.75],[-5.087,-0.243],[-6.922,4.572],[-20.028,3.719],[-1.844,-7.707],[8.886,-1.972],[9.248,-6.145],[-0.071,-5.172],[-0.211,-5.777],[11.852,0.488],[0,0]],"v":[[20.17,-19.101],[43.806,-37.493],[58.234,-41.562],[73.463,-12.116],[62.295,-9.429],[54.733,-17.672],[40.761,-8.857],[45.031,10.949],[67.294,24.151],[79.048,40.77],[73.149,54.939],[58.589,47.615],[36.805,40.795],[9.518,42.91],[-6.239,40.658],[-24.478,48.669],[-47.509,60.918],[-77.915,25.327],[-72.125,0.699],[-46.895,-8.781],[-33.673,-37.494],[-35.837,-52.84],[-27.706,-63.475],[-13.742,-35.876]],"c":false}]},{"i":{"x":0.217,"y":1},"o":{"x":0.333,"y":0},"t":47,"s":[{"i":[[0,0],[-8.955,4.549],[-5.694,-1.894],[8.332,-6.123],[3.157,2.822],[3.11,2.316],[2.843,-6.182],[-5.601,-4.969],[-6.667,-5.287],[-1.384,-7.267],[5.396,-2.137],[4.293,2.975],[7.697,0.2],[9.776,0.814],[4.505,0.216],[4.249,-2.807],[8.158,-1.516],[3.543,14.811],[-10.925,2.425],[-7.534,5.005],[3.387,10.574],[1.689,4.889],[-6.517,1.699],[1.046,-8.796]],"o":[[6.61,-7.563],[5.35,-2.718],[11.463,3.812],[-3.178,2.336],[-2.907,-2.599],[-6.274,-4.672],[-3.142,6.833],[6.358,5.639],[5.721,4.536],[0.976,5.119],[-6.043,2.394],[-6.357,-4.408],[-9.803,-0.254],[-9.004,-0.75],[-5.087,-0.243],[-6.922,4.572],[-20.028,3.719],[-1.844,-7.707],[8.886,-1.972],[9.248,-6.145],[-1.578,-4.926],[-1.888,-5.464],[11.479,-2.992],[0,0]],"v":[[20.17,-19.101],[43.806,-37.493],[64.068,-39.082],[72.44,-7.005],[60.955,-6.843],[55.393,-16.549],[40.761,-8.857],[45.031,10.949],[67.294,24.151],[79.048,40.77],[73.149,54.939],[58.589,47.615],[36.805,40.796],[9.518,42.91],[-6.239,40.658],[-24.478,48.669],[-47.509,60.918],[-77.915,25.327],[-72.125,0.699],[-46.895,-8.781],[-31.181,-36.26],[-37.729,-50.306],[-33.056,-62.851],[-13.742,-35.876]],"c":false}]},{"t":55,"s":[{"i":[[0,0],[-8.955,4.549],[-5.929,0.923],[-0.226,-10.37],[4.234,-0.055],[5.678,0.352],[2.843,-6.182],[-5.601,-4.969],[-6.667,-5.287],[-1.384,-7.267],[5.396,-2.137],[4.293,2.975],[7.697,0.2],[9.776,0.814],[4.505,0.216],[4.249,-2.807],[8.158,-1.516],[3.543,14.811],[-10.925,2.425],[-7.534,5.005],[0.936,11.064],[0.553,5.143],[-6.732,0.198],[1.046,-8.796]],"o":[[6.61,-7.563],[5.35,-2.718],[12.614,-1.963],[0.086,3.943],[-3.899,0.05],[-8.513,-0.528],[-3.142,6.833],[6.358,5.639],[5.721,4.536],[0.976,5.119],[-6.043,2.394],[-6.357,-4.408],[-9.803,-0.254],[-9.004,-0.75],[-5.087,-0.243],[-6.922,4.572],[-20.028,3.719],[-1.844,-7.707],[8.886,-1.972],[9.248,-6.145],[-0.436,-5.154],[-0.618,-5.748],[11.857,-0.349],[0,0]],"v":[[20.17,-19.101],[43.806,-37.493],[57.604,-41.888],[85.567,-28.69],[77.214,-20.806],[65.721,-22.623],[40.761,-8.857],[45.031,10.949],[67.294,24.151],[79.048,40.77],[73.149,54.939],[58.589,47.615],[36.805,40.795],[9.518,42.91],[-6.239,40.658],[-24.478,48.669],[-47.509,60.918],[-77.915,25.327],[-72.125,0.699],[-46.895,-8.781],[-33.114,-37.134],[-36.355,-52.289],[-28.994,-63.471],[-13.742,-35.876]],"c":false}]}],"ix":2},"nm":"Path 1","mn":"ADBE Vector Shape - Group","hd":false},{"ty":"st","c":{"a":0,"k":[0,0,0,1],"ix":3},"o":{"a":0,"k":100,"ix":4},"w":{"a":0,"k":1,"ix":5},"lc":2,"lj":2,"bm":0,"nm":"Stroke 1","mn":"ADBE Vector Graphic - Stroke","hd":false},{"ty":"fl","c":{"a":0,"k":[1,1,1,1],"ix":4},"o":{"a":0,"k":100,"ix":5},"r":1,"bm":0,"nm":"Fill 1","mn":"ADBE Vector Graphic - Fill","hd":false},{"ty":"tr","p":{"a":0,"k":[86.774,91.623],"ix":2},"a":{"a":0,"k":[0,0],"ix":1},"s":{"a":0,"k":[100,100],"ix":3},"r":{"a":0,"k":0,"ix":6},"o":{"a":0,"k":100,"ix":7},"sk":{"a":0,"k":0,"ix":4},"sa":{"a":0,"k":0,"ix":5},"nm":"Transform"}],"nm":"principal","np":3,"cix":2,"bm":0,"ix":7,"mn":"ADBE Vector Group","hd":false}],"ip":0,"op":240,"st":0,"bm":0},{"ddd":0,"ind":6,"ty":4,"nm":"mao D ","parent":1,"sr":1,"ks":{"o":{"a":0,"k":100,"ix":11},"r":{"a":1,"k":[{"i":{"x":[0.218],"y":[1]},"o":{"x":[0.333],"y":[0]},"t":0,"s":[10]},{"i":{"x":[0.266],"y":[1]},"o":{"x":[0.426],"y":[0]},"t":8,"s":[-8]},{"i":{"x":[0.066],"y":[1]},"o":{"x":[0.333],"y":[0]},"t":17,"s":[4]},{"i":{"x":[0.267],"y":[1]},"o":{"x":[0.333],"y":[0]},"t":23,"s":[1]},{"i":{"x":[0.068],"y":[1]},"o":{"x":[0.333],"y":[0]},"t":32,"s":[1]},{"i":{"x":[0.267],"y":[1]},"o":{"x":[0.333],"y":[0]},"t":38,"s":[4]},{"i":{"x":[0.217],"y":[1]},"o":{"x":[0.333],"y":[0]},"t":47,"s":[-8]},{"t":55,"s":[10]}],"ix":10},"p":{"a":1,"k":[{"i":{"x":0.197,"y":1},"o":{"x":0.333,"y":0},"t":0,"s":[-179.899,69.852,0],"to":[0,0,0],"ti":[0,0,0]},{"i":{"x":0.249,"y":1},"o":{"x":0.333,"y":0},"t":8,"s":[-131.774,69.852,0],"to":[0,0,0],"ti":[0,0,0]},{"i":{"x":0.427,"y":1},"o":{"x":0.333,"y":0},"t":17,"s":[-138.024,69.852,0],"to":[0,0,0],"ti":[0,0,0]},{"i":{"x":0.267,"y":1},"o":{"x":0.333,"y":0},"t":32,"s":[-138.024,69.852,0],"to":[0,0,0],"ti":[0,0,0]},{"i":{"x":0.217,"y":1},"o":{"x":0.333,"y":0},"t":41,"s":[-131.774,69.852,0],"to":[0,0,0],"ti":[0,0,0]},{"t":49,"s":[-179.899,69.852,0]}],"ix":2},"a":{"a":0,"k":[23.662,151.255,0],"ix":1},"s":{"a":0,"k":[100,100,100],"ix":6}},"ao":0,"shapes":[{"ty":"gr","it":[{"ind":0,"ty":"sh","ix":1,"ks":{"a":0,"k":{"i":[[-1.218,-3.524],[1.174,-0.405],[1.217,3.525],[-1.175,0.405]],"o":[[1.217,3.525],[-1.176,0.406],[-1.218,-3.526],[1.175,-0.407]],"v":[[2.128,-0.735],[2.205,6.383],[-2.127,0.735],[-2.204,-6.382]],"c":true},"ix":2},"nm":"Path 1","mn":"ADBE Vector Shape - Group","hd":false},{"ty":"fl","c":{"a":0,"k":[1,1,1,1],"ix":4},"o":{"a":0,"k":100,"ix":5},"r":1,"bm":0,"nm":"Fill 1","mn":"ADBE Vector Graphic - Fill","hd":false},{"ty":"tr","p":{"a":0,"k":[18.633,127.404],"ix":2},"a":{"a":0,"k":[0,0],"ix":1},"s":{"a":0,"k":[100,100],"ix":3},"r":{"a":0,"k":0,"ix":6},"o":{"a":0,"k":100,"ix":7},"sk":{"a":0,"k":0,"ix":4},"sa":{"a":0,"k":0,"ix":5},"nm":"Transform"}],"nm":"Group 1","np":2,"cix":2,"bm":0,"ix":1,"mn":"ADBE Vector Group","hd":false},{"ty":"gr","it":[{"ind":0,"ty":"sh","ix":1,"ks":{"a":0,"k":{"i":[[-8.174,-16.271],[6.671,-3.339],[8.254,18.008],[-9.005,5.253]],"o":[[8.175,16.271],[-5.746,2.876],[-7.586,-16.553],[6.443,-3.758]],"v":[[1.542,-0.372],[15.798,29.642],[-9.713,14.635],[-13.464,-28.885]],"c":true},"ix":2},"nm":"Path 1","mn":"ADBE Vector Shape - Group","hd":false},{"ty":"st","c":{"a":0,"k":[0,0,0,1],"ix":3},"o":{"a":0,"k":100,"ix":4},"w":{"a":0,"k":1,"ix":5},"lc":2,"lj":2,"bm":0,"nm":"Stroke 1","mn":"ADBE Vector Graphic - Stroke","hd":false},{"ty":"fl","c":{"a":0,"k":[1,0.165000002992,0.395999983245,1],"ix":4},"o":{"a":0,"k":100,"ix":5},"r":1,"bm":0,"nm":"Fill 1","mn":"ADBE Vector Graphic - Fill","hd":false},{"ty":"tr","p":{"a":0,"k":[24.969,122.148],"ix":2},"a":{"a":0,"k":[0,0],"ix":1},"s":{"a":0,"k":[100,100],"ix":3},"r":{"a":0,"k":0,"ix":6},"o":{"a":0,"k":100,"ix":7},"sk":{"a":0,"k":0,"ix":4},"sa":{"a":0,"k":0,"ix":5},"nm":"Transform"}],"nm":"Group 2","np":3,"cix":2,"bm":0,"ix":2,"mn":"ADBE Vector Group","hd":false},{"ty":"gr","it":[{"ind":0,"ty":"sh","ix":1,"ks":{"a":1,"k":[{"i":{"x":0.218,"y":1},"o":{"x":0.333,"y":0},"t":0,"s":[{"i":[[0,0],[-0.438,14.568],[-0.578,2.505],[-2.263,1.219],[-2.389,-3.259],[-0.15,-4.038],[6.003,-9.755]],"o":[[10.137,-10.473],[0.077,-2.57],[0.577,-2.505],[3.558,-1.915],[2.389,3.258],[0.407,10.92],[0,0]],"v":[[-18.378,27.374],[-0.553,-11.594],[0.016,-19.271],[4.217,-25.459],[14.846,-22.236],[17.971,-10.715],[8.634,26.624]],"c":false}]},{"i":{"x":0.266,"y":1},"o":{"x":0.333,"y":0},"t":8,"s":[{"i":[[0,0],[2.675,14.327],[-0.031,2.57],[-1.952,1.672],[-3.028,-2.675],[-1.007,-3.913],[6.003,-9.755]],"o":[[10.137,-10.473],[-0.472,-2.527],[0.031,-2.57],[3.069,-2.629],[3.028,2.675],[2.722,10.583],[0,0]],"v":[[-18.378,27.374],[-7.552,-11.302],[-8.631,-18.924],[-5.842,-25.865],[5.229,-24.978],[10.734,-14.387],[8.634,26.624]],"c":false}]},{"i":{"x":0.066,"y":1},"o":{"x":0.333,"y":0},"t":17,"s":[{"i":[[0,0],[-2.378,14.379],[-0.906,2.406],[-2.406,0.905],[-1.933,-3.548],[0.39,-4.022],[6.003,-9.755]],"o":[[10.137,-10.473],[0.419,-2.537],[0.906,-2.406],[3.782,-1.423],[1.933,3.548],[-1.055,10.877],[0,0]],"v":[[-18.378,27.374],[5.235,-10.732],[6.823,-18.265],[11.813,-23.836],[21.917,-19.223],[23.475,-7.388],[8.634,26.624]],"c":false}]},{"i":{"x":0.267,"y":1},"o":{"x":0.333,"y":0},"t":23,"s":[{"i":[[0,0],[-0.438,14.568],[-0.578,2.505],[-2.263,1.219],[-2.389,-3.259],[-0.15,-4.038],[6.003,-9.755]],"o":[[10.137,-10.473],[0.077,-2.57],[0.577,-2.505],[3.558,-1.915],[2.389,3.258],[0.407,10.92],[0,0]],"v":[[-18.378,27.374],[-0.553,-11.594],[0.016,-19.271],[4.217,-25.459],[14.846,-22.236],[17.971,-10.715],[8.634,26.624]],"c":false}]},{"i":{"x":0.068,"y":1},"o":{"x":0.333,"y":0},"t":32,"s":[{"i":[[0,0],[-0.438,14.568],[-0.578,2.505],[-2.263,1.219],[-2.389,-3.259],[-0.15,-4.038],[6.003,-9.755]],"o":[[10.137,-10.473],[0.077,-2.57],[0.577,-2.505],[3.558,-1.915],[2.389,3.258],[0.407,10.92],[0,0]],"v":[[-18.378,27.374],[-0.553,-11.594],[0.016,-19.271],[4.217,-25.459],[14.846,-22.236],[17.971,-10.715],[8.634,26.624]],"c":false}]},{"i":{"x":0.267,"y":1},"o":{"x":0.333,"y":0},"t":38,"s":[{"i":[[0,0],[-2.378,14.379],[-0.906,2.406],[-2.406,0.905],[-1.933,-3.548],[0.39,-4.022],[6.003,-9.755]],"o":[[10.137,-10.473],[0.419,-2.537],[0.906,-2.406],[3.782,-1.423],[1.933,3.548],[-1.055,10.877],[0,0]],"v":[[-18.378,27.374],[5.235,-10.732],[6.823,-18.265],[11.813,-23.836],[21.917,-19.223],[23.475,-7.388],[8.634,26.624]],"c":false}]},{"i":{"x":0.217,"y":1},"o":{"x":0.333,"y":0},"t":47,"s":[{"i":[[0,0],[2.675,14.327],[-0.031,2.57],[-1.952,1.672],[-3.028,-2.675],[-1.007,-3.913],[6.003,-9.755]],"o":[[10.137,-10.473],[-0.472,-2.527],[0.031,-2.57],[3.069,-2.629],[3.028,2.675],[2.722,10.583],[0,0]],"v":[[-18.378,27.374],[-7.552,-11.302],[-8.631,-18.924],[-5.842,-25.865],[5.229,-24.978],[10.734,-14.387],[8.634,26.624]],"c":false}]},{"t":55,"s":[{"i":[[0,0],[-0.438,14.568],[-0.578,2.505],[-2.263,1.219],[-2.389,-3.259],[-0.15,-4.038],[6.003,-9.755]],"o":[[10.137,-10.473],[0.077,-2.57],[0.577,-2.505],[3.558,-1.915],[2.389,3.258],[0.407,10.92],[0,0]],"v":[[-18.378,27.374],[-0.553,-11.594],[0.016,-19.271],[4.217,-25.459],[14.846,-22.236],[17.971,-10.715],[8.634,26.624]],"c":false}]}],"ix":2},"nm":"Path 1","mn":"ADBE Vector Shape - Group","hd":false},{"ty":"st","c":{"a":0,"k":[0,0,0,1],"ix":3},"o":{"a":0,"k":100,"ix":4},"w":{"a":0,"k":1,"ix":5},"lc":2,"lj":2,"bm":0,"nm":"Stroke 1","mn":"ADBE Vector Graphic - Stroke","hd":false},{"ty":"fl","c":{"a":0,"k":[1,1,1,1],"ix":4},"o":{"a":0,"k":100,"ix":5},"r":1,"bm":0,"nm":"Fill 1","mn":"ADBE Vector Graphic - Fill","hd":false},{"ty":"tr","p":{"a":0,"k":[89.159,29.874],"ix":2},"a":{"a":0,"k":[0,0],"ix":1},"s":{"a":0,"k":[100,100],"ix":3},"r":{"a":0,"k":0,"ix":6},"o":{"a":0,"k":100,"ix":7},"sk":{"a":0,"k":0,"ix":4},"sa":{"a":0,"k":0,"ix":5},"nm":"Transform"}],"nm":"dedo_levantado","np":3,"cix":2,"bm":0,"ix":3,"mn":"ADBE Vector Group","hd":false},{"ty":"gr","it":[{"ind":0,"ty":"sh","ix":1,"ks":{"a":0,"k":{"i":[[0,0],[5.922,-13.375]],"o":[[-9.83,-10.557],[0,0]],"v":[[15.461,2.255],[-15.461,8.303]],"c":false},"ix":2},"nm":"Path 1","mn":"ADBE Vector Shape - Group","hd":false},{"ty":"st","c":{"a":0,"k":[0,0,0,1],"ix":3},"o":{"a":0,"k":100,"ix":4},"w":{"a":0,"k":1,"ix":5},"lc":2,"lj":2,"bm":0,"nm":"Stroke 1","mn":"ADBE Vector Graphic - Stroke","hd":false},{"ty":"fl","c":{"a":0,"k":[1,1,1,1],"ix":4},"o":{"a":0,"k":100,"ix":5},"r":1,"bm":0,"nm":"Fill 1","mn":"ADBE Vector Graphic - Fill","hd":false},{"ty":"tr","p":{"a":0,"k":[107.843,55.744],"ix":2},"a":{"a":0,"k":[0,0],"ix":1},"s":{"a":0,"k":[100,100],"ix":3},"r":{"a":0,"k":0,"ix":6},"o":{"a":0,"k":100,"ix":7},"sk":{"a":0,"k":0,"ix":4},"sa":{"a":0,"k":0,"ix":5},"nm":"Transform"}],"nm":"Group 4","np":3,"cix":2,"bm":0,"ix":4,"mn":"ADBE Vector Group","hd":false},{"ty":"gr","it":[{"ind":0,"ty":"sh","ix":1,"ks":{"a":0,"k":{"i":[[0,0],[4.293,2.975],[7.697,0.201],[9.776,0.814],[4.505,0.216],[4.249,-2.806],[8.158,-1.516]],"o":[[-6.043,2.394],[-6.357,-4.408],[-9.803,-0.253],[-9.004,-0.75],[-5.087,-0.243],[-6.922,4.573],[0,0]],"v":[[60.329,4.272],[45.769,-3.051],[23.985,-9.872],[-3.302,-7.758],[-19.059,-10.008],[-37.298,-1.999],[-60.329,10.251]],"c":false},"ix":2},"nm":"Path 1","mn":"ADBE Vector Shape - Group","hd":false},{"ty":"st","c":{"a":0,"k":[0,0,0,1],"ix":3},"o":{"a":0,"k":100,"ix":4},"w":{"a":0,"k":1,"ix":5},"lc":2,"lj":2,"bm":0,"nm":"Stroke 1","mn":"ADBE Vector Graphic - Stroke","hd":false},{"ty":"tr","p":{"a":0,"k":[99.594,142.29],"ix":2},"a":{"a":0,"k":[0,0],"ix":1},"s":{"a":0,"k":[100,100],"ix":3},"r":{"a":0,"k":0,"ix":6},"o":{"a":0,"k":100,"ix":7},"sk":{"a":0,"k":0,"ix":4},"sa":{"a":0,"k":0,"ix":5},"nm":"Transform"}],"nm":"Group 5","np":2,"cix":2,"bm":0,"ix":5,"mn":"ADBE Vector Group","hd":false},{"ty":"gr","it":[{"ind":0,"ty":"sh","ix":1,"ks":{"a":0,"k":{"i":[[0.083,0.06],[11.024,1.315],[9.361,-3.681],[8.011,-5.58],[5.325,-5.755],[0.223,-0.284],[-0.013,0.002],[-6.923,4.572],[-5.086,-0.243],[-9.004,-0.75],[-9.043,-0.191],[-6.007,-3.848],[-3.406,-2.547],[-0.648,0.115],[-0.082,0.91],[3.311,2.398]],"o":[[-9.172,-6.546],[-9.85,-1.176],[-9.159,3.601],[-6.375,4.438],[-0.275,0.297],[0.013,-0.002],[8.158,-1.516],[4.249,-2.807],[4.506,0.216],[8.995,0.75],[7.132,0.152],[3.58,2.294],[0.527,0.395],[0.899,-0.161],[0.369,-4.072],[-0.083,-0.06]],"v":[[52.189,-1.372],[20.786,-11.855],[-13.471,-13.034],[-38.525,2.149],[-58.232,15.845],[-58.969,16.714],[-58.93,16.709],[-35.899,4.46],[-17.661,-3.551],[-1.903,-1.299],[24.981,-3.214],[45.376,2.317],[55.397,10.201],[57.19,10.882],[58.6,8.762],[52.439,-1.192]],"c":true},"ix":2},"nm":"Path 1","mn":"ADBE Vector Shape - Group","hd":false},{"ty":"fl","c":{"a":0,"k":[1,0.62400004069,0.741000007181,1],"ix":4},"o":{"a":0,"k":100,"ix":5},"r":1,"bm":0,"nm":"Fill 1","mn":"ADBE Vector Graphic - Fill","hd":false},{"ty":"tr","p":{"a":0,"k":[98.196,135.831],"ix":2},"a":{"a":0,"k":[0,0],"ix":1},"s":{"a":0,"k":[100,100],"ix":3},"r":{"a":0,"k":0,"ix":6},"o":{"a":0,"k":100,"ix":7},"sk":{"a":0,"k":0,"ix":4},"sa":{"a":0,"k":0,"ix":5},"nm":"Transform"}],"nm":"Group 6","np":2,"cix":2,"bm":0,"ix":6,"mn":"ADBE Vector Group","hd":false},{"ty":"gr","it":[{"ind":0,"ty":"sh","ix":1,"ks":{"a":1,"k":[{"i":{"x":0.218,"y":1},"o":{"x":0.333,"y":0},"t":0,"s":[{"i":[[0,0],[-8.955,4.549],[-5.929,0.923],[-0.226,-10.37],[4.234,-0.055],[5.678,0.352],[2.843,-6.182],[-5.601,-4.969],[-6.667,-5.287],[-1.384,-7.267],[5.396,-2.137],[4.293,2.975],[7.697,0.2],[9.776,0.814],[4.505,0.216],[4.249,-2.807],[8.158,-1.516],[3.543,14.811],[-10.925,2.425],[-7.534,5.005],[0.936,11.064],[0.553,5.143],[-6.732,0.198],[1.046,-8.796]],"o":[[6.61,-7.563],[5.35,-2.718],[12.614,-1.963],[0.086,3.943],[-3.899,0.05],[-8.513,-0.528],[-3.142,6.833],[6.358,5.639],[5.721,4.536],[0.976,5.119],[-6.043,2.394],[-6.357,-4.408],[-9.803,-0.254],[-9.004,-0.75],[-5.087,-0.243],[-6.922,4.572],[-20.028,3.719],[-1.844,-7.707],[8.886,-1.972],[9.248,-6.145],[-0.436,-5.154],[-0.618,-5.748],[11.857,-0.349],[0,0]],"v":[[20.17,-19.101],[43.806,-37.493],[57.604,-41.888],[85.567,-28.69],[77.214,-20.806],[65.721,-22.623],[40.761,-8.857],[45.031,10.949],[67.294,24.151],[79.048,40.77],[73.149,54.939],[58.589,47.615],[36.805,40.795],[9.518,42.91],[-6.239,40.658],[-24.478,48.669],[-47.509,60.918],[-77.915,25.327],[-72.125,0.699],[-46.895,-8.781],[-33.114,-37.134],[-36.355,-52.289],[-28.994,-63.471],[-13.742,-35.876]],"c":false}]},{"i":{"x":0.266,"y":1},"o":{"x":0.333,"y":0},"t":8,"s":[{"i":[[0,0],[-8.955,4.549],[-5.694,-1.894],[8.332,-6.123],[3.157,2.822],[3.11,2.316],[2.843,-6.182],[-5.601,-4.969],[-6.667,-5.287],[-1.384,-7.267],[5.396,-2.137],[4.293,2.975],[7.697,0.2],[9.776,0.814],[4.505,0.216],[4.249,-2.807],[8.158,-1.516],[3.543,14.811],[-10.925,2.425],[-7.534,5.005],[3.387,10.574],[1.689,4.889],[-6.517,1.699],[1.046,-8.796]],"o":[[6.61,-7.563],[5.35,-2.718],[11.463,3.812],[-3.178,2.336],[-2.907,-2.599],[-6.274,-4.672],[-3.142,6.833],[6.358,5.639],[5.721,4.536],[0.976,5.119],[-6.043,2.394],[-6.357,-4.408],[-9.803,-0.254],[-9.004,-0.75],[-5.087,-0.243],[-6.922,4.572],[-20.028,3.719],[-1.844,-7.707],[8.886,-1.972],[9.248,-6.145],[-1.578,-4.926],[-1.888,-5.464],[11.479,-2.992],[0,0]],"v":[[20.17,-19.101],[43.806,-37.493],[64.068,-39.082],[72.44,-7.005],[60.955,-6.843],[55.393,-16.549],[40.761,-8.857],[45.031,10.949],[67.294,24.151],[79.048,40.77],[73.149,54.939],[58.589,47.615],[36.805,40.796],[9.518,42.91],[-6.239,40.658],[-24.478,48.669],[-47.509,60.918],[-77.915,25.327],[-72.125,0.699],[-46.895,-8.781],[-31.181,-36.26],[-37.729,-50.306],[-33.056,-62.851],[-13.742,-35.876]],"c":false}]},{"i":{"x":0.066,"y":1},"o":{"x":0.333,"y":0},"t":17,"s":[{"i":[[0,0],[-8.955,4.549],[-5.971,-0.594],[6.78,-7.807],[3.701,2.058],[3.543,1.574],[2.843,-6.182],[-5.601,-4.969],[-6.667,-5.287],[-1.384,-7.267],[5.396,-2.137],[4.293,2.975],[7.697,0.2],[9.776,0.814],[4.505,0.216],[4.249,-2.807],[8.158,-1.516],[3.543,14.811],[-10.925,2.425],[-7.534,5.005],[0.153,11.102],[0.189,5.169],[-6.73,-0.277],[1.046,-8.796]],"o":[[6.61,-7.563],[5.35,-2.718],[12.021,1.195],[-2.586,2.978],[-3.408,-1.895],[-7.149,-3.176],[-3.142,6.833],[6.358,5.639],[5.721,4.536],[0.976,5.119],[-6.043,2.394],[-6.357,-4.408],[-9.803,-0.254],[-9.004,-0.75],[-5.087,-0.243],[-6.922,4.572],[-20.028,3.719],[-1.844,-7.707],[8.886,-1.972],[9.248,-6.145],[-0.071,-5.172],[-0.211,-5.777],[11.852,0.488],[0,0]],"v":[[20.17,-19.101],[43.806,-37.493],[58.234,-41.562],[73.463,-12.116],[62.295,-9.429],[54.733,-17.672],[40.761,-8.857],[45.031,10.949],[67.294,24.151],[79.048,40.77],[73.149,54.939],[58.589,47.615],[36.805,40.795],[9.518,42.91],[-6.239,40.658],[-24.478,48.669],[-47.509,60.918],[-77.915,25.327],[-72.125,0.699],[-46.895,-8.781],[-33.673,-37.494],[-35.837,-52.84],[-27.706,-63.475],[-13.742,-35.876]],"c":false}]},{"i":{"x":0.267,"y":1},"o":{"x":0.333,"y":0},"t":23,"s":[{"i":[[0,0],[-8.955,4.549],[-5.971,-0.593],[6.781,-7.806],[3.702,2.056],[3.543,1.575],[2.843,-6.182],[-5.601,-4.969],[-6.667,-5.287],[-1.384,-7.267],[5.396,-2.137],[4.293,2.975],[7.697,0.2],[9.776,0.814],[4.505,0.216],[4.249,-2.807],[8.158,-1.516],[3.543,14.811],[-10.925,2.425],[-7.534,5.005],[1.801,10.956],[0.955,5.084],[-6.696,0.726],[1.046,-8.796]],"o":[[6.61,-7.563],[5.35,-2.718],[12.021,1.195],[-2.586,2.978],[-3.408,-1.895],[-7.149,-3.176],[-3.142,6.833],[6.358,5.639],[5.721,4.536],[0.976,5.119],[-6.043,2.394],[-6.357,-4.408],[-9.803,-0.254],[-9.004,-0.75],[-5.087,-0.243],[-6.922,4.572],[-20.028,3.719],[-1.844,-7.707],[8.886,-1.972],[9.248,-6.145],[-0.839,-5.104],[-1.067,-5.682],[11.793,-1.278],[0,0]],"v":[[20.17,-19.101],[43.806,-37.493],[61.04,-41.758],[76.269,-12.313],[65.101,-9.626],[57.539,-17.868],[40.761,-8.857],[45.031,10.949],[67.294,24.151],[79.048,40.77],[73.149,54.939],[58.589,47.615],[36.805,40.795],[9.518,42.91],[-6.239,40.658],[-24.478,48.669],[-47.509,60.918],[-77.915,25.327],[-72.125,0.699],[-46.895,-8.781],[-32.464,-36.781],[-36.884,-51.635],[-30.423,-63.359],[-13.742,-35.876]],"c":false}]},{"i":{"x":0.068,"y":1},"o":{"x":0.333,"y":0},"t":32,"s":[{"i":[[0,0],[-8.955,4.549],[-5.971,-0.593],[6.781,-7.806],[3.702,2.056],[3.543,1.575],[2.843,-6.182],[-5.601,-4.969],[-6.667,-5.287],[-1.384,-7.267],[5.396,-2.137],[4.293,2.975],[7.697,0.2],[9.776,0.814],[4.505,0.216],[4.249,-2.807],[8.158,-1.516],[3.543,14.811],[-10.925,2.425],[-7.534,5.005],[1.801,10.956],[0.955,5.084],[-6.696,0.726],[1.046,-8.796]],"o":[[6.61,-7.563],[5.35,-2.718],[12.021,1.195],[-2.586,2.978],[-3.408,-1.895],[-7.149,-3.176],[-3.142,6.833],[6.358,5.639],[5.721,4.536],[0.976,5.119],[-6.043,2.394],[-6.357,-4.408],[-9.803,-0.254],[-9.004,-0.75],[-5.087,-0.243],[-6.922,4.572],[-20.028,3.719],[-1.844,-7.707],[8.886,-1.972],[9.248,-6.145],[-0.839,-5.104],[-1.067,-5.682],[11.793,-1.278],[0,0]],"v":[[20.17,-19.101],[43.806,-37.493],[61.04,-41.758],[76.269,-12.313],[65.101,-9.626],[57.539,-17.868],[40.761,-8.857],[45.031,10.949],[67.294,24.151],[79.048,40.77],[73.149,54.939],[58.589,47.615],[36.805,40.795],[9.518,42.91],[-6.239,40.658],[-24.478,48.669],[-47.509,60.918],[-77.915,25.327],[-72.125,0.699],[-46.895,-8.781],[-32.464,-36.781],[-36.884,-51.635],[-30.423,-63.359],[-13.742,-35.876]],"c":false}]},{"i":{"x":0.267,"y":1},"o":{"x":0.333,"y":0},"t":38,"s":[{"i":[[0,0],[-8.955,4.549],[-5.971,-0.594],[6.78,-7.807],[3.701,2.058],[3.543,1.574],[2.843,-6.182],[-5.601,-4.969],[-6.667,-5.287],[-1.384,-7.267],[5.396,-2.137],[4.293,2.975],[7.697,0.2],[9.776,0.814],[4.505,0.216],[4.249,-2.807],[8.158,-1.516],[3.543,14.811],[-10.925,2.425],[-7.534,5.005],[0.153,11.102],[0.189,5.169],[-6.73,-0.277],[1.046,-8.796]],"o":[[6.61,-7.563],[5.35,-2.718],[12.021,1.195],[-2.586,2.978],[-3.408,-1.895],[-7.149,-3.176],[-3.142,6.833],[6.358,5.639],[5.721,4.536],[0.976,5.119],[-6.043,2.394],[-6.357,-4.408],[-9.803,-0.254],[-9.004,-0.75],[-5.087,-0.243],[-6.922,4.572],[-20.028,3.719],[-1.844,-7.707],[8.886,-1.972],[9.248,-6.145],[-0.071,-5.172],[-0.211,-5.777],[11.852,0.488],[0,0]],"v":[[20.17,-19.101],[43.806,-37.493],[58.234,-41.562],[73.463,-12.116],[62.295,-9.429],[54.733,-17.672],[40.761,-8.857],[45.031,10.949],[67.294,24.151],[79.048,40.77],[73.149,54.939],[58.589,47.615],[36.805,40.795],[9.518,42.91],[-6.239,40.658],[-24.478,48.669],[-47.509,60.918],[-77.915,25.327],[-72.125,0.699],[-46.895,-8.781],[-33.673,-37.494],[-35.837,-52.84],[-27.706,-63.475],[-13.742,-35.876]],"c":false}]},{"i":{"x":0.217,"y":1},"o":{"x":0.333,"y":0},"t":47,"s":[{"i":[[0,0],[-8.955,4.549],[-5.694,-1.894],[8.332,-6.123],[3.157,2.822],[3.11,2.316],[2.843,-6.182],[-5.601,-4.969],[-6.667,-5.287],[-1.384,-7.267],[5.396,-2.137],[4.293,2.975],[7.697,0.2],[9.776,0.814],[4.505,0.216],[4.249,-2.807],[8.158,-1.516],[3.543,14.811],[-10.925,2.425],[-7.534,5.005],[3.387,10.574],[1.689,4.889],[-6.517,1.699],[1.046,-8.796]],"o":[[6.61,-7.563],[5.35,-2.718],[11.463,3.812],[-3.178,2.336],[-2.907,-2.599],[-6.274,-4.672],[-3.142,6.833],[6.358,5.639],[5.721,4.536],[0.976,5.119],[-6.043,2.394],[-6.357,-4.408],[-9.803,-0.254],[-9.004,-0.75],[-5.087,-0.243],[-6.922,4.572],[-20.028,3.719],[-1.844,-7.707],[8.886,-1.972],[9.248,-6.145],[-1.578,-4.926],[-1.888,-5.464],[11.479,-2.992],[0,0]],"v":[[20.17,-19.101],[43.806,-37.493],[64.068,-39.082],[72.44,-7.005],[60.955,-6.843],[55.393,-16.549],[40.761,-8.857],[45.031,10.949],[67.294,24.151],[79.048,40.77],[73.149,54.939],[58.589,47.615],[36.805,40.796],[9.518,42.91],[-6.239,40.658],[-24.478,48.669],[-47.509,60.918],[-77.915,25.327],[-72.125,0.699],[-46.895,-8.781],[-31.181,-36.26],[-37.729,-50.306],[-33.056,-62.851],[-13.742,-35.876]],"c":false}]},{"t":55,"s":[{"i":[[0,0],[-8.955,4.549],[-5.929,0.923],[-0.226,-10.37],[4.234,-0.055],[5.678,0.352],[2.843,-6.182],[-5.601,-4.969],[-6.667,-5.287],[-1.384,-7.267],[5.396,-2.137],[4.293,2.975],[7.697,0.2],[9.776,0.814],[4.505,0.216],[4.249,-2.807],[8.158,-1.516],[3.543,14.811],[-10.925,2.425],[-7.534,5.005],[0.936,11.064],[0.553,5.143],[-6.732,0.198],[1.046,-8.796]],"o":[[6.61,-7.563],[5.35,-2.718],[12.614,-1.963],[0.086,3.943],[-3.899,0.05],[-8.513,-0.528],[-3.142,6.833],[6.358,5.639],[5.721,4.536],[0.976,5.119],[-6.043,2.394],[-6.357,-4.408],[-9.803,-0.254],[-9.004,-0.75],[-5.087,-0.243],[-6.922,4.572],[-20.028,3.719],[-1.844,-7.707],[8.886,-1.972],[9.248,-6.145],[-0.436,-5.154],[-0.618,-5.748],[11.857,-0.349],[0,0]],"v":[[20.17,-19.101],[43.806,-37.493],[57.604,-41.888],[85.567,-28.69],[77.214,-20.806],[65.721,-22.623],[40.761,-8.857],[45.031,10.949],[67.294,24.151],[79.048,40.77],[73.149,54.939],[58.589,47.615],[36.805,40.795],[9.518,42.91],[-6.239,40.658],[-24.478,48.669],[-47.509,60.918],[-77.915,25.327],[-72.125,0.699],[-46.895,-8.781],[-33.114,-37.134],[-36.355,-52.289],[-28.994,-63.471],[-13.742,-35.876]],"c":false}]}],"ix":2},"nm":"Path 1","mn":"ADBE Vector Shape - Group","hd":false},{"ty":"st","c":{"a":0,"k":[0,0,0,1],"ix":3},"o":{"a":0,"k":100,"ix":4},"w":{"a":0,"k":1,"ix":5},"lc":2,"lj":2,"bm":0,"nm":"Stroke 1","mn":"ADBE Vector Graphic - Stroke","hd":false},{"ty":"fl","c":{"a":0,"k":[1,1,1,1],"ix":4},"o":{"a":0,"k":100,"ix":5},"r":1,"bm":0,"nm":"Fill 1","mn":"ADBE Vector Graphic - Fill","hd":false},{"ty":"tr","p":{"a":0,"k":[86.774,91.623],"ix":2},"a":{"a":0,"k":[0,0],"ix":1},"s":{"a":0,"k":[100,100],"ix":3},"r":{"a":0,"k":0,"ix":6},"o":{"a":0,"k":100,"ix":7},"sk":{"a":0,"k":0,"ix":4},"sa":{"a":0,"k":0,"ix":5},"nm":"Transform"}],"nm":"principal","np":3,"cix":2,"bm":0,"ix":7,"mn":"ADBE Vector Group","hd":false}],"ip":0,"op":240,"st":0,"bm":0}],"markers":[]}