{"v":"5.9.6","fr":30,"ip":0,"op":130,"w":500,"h":500,"nm":"Alien in love","ddd":0,"assets":[],"layers":[{"ddd":0,"ind":1,"ty":4,"nm":"Layer 10","sr":1,"ks":{"o":{"a":1,"k":[{"i":{"x":[0.833],"y":[0.833]},"o":{"x":[0.167],"y":[0.167]},"t":35,"s":[0]},{"i":{"x":[0.833],"y":[0.833]},"o":{"x":[0.167],"y":[0.167]},"t":37,"s":[100]},{"i":{"x":[0.833],"y":[0.833]},"o":{"x":[0.167],"y":[0.167]},"t":67,"s":[100]},{"t":69,"s":[0]}],"ix":11},"r":{"a":0,"k":0,"ix":10},"p":{"a":1,"k":[{"i":{"x":0.833,"y":0.833},"o":{"x":0.167,"y":0.167},"t":35,"s":[151.944,169.152,0],"to":[0,-23.333,0],"ti":[0,23.333,0]},{"t":70,"s":[151.944,29.152,0]}],"ix":2,"l":2},"a":{"a":0,"k":[-98.056,-140.848,0],"ix":1,"l":2},"s":{"a":0,"k":[100,100,100],"ix":6,"l":2}},"ao":0,"shapes":[{"ty":"gr","it":[{"ty":"gr","it":[{"ind":0,"ty":"sh","ix":1,"ks":{"a":0,"k":{"i":[[0,0],[0,0],[2.001,1.89],[2.001,-1.89],[0,0],[0,0],[2.001,-1.89],[-2.001,-1.89]],"o":[[0,0],[2.001,-1.89],[-2.001,-1.89],[0,0],[0,0],[-2.001,-1.89],[-2.001,1.89],[0,0]],"v":[[-98.056,-132.496],[-89.117,-140.938],[-89.117,-147.782],[-96.365,-147.782],[-98.056,-146.186],[-99.747,-147.782],[-106.995,-147.782],[-106.995,-140.938]],"c":true},"ix":2},"nm":"Path 1","mn":"ADBE Vector Shape - Group","hd":false},{"ty":"fl","c":{"a":0,"k":[0.933333337307,0.23137255013,0.141176477075,1],"ix":4},"o":{"a":0,"k":100,"ix":5},"r":1,"bm":0,"nm":"Fill 1","mn":"ADBE Vector Graphic - Fill","hd":false},{"ty":"tr","p":{"a":0,"k":[0,0],"ix":2},"a":{"a":0,"k":[0,0],"ix":1},"s":{"a":0,"k":[100,100],"ix":3},"r":{"a":0,"k":0,"ix":6},"o":{"a":0,"k":100,"ix":7},"sk":{"a":0,"k":0,"ix":4},"sa":{"a":0,"k":0,"ix":5},"nm":"Transform"}],"nm":"Group 1","np":2,"cix":2,"bm":0,"ix":1,"mn":"ADBE Vector Group","hd":false},{"ty":"tr","p":{"a":0,"k":[0,0],"ix":2},"a":{"a":0,"k":[0,0],"ix":1},"s":{"a":0,"k":[100,100],"ix":3},"r":{"a":0,"k":0,"ix":6},"o":{"a":0,"k":100,"ix":7},"sk":{"a":0,"k":0,"ix":4},"sa":{"a":0,"k":0,"ix":5},"nm":"Transform"}],"nm":"Group 1","np":1,"cix":2,"bm":0,"ix":1,"mn":"ADBE Vector Group","hd":false}],"ip":35,"op":70,"st":35,"ct":1,"bm":0},{"ddd":0,"ind":2,"ty":4,"nm":"Layer 9","sr":1,"ks":{"o":{"a":1,"k":[{"i":{"x":[0.833],"y":[0.833]},"o":{"x":[0.167],"y":[0.167]},"t":43,"s":[0]},{"i":{"x":[0.833],"y":[0.833]},"o":{"x":[0.167],"y":[0.167]},"t":45,"s":[100]},{"i":{"x":[0.833],"y":[0.833]},"o":{"x":[0.167],"y":[0.167]},"t":75,"s":[100]},{"t":77,"s":[0]}],"ix":11},"r":{"a":0,"k":0,"ix":10},"p":{"a":1,"k":[{"i":{"x":0.833,"y":0.833},"o":{"x":0.167,"y":0.167},"t":43,"s":[126.714,194.76,0],"to":[0,-28.333,0],"ti":[0,28.333,0]},{"t":78,"s":[126.714,24.76,0]}],"ix":2,"l":2},"a":{"a":0,"k":[-123.286,-55.24,0],"ix":1,"l":2},"s":{"a":0,"k":[100,100,100],"ix":6,"l":2}},"ao":0,"shapes":[{"ty":"gr","it":[{"ty":"gr","it":[{"ind":0,"ty":"sh","ix":1,"ks":{"a":0,"k":{"i":[[0,0],[0,0],[4.17,3.938],[4.169,-3.938],[0,0],[0,0],[4.169,-3.938],[-4.17,-3.938]],"o":[[0,0],[4.17,-3.938],[-4.169,-3.938],[0,0],[0,0],[-4.169,-3.938],[-4.17,3.938],[0,0]],"v":[[-123.286,-37.84],[-104.663,-55.427],[-104.663,-69.687],[-119.763,-69.687],[-123.286,-66.36],[-126.809,-69.687],[-141.909,-69.687],[-141.909,-55.427]],"c":true},"ix":2},"nm":"Path 1","mn":"ADBE Vector Shape - Group","hd":false},{"ty":"fl","c":{"a":0,"k":[0.933333337307,0.23137255013,0.141176477075,1],"ix":4},"o":{"a":0,"k":100,"ix":5},"r":1,"bm":0,"nm":"Fill 1","mn":"ADBE Vector Graphic - Fill","hd":false},{"ty":"tr","p":{"a":0,"k":[0,0],"ix":2},"a":{"a":0,"k":[0,0],"ix":1},"s":{"a":0,"k":[100,100],"ix":3},"r":{"a":0,"k":0,"ix":6},"o":{"a":0,"k":100,"ix":7},"sk":{"a":0,"k":0,"ix":4},"sa":{"a":0,"k":0,"ix":5},"nm":"Transform"}],"nm":"Group 1","np":2,"cix":2,"bm":0,"ix":1,"mn":"ADBE Vector Group","hd":false},{"ty":"tr","p":{"a":0,"k":[0,0],"ix":2},"a":{"a":0,"k":[0,0],"ix":1},"s":{"a":0,"k":[100,100],"ix":3},"r":{"a":0,"k":0,"ix":6},"o":{"a":0,"k":100,"ix":7},"sk":{"a":0,"k":0,"ix":4},"sa":{"a":0,"k":0,"ix":5},"nm":"Transform"}],"nm":"Group 1","np":1,"cix":2,"bm":0,"ix":1,"mn":"ADBE Vector Group","hd":false}],"ip":43,"op":78,"st":43,"ct":1,"bm":0},{"ddd":0,"ind":3,"ty":4,"nm":"Layer 8","sr":1,"ks":{"o":{"a":1,"k":[{"i":{"x":[0.833],"y":[0.833]},"o":{"x":[0.167],"y":[0.167]},"t":66,"s":[0]},{"i":{"x":[0.833],"y":[0.833]},"o":{"x":[0.167],"y":[0.167]},"t":68,"s":[100]},{"i":{"x":[0.833],"y":[0.833]},"o":{"x":[0.167],"y":[0.167]},"t":98,"s":[100]},{"t":100,"s":[0]}],"ix":11},"r":{"a":0,"k":0,"ix":10},"p":{"a":1,"k":[{"i":{"x":0.833,"y":0.833},"o":{"x":0.167,"y":0.167},"t":66,"s":[393.805,172.56,0],"to":[0,-23.333,0],"ti":[0,23.333,0]},{"t":101,"s":[393.805,32.56,0]}],"ix":2,"l":2},"a":{"a":0,"k":[143.805,-107.44,0],"ix":1,"l":2},"s":{"a":0,"k":[100,100,100],"ix":6,"l":2}},"ao":0,"shapes":[{"ty":"gr","it":[{"ty":"gr","it":[{"ind":0,"ty":"sh","ix":1,"ks":{"a":0,"k":{"i":[[0,0],[0,0],[-3.336,3.15],[-3.335,-3.15],[0,0],[0,0],[-3.335,-3.15],[3.336,-3.15]],"o":[[0,0],[-3.336,-3.15],[3.335,-3.15],[0,0],[0,0],[3.335,-3.15],[3.336,3.15],[0,0]],"v":[[143.805,-93.52],[128.906,-107.59],[128.906,-118.997],[140.986,-118.997],[143.805,-116.336],[146.623,-118.997],[158.703,-118.997],[158.703,-107.59]],"c":true},"ix":2},"nm":"Path 1","mn":"ADBE Vector Shape - Group","hd":false},{"ty":"fl","c":{"a":0,"k":[0.933333337307,0.23137255013,0.141176477075,1],"ix":4},"o":{"a":0,"k":100,"ix":5},"r":1,"bm":0,"nm":"Fill 1","mn":"ADBE Vector Graphic - Fill","hd":false},{"ty":"tr","p":{"a":0,"k":[0,0],"ix":2},"a":{"a":0,"k":[0,0],"ix":1},"s":{"a":0,"k":[100,100],"ix":3},"r":{"a":0,"k":0,"ix":6},"o":{"a":0,"k":100,"ix":7},"sk":{"a":0,"k":0,"ix":4},"sa":{"a":0,"k":0,"ix":5},"nm":"Transform"}],"nm":"Group 1","np":2,"cix":2,"bm":0,"ix":1,"mn":"ADBE Vector Group","hd":false},{"ty":"tr","p":{"a":0,"k":[0,0],"ix":2},"a":{"a":0,"k":[0,0],"ix":1},"s":{"a":0,"k":[100,100],"ix":3},"r":{"a":0,"k":0,"ix":6},"o":{"a":0,"k":100,"ix":7},"sk":{"a":0,"k":0,"ix":4},"sa":{"a":0,"k":0,"ix":5},"nm":"Transform"}],"nm":"Group 1","np":1,"cix":2,"bm":0,"ix":1,"mn":"ADBE Vector Group","hd":false}],"ip":66,"op":101,"st":66,"ct":1,"bm":0},{"ddd":0,"ind":4,"ty":4,"nm":"Layer 7","sr":1,"ks":{"o":{"a":1,"k":[{"i":{"x":[0.833],"y":[0.833]},"o":{"x":[0.167],"y":[0.167]},"t":37,"s":[0]},{"i":{"x":[0.833],"y":[0.833]},"o":{"x":[0.167],"y":[0.167]},"t":39,"s":[100]},{"i":{"x":[0.833],"y":[0.833]},"o":{"x":[0.167],"y":[0.167]},"t":69,"s":[100]},{"t":71,"s":[0]}],"ix":11},"r":{"a":0,"k":0,"ix":10},"p":{"a":1,"k":[{"i":{"x":0.833,"y":0.833},"o":{"x":0.167,"y":0.167},"t":37,"s":[151.944,169.152,0],"to":[0,-23.333,0],"ti":[0,23.333,0]},{"t":72,"s":[151.944,29.152,0]}],"ix":2,"l":2},"a":{"a":0,"k":[-98.056,-140.848,0],"ix":1,"l":2},"s":{"a":0,"k":[100,100,100],"ix":6,"l":2}},"ao":0,"shapes":[{"ty":"gr","it":[{"ty":"gr","it":[{"ind":0,"ty":"sh","ix":1,"ks":{"a":0,"k":{"i":[[0,0],[0,0],[2.001,1.89],[2.001,-1.89],[0,0],[0,0],[2.001,-1.89],[-2.001,-1.89]],"o":[[0,0],[2.001,-1.89],[-2.001,-1.89],[0,0],[0,0],[-2.001,-1.89],[-2.001,1.89],[0,0]],"v":[[-98.056,-132.496],[-89.117,-140.938],[-89.117,-147.782],[-96.365,-147.782],[-98.056,-146.186],[-99.747,-147.782],[-106.995,-147.782],[-106.995,-140.938]],"c":true},"ix":2},"nm":"Path 1","mn":"ADBE Vector Shape - Group","hd":false},{"ty":"fl","c":{"a":0,"k":[0.933333337307,0.23137255013,0.141176477075,1],"ix":4},"o":{"a":0,"k":100,"ix":5},"r":1,"bm":0,"nm":"Fill 1","mn":"ADBE Vector Graphic - Fill","hd":false},{"ty":"tr","p":{"a":0,"k":[0,0],"ix":2},"a":{"a":0,"k":[0,0],"ix":1},"s":{"a":0,"k":[100,100],"ix":3},"r":{"a":0,"k":0,"ix":6},"o":{"a":0,"k":100,"ix":7},"sk":{"a":0,"k":0,"ix":4},"sa":{"a":0,"k":0,"ix":5},"nm":"Transform"}],"nm":"Group 1","np":2,"cix":2,"bm":0,"ix":1,"mn":"ADBE Vector Group","hd":false},{"ty":"tr","p":{"a":0,"k":[0,0],"ix":2},"a":{"a":0,"k":[0,0],"ix":1},"s":{"a":0,"k":[100,100],"ix":3},"r":{"a":0,"k":0,"ix":6},"o":{"a":0,"k":100,"ix":7},"sk":{"a":0,"k":0,"ix":4},"sa":{"a":0,"k":0,"ix":5},"nm":"Transform"}],"nm":"Group 1","np":1,"cix":2,"bm":0,"ix":1,"mn":"ADBE Vector Group","hd":false}],"ip":37,"op":72,"st":37,"ct":1,"bm":0},{"ddd":0,"ind":5,"ty":4,"nm":"Layer 6","sr":1,"ks":{"o":{"a":1,"k":[{"i":{"x":[0.833],"y":[0.833]},"o":{"x":[0.167],"y":[0.167]},"t":7,"s":[0]},{"i":{"x":[0.833],"y":[0.833]},"o":{"x":[0.167],"y":[0.167]},"t":9,"s":[100]},{"i":{"x":[0.833],"y":[0.833]},"o":{"x":[0.167],"y":[0.167]},"t":39,"s":[100]},{"t":41,"s":[0]}],"ix":11},"r":{"a":0,"k":0,"ix":10},"p":{"a":1,"k":[{"i":{"x":0.833,"y":0.833},"o":{"x":0.167,"y":0.167},"t":7,"s":[111.924,172.56,0],"to":[0,-23.333,0],"ti":[0,23.333,0]},{"t":42,"s":[111.924,32.56,0]}],"ix":2,"l":2},"a":{"a":0,"k":[-138.076,-107.44,0],"ix":1,"l":2},"s":{"a":0,"k":[100,100,100],"ix":6,"l":2}},"ao":0,"shapes":[{"ty":"gr","it":[{"ty":"gr","it":[{"ind":0,"ty":"sh","ix":1,"ks":{"a":0,"k":{"i":[[0,0],[0,0],[3.336,3.15],[3.335,-3.15],[0,0],[0,0],[3.335,-3.15],[-3.336,-3.15]],"o":[[0,0],[3.336,-3.15],[-3.335,-3.15],[0,0],[0,0],[-3.335,-3.15],[-3.336,3.15],[0,0]],"v":[[-138.076,-93.52],[-123.178,-107.59],[-123.178,-118.997],[-135.257,-118.997],[-138.076,-116.336],[-140.894,-118.997],[-152.974,-118.997],[-152.974,-107.59]],"c":true},"ix":2},"nm":"Path 1","mn":"ADBE Vector Shape - Group","hd":false},{"ty":"fl","c":{"a":0,"k":[0.933333337307,0.23137255013,0.141176477075,1],"ix":4},"o":{"a":0,"k":100,"ix":5},"r":1,"bm":0,"nm":"Fill 1","mn":"ADBE Vector Graphic - Fill","hd":false},{"ty":"tr","p":{"a":0,"k":[0,0],"ix":2},"a":{"a":0,"k":[0,0],"ix":1},"s":{"a":0,"k":[100,100],"ix":3},"r":{"a":0,"k":0,"ix":6},"o":{"a":0,"k":100,"ix":7},"sk":{"a":0,"k":0,"ix":4},"sa":{"a":0,"k":0,"ix":5},"nm":"Transform"}],"nm":"Group 1","np":2,"cix":2,"bm":0,"ix":1,"mn":"ADBE Vector Group","hd":false},{"ty":"tr","p":{"a":0,"k":[0,0],"ix":2},"a":{"a":0,"k":[0,0],"ix":1},"s":{"a":0,"k":[100,100],"ix":3},"r":{"a":0,"k":0,"ix":6},"o":{"a":0,"k":100,"ix":7},"sk":{"a":0,"k":0,"ix":4},"sa":{"a":0,"k":0,"ix":5},"nm":"Transform"}],"nm":"Group 1","np":1,"cix":2,"bm":0,"ix":1,"mn":"ADBE Vector Group","hd":false}],"ip":7,"op":42,"st":7,"ct":1,"bm":0},{"ddd":0,"ind":6,"ty":4,"nm":"Layer 5","sr":1,"ks":{"o":{"a":1,"k":[{"i":{"x":[0.833],"y":[0.833]},"o":{"x":[0.167],"y":[0.167]},"t":67,"s":[0]},{"i":{"x":[0.833],"y":[0.833]},"o":{"x":[0.167],"y":[0.167]},"t":69,"s":[100]},{"i":{"x":[0.833],"y":[0.833]},"o":{"x":[0.167],"y":[0.167]},"t":99,"s":[100]},{"t":101,"s":[0]}],"ix":11},"r":{"a":0,"k":0,"ix":10},"p":{"a":1,"k":[{"i":{"x":0.833,"y":0.833},"o":{"x":0.167,"y":0.167},"t":67,"s":[126.714,194.76,0],"to":[0,-28.333,0],"ti":[0,28.333,0]},{"t":102,"s":[126.714,24.76,0]}],"ix":2,"l":2},"a":{"a":0,"k":[-123.286,-55.24,0],"ix":1,"l":2},"s":{"a":0,"k":[100,100,100],"ix":6,"l":2}},"ao":0,"shapes":[{"ty":"gr","it":[{"ty":"gr","it":[{"ind":0,"ty":"sh","ix":1,"ks":{"a":0,"k":{"i":[[0,0],[0,0],[4.17,3.938],[4.169,-3.938],[0,0],[0,0],[4.169,-3.938],[-4.17,-3.938]],"o":[[0,0],[4.17,-3.938],[-4.169,-3.938],[0,0],[0,0],[-4.169,-3.938],[-4.17,3.938],[0,0]],"v":[[-123.286,-37.84],[-104.663,-55.427],[-104.663,-69.687],[-119.763,-69.687],[-123.286,-66.36],[-126.809,-69.687],[-141.909,-69.687],[-141.909,-55.427]],"c":true},"ix":2},"nm":"Path 1","mn":"ADBE Vector Shape - Group","hd":false},{"ty":"fl","c":{"a":0,"k":[0.933333337307,0.23137255013,0.141176477075,1],"ix":4},"o":{"a":0,"k":100,"ix":5},"r":1,"bm":0,"nm":"Fill 1","mn":"ADBE Vector Graphic - Fill","hd":false},{"ty":"tr","p":{"a":0,"k":[0,0],"ix":2},"a":{"a":0,"k":[0,0],"ix":1},"s":{"a":0,"k":[100,100],"ix":3},"r":{"a":0,"k":0,"ix":6},"o":{"a":0,"k":100,"ix":7},"sk":{"a":0,"k":0,"ix":4},"sa":{"a":0,"k":0,"ix":5},"nm":"Transform"}],"nm":"Group 1","np":2,"cix":2,"bm":0,"ix":1,"mn":"ADBE Vector Group","hd":false},{"ty":"tr","p":{"a":0,"k":[0,0],"ix":2},"a":{"a":0,"k":[0,0],"ix":1},"s":{"a":0,"k":[100,100],"ix":3},"r":{"a":0,"k":0,"ix":6},"o":{"a":0,"k":100,"ix":7},"sk":{"a":0,"k":0,"ix":4},"sa":{"a":0,"k":0,"ix":5},"nm":"Transform"}],"nm":"Group 1","np":1,"cix":2,"bm":0,"ix":1,"mn":"ADBE Vector Group","hd":false}],"ip":67,"op":102,"st":67,"ct":1,"bm":0},{"ddd":0,"ind":7,"ty":4,"nm":"Layer 4","sr":1,"ks":{"o":{"a":1,"k":[{"i":{"x":[0.833],"y":[0.833]},"o":{"x":[0.167],"y":[0.167]},"t":52,"s":[0]},{"i":{"x":[0.833],"y":[0.833]},"o":{"x":[0.167],"y":[0.167]},"t":54,"s":[100]},{"i":{"x":[0.833],"y":[0.833]},"o":{"x":[0.167],"y":[0.167]},"t":84,"s":[100]},{"t":86,"s":[0]}],"ix":11},"r":{"a":0,"k":0,"ix":10},"p":{"a":1,"k":[{"i":{"x":0.833,"y":0.833},"o":{"x":0.167,"y":0.167},"t":52,"s":[353.784,169.152,0],"to":[0,-23.333,0],"ti":[0,23.333,0]},{"t":87,"s":[353.784,29.152,0]}],"ix":2,"l":2},"a":{"a":0,"k":[103.784,-140.848,0],"ix":1,"l":2},"s":{"a":0,"k":[100,100,100],"ix":6,"l":2}},"ao":0,"shapes":[{"ty":"gr","it":[{"ty":"gr","it":[{"ind":0,"ty":"sh","ix":1,"ks":{"a":0,"k":{"i":[[0,0],[0,0],[-2.001,1.89],[-2.001,-1.89],[0,0],[0,0],[-2.001,-1.89],[2.001,-1.89]],"o":[[0,0],[-2.001,-1.89],[2.001,-1.89],[0,0],[0,0],[2.001,-1.89],[2.001,1.89],[0,0]],"v":[[103.784,-132.496],[94.846,-140.938],[94.846,-147.782],[102.093,-147.782],[103.784,-146.186],[105.476,-147.782],[112.723,-147.782],[112.723,-140.938]],"c":true},"ix":2},"nm":"Path 1","mn":"ADBE Vector Shape - Group","hd":false},{"ty":"fl","c":{"a":0,"k":[0.933333337307,0.23137255013,0.141176477075,1],"ix":4},"o":{"a":0,"k":100,"ix":5},"r":1,"bm":0,"nm":"Fill 1","mn":"ADBE Vector Graphic - Fill","hd":false},{"ty":"tr","p":{"a":0,"k":[0,0],"ix":2},"a":{"a":0,"k":[0,0],"ix":1},"s":{"a":0,"k":[100,100],"ix":3},"r":{"a":0,"k":0,"ix":6},"o":{"a":0,"k":100,"ix":7},"sk":{"a":0,"k":0,"ix":4},"sa":{"a":0,"k":0,"ix":5},"nm":"Transform"}],"nm":"Group 1","np":2,"cix":2,"bm":0,"ix":1,"mn":"ADBE Vector Group","hd":false},{"ty":"tr","p":{"a":0,"k":[0,0],"ix":2},"a":{"a":0,"k":[0,0],"ix":1},"s":{"a":0,"k":[100,100],"ix":3},"r":{"a":0,"k":0,"ix":6},"o":{"a":0,"k":100,"ix":7},"sk":{"a":0,"k":0,"ix":4},"sa":{"a":0,"k":0,"ix":5},"nm":"Transform"}],"nm":"Group 1","np":1,"cix":2,"bm":0,"ix":1,"mn":"ADBE Vector Group","hd":false}],"ip":52,"op":87,"st":52,"ct":1,"bm":0},{"ddd":0,"ind":8,"ty":4,"nm":"Layer 3","sr":1,"ks":{"o":{"a":1,"k":[{"i":{"x":[0.833],"y":[0.833]},"o":{"x":[0.167],"y":[0.167]},"t":29,"s":[0]},{"i":{"x":[0.833],"y":[0.833]},"o":{"x":[0.167],"y":[0.167]},"t":31,"s":[100]},{"i":{"x":[0.833],"y":[0.833]},"o":{"x":[0.167],"y":[0.167]},"t":61,"s":[100]},{"t":63,"s":[0]}],"ix":11},"r":{"a":0,"k":0,"ix":10},"p":{"a":1,"k":[{"i":{"x":0.833,"y":0.833},"o":{"x":0.167,"y":0.167},"t":29,"s":[393.805,172.56,0],"to":[0,-23.333,0],"ti":[0,23.333,0]},{"t":64,"s":[393.805,32.56,0]}],"ix":2,"l":2},"a":{"a":0,"k":[143.805,-107.44,0],"ix":1,"l":2},"s":{"a":0,"k":[100,100,100],"ix":6,"l":2}},"ao":0,"shapes":[{"ty":"gr","it":[{"ty":"gr","it":[{"ind":0,"ty":"sh","ix":1,"ks":{"a":0,"k":{"i":[[0,0],[0,0],[-3.336,3.15],[-3.335,-3.15],[0,0],[0,0],[-3.335,-3.15],[3.336,-3.15]],"o":[[0,0],[-3.336,-3.15],[3.335,-3.15],[0,0],[0,0],[3.335,-3.15],[3.336,3.15],[0,0]],"v":[[143.805,-93.52],[128.906,-107.59],[128.906,-118.997],[140.986,-118.997],[143.805,-116.336],[146.623,-118.997],[158.703,-118.997],[158.703,-107.59]],"c":true},"ix":2},"nm":"Path 1","mn":"ADBE Vector Shape - Group","hd":false},{"ty":"fl","c":{"a":0,"k":[0.933333337307,0.23137255013,0.141176477075,1],"ix":4},"o":{"a":0,"k":100,"ix":5},"r":1,"bm":0,"nm":"Fill 1","mn":"ADBE Vector Graphic - Fill","hd":false},{"ty":"tr","p":{"a":0,"k":[0,0],"ix":2},"a":{"a":0,"k":[0,0],"ix":1},"s":{"a":0,"k":[100,100],"ix":3},"r":{"a":0,"k":0,"ix":6},"o":{"a":0,"k":100,"ix":7},"sk":{"a":0,"k":0,"ix":4},"sa":{"a":0,"k":0,"ix":5},"nm":"Transform"}],"nm":"Group 1","np":2,"cix":2,"bm":0,"ix":1,"mn":"ADBE Vector Group","hd":false},{"ty":"tr","p":{"a":0,"k":[0,0],"ix":2},"a":{"a":0,"k":[0,0],"ix":1},"s":{"a":0,"k":[100,100],"ix":3},"r":{"a":0,"k":0,"ix":6},"o":{"a":0,"k":100,"ix":7},"sk":{"a":0,"k":0,"ix":4},"sa":{"a":0,"k":0,"ix":5},"nm":"Transform"}],"nm":"Group 1","np":1,"cix":2,"bm":0,"ix":1,"mn":"ADBE Vector Group","hd":false}],"ip":29,"op":64,"st":29,"ct":1,"bm":0},{"ddd":0,"ind":9,"ty":4,"nm":"Layer 2","sr":1,"ks":{"o":{"a":1,"k":[{"i":{"x":[0.833],"y":[0.833]},"o":{"x":[0.167],"y":[0.167]},"t":11,"s":[0]},{"i":{"x":[0.833],"y":[0.833]},"o":{"x":[0.167],"y":[0.167]},"t":13,"s":[100]},{"i":{"x":[0.833],"y":[0.833]},"o":{"x":[0.167],"y":[0.167]},"t":43,"s":[100]},{"t":45,"s":[0]}],"ix":11},"r":{"a":0,"k":0,"ix":10},"p":{"a":1,"k":[{"i":{"x":0.833,"y":0.833},"o":{"x":0.167,"y":0.167},"t":11,"s":[379.014,194.76,0],"to":[0,-26.667,0],"ti":[0,26.667,0]},{"t":46,"s":[379.014,34.76,0]}],"ix":2,"l":2},"a":{"a":0,"k":[129.014,-55.24,0],"ix":1,"l":2},"s":{"a":0,"k":[100,100,100],"ix":6,"l":2}},"ao":0,"shapes":[{"ty":"gr","it":[{"ty":"gr","it":[{"ind":0,"ty":"sh","ix":1,"ks":{"a":0,"k":{"i":[[0,0],[0,0],[-4.17,3.938],[-4.169,-3.938],[0,0],[0,0],[-4.169,-3.938],[4.17,-3.938]],"o":[[0,0],[-4.17,-3.938],[4.169,-3.938],[0,0],[0,0],[4.169,-3.938],[4.17,3.938],[0,0]],"v":[[129.015,-37.84],[110.392,-55.427],[110.392,-69.687],[125.491,-69.687],[129.015,-66.36],[132.538,-69.687],[147.637,-69.687],[147.637,-55.427]],"c":true},"ix":2},"nm":"Path 1","mn":"ADBE Vector Shape - Group","hd":false},{"ty":"fl","c":{"a":0,"k":[0.933333337307,0.23137255013,0.141176477075,1],"ix":4},"o":{"a":0,"k":100,"ix":5},"r":1,"bm":0,"nm":"Fill 1","mn":"ADBE Vector Graphic - Fill","hd":false},{"ty":"tr","p":{"a":0,"k":[0,0],"ix":2},"a":{"a":0,"k":[0,0],"ix":1},"s":{"a":0,"k":[100,100],"ix":3},"r":{"a":0,"k":0,"ix":6},"o":{"a":0,"k":100,"ix":7},"sk":{"a":0,"k":0,"ix":4},"sa":{"a":0,"k":0,"ix":5},"nm":"Transform"}],"nm":"Group 1","np":2,"cix":2,"bm":0,"ix":1,"mn":"ADBE Vector Group","hd":false},{"ty":"tr","p":{"a":0,"k":[0,0],"ix":2},"a":{"a":0,"k":[0,0],"ix":1},"s":{"a":0,"k":[100,100],"ix":3},"r":{"a":0,"k":0,"ix":6},"o":{"a":0,"k":100,"ix":7},"sk":{"a":0,"k":0,"ix":4},"sa":{"a":0,"k":0,"ix":5},"nm":"Transform"}],"nm":"Group 1","np":1,"cix":2,"bm":0,"ix":1,"mn":"ADBE Vector Group","hd":false}],"ip":11,"op":46,"st":11,"ct":1,"bm":0},{"ddd":0,"ind":10,"ty":4,"nm":"Layer 1","parent":19,"sr":1,"ks":{"o":{"a":0,"k":100,"ix":11},"r":{"a":0,"k":0,"ix":10},"p":{"a":0,"k":[0.864,138.28,0],"ix":2,"l":2},"a":{"a":0,"k":[2.864,115.28,0],"ix":1,"l":2},"s":{"a":0,"k":[100,100,100],"ix":6,"l":2}},"ao":0,"shapes":[{"ty":"gr","it":[{"ty":"gr","it":[{"ind":0,"ty":"sh","ix":1,"ks":{"a":1,"k":[{"i":{"x":0.667,"y":1},"o":{"x":0.16,"y":0.006},"t":5,"s":[{"i":[[44.881,0],[1.844,44.432],[0,0]],"o":[[-44.881,0],[0,0],[-1.844,44.432]],"v":[[2.864,164],[-80.48,83.96],[86.208,83.96]],"c":true}]},{"i":{"x":0.667,"y":1},"o":{"x":0.333,"y":0},"t":15,"s":[{"i":[[44.881,0],[1.844,44.432],[0,0]],"o":[[-44.881,0],[0,0],[-1.844,44.432]],"v":[[2.864,164],[-80.48,83.96],[86.208,83.96]],"c":true}]},{"i":{"x":0.84,"y":1},"o":{"x":0.333,"y":0},"t":94,"s":[{"i":[[44.881,0],[1.844,44.432],[0,0]],"o":[[-44.881,0],[0,0],[-1.844,44.432]],"v":[[2.864,164],[-80.48,83.96],[86.208,83.96]],"c":true}]},{"t":104,"s":[{"i":[[44.881,0],[1.844,44.432],[0,0]],"o":[[-44.881,0],[0,0],[-1.844,44.432]],"v":[[2.864,164],[-80.48,83.96],[86.208,83.96]],"c":true}]}],"ix":2},"nm":"Path 1","mn":"ADBE Vector Shape - Group","hd":false},{"ind":1,"ty":"sh","ix":2,"ks":{"a":1,"k":[{"i":{"x":0.667,"y":1},"o":{"x":0.16,"y":0.006},"t":5,"s":[{"i":[[0,0],[0,0]],"o":[[0,0],[0,0]],"v":[[79.424,52.64],[-73.696,52.64]],"c":true}]},{"i":{"x":0.667,"y":1},"o":{"x":0.333,"y":0},"t":15,"s":[{"i":[[0,0],[0,0]],"o":[[0,0],[0,0]],"v":[[79.424,52.64],[-73.696,52.64]],"c":true}]},{"i":{"x":0.84,"y":1},"o":{"x":0.333,"y":0},"t":94,"s":[{"i":[[0,0],[0,0]],"o":[[0,0],[0,0]],"v":[[79.424,52.64],[-73.696,52.64]],"c":true}]},{"t":104,"s":[{"i":[[0,0],[0,0]],"o":[[0,0],[0,0]],"v":[[79.424,52.64],[-73.696,52.64]],"c":true}]}],"ix":2},"nm":"Path 2","mn":"ADBE Vector Shape - Group","hd":false},{"ind":2,"ty":"sh","ix":3,"ks":{"a":1,"k":[{"i":{"x":0.667,"y":1},"o":{"x":0.16,"y":0.006},"t":5,"s":[{"i":[[0,0],[0,0],[0,0],[0,0]],"o":[[0,0],[0,0],[0,0],[0,0]],"v":[[-80.656,77],[-80.656,66.56],[86.384,66.56],[86.384,77]],"c":true}]},{"i":{"x":0.667,"y":1},"o":{"x":0.333,"y":0},"t":15,"s":[{"i":[[0,0],[0,0],[0,0],[0,0]],"o":[[0,0],[0,0],[0,0],[0,0]],"v":[[-80.656,77],[-80.656,66.56],[86.384,66.56],[86.384,77]],"c":true}]},{"i":{"x":0.84,"y":1},"o":{"x":0.333,"y":0},"t":94,"s":[{"i":[[0,0],[0,0],[0,0],[0,0]],"o":[[0,0],[0,0],[0,0],[0,0]],"v":[[-80.656,77],[-80.656,66.56],[86.384,66.56],[86.384,77]],"c":true}]},{"t":104,"s":[{"i":[[0,0],[0,0],[0,0],[0,0]],"o":[[0,0],[0,0],[0,0],[0,0]],"v":[[-80.656,77],[-80.656,66.56],[86.384,66.56],[86.384,77]],"c":true}]}],"ix":2},"nm":"Path 3","mn":"ADBE Vector Shape - Group","hd":false},{"ind":3,"ty":"sh","ix":4,"ks":{"a":1,"k":[{"i":{"x":0.667,"y":1},"o":{"x":0.16,"y":0.006},"t":5,"s":[{"i":[[3.844,0],[0,0],[0,-3.844],[0,0],[-8.15,-14.222],[6.633,-6.633],[0,0],[-3.604,-4.241],[-2.939,0],[-2.039,2.039],[0,0],[-8.138,-4.664],[-17.535,0],[-14.222,8.15],[-6.632,-6.633],[0,0],[-2.671,0],[-2.097,2.468],[3.935,3.935],[0,0],[-4.664,8.138],[0,17.535],[0,0]],"o":[[0,0],[-3.844,0],[0,0],[0,17.535],[4.664,8.138],[0,0],[-3.935,3.935],[2.097,2.468],[2.671,0],[0,0],[6.632,-6.633],[14.222,8.15],[17.535,0],[8.138,-4.664],[0,0],[2.039,2.039],[2.939,0],[3.604,-4.241],[0,0],[-6.633,-6.633],[8.15,-14.222],[0,0],[0,-3.844]],"v":[[93.344,52.64],[-87.616,52.64],[-94.576,59.6],[-94.576,80.48],[-81.75,128.687],[-85.118,153.699],[-90.984,159.565],[-92.11,174.219],[-84.136,177.92],[-76.755,174.862],[-70.355,168.462],[-45.343,165.094],[2.864,177.92],[51.071,165.094],[76.083,168.462],[82.483,174.862],[89.864,177.92],[97.839,174.219],[96.712,159.565],[90.846,153.699],[87.478,128.687],[100.304,80.48],[100.304,59.6]],"c":true}]},{"i":{"x":0.667,"y":1},"o":{"x":0.333,"y":0},"t":15,"s":[{"i":[[3.844,0],[0,0],[0,-3.844],[0,0],[-7.948,-14.336],[0.618,-9.272],[0,0],[-5.549,-0.425],[-2.068,2.088],[0.013,2.884],[0,0],[-8.138,-4.664],[-17.535,0],[-14.222,8.15],[0.318,-9.375],[0,0],[-1.824,-1.952],[-3.235,0.153],[-0.188,5.562],[0,0],[-4.664,8.138],[0,17.535],[0,0]],"o":[[0,0],[-3.844,0],[0,0],[0,17.535],[3.5,6.313],[0,0],[0.026,5.565],[3.229,0.247],[1.88,-1.897],[0,0],[-0.043,-9.38],[14.222,8.15],[17.535,0],[8.138,-4.664],[0,0],[-0.098,2.882],[2.006,2.147],[5.559,-0.263],[0,0],[0.318,-9.375],[8.15,-14.222],[0,0],[0,-3.844]],"v":[[93.344,52.64],[-87.616,52.64],[-94.576,59.6],[-94.576,80.48],[-81.75,128.687],[-83.132,165.585],[-83.093,173.88],[-73.477,184.994],[-65.235,181.935],[-62.212,174.539],[-62.254,165.488],[-45.343,165.094],[2.864,177.92],[51.071,165.094],[64.115,164.109],[63.809,173.155],[66.614,180.636],[74.763,183.935],[84.701,173.108],[84.982,164.817],[87.478,128.687],[100.304,80.48],[100.304,59.6]],"c":true}]},{"i":{"x":0.84,"y":1},"o":{"x":0.333,"y":0},"t":94,"s":[{"i":[[3.844,0],[0,0],[0,-3.844],[0,0],[-7.948,-14.336],[0.618,-9.272],[0,0],[-5.549,-0.425],[-2.068,2.088],[0.013,2.884],[0,0],[-8.138,-4.664],[-17.535,0],[-14.222,8.15],[0.318,-9.375],[0,0],[-1.824,-1.952],[-3.235,0.153],[-0.188,5.562],[0,0],[-4.664,8.138],[0,17.535],[0,0]],"o":[[0,0],[-3.844,0],[0,0],[0,17.535],[3.5,6.313],[0,0],[0.026,5.565],[3.229,0.247],[1.88,-1.897],[0,0],[-0.043,-9.38],[14.222,8.15],[17.535,0],[8.138,-4.664],[0,0],[-0.098,2.882],[2.006,2.147],[5.559,-0.263],[0,0],[0.318,-9.375],[8.15,-14.222],[0,0],[0,-3.844]],"v":[[93.344,52.64],[-87.616,52.64],[-94.576,59.6],[-94.576,80.48],[-81.75,128.687],[-83.132,165.585],[-83.093,173.88],[-73.477,184.994],[-65.235,181.935],[-62.212,174.539],[-62.254,165.488],[-45.343,165.094],[2.864,177.92],[51.071,165.094],[64.115,164.109],[63.809,173.155],[66.614,180.636],[74.763,183.935],[84.701,173.108],[84.982,164.817],[87.478,128.687],[100.304,80.48],[100.304,59.6]],"c":true}]},{"t":104,"s":[{"i":[[3.844,0],[0,0],[0,-3.844],[0,0],[-8.15,-14.222],[6.633,-6.633],[0,0],[-3.604,-4.241],[-2.939,0],[-2.039,2.039],[0,0],[-8.138,-4.664],[-17.535,0],[-14.222,8.15],[-6.632,-6.633],[0,0],[-2.671,0],[-2.097,2.468],[3.935,3.935],[0,0],[-4.664,8.138],[0,17.535],[0,0]],"o":[[0,0],[-3.844,0],[0,0],[0,17.535],[4.664,8.138],[0,0],[-3.935,3.935],[2.097,2.468],[2.671,0],[0,0],[6.632,-6.633],[14.222,8.15],[17.535,0],[8.138,-4.664],[0,0],[2.039,2.039],[2.939,0],[3.604,-4.241],[0,0],[-6.633,-6.633],[8.15,-14.222],[0,0],[0,-3.844]],"v":[[93.344,52.64],[-87.616,52.64],[-94.576,59.6],[-94.576,80.48],[-81.75,128.687],[-85.118,153.699],[-90.984,159.565],[-92.11,174.219],[-84.136,177.92],[-76.755,174.862],[-70.355,168.462],[-45.343,165.094],[2.864,177.92],[51.071,165.094],[76.083,168.462],[82.483,174.862],[89.864,177.92],[97.839,174.219],[96.712,159.565],[90.846,153.699],[87.478,128.687],[100.304,80.48],[100.304,59.6]],"c":true}]}],"ix":2},"nm":"Path 4","mn":"ADBE Vector Shape - Group","hd":false},{"ty":"fl","c":{"a":0,"k":[0.192156866193,0.054901961237,0.192156866193,1],"ix":4},"o":{"a":0,"k":100,"ix":5},"r":1,"bm":0,"nm":"Fill 1","mn":"ADBE Vector Graphic - Fill","hd":false},{"ty":"tr","p":{"a":0,"k":[0,0],"ix":2},"a":{"a":0,"k":[0,0],"ix":1},"s":{"a":0,"k":[100,100],"ix":3},"r":{"a":0,"k":0,"ix":6},"o":{"a":0,"k":100,"ix":7},"sk":{"a":0,"k":0,"ix":4},"sa":{"a":0,"k":0,"ix":5},"nm":"Transform"}],"nm":"Group 1","np":5,"cix":2,"bm":0,"ix":1,"mn":"ADBE Vector Group","hd":false},{"ty":"tr","p":{"a":0,"k":[0,0],"ix":2},"a":{"a":0,"k":[0,0],"ix":1},"s":{"a":0,"k":[100,100],"ix":3},"r":{"a":0,"k":0,"ix":6},"o":{"a":0,"k":100,"ix":7},"sk":{"a":0,"k":0,"ix":4},"sa":{"a":0,"k":0,"ix":5},"nm":"Transform"}],"nm":"Group 1","np":1,"cix":2,"bm":0,"ix":1,"mn":"ADBE Vector Group","hd":false},{"ty":"gr","it":[{"ty":"gr","it":[{"ind":0,"ty":"sh","ix":1,"ks":{"a":1,"k":[{"i":{"x":0.667,"y":1},"o":{"x":0.16,"y":0.006},"t":5,"s":[{"i":[[0,0],[0,0],[0,0],[0,0],[0,0],[-48.666,-2.292],[0,51.421],[0,0]],"o":[[0,0],[0,0],[0,0],[0,0],[0,48.72],[51.959,2.447],[0,0],[0,0]],"v":[[79.424,59.6],[2.864,59.6],[-73.696,59.6],[-87.616,59.6],[-87.616,77.924],[-1.51,170.857],[93.344,80.48],[93.344,59.6]],"c":true}]},{"i":{"x":0.667,"y":1},"o":{"x":0.333,"y":0},"t":15,"s":[{"i":[[0,0],[0,0],[0,0],[0,0],[0,0],[-48.666,-2.292],[0,51.421],[0,0]],"o":[[0,0],[0,0],[0,0],[0,0],[0,48.72],[51.959,2.447],[0,0],[0,0]],"v":[[79.424,59.6],[2.864,59.6],[-73.696,59.6],[-87.616,59.6],[-87.616,77.924],[-1.51,170.857],[93.344,80.48],[93.344,59.6]],"c":true}]},{"i":{"x":0.84,"y":1},"o":{"x":0.333,"y":0},"t":94,"s":[{"i":[[0,0],[0,0],[0,0],[0,0],[0,0],[-48.666,-2.292],[0,51.421],[0,0]],"o":[[0,0],[0,0],[0,0],[0,0],[0,48.72],[51.959,2.447],[0,0],[0,0]],"v":[[79.424,59.6],[2.864,59.6],[-73.696,59.6],[-87.616,59.6],[-87.616,77.924],[-1.51,170.857],[93.344,80.48],[93.344,59.6]],"c":true}]},{"t":104,"s":[{"i":[[0,0],[0,0],[0,0],[0,0],[0,0],[-48.666,-2.292],[0,51.421],[0,0]],"o":[[0,0],[0,0],[0,0],[0,0],[0,48.72],[51.959,2.447],[0,0],[0,0]],"v":[[79.424,59.6],[2.864,59.6],[-73.696,59.6],[-87.616,59.6],[-87.616,77.924],[-1.51,170.857],[93.344,80.48],[93.344,59.6]],"c":true}]}],"ix":2},"nm":"Path 1","mn":"ADBE Vector Shape - Group","hd":false},{"ty":"fl","c":{"a":0,"k":[0.976470589638,0.61960786581,0.113725490868,1],"ix":4},"o":{"a":0,"k":100,"ix":5},"r":1,"bm":0,"nm":"Fill 1","mn":"ADBE Vector Graphic - Fill","hd":false},{"ty":"tr","p":{"a":0,"k":[0,0],"ix":2},"a":{"a":0,"k":[0,0],"ix":1},"s":{"a":0,"k":[100,100],"ix":3},"r":{"a":0,"k":0,"ix":6},"o":{"a":0,"k":100,"ix":7},"sk":{"a":0,"k":0,"ix":4},"sa":{"a":0,"k":0,"ix":5},"nm":"Transform"}],"nm":"Group 1","np":2,"cix":2,"bm":0,"ix":1,"mn":"ADBE Vector Group","hd":false},{"ty":"tr","p":{"a":0,"k":[0,0],"ix":2},"a":{"a":0,"k":[0,0],"ix":1},"s":{"a":0,"k":[100,100],"ix":3},"r":{"a":0,"k":0,"ix":6},"o":{"a":0,"k":100,"ix":7},"sk":{"a":0,"k":0,"ix":4},"sa":{"a":0,"k":0,"ix":5},"nm":"Transform"}],"nm":"Group 2","np":1,"cix":2,"bm":0,"ix":2,"mn":"ADBE Vector Group","hd":false},{"ty":"gr","it":[{"ty":"gr","it":[{"ind":0,"ty":"sh","ix":1,"ks":{"a":1,"k":[{"i":{"x":0.667,"y":1},"o":{"x":0.16,"y":0.002},"t":5,"s":[{"i":[[0,0],[0,0],[-49.971,0],[0,49.971],[0,0]],"o":[[0,0],[0,49.971],[49.971,0],[0,0],[0,0]],"v":[[-87.616,59.6],[-87.616,80.48],[2.864,170.96],[93.344,80.48],[93.344,59.6]],"c":true}]},{"i":{"x":0.667,"y":1},"o":{"x":0.333,"y":0},"t":15,"s":[{"i":[[0,0],[0,0],[-49.971,0],[0,49.971],[0,0]],"o":[[0,0],[0,49.971],[49.971,0],[0,0],[0,0]],"v":[[-87.616,59.6],[-87.616,80.48],[2.864,170.96],[93.344,80.48],[93.344,59.6]],"c":true}]},{"i":{"x":0.84,"y":1},"o":{"x":0.333,"y":0},"t":94,"s":[{"i":[[0,0],[0,0],[-49.971,0],[0,49.971],[0,0]],"o":[[0,0],[0,49.971],[49.971,0],[0,0],[0,0]],"v":[[-87.616,59.6],[-87.616,80.48],[2.864,170.96],[93.344,80.48],[93.344,59.6]],"c":true}]},{"t":104,"s":[{"i":[[0,0],[0,0],[-49.971,0],[0,49.971],[0,0]],"o":[[0,0],[0,49.971],[49.971,0],[0,0],[0,0]],"v":[[-87.616,59.6],[-87.616,80.48],[2.864,170.96],[93.344,80.48],[93.344,59.6]],"c":true}]}],"ix":2},"nm":"Path 1","mn":"ADBE Vector Shape - Group","hd":false},{"ty":"fl","c":{"a":0,"k":[1,0.776470601559,0.149019613862,1],"ix":4},"o":{"a":0,"k":100,"ix":5},"r":1,"bm":0,"nm":"Fill 1","mn":"ADBE Vector Graphic - Fill","hd":false},{"ty":"tr","p":{"a":0,"k":[0,0],"ix":2},"a":{"a":0,"k":[0,0],"ix":1},"s":{"a":0,"k":[100,100],"ix":3},"r":{"a":0,"k":0,"ix":6},"o":{"a":0,"k":100,"ix":7},"sk":{"a":0,"k":0,"ix":4},"sa":{"a":0,"k":0,"ix":5},"nm":"Transform"}],"nm":"Group 1","np":2,"cix":2,"bm":0,"ix":1,"mn":"ADBE Vector Group","hd":false},{"ty":"tr","p":{"a":0,"k":[0,0],"ix":2},"a":{"a":0,"k":[0,0],"ix":1},"s":{"a":0,"k":[100,100],"ix":3},"r":{"a":0,"k":0,"ix":6},"o":{"a":0,"k":100,"ix":7},"sk":{"a":0,"k":0,"ix":4},"sa":{"a":0,"k":0,"ix":5},"nm":"Transform"}],"nm":"Group 3","np":1,"cix":2,"bm":0,"ix":3,"mn":"ADBE Vector Group","hd":false},{"ty":"gr","it":[{"ty":"gr","it":[{"ty":"fl","c":{"a":0,"k":[0.35686275363,0.662745118141,0.364705890417,1],"ix":4},"o":{"a":0,"k":100,"ix":5},"r":1,"bm":0,"nm":"Fill 1","mn":"ADBE Vector Graphic - Fill","hd":false},{"ty":"tr","p":{"a":0,"k":[0,0],"ix":2},"a":{"a":0,"k":[0,0],"ix":1},"s":{"a":0,"k":[100,100],"ix":3},"r":{"a":0,"k":0,"ix":6},"o":{"a":0,"k":100,"ix":7},"sk":{"a":0,"k":0,"ix":4},"sa":{"a":0,"k":0,"ix":5},"nm":"Transform"}],"nm":"Group 1","np":1,"cix":2,"bm":0,"ix":1,"mn":"ADBE Vector Group","hd":false},{"ty":"tr","p":{"a":0,"k":[0,0],"ix":2},"a":{"a":0,"k":[0,0],"ix":1},"s":{"a":0,"k":[100,100],"ix":3},"r":{"a":0,"k":0,"ix":6},"o":{"a":0,"k":100,"ix":7},"sk":{"a":0,"k":0,"ix":4},"sa":{"a":0,"k":0,"ix":5},"nm":"Transform"}],"nm":"Group 4","np":1,"cix":2,"bm":0,"ix":4,"mn":"ADBE Vector Group","hd":false}],"ip":0,"op":180,"st":0,"ct":1,"bm":0},{"ddd":0,"ind":11,"ty":4,"nm":"love","sr":1,"ks":{"o":{"a":0,"k":100,"ix":11},"r":{"a":0,"k":0,"ix":10},"p":{"a":1,"k":[{"i":{"x":0.394,"y":1},"o":{"x":0.333,"y":0.002},"t":9,"s":[251.464,188.592,0],"to":[0,-7.167,0],"ti":[0,7.167,0]},{"i":{"x":0.394,"y":1},"o":{"x":0.167,"y":0},"t":15,"s":[251.464,145.592,0],"to":[0,-7.167,0],"ti":[0,0,0]},{"i":{"x":0.394,"y":0.394},"o":{"x":0.167,"y":0.167},"t":19,"s":[251.464,145.592,0],"to":[0,0,0],"ti":[0,0,0]},{"i":{"x":0.394,"y":0.394},"o":{"x":0.152,"y":0.152},"t":23,"s":[251.464,145.592,0],"to":[0,0,0],"ti":[0,0,0]},{"i":{"x":0.394,"y":0.394},"o":{"x":0.167,"y":0.167},"t":27,"s":[251.464,145.592,0],"to":[0,0,0],"ti":[0,0,0]},{"i":{"x":0.394,"y":0.394},"o":{"x":0.172,"y":0.172},"t":31,"s":[251.464,145.592,0],"to":[0,0,0],"ti":[0,0,0]},{"i":{"x":0.394,"y":0.394},"o":{"x":0.167,"y":0.167},"t":36,"s":[251.464,145.592,0],"to":[0,0,0],"ti":[0,0,0]},{"i":{"x":0.394,"y":0.394},"o":{"x":0.152,"y":0.152},"t":40,"s":[251.464,145.592,0],"to":[0,0,0],"ti":[0,0,0]},{"i":{"x":0.394,"y":0.394},"o":{"x":0.167,"y":0.167},"t":44,"s":[251.464,145.592,0],"to":[0,0,0],"ti":[0,0,0]},{"i":{"x":0.394,"y":0.394},"o":{"x":0.179,"y":0.179},"t":48,"s":[251.464,145.592,0],"to":[0,0,0],"ti":[0,0,0]},{"i":{"x":0.394,"y":0.394},"o":{"x":0.167,"y":0.167},"t":52,"s":[251.464,145.592,0],"to":[0,0,0],"ti":[0,0,0]},{"i":{"x":0.394,"y":0.394},"o":{"x":0.152,"y":0.152},"t":56,"s":[251.464,145.592,0],"to":[0,0,0],"ti":[0,0,0]},{"i":{"x":0.394,"y":0.394},"o":{"x":0.167,"y":0.167},"t":60,"s":[251.464,145.592,0],"to":[0,0,0],"ti":[0,0,0]},{"i":{"x":0.394,"y":0.394},"o":{"x":0.324,"y":0.324},"t":64,"s":[251.464,145.592,0],"to":[0,0,0],"ti":[0,0,0]},{"i":{"x":0.394,"y":0.394},"o":{"x":0.167,"y":0.167},"t":68,"s":[251.464,145.592,0],"to":[0,0,0],"ti":[0,0,0]},{"i":{"x":0.394,"y":0.394},"o":{"x":0.152,"y":0.152},"t":72,"s":[251.464,145.592,0],"to":[0,0,0],"ti":[0,0,0]},{"i":{"x":0.394,"y":0.394},"o":{"x":0.167,"y":0.167},"t":76,"s":[251.464,145.592,0],"to":[0,0,0],"ti":[0,0,0]},{"i":{"x":0.394,"y":0.394},"o":{"x":0.172,"y":0.172},"t":80,"s":[251.464,145.592,0],"to":[0,0,0],"ti":[0,0,0]},{"i":{"x":0.394,"y":0.394},"o":{"x":0.167,"y":0.167},"t":85,"s":[251.464,145.592,0],"to":[0,0,0],"ti":[0,0,0]},{"i":{"x":0.394,"y":0.394},"o":{"x":0.173,"y":0.173},"t":89,"s":[251.464,145.592,0],"to":[0,0,0],"ti":[0,0,0]},{"i":{"x":0.685,"y":1},"o":{"x":0.167,"y":0},"t":92,"s":[251.464,145.592,0],"to":[0,0,0],"ti":[0,-0.02,0]},{"i":{"x":0.667,"y":1},"o":{"x":0.606,"y":0},"t":95,"s":[251.464,145.592,0],"to":[0,7.167,0],"ti":[0,-7.167,0]},{"t":99,"s":[251.464,188.592,0]}],"ix":2,"l":2},"a":{"a":0,"k":[2.864,-69.856,0],"ix":1,"l":2},"s":{"a":1,"k":[{"i":{"x":[0.394,0.394,0.394],"y":[1,1,1]},"o":{"x":[0.333,0.333,0.333],"y":[0,0,0]},"t":9,"s":[0,0,100]},{"i":{"x":[0.833,0.833,0.833],"y":[1,1,1]},"o":{"x":[0.167,0.167,0.167],"y":[0,0,0]},"t":15,"s":[110,110,100]},{"i":{"x":[0.394,0.394,0.394],"y":[1,1,1]},"o":{"x":[0.167,0.167,0.167],"y":[0,0,0]},"t":19,"s":[100,100,100]},{"i":{"x":[0.833,0.833,0.833],"y":[1,1,1]},"o":{"x":[0.167,0.167,0.167],"y":[0,0,0]},"t":23,"s":[110,110,100]},{"i":{"x":[0.394,0.394,0.394],"y":[1,1,1]},"o":{"x":[0.167,0.167,0.167],"y":[0,0,0]},"t":27,"s":[100,100,100]},{"i":{"x":[0.833,0.833,0.833],"y":[1,1,1]},"o":{"x":[0.188,0.188,0.188],"y":[0,0,0]},"t":31,"s":[110,110,100]},{"i":{"x":[0.394,0.394,0.394],"y":[1,1,1]},"o":{"x":[0.167,0.167,0.167],"y":[0,0,0]},"t":36,"s":[100,100,100]},{"i":{"x":[0.833,0.833,0.833],"y":[1,1,1]},"o":{"x":[0.167,0.167,0.167],"y":[0,0,0]},"t":40,"s":[110,110,100]},{"i":{"x":[0.394,0.394,0.394],"y":[1,1,1]},"o":{"x":[0.167,0.167,0.167],"y":[0,0,0]},"t":44,"s":[100,100,100]},{"i":{"x":[0.833,0.833,0.833],"y":[1,1,1]},"o":{"x":[0.195,0.195,0.195],"y":[0,0,0]},"t":48,"s":[110,110,100]},{"i":{"x":[0.394,0.394,0.394],"y":[1,1,1]},"o":{"x":[0.167,0.167,0.167],"y":[0,0,0]},"t":52,"s":[100,100,100]},{"i":{"x":[0.833,0.833,0.833],"y":[1,1,1]},"o":{"x":[0.167,0.167,0.167],"y":[0,0,0]},"t":56,"s":[110,110,100]},{"i":{"x":[0.394,0.394,0.394],"y":[1,1,1]},"o":{"x":[0.167,0.167,0.167],"y":[0,0,0]},"t":60,"s":[100,100,100]},{"i":{"x":[0.833,0.833,0.833],"y":[1,1,1]},"o":{"x":[0.347,0.347,0.347],"y":[0,0,0]},"t":64,"s":[110,110,100]},{"i":{"x":[0.394,0.394,0.394],"y":[1,1,1]},"o":{"x":[0.167,0.167,0.167],"y":[0,0,0]},"t":68,"s":[100,100,100]},{"i":{"x":[0.833,0.833,0.833],"y":[1,1,1]},"o":{"x":[0.167,0.167,0.167],"y":[0,0,0]},"t":72,"s":[110,110,100]},{"i":{"x":[0.394,0.394,0.394],"y":[1,1,1]},"o":{"x":[0.167,0.167,0.167],"y":[0,0,0]},"t":76,"s":[100,100,100]},{"i":{"x":[0.833,0.833,0.833],"y":[1,1,1]},"o":{"x":[0.188,0.188,0.188],"y":[0,0,0]},"t":80,"s":[110,110,100]},{"i":{"x":[0.394,0.394,0.394],"y":[1,1,1]},"o":{"x":[0.167,0.167,0.167],"y":[0,0,0]},"t":85,"s":[100,100,100]},{"i":{"x":[0.833,0.833,0.833],"y":[1,1,1]},"o":{"x":[0.189,0.189,0.189],"y":[0,0,0]},"t":89,"s":[110,110,100]},{"i":{"x":[0.685,0.685,0.685],"y":[1,1,1]},"o":{"x":[0.167,0.167,0.167],"y":[0,0,0]},"t":92,"s":[100,100,100]},{"i":{"x":[0.667,0.667,0.667],"y":[1,1,1]},"o":{"x":[0.606,0.606,0.606],"y":[0,0,0]},"t":95,"s":[110,110,100]},{"t":99,"s":[0,0,100]}],"ix":6,"l":2}},"ao":0,"shapes":[{"ty":"gr","it":[{"ty":"gr","it":[{"ind":0,"ty":"sh","ix":1,"ks":{"a":0,"k":{"i":[[0,0],[0,0],[-5.671,5.355],[-5.67,-5.356],[0,0],[0,0],[-5.67,-5.356],[5.671,-5.355]],"o":[[0,0],[-5.671,-5.355],[5.67,-5.356],[0,0],[0,0],[5.67,-5.356],[5.671,5.355],[0,0]],"v":[[2.864,-46.192],[-22.463,-70.11],[-22.463,-89.503],[-1.927,-89.503],[2.864,-84.979],[7.656,-89.503],[28.191,-89.503],[28.191,-70.11]],"c":true},"ix":2},"nm":"Path 1","mn":"ADBE Vector Shape - Group","hd":false},{"ty":"fl","c":{"a":0,"k":[0.933333337307,0.23137255013,0.141176477075,1],"ix":4},"o":{"a":0,"k":100,"ix":5},"r":1,"bm":0,"nm":"Fill 1","mn":"ADBE Vector Graphic - Fill","hd":false},{"ty":"tr","p":{"a":0,"k":[0,0],"ix":2},"a":{"a":0,"k":[0,0],"ix":1},"s":{"a":0,"k":[100,100],"ix":3},"r":{"a":0,"k":0,"ix":6},"o":{"a":0,"k":100,"ix":7},"sk":{"a":0,"k":0,"ix":4},"sa":{"a":0,"k":0,"ix":5},"nm":"Transform"}],"nm":"Group 1","np":2,"cix":2,"bm":0,"ix":1,"mn":"ADBE Vector Group","hd":false},{"ty":"tr","p":{"a":0,"k":[0,0],"ix":2},"a":{"a":0,"k":[0,0],"ix":1},"s":{"a":0,"k":[100,100],"ix":3},"r":{"a":0,"k":0,"ix":6},"o":{"a":0,"k":100,"ix":7},"sk":{"a":0,"k":0,"ix":4},"sa":{"a":0,"k":0,"ix":5},"nm":"Transform"}],"nm":"Group 1","np":1,"cix":2,"bm":0,"ix":1,"mn":"ADBE Vector Group","hd":false}],"ip":9,"op":180,"st":0,"ct":1,"bm":0},{"ddd":0,"ind":12,"ty":4,"nm":"eye 5","parent":19,"sr":1,"ks":{"o":{"a":0,"k":100,"ix":11},"r":{"a":0,"k":0,"ix":10},"p":{"a":1,"k":[{"i":{"x":0.394,"y":1},"o":{"x":0.333,"y":0.001},"t":101,"s":[1,-43,0],"to":[0,-3.5,0],"ti":[0,3.5,0]},{"t":104,"s":[1,-64,0]}],"ix":2,"l":2},"a":{"a":0,"k":[1,-64,0],"ix":1,"l":2},"s":{"a":1,"k":[{"i":{"x":[0.394,0.394,0.394],"y":[1,1,1]},"o":{"x":[0.333,0.333,0.333],"y":[0.001,0.001,0.001]},"t":101,"s":[100,39,100]},{"t":104,"s":[100,100,100]}],"ix":6,"l":2}},"ao":0,"shapes":[{"ty":"gr","it":[{"d":1,"ty":"el","s":{"a":0,"k":[92,92],"ix":2},"p":{"a":0,"k":[0,0],"ix":3},"nm":"Ellipse Path 1","mn":"ADBE Vector Shape - Ellipse","hd":false},{"ty":"fl","c":{"a":0,"k":[0.192156877705,0.054901964524,0.192156877705,1],"ix":4},"o":{"a":0,"k":100,"ix":5},"r":1,"bm":0,"nm":"Fill 1","mn":"ADBE Vector Graphic - Fill","hd":false},{"ty":"tr","p":{"a":0,"k":[1,-64],"ix":2},"a":{"a":0,"k":[0,0],"ix":1},"s":{"a":0,"k":[60,60],"ix":3},"r":{"a":0,"k":0,"ix":6},"o":{"a":0,"k":100,"ix":7},"sk":{"a":0,"k":0,"ix":4},"sa":{"a":0,"k":0,"ix":5},"nm":"Transform"}],"nm":"Ellipse 2","np":3,"cix":2,"bm":0,"ix":1,"mn":"ADBE Vector Group","hd":false},{"ty":"gr","it":[{"d":1,"ty":"el","s":{"a":0,"k":[92,92],"ix":2},"p":{"a":0,"k":[0,0],"ix":3},"nm":"Ellipse Path 1","mn":"ADBE Vector Shape - Ellipse","hd":false},{"ty":"st","c":{"a":0,"k":[0.192156877705,0.054901964524,0.192156877705,1],"ix":3},"o":{"a":0,"k":100,"ix":4},"w":{"a":0,"k":10,"ix":5},"lc":1,"lj":1,"ml":4,"bm":0,"nm":"Stroke 1","mn":"ADBE Vector Graphic - Stroke","hd":false},{"ty":"fl","c":{"a":0,"k":[1,1,1,1],"ix":4},"o":{"a":0,"k":100,"ix":5},"r":1,"bm":0,"nm":"Fill 1","mn":"ADBE Vector Graphic - Fill","hd":false},{"ty":"tr","p":{"a":0,"k":[1,-64],"ix":2},"a":{"a":0,"k":[0,0],"ix":1},"s":{"a":0,"k":[100,100],"ix":3},"r":{"a":0,"k":0,"ix":6},"o":{"a":0,"k":100,"ix":7},"sk":{"a":0,"k":0,"ix":4},"sa":{"a":0,"k":0,"ix":5},"nm":"Transform"}],"nm":"Ellipse 1","np":3,"cix":2,"bm":0,"ix":2,"mn":"ADBE Vector Group","hd":false}],"ip":101,"op":131,"st":99,"ct":1,"bm":0},{"ddd":0,"ind":13,"ty":4,"nm":"eye 4","parent":19,"sr":1,"ks":{"o":{"a":0,"k":100,"ix":11},"r":{"a":0,"k":0,"ix":10},"p":{"a":0,"k":[1.625,-53.369,0],"ix":2,"l":2},"a":{"a":0,"k":[0.125,-53.564,0],"ix":1,"l":2},"s":{"a":0,"k":[100,100,100],"ix":6,"l":2}},"ao":0,"shapes":[{"ty":"gr","it":[{"ind":0,"ty":"sh","ix":1,"ks":{"a":0,"k":{"i":[[0,0],[-25.382,-0.044],[0,0]],"o":[[0,0],[28.083,0.063],[0,0]],"v":[[-47.308,-47.675],[-1.003,-47.286],[45.715,-48.173]],"c":false},"ix":2},"nm":"Path 1","mn":"ADBE Vector Shape - Group","hd":false},{"ty":"st","c":{"a":0,"k":[0,0,0,1],"ix":3},"o":{"a":0,"k":100,"ix":4},"w":{"a":0,"k":10,"ix":5},"lc":2,"lj":1,"ml":4,"bm":0,"nm":"Stroke 1","mn":"ADBE Vector Graphic - Stroke","hd":false},{"ty":"tr","p":{"a":0,"k":[0,0],"ix":2},"a":{"a":0,"k":[0,0],"ix":1},"s":{"a":0,"k":[100,100],"ix":3},"r":{"a":0,"k":0,"ix":6},"o":{"a":0,"k":100,"ix":7},"sk":{"a":0,"k":0,"ix":4},"sa":{"a":0,"k":0,"ix":5},"nm":"Transform"}],"nm":"Shape 1","np":3,"cix":2,"bm":0,"ix":1,"mn":"ADBE Vector Group","hd":false}],"ip":99,"op":101,"st":97,"ct":1,"bm":0},{"ddd":0,"ind":14,"ty":4,"nm":"eye 3","parent":19,"sr":1,"ks":{"o":{"a":0,"k":100,"ix":11},"r":{"a":0,"k":0,"ix":10},"p":{"a":1,"k":[{"i":{"x":0.394,"y":1},"o":{"x":0.333,"y":0.002},"t":9,"s":[1,-53,0],"to":[0,-4.25,0],"ti":[0,4.25,0]},{"i":{"x":0.394,"y":1},"o":{"x":0,"y":0},"t":15,"s":[1,-78.5,0],"to":[0,0,0],"ti":[0,-4.25,0]},{"i":{"x":0.667,"y":1},"o":{"x":0.606,"y":0},"t":95,"s":[1,-78.5,0],"to":[0,4.25,0],"ti":[0,-4.25,0]},{"t":99,"s":[1,-53,0]}],"ix":2,"l":2},"a":{"a":0,"k":[1,-64,0],"ix":1,"l":2},"s":{"a":1,"k":[{"i":{"x":[0.394,0.394,0.394],"y":[1,1,1]},"o":{"x":[0.333,0.333,0.333],"y":[0.003,0.002,0.003]},"t":9,"s":[100,22,100]},{"i":{"x":[0.394,0.394,0.394],"y":[1,1,1]},"o":{"x":[0.158,0.158,0.158],"y":[0,0,0]},"t":15,"s":[100,100,100]},{"i":{"x":[0.667,0.667,0.667],"y":[1,1,1]},"o":{"x":[0.606,0.606,0.606],"y":[0,0,0]},"t":95,"s":[100,100,100]},{"t":99,"s":[100,22,100]}],"ix":6,"l":2}},"ao":0,"shapes":[{"ty":"gr","it":[{"d":1,"ty":"el","s":{"a":0,"k":[92,92],"ix":2},"p":{"a":0,"k":[0,0],"ix":3},"nm":"Ellipse Path 1","mn":"ADBE Vector Shape - Ellipse","hd":false},{"ty":"st","c":{"a":0,"k":[0.192156877705,0.054901964524,0.192156877705,1],"ix":3},"o":{"a":0,"k":100,"ix":4},"w":{"a":0,"k":10,"ix":5},"lc":1,"lj":1,"ml":4,"bm":0,"nm":"Stroke 1","mn":"ADBE Vector Graphic - Stroke","hd":false},{"ty":"fl","c":{"a":0,"k":[1,1,1,1],"ix":4},"o":{"a":0,"k":100,"ix":5},"r":1,"bm":0,"nm":"Fill 1","mn":"ADBE Vector Graphic - Fill","hd":false},{"ty":"tr","p":{"a":0,"k":[1,-64],"ix":2},"a":{"a":0,"k":[0,0],"ix":1},"s":{"a":0,"k":[100,100],"ix":3},"r":{"a":0,"k":0,"ix":6},"o":{"a":0,"k":100,"ix":7},"sk":{"a":0,"k":0,"ix":4},"sa":{"a":0,"k":0,"ix":5},"nm":"Transform"}],"nm":"Ellipse 1","np":3,"cix":2,"bm":0,"ix":2,"mn":"ADBE Vector Group","hd":false}],"ip":9,"op":99,"st":9,"ct":1,"bm":0},{"ddd":0,"ind":15,"ty":4,"nm":"eye 2","parent":19,"sr":1,"ks":{"o":{"a":0,"k":100,"ix":11},"r":{"a":0,"k":0,"ix":10},"p":{"a":1,"k":[{"i":{"x":0.256,"y":0.988},"o":{"x":0.16,"y":0.002},"t":5,"s":[1.625,-41.314,0],"to":[0,-6,0],"ti":[0,6,0]},{"i":{"x":0.667,"y":0.667},"o":{"x":0.333,"y":0.333},"t":15,"s":[1.625,-77.314,0],"to":[0,0,0],"ti":[0,0,0]},{"i":{"x":0.256,"y":0.256},"o":{"x":0.167,"y":0.167},"t":19.125,"s":[1.625,-77.314,0],"to":[0,0,0],"ti":[0,0,0]},{"i":{"x":0.667,"y":0.667},"o":{"x":0.333,"y":0.333},"t":23.25,"s":[1.625,-77.314,0],"to":[0,0,0],"ti":[0,0,0]},{"i":{"x":0.256,"y":0.256},"o":{"x":0.167,"y":0.167},"t":27.375,"s":[1.625,-77.314,0],"to":[0,0,0],"ti":[0,0,0]},{"i":{"x":0.667,"y":0.667},"o":{"x":0.285,"y":0.285},"t":31.5,"s":[1.625,-77.314,0],"to":[0,0,0],"ti":[0,0,0]},{"i":{"x":0.256,"y":0.256},"o":{"x":0.167,"y":0.167},"t":35.625,"s":[1.625,-77.314,0],"to":[0,0,0],"ti":[0,0,0]},{"i":{"x":0.667,"y":0.667},"o":{"x":0.269,"y":0.269},"t":39.75,"s":[1.625,-77.314,0],"to":[0,0,0],"ti":[0,0,0]},{"i":{"x":0.256,"y":0.256},"o":{"x":0.167,"y":0.167},"t":43.875,"s":[1.625,-77.314,0],"to":[0,0,0],"ti":[0,0,0]},{"i":{"x":0.667,"y":1},"o":{"x":0.268,"y":0},"t":48,"s":[1.625,-77.314,0],"to":[0,0.006,0],"ti":[0,0,0]},{"i":{"x":0.256,"y":0.256},"o":{"x":0.167,"y":0.167},"t":52,"s":[1.625,-77.314,0],"to":[0,0,0],"ti":[0,0,0]},{"i":{"x":0.667,"y":0.667},"o":{"x":0.333,"y":0.333},"t":56.125,"s":[1.625,-77.314,0],"to":[0,0,0],"ti":[0,0,0]},{"i":{"x":0.256,"y":0.256},"o":{"x":0.167,"y":0.167},"t":60.25,"s":[1.625,-77.314,0],"to":[0,0,0],"ti":[0,0,0]},{"i":{"x":0.667,"y":1},"o":{"x":0.285,"y":0},"t":64.375,"s":[1.625,-77.314,0],"to":[0,0,0],"ti":[0,-2.915,0]},{"t":74,"s":[1.625,-41.314,0]}],"ix":2,"l":2},"a":{"a":0,"k":[0.125,-53.564,0],"ix":1,"l":2},"s":{"a":0,"k":[100,100,100],"ix":6,"l":2}},"ao":0,"shapes":[{"ty":"gr","it":[{"ind":0,"ty":"sh","ix":1,"ks":{"a":1,"k":[{"i":{"x":0.256,"y":0.964},"o":{"x":0.16,"y":0.006},"t":5,"s":[{"i":[[0,0],[-22,-0.25],[0,0]],"o":[[0,0],[25.293,0.287],[0,0]],"v":[[-48.875,-48.5],[-1.25,-38.625],[46.375,-48.75]],"c":false}]},{"i":{"x":0.667,"y":1},"o":{"x":0.333,"y":0},"t":15,"s":[{"i":[[0,0],[-32.25,0.375],[0,0]],"o":[[0,0],[33.748,-0.392],[0,0]],"v":[[-44.125,-46],[-0.5,-64.875],[44.375,-47]],"c":false}]},{"i":{"x":0.256,"y":0.964},"o":{"x":0.167,"y":0},"t":19.125,"s":[{"i":[[0,0],[-22,-0.25],[0,0]],"o":[[0,0],[25.293,0.287],[0,0]],"v":[[-39.125,-39.5],[-0.5,-55.125],[39.375,-39]],"c":false}]},{"i":{"x":0.667,"y":1},"o":{"x":0.333,"y":0},"t":23.25,"s":[{"i":[[0,0],[-32.25,0.375],[0,0]],"o":[[0,0],[33.748,-0.392],[0,0]],"v":[[-44.125,-46],[-0.5,-64.875],[44.375,-47]],"c":false}]},{"i":{"x":0.256,"y":0.964},"o":{"x":0.167,"y":0},"t":27.375,"s":[{"i":[[0,0],[-22,-0.25],[0,0]],"o":[[0,0],[25.293,0.287],[0,0]],"v":[[-39.125,-39.5],[-0.5,-55.125],[39.375,-39]],"c":false}]},{"i":{"x":0.667,"y":1},"o":{"x":0.333,"y":0},"t":31.5,"s":[{"i":[[0,0],[-32.25,0.375],[0,0]],"o":[[0,0],[33.748,-0.392],[0,0]],"v":[[-44.125,-46],[-0.5,-64.875],[44.375,-47]],"c":false}]},{"i":{"x":0.256,"y":0.964},"o":{"x":0.167,"y":0},"t":35.625,"s":[{"i":[[0,0],[-22,-0.25],[0,0]],"o":[[0,0],[25.293,0.287],[0,0]],"v":[[-39.125,-39.5],[-0.5,-55.125],[39.375,-39]],"c":false}]},{"i":{"x":0.667,"y":1},"o":{"x":0.333,"y":0},"t":39.75,"s":[{"i":[[0,0],[-32.25,0.375],[0,0]],"o":[[0,0],[33.748,-0.392],[0,0]],"v":[[-44.125,-46],[-0.5,-64.875],[44.375,-47]],"c":false}]},{"i":{"x":0.256,"y":0.964},"o":{"x":0.167,"y":0},"t":43.875,"s":[{"i":[[0,0],[-22,-0.25],[0,0]],"o":[[0,0],[25.293,0.287],[0,0]],"v":[[-39.125,-39.5],[-0.5,-55.125],[39.375,-39]],"c":false}]},{"i":{"x":0.667,"y":1},"o":{"x":0.333,"y":0},"t":48,"s":[{"i":[[0,0],[-32.25,0.375],[0,0]],"o":[[0,0],[33.748,-0.392],[0,0]],"v":[[-44.125,-46],[-0.5,-64.875],[44.375,-47]],"c":false}]},{"i":{"x":0.256,"y":0.964},"o":{"x":0.167,"y":0},"t":52,"s":[{"i":[[0,0],[-22,-0.25],[0,0]],"o":[[0,0],[25.293,0.287],[0,0]],"v":[[-39.125,-39.5],[-0.5,-55.125],[39.375,-39]],"c":false}]},{"i":{"x":0.667,"y":1},"o":{"x":0.333,"y":0},"t":56.125,"s":[{"i":[[0,0],[-32.25,0.375],[0,0]],"o":[[0,0],[33.748,-0.392],[0,0]],"v":[[-44.125,-46],[-0.5,-64.875],[44.375,-47]],"c":false}]},{"i":{"x":0.256,"y":0.964},"o":{"x":0.167,"y":0},"t":60.25,"s":[{"i":[[0,0],[-22,-0.25],[0,0]],"o":[[0,0],[25.293,0.287],[0,0]],"v":[[-39.125,-39.5],[-0.5,-55.125],[39.375,-39]],"c":false}]},{"i":{"x":0.667,"y":1},"o":{"x":0.333,"y":0},"t":64.375,"s":[{"i":[[0,0],[-32.25,0.375],[0,0]],"o":[[0,0],[33.748,-0.392],[0,0]],"v":[[-44.125,-46],[-0.5,-64.875],[44.375,-47]],"c":false}]},{"t":74,"s":[{"i":[[0,0],[-22,-0.25],[0,0]],"o":[[0,0],[25.293,0.287],[0,0]],"v":[[-48.875,-48.5],[-1.25,-38.625],[46.375,-48.75]],"c":false}]}],"ix":2},"nm":"Path 1","mn":"ADBE Vector Shape - Group","hd":false},{"ty":"st","c":{"a":0,"k":[0,0,0,1],"ix":3},"o":{"a":0,"k":100,"ix":4},"w":{"a":0,"k":10,"ix":5},"lc":2,"lj":1,"ml":4,"bm":0,"nm":"Stroke 1","mn":"ADBE Vector Graphic - Stroke","hd":false},{"ty":"tr","p":{"a":0,"k":[0,0],"ix":2},"a":{"a":0,"k":[0,0],"ix":1},"s":{"a":0,"k":[100,100],"ix":3},"r":{"a":0,"k":0,"ix":6},"o":{"a":0,"k":100,"ix":7},"sk":{"a":0,"k":0,"ix":4},"sa":{"a":0,"k":0,"ix":5},"nm":"Transform"}],"nm":"Shape 1","np":3,"cix":2,"bm":0,"ix":1,"mn":"ADBE Vector Group","hd":false}],"ip":5,"op":9,"st":0,"ct":1,"bm":0},{"ddd":0,"ind":16,"ty":4,"nm":"eye","parent":19,"sr":1,"ks":{"o":{"a":0,"k":100,"ix":11},"r":{"a":0,"k":0,"ix":10},"p":{"a":1,"k":[{"i":{"x":0.667,"y":0.998},"o":{"x":0.606,"y":0},"t":0,"s":[1,-64,0],"to":[0,3.5,0],"ti":[0,-3.5,0]},{"t":5,"s":[1,-43,0]}],"ix":2,"l":2},"a":{"a":0,"k":[1,-64,0],"ix":1,"l":2},"s":{"a":1,"k":[{"i":{"x":[0.667,0.667,0.667],"y":[1.002,0.998,1.002]},"o":{"x":[0.606,0.606,0.606],"y":[0,0,0]},"t":0,"s":[100,100,100]},{"t":5,"s":[100,39,100]}],"ix":6,"l":2}},"ao":0,"shapes":[{"ty":"gr","it":[{"d":1,"ty":"el","s":{"a":0,"k":[92,92],"ix":2},"p":{"a":0,"k":[0,0],"ix":3},"nm":"Ellipse Path 1","mn":"ADBE Vector Shape - Ellipse","hd":false},{"ty":"fl","c":{"a":0,"k":[0.192156877705,0.054901964524,0.192156877705,1],"ix":4},"o":{"a":0,"k":100,"ix":5},"r":1,"bm":0,"nm":"Fill 1","mn":"ADBE Vector Graphic - Fill","hd":false},{"ty":"tr","p":{"a":0,"k":[1,-64],"ix":2},"a":{"a":0,"k":[0,0],"ix":1},"s":{"a":0,"k":[60,60],"ix":3},"r":{"a":0,"k":0,"ix":6},"o":{"a":0,"k":100,"ix":7},"sk":{"a":0,"k":0,"ix":4},"sa":{"a":0,"k":0,"ix":5},"nm":"Transform"}],"nm":"Ellipse 2","np":3,"cix":2,"bm":0,"ix":1,"mn":"ADBE Vector Group","hd":false},{"ty":"gr","it":[{"d":1,"ty":"el","s":{"a":0,"k":[92,92],"ix":2},"p":{"a":0,"k":[0,0],"ix":3},"nm":"Ellipse Path 1","mn":"ADBE Vector Shape - Ellipse","hd":false},{"ty":"st","c":{"a":0,"k":[0.192156877705,0.054901964524,0.192156877705,1],"ix":3},"o":{"a":0,"k":100,"ix":4},"w":{"a":0,"k":10,"ix":5},"lc":1,"lj":1,"ml":4,"bm":0,"nm":"Stroke 1","mn":"ADBE Vector Graphic - Stroke","hd":false},{"ty":"fl","c":{"a":0,"k":[1,1,1,1],"ix":4},"o":{"a":0,"k":100,"ix":5},"r":1,"bm":0,"nm":"Fill 1","mn":"ADBE Vector Graphic - Fill","hd":false},{"ty":"tr","p":{"a":0,"k":[1,-64],"ix":2},"a":{"a":0,"k":[0,0],"ix":1},"s":{"a":0,"k":[100,100],"ix":3},"r":{"a":0,"k":0,"ix":6},"o":{"a":0,"k":100,"ix":7},"sk":{"a":0,"k":0,"ix":4},"sa":{"a":0,"k":0,"ix":5},"nm":"Transform"}],"nm":"Ellipse 1","np":3,"cix":2,"bm":0,"ix":2,"mn":"ADBE Vector Group","hd":false}],"ip":0,"op":5,"st":0,"ct":1,"bm":0},{"ddd":0,"ind":17,"ty":3,"nm":"NULL mouth","parent":19,"sr":1,"ks":{"o":{"a":0,"k":0,"ix":11},"r":{"a":0,"k":0,"ix":10},"p":{"a":0,"k":[0.489,35.538,0],"ix":2,"l":2},"a":{"a":0,"k":[50,50,0],"ix":1,"l":2},"s":{"a":0,"k":[100,100,100],"ix":6,"l":2}},"ao":0,"ip":0,"op":195,"st":0,"bm":0},{"ddd":0,"ind":18,"ty":4,"nm":"mouth","parent":17,"sr":1,"ks":{"o":{"a":0,"k":100,"ix":11},"r":{"a":0,"k":0,"ix":10},"p":{"a":0,"k":[50,50,0],"ix":2,"l":2},"a":{"a":0,"k":[0.489,27.538,0],"ix":1,"l":2},"s":{"a":0,"k":[100,100,100],"ix":6,"l":2}},"ao":0,"shapes":[{"ty":"gr","it":[{"ind":0,"ty":"sh","ix":1,"ks":{"a":1,"k":[{"i":{"x":0.667,"y":0.987},"o":{"x":0.606,"y":0},"t":0,"s":[{"i":[[5.774,0],[2.886,-4.534],[-4.996,0],[-4.072,1.626]],"o":[[-5.774,0],[4.072,1.626],[4.996,0],[-2.886,-4.534]],"v":[[1.33,44.901],[-12.354,52.468],[1.33,55.083],[15.013,52.468]],"c":true}]},{"i":{"x":0.667,"y":1},"o":{"x":0.16,"y":0.006},"t":5,"s":[{"i":[[4.351,0.015],[1.745,-0.405],[-4.366,0],[-3.559,1.421]],"o":[[-3.337,-0.012],[1.214,0.938],[4.366,0],[-1.544,-0.624]],"v":[[0.993,52.699],[-6.089,53.499],[0.899,55.409],[8.231,53.874]],"c":true}]},{"i":{"x":0.667,"y":1},"o":{"x":0.167,"y":0},"t":15,"s":[{"i":[[9.803,0],[4.899,-7.698],[-8.482,0],[-6.914,2.761]],"o":[[-9.803,0],[6.914,2.761],[8.482,0],[-4.899,-7.698]],"v":[[0.489,11.953],[-22.743,24.801],[0.489,29.241],[23.722,24.801]],"c":true}]},{"i":{"x":0.667,"y":1},"o":{"x":0.167,"y":0},"t":94,"s":[{"i":[[9.803,0],[4.899,-7.698],[-8.482,0],[-6.914,2.761]],"o":[[-9.803,0],[6.914,2.761],[8.482,0],[-4.899,-7.698]],"v":[[0.489,11.953],[-22.743,24.801],[0.489,29.241],[23.722,24.801]],"c":true}]},{"t":104,"s":[{"i":[[5.774,0],[2.886,-4.534],[-4.996,0],[-4.072,1.626]],"o":[[-5.774,0],[4.072,1.626],[4.996,0],[-2.886,-4.534]],"v":[[1.33,44.901],[-12.354,52.468],[1.33,55.083],[15.013,52.468]],"c":true}]}],"ix":2},"nm":"Path 1","mn":"ADBE Vector Shape - Group","hd":false},{"ty":"fl","c":{"a":0,"k":[0.913725495338,0.329411774874,0.203921571374,1],"ix":4},"o":{"a":0,"k":100,"ix":5},"r":1,"bm":0,"nm":"Fill 1","mn":"ADBE Vector Graphic - Fill","hd":false},{"ty":"tr","p":{"a":0,"k":[0,0],"ix":2},"a":{"a":0,"k":[0,0],"ix":1},"s":{"a":0,"k":[100,100],"ix":3},"r":{"a":0,"k":0,"ix":6},"o":{"a":0,"k":100,"ix":7},"sk":{"a":0,"k":0,"ix":4},"sa":{"a":0,"k":0,"ix":5},"nm":"Transform"}],"nm":"Group 1","np":2,"cix":2,"bm":0,"ix":1,"mn":"ADBE Vector Group","hd":false},{"ty":"gr","it":[{"ind":0,"ty":"sh","ix":1,"ks":{"a":1,"k":[{"i":{"x":0.667,"y":0.987},"o":{"x":0.606,"y":0},"t":0,"s":[{"i":[[0,0],[0,0],[-1.543,0],[0,0],[-0.69,1.38],[0,0],[0,0]],"o":[[0,0],[0.69,1.38],[0,0],[1.543,0],[0,0],[0,0],[0,0]],"v":[[-23.107,26.573],[-20.16,32.467],[-16.517,34.719],[19.177,34.719],[22.82,32.467],[25.767,26.573],[-2.402,26.573]],"c":true}]},{"i":{"x":0.667,"y":1},"o":{"x":0.16,"y":0.006},"t":5,"s":[{"i":[[0,0],[0,0],[-1.348,0],[0,0],[-0.553,0.915],[0,0],[0,0]],"o":[[0,0],[0.603,1.206],[0,0],[1.348,0],[0,0],[0,0],[0,0]],"v":[[-18.267,38.809],[-17.442,40.085],[-14.633,42.052],[16.557,42.052],[19.303,40.397],[20.191,38.934],[-1.975,38.862]],"c":true}]},{"i":{"x":0.667,"y":1},"o":{"x":0.167,"y":0},"t":15,"s":[{"i":[[0,0],[0,0],[-2.619,0],[0,0],[-1.171,2.343],[0,0],[0,0]],"o":[[0,0],[1.171,2.343],[0,0],[2.619,0],[0,0],[0,0],[0,0]],"v":[[-41.002,-19.165],[-35.998,-9.158],[-29.813,-5.335],[30.791,-5.335],[36.976,-9.158],[41.98,-19.165],[-5.847,-19.165]],"c":true}]},{"i":{"x":0.667,"y":1},"o":{"x":0.167,"y":0},"t":94,"s":[{"i":[[0,0],[0,0],[-2.619,0],[0,0],[-1.171,2.343],[0,0],[0,0]],"o":[[0,0],[1.171,2.343],[0,0],[2.619,0],[0,0],[0,0],[0,0]],"v":[[-41.002,-19.165],[-35.998,-9.158],[-29.813,-5.335],[30.791,-5.335],[36.976,-9.158],[41.98,-19.165],[-5.847,-19.165]],"c":true}]},{"t":104,"s":[{"i":[[0,0],[0,0],[-1.543,0],[0,0],[-0.69,1.38],[0,0],[0,0]],"o":[[0,0],[0.69,1.38],[0,0],[1.543,0],[0,0],[0,0],[0,0]],"v":[[-23.107,26.573],[-20.16,32.467],[-16.517,34.719],[19.177,34.719],[22.82,32.467],[25.767,26.573],[-2.402,26.573]],"c":true}]}],"ix":2},"nm":"Path 1","mn":"ADBE Vector Shape - Group","hd":false},{"ty":"fl","c":{"a":0,"k":[1,1,1,1],"ix":4},"o":{"a":0,"k":100,"ix":5},"r":1,"bm":0,"nm":"Fill 1","mn":"ADBE Vector Graphic - Fill","hd":false},{"ty":"tr","p":{"a":0,"k":[0,0],"ix":2},"a":{"a":0,"k":[0,0],"ix":1},"s":{"a":0,"k":[100,100],"ix":3},"r":{"a":0,"k":0,"ix":6},"o":{"a":0,"k":100,"ix":7},"sk":{"a":0,"k":0,"ix":4},"sa":{"a":0,"k":0,"ix":5},"nm":"Transform"}],"nm":"Group 2","np":2,"cix":2,"bm":0,"ix":2,"mn":"ADBE Vector Group","hd":false},{"ty":"gr","it":[{"ind":0,"ty":"sh","ix":1,"ks":{"a":1,"k":[{"i":{"x":0.667,"y":0.987},"o":{"x":0.606,"y":0},"t":0,"s":[{"i":[[5.614,0],[0,0],[0,0],[0,-5.616],[-18.441,0],[0,14.104]],"o":[[0,0],[0,0],[-5.614,0],[0,14.104],[18.441,0],[0,-5.616]],"v":[[25.767,22.5],[-1.087,22.5],[-23.107,22.5],[-33.289,32.682],[1.33,59.156],[35.949,32.682]],"c":true}]},{"i":{"x":0.667,"y":1},"o":{"x":0.16,"y":0.006},"t":5,"s":[{"i":[[4.906,0],[0,0],[0,0],[0,-4.907],[-16.114,0],[0,12.324]],"o":[[0,0],[0,0],[-4.906,0],[0,12.324],[16.114,0],[0,-4.907]],"v":[[22.316,32.438],[-1.15,32.438],[-20.392,32.438],[-26.727,40.397],[0.899,58.968],[28.15,40.522]],"c":true}]},{"i":{"x":0.667,"y":1},"o":{"x":0.167,"y":0},"t":15,"s":[{"i":[[9.532,0],[0,0],[0,0],[0,-9.535],[-31.31,0],[0,23.946]],"o":[[0,0],[0,0],[-9.532,0],[0,23.946],[31.31,0],[0,-9.535]],"v":[[41.98,-26.08],[-3.614,-26.08],[-41.002,-26.08],[-58.289,-8.792],[0.489,36.156],[59.267,-8.792]],"c":true}]},{"i":{"x":0.667,"y":1},"o":{"x":0.167,"y":0},"t":94,"s":[{"i":[[9.532,0],[0,0],[0,0],[0,-9.535],[-31.31,0],[0,23.946]],"o":[[0,0],[0,0],[-9.532,0],[0,23.946],[31.31,0],[0,-9.535]],"v":[[41.98,-26.08],[-3.614,-26.08],[-41.002,-26.08],[-58.289,-8.792],[0.489,36.156],[59.267,-8.792]],"c":true}]},{"t":104,"s":[{"i":[[5.614,0],[0,0],[0,0],[0,-5.616],[-18.441,0],[0,14.104]],"o":[[0,0],[0,0],[-5.614,0],[0,14.104],[18.441,0],[0,-5.616]],"v":[[25.767,22.5],[-1.087,22.5],[-23.107,22.5],[-33.289,32.682],[1.33,59.156],[35.949,32.682]],"c":true}]}],"ix":2},"nm":"Path 1","mn":"ADBE Vector Shape - Group","hd":false},{"ty":"fl","c":{"a":0,"k":[0.192156866193,0.054901961237,0.192156866193,1],"ix":4},"o":{"a":0,"k":100,"ix":5},"r":1,"bm":0,"nm":"Fill 1","mn":"ADBE Vector Graphic - Fill","hd":false},{"ty":"tr","p":{"a":0,"k":[0,0],"ix":2},"a":{"a":0,"k":[0,0],"ix":1},"s":{"a":0,"k":[100,100],"ix":3},"r":{"a":0,"k":0,"ix":6},"o":{"a":0,"k":100,"ix":7},"sk":{"a":0,"k":0,"ix":4},"sa":{"a":0,"k":0,"ix":5},"nm":"Transform"}],"nm":"Group 3","np":2,"cix":2,"bm":0,"ix":3,"mn":"ADBE Vector Group","hd":false}],"ip":0,"op":195,"st":0,"ct":1,"bm":0},{"ddd":0,"ind":19,"ty":4,"nm":"body","sr":1,"ks":{"o":{"a":0,"k":100,"ix":11},"r":{"a":0,"k":0,"ix":10},"p":{"a":1,"k":[{"i":{"x":0.667,"y":1},"o":{"x":0.606,"y":0},"t":0,"s":[250,250,0],"to":[0,4,0],"ti":[0,5,0]},{"i":{"x":0.667,"y":1},"o":{"x":0.16,"y":0.001},"t":5,"s":[250,274,0],"to":[0,-5,0],"ti":[0,9,0]},{"i":{"x":0.733,"y":0.733},"o":{"x":0.333,"y":0.333},"t":15,"s":[250,220,0],"to":[0,0,0],"ti":[0,0,0]},{"i":{"x":0.667,"y":1},"o":{"x":0.167,"y":0},"t":94,"s":[250,220,0],"to":[0,5,0],"ti":[0,-5,0]},{"t":104,"s":[250,250,0]}],"ix":2,"l":2},"a":{"a":0,"k":[0,0,0],"ix":1,"l":2},"s":{"a":0,"k":[100,100,100],"ix":6,"l":2}},"ao":0,"hasMask":true,"masksProperties":[{"inv":false,"mode":"a","pt":{"a":0,"k":{"i":[[40,59],[0,0],[6,-24],[0,0],[0,0],[-3,64]],"o":[[-40,-59],[0,0],[-6,24],[0,0],[0,0],[3,-64]],"v":[[189,-281],[-241,-195],[-314,-147],[-136,76.5],[147,76.5],[250,-27]],"c":true},"ix":1},"o":{"a":0,"k":100,"ix":3},"x":{"a":0,"k":0,"ix":4},"nm":"Mask 1"}],"shapes":[{"ty":"gr","it":[{"ty":"gr","it":[{"ind":0,"ty":"sh","ix":1,"ks":{"a":1,"k":[{"i":{"x":0.667,"y":0.987},"o":{"x":0.606,"y":0},"t":0,"s":[{"i":[[0,-3.819],[3.819,0],[0,3.819],[-3.819,0]],"o":[[0,3.819],[-3.819,0],[0,-3.819],[3.819,0]],"v":[[-75.966,-156.17],[-82.881,-149.255],[-89.796,-156.17],[-82.881,-163.085]],"c":true}]},{"i":{"x":0.667,"y":1},"o":{"x":0.16,"y":0.006},"t":5,"s":[{"i":[[0,-3.819],[3.819,0],[0,3.819],[-3.819,0]],"o":[[0,3.819],[-3.819,0],[0,-3.819],[3.819,0]],"v":[[-72.266,-144.67],[-79.181,-137.755],[-86.096,-144.67],[-79.181,-151.585]],"c":true}]},{"i":{"x":0.667,"y":1},"o":{"x":0.333,"y":0},"t":15,"s":[{"i":[[0.669,-3.76],[3.76,0.669],[-0.669,3.76],[-3.76,-0.669]],"o":[[-0.669,3.76],[-3.76,-0.669],[0.669,-3.76],[3.76,0.669]],"v":[[-69.787,-159.683],[-77.806,-154.086],[-83.403,-162.105],[-75.384,-167.702]],"c":true}]},{"i":{"x":0.667,"y":1},"o":{"x":0.167,"y":0},"t":94.375,"s":[{"i":[[0.669,-3.76],[3.76,0.669],[-0.669,3.76],[-3.76,-0.669]],"o":[[-0.669,3.76],[-3.76,-0.669],[0.669,-3.76],[3.76,0.669]],"v":[[-69.787,-159.683],[-77.806,-154.086],[-83.403,-162.105],[-75.384,-167.702]],"c":true}]},{"t":104,"s":[{"i":[[0,-3.819],[3.819,0],[0,3.819],[-3.819,0]],"o":[[0,3.819],[-3.819,0],[0,-3.819],[3.819,0]],"v":[[-75.966,-156.17],[-82.881,-149.255],[-89.796,-156.17],[-82.881,-163.085]],"c":true}]}],"ix":2},"nm":"Path 1","mn":"ADBE Vector Shape - Group","hd":false},{"ty":"fl","c":{"a":0,"k":[0.501960784314,0.768627510819,0.427451010311,1],"ix":4},"o":{"a":0,"k":100,"ix":5},"r":1,"bm":0,"nm":"Fill 1","mn":"ADBE Vector Graphic - Fill","hd":false},{"ty":"tr","p":{"a":0,"k":[0,0],"ix":2},"a":{"a":0,"k":[0,0],"ix":1},"s":{"a":0,"k":[100,100],"ix":3},"r":{"a":0,"k":0,"ix":6},"o":{"a":0,"k":100,"ix":7},"sk":{"a":0,"k":0,"ix":4},"sa":{"a":0,"k":0,"ix":5},"nm":"Transform"}],"nm":"Group 1","np":2,"cix":2,"bm":0,"ix":1,"mn":"ADBE Vector Group","hd":false},{"ty":"tr","p":{"a":0,"k":[0,0],"ix":2},"a":{"a":0,"k":[0,0],"ix":1},"s":{"a":0,"k":[100,100],"ix":3},"r":{"a":0,"k":0,"ix":6},"o":{"a":0,"k":100,"ix":7},"sk":{"a":0,"k":0,"ix":4},"sa":{"a":0,"k":0,"ix":5},"nm":"Transform"}],"nm":"Group 1","np":1,"cix":2,"bm":0,"ix":1,"mn":"ADBE Vector Group","hd":false},{"ty":"gr","it":[{"ty":"gr","it":[{"ind":0,"ty":"sh","ix":1,"ks":{"a":1,"k":[{"i":{"x":0.667,"y":0.987},"o":{"x":0.606,"y":0},"t":0,"s":[{"i":[[0,-3.819],[3.819,0],[0,3.819],[-3.819,0]],"o":[[0,3.819],[-3.819,0],[0,-3.819],[3.819,0]],"v":[[89.996,-156.17],[83.081,-149.255],[76.166,-156.17],[83.081,-163.085]],"c":true}]},{"i":{"x":0.667,"y":1},"o":{"x":0.16,"y":0.006},"t":5,"s":[{"i":[[0,-3.819],[3.819,0],[0,3.819],[-3.819,0]],"o":[[0,3.819],[-3.819,0],[0,-3.819],[3.819,0]],"v":[[86.697,-144.17],[79.781,-137.255],[72.866,-144.17],[79.781,-151.085]],"c":true}]},{"i":{"x":0.667,"y":1},"o":{"x":0.333,"y":0},"t":15,"s":[{"i":[[-0.42,-3.796],[3.796,-0.42],[0.42,3.796],[-3.796,0.42]],"o":[[0.42,3.796],[-3.796,0.42],[-0.42,-3.796],[3.796,-0.42]],"v":[[86.14,-161.781],[80.028,-154.147],[72.394,-160.259],[78.506,-167.893]],"c":true}]},{"i":{"x":0.667,"y":1},"o":{"x":0.167,"y":0},"t":94.375,"s":[{"i":[[-0.42,-3.796],[3.796,-0.42],[0.42,3.796],[-3.796,0.42]],"o":[[0.42,3.796],[-3.796,0.42],[-0.42,-3.796],[3.796,-0.42]],"v":[[86.14,-161.781],[80.028,-154.147],[72.394,-160.259],[78.506,-167.893]],"c":true}]},{"t":104,"s":[{"i":[[0,-3.819],[3.819,0],[0,3.819],[-3.819,0]],"o":[[0,3.819],[-3.819,0],[0,-3.819],[3.819,0]],"v":[[89.996,-156.17],[83.081,-149.255],[76.166,-156.17],[83.081,-163.085]],"c":true}]}],"ix":2},"nm":"Path 1","mn":"ADBE Vector Shape - Group","hd":false},{"ty":"fl","c":{"a":0,"k":[0.501960784314,0.768627510819,0.427451010311,1],"ix":4},"o":{"a":0,"k":100,"ix":5},"r":1,"bm":0,"nm":"Fill 1","mn":"ADBE Vector Graphic - Fill","hd":false},{"ty":"tr","p":{"a":0,"k":[0,0],"ix":2},"a":{"a":0,"k":[0,0],"ix":1},"s":{"a":0,"k":[100,100],"ix":3},"r":{"a":0,"k":0,"ix":6},"o":{"a":0,"k":100,"ix":7},"sk":{"a":0,"k":0,"ix":4},"sa":{"a":0,"k":0,"ix":5},"nm":"Transform"}],"nm":"Group 1","np":2,"cix":2,"bm":0,"ix":1,"mn":"ADBE Vector Group","hd":false},{"ty":"tr","p":{"a":0,"k":[0,0],"ix":2},"a":{"a":0,"k":[0,0],"ix":1},"s":{"a":0,"k":[100,100],"ix":3},"r":{"a":0,"k":0,"ix":6},"o":{"a":0,"k":100,"ix":7},"sk":{"a":0,"k":0,"ix":4},"sa":{"a":0,"k":0,"ix":5},"nm":"Transform"}],"nm":"Group 2","np":1,"cix":2,"bm":0,"ix":2,"mn":"ADBE Vector Group","hd":false},{"ty":"gr","it":[{"ind":0,"ty":"sh","ix":1,"ks":{"a":1,"k":[{"i":{"x":0.667,"y":0.987},"o":{"x":0.606,"y":0},"t":0,"s":[{"i":[[7.628,0],[4.721,1.364],[1.105,0.829],[0,11.055],[0,0],[3.819,0],[0,-3.822],[0,0],[-14.273,-10.65],[-0.854,-1.008],[3.773,-5.071],[5.774,4.288],[0,24.054],[3.819,0],[0,-3.822],[0,0],[7.628,0],[2.613,2.62],[0,3.68],[0,0],[3.819,0],[0,-3.822],[21.063,-15.822],[4.416,5.916],[-3.902,4.893],[-0.811,0.604],[0,15.532],[0,0],[3.819,0],[0,-3.822],[0,0],[10.693,-7.975],[1.052,-1.081],[5.106,0],[0,7.624],[-7.628,0],[0,15.255],[0,0],[-41.943,0],[-14.347,-14.343],[0,-20.36],[0,0],[-15.252,0],[0,-7.624]],"o":[[-5.104,0],[-1.051,-1.078],[-10.697,-7.975],[0,0],[0,-3.822],[-3.819,0],[0,0],[0,15.532],[0.825,0.614],[3.893,4.893],[-4.437,5.943],[-21.096,-15.849],[0,-3.822],[-3.819,0],[0,0],[0,7.624],[-3.684,0],[-2.62,-2.62],[0,0],[0,-3.822],[-3.819,0],[0,24.054],[-5.855,4.356],[-3.781,-5.087],[0.859,-1.007],[14.276,-10.656],[0,0],[0,-3.822],[-3.819,0],[0,0],[0,11.055],[-1.114,0.833],[-4.72,1.362],[-7.628,0],[0,-7.624],[15.252,0],[0,0],[0,-41.943],[20.364,0],[14.343,14.343],[0,0],[0,15.255],[7.628,0],[0,7.624]],"v":[[104.026,131.264],[89.263,129.115],[86.036,126.206],[69.451,96.689],[69.451,89.774],[62.536,82.859],[55.621,89.774],[55.621,96.689],[77.757,137.288],[80.285,139.743],[80.505,156.649],[61.158,159.478],[27.96,96.689],[21.045,89.774],[14.13,96.689],[14.13,165.84],[0.3,179.67],[-9.468,175.611],[-13.53,165.84],[-13.53,96.689],[-20.445,89.774],[-27.361,96.689],[-60.521,159.451],[-79.896,156.662],[-79.678,139.737],[-77.161,137.295],[-55.021,96.689],[-55.021,89.774],[-61.936,82.859],[-68.851,89.774],[-68.851,96.689],[-85.433,126.206],[-88.664,129.115],[-103.427,131.264],[-117.257,117.434],[-103.427,103.604],[-75.766,75.943],[-75.766,-62.358],[0.1,-135.425],[53.921,-113.18],[76.366,-62.358],[76.366,75.943],[104.026,103.604],[117.856,117.434]],"c":true}]},{"i":{"x":0.667,"y":1},"o":{"x":0.16,"y":0.006},"t":5,"s":[{"i":[[7.532,-1.204],[4.888,0.5],[1.237,0.615],[1.972,10.877],[0,0],[3.758,-0.681],[-0.682,-3.761],[0,0],[-15.956,-7.908],[-1.02,-0.84],[2.817,-5.658],[6.446,3.189],[0,24.054],[3.819,0],[0,-3.822],[0,0],[7.628,0],[2.613,2.62],[0,3.68],[0,0],[3.819,0],[0,-3.822],[23.352,-12.193],[3.384,6.561],[-4.644,4.195],[-0.898,0.465],[-2.521,15.326],[0,0],[3.768,0.62],[0.62,-3.771],[0,0],[11.84,-6.145],[1.213,-0.896],[5.038,0.829],[-1.238,7.523],[-7.526,-1.238],[0,15.255],[0,0],[-41.943,0],[-14.347,-14.343],[0,-20.36],[0,0],[-15.061,2.407],[-1.203,-7.529]],"o":[[-5.04,0.806],[-1.226,-0.873],[-11.948,-5.939],[0,0],[-0.682,-3.761],[-3.758,0.681],[0,0],[2.771,15.283],[0.921,0.457],[4.704,4.12],[-3.306,6.639],[-23.585,-11.832],[0,-3.822],[-3.819,0],[0,0],[0,7.624],[-3.684,0],[-2.62,-2.62],[0,0],[0,-3.822],[-3.819,0],[0,24.054],[-6.484,3.348],[-2.905,-5.633],[1.011,-0.854],[15.816,-8.197],[0,0],[0.62,-3.771],[-3.768,-0.62],[0,0],[-1.795,10.908],[-1.235,0.641],[-4.879,0.578],[-7.526,-1.238],[1.238,-7.523],[15.049,2.476],[0,0],[0,-41.943],[20.364,0],[14.343,14.343],[0,0],[0,15.255],[7.532,-1.204],[1.203,7.529]],"v":[[108.016,128.361],[88.857,125.232],[85.163,122.945],[63.578,96.86],[62.345,90.056],[54.307,84.485],[48.736,92.523],[49.97,99.327],[78.994,135.326],[81.919,137.291],[85.152,153.886],[66.619,160.122],[27.96,101.189],[21.045,94.274],[14.13,101.189],[13.88,175.34],[0.05,189.17],[-9.718,185.111],[-13.78,175.34],[-13.53,101.189],[-20.445,94.274],[-27.361,101.189],[-73.184,160.594],[-91.849,154.697],[-88.887,138.032],[-86.006,136.03],[-57.568,99.557],[-56.446,92.734],[-62.147,84.788],[-70.092,90.488],[-71.215,97.312],[-92.369,123.746],[-96.029,126.092],[-110.944,125.816],[-122.346,109.924],[-106.454,98.523],[-74.766,79.943],[-75.766,-51.358],[0.3,-127.425],[54.121,-105.18],[76.366,-51.358],[74.616,79.693],[103.651,101.047],[119.49,112.522]],"c":true}]},{"i":{"x":0.667,"y":1},"o":{"x":0.333,"y":0},"t":15,"s":[{"i":[[7.606,0.574],[4.605,1.715],[1.043,0.907],[-0.831,11.023],[0,0],[3.808,0.287],[0.287,-3.811],[0,0],[-13.45,-11.672],[-0.776,-1.07],[4.152,-4.766],[5.435,4.71],[0,24.054],[3.819,0],[0,-3.822],[0,0],[7.627,0],[2.613,2.62],[0,3.68],[0,0],[3.819,0],[0,-3.822],[19.054,-18.192],[5.071,5.365],[-3.298,5.318],[-0.733,0.696],[1.828,15.424],[0,0],[3.792,-0.45],[-0.45,-3.796],[0,0],[9.671,-9.188],[0.917,-1.197],[5.071,-0.601],[0.897,7.571],[-7.575,0.898],[0,15.255],[0,0],[-41.943,0],[-14.347,-14.343],[0,-20.36],[0,0],[-15.208,-1.147],[0.573,-7.603]],"o":[[-5.09,-0.384],[-0.967,-1.153],[-10.067,-8.757],[0,0],[0.287,-3.811],[-3.808,-0.287],[0,0],[-1.168,15.488],[0.777,0.674],[3.514,5.172],[-4.871,5.592],[-19.845,-17.391],[0,-3.822],[-3.819,0],[0,0],[0,7.624],[-3.684,0],[-2.62,-2.62],[0,0],[0,-3.822],[-3.819,0],[0,24.054],[-5.301,5.015],[-4.354,-4.606],[0.735,-1.101],[12.922,-12.263],[0,0],[-0.45,-3.796],[-3.792,0.45],[0,0],[1.301,10.978],[-1.008,0.958],[-4.527,1.909],[-7.575,0.898],[-0.897,-7.571],[15.146,-1.795],[0,0],[0,-41.943],[20.364,0],[14.343,14.343],[0,0],[0,15.255],[7.606,0.574],[-0.573,7.603]],"v":[[100.329,134.845],[85.769,131.591],[82.77,128.448],[68.451,97.767],[68.971,90.872],[62.596,83.456],[55.18,89.832],[54.66,96.727],[73.681,138.876],[76.017,141.515],[74.965,158.389],[55.46,159.755],[27.46,89.189],[20.545,82.274],[13.63,89.189],[13.63,158.34],[-0.2,172.17],[-9.968,168.111],[-14.03,158.34],[-14.03,89.189],[-20.945,82.274],[-27.861,89.189],[-50.639,159.675],[-70.207,159.186],[-71.984,142.353],[-69.771,139.631],[-52.565,96.701],[-53.379,89.834],[-61.06,83.781],[-67.113,91.462],[-66.299,98.329],[-79.291,129.593],[-82.157,132.863],[-96.564,136.734],[-111.926,124.628],[-99.82,109.266],[-75.766,75.943],[-75.766,-62.358],[0.3,-138.425],[54.121,-116.18],[76.366,-62.358],[76.366,75.943],[102.409,107.263],[115.16,122.094]],"c":true}]},{"i":{"x":0.667,"y":1},"o":{"x":0.167,"y":0},"t":94.375,"s":[{"i":[[7.606,0.574],[4.605,1.715],[1.043,0.907],[-0.831,11.023],[0,0],[3.808,0.287],[0.287,-3.811],[0,0],[-13.45,-11.672],[-0.776,-1.07],[4.152,-4.766],[5.435,4.71],[0,24.054],[3.819,0],[0,-3.822],[0,0],[7.627,0],[2.613,2.62],[0,3.68],[0,0],[3.819,0],[0,-3.822],[19.054,-18.192],[5.071,5.365],[-3.298,5.318],[-0.733,0.696],[1.828,15.424],[0,0],[3.792,-0.45],[-0.45,-3.796],[0,0],[9.671,-9.188],[0.917,-1.197],[5.071,-0.601],[0.897,7.571],[-7.575,0.898],[0,15.255],[0,0],[-41.943,0],[-14.347,-14.343],[0,-20.36],[0,0],[-15.208,-1.147],[0.573,-7.603]],"o":[[-5.09,-0.384],[-0.967,-1.153],[-10.067,-8.757],[0,0],[0.287,-3.811],[-3.808,-0.287],[0,0],[-1.168,15.488],[0.777,0.674],[3.514,5.172],[-4.871,5.592],[-19.845,-17.391],[0,-3.822],[-3.819,0],[0,0],[0,7.624],[-3.684,0],[-2.62,-2.62],[0,0],[0,-3.822],[-3.819,0],[0,24.054],[-5.301,5.015],[-4.354,-4.606],[0.735,-1.101],[12.922,-12.263],[0,0],[-0.45,-3.796],[-3.792,0.45],[0,0],[1.301,10.978],[-1.008,0.958],[-4.527,1.909],[-7.575,0.898],[-0.897,-7.571],[15.146,-1.795],[0,0],[0,-41.943],[20.364,0],[14.343,14.343],[0,0],[0,15.255],[7.606,0.574],[-0.573,7.603]],"v":[[100.329,134.845],[85.769,131.591],[82.77,128.448],[68.451,97.767],[68.971,90.872],[62.596,83.456],[55.18,89.832],[54.66,96.727],[73.681,138.876],[76.017,141.515],[74.965,158.389],[55.46,159.755],[27.46,89.189],[20.545,82.274],[13.63,89.189],[13.63,158.34],[-0.2,172.17],[-9.968,168.111],[-14.03,158.34],[-14.03,89.189],[-20.945,82.274],[-27.861,89.189],[-50.639,159.675],[-70.207,159.186],[-71.984,142.353],[-69.771,139.631],[-52.565,96.701],[-53.379,89.834],[-61.06,83.781],[-67.113,91.462],[-66.299,98.329],[-79.291,129.593],[-82.157,132.863],[-96.564,136.734],[-111.926,124.628],[-99.82,109.266],[-75.766,75.943],[-75.766,-62.358],[0.3,-138.425],[54.121,-116.18],[76.366,-62.358],[76.366,75.943],[102.409,107.263],[115.16,122.094]],"c":true}]},{"t":104,"s":[{"i":[[7.628,0],[4.721,1.364],[1.105,0.829],[0,11.055],[0,0],[3.819,0],[0,-3.822],[0,0],[-14.273,-10.65],[-0.854,-1.008],[3.773,-5.071],[5.774,4.288],[0,24.054],[3.819,0],[0,-3.822],[0,0],[7.628,0],[2.613,2.62],[0,3.68],[0,0],[3.819,0],[0,-3.822],[21.063,-15.822],[4.416,5.916],[-3.902,4.893],[-0.811,0.604],[0,15.532],[0,0],[3.819,0],[0,-3.822],[0,0],[10.693,-7.975],[1.052,-1.081],[5.106,0],[0,7.624],[-7.628,0],[0,15.255],[0,0],[-41.943,0],[-14.347,-14.343],[0,-20.36],[0,0],[-15.252,0],[0,-7.624]],"o":[[-5.104,0],[-1.051,-1.078],[-10.697,-7.975],[0,0],[0,-3.822],[-3.819,0],[0,0],[0,15.532],[0.825,0.614],[3.893,4.893],[-4.437,5.943],[-21.096,-15.849],[0,-3.822],[-3.819,0],[0,0],[0,7.624],[-3.684,0],[-2.62,-2.62],[0,0],[0,-3.822],[-3.819,0],[0,24.054],[-5.855,4.356],[-3.781,-5.087],[0.859,-1.007],[14.276,-10.656],[0,0],[0,-3.822],[-3.819,0],[0,0],[0,11.055],[-1.114,0.833],[-4.72,1.362],[-7.628,0],[0,-7.624],[15.252,0],[0,0],[0,-41.943],[20.364,0],[14.343,14.343],[0,0],[0,15.255],[7.628,0],[0,7.624]],"v":[[104.026,131.264],[89.263,129.115],[86.036,126.206],[69.451,96.689],[69.451,89.774],[62.536,82.859],[55.621,89.774],[55.621,96.689],[77.757,137.288],[80.285,139.743],[80.505,156.649],[61.158,159.478],[27.96,96.689],[21.045,89.774],[14.13,96.689],[14.13,165.84],[0.3,179.67],[-9.468,175.611],[-13.53,165.84],[-13.53,96.689],[-20.445,89.774],[-27.361,96.689],[-60.521,159.451],[-79.896,156.662],[-79.678,139.737],[-77.161,137.295],[-55.021,96.689],[-55.021,89.774],[-61.936,82.859],[-68.851,89.774],[-68.851,96.689],[-85.433,126.206],[-88.664,129.115],[-103.427,131.264],[-117.257,117.434],[-103.427,103.604],[-75.766,75.943],[-75.766,-62.358],[0.1,-135.425],[53.921,-113.18],[76.366,-62.358],[76.366,75.943],[104.026,103.604],[117.856,117.434]],"c":true}]}],"ix":2},"nm":"Path 1","mn":"ADBE Vector Shape - Group","hd":false},{"ind":1,"ty":"sh","ix":2,"ks":{"a":1,"k":[{"i":{"x":0.667,"y":0.987},"o":{"x":0.606,"y":0},"t":0,"s":[{"i":[[15.252,0],[0,7.624],[0,0],[16.957,16.957],[3.981,2.855],[-9.106,2.41],[-6.109,0],[0,7.638],[7.639,0],[1.259,-6.342],[2.985,-11.174],[16.533,0],[13.497,-8.106],[11.396,2.493],[6.711,0],[0,-7.639],[-7.638,0],[-1.83,5.494],[-1.531,-9.461],[0,-30.073],[0,0],[7.628,0],[0,-15.255],[-15.252,0],[-2.36,0.25],[-4.437,-5.97],[-8.813,0],[-4.835,3.579],[-6.331,10.042],[0,0],[-5.23,-5.234],[-7.378,0],[0,15.255],[0,0],[-10.197,-7.665],[-6.037,0],[-5.264,7.05],[0.905,6.969],[-2.407,0],[0,15.255]],"o":[[-7.628,0],[0,0],[0,-24.054],[-3.531,-3.531],[1.563,-9.418],[1.83,5.494],[7.639,0],[0,-7.639],[-6.711,0],[-11.367,2.486],[-13.793,-8.263],[-16.858,0],[-2.96,-11.215],[-1.259,-6.341],[-7.638,0],[0,7.638],[6.11,0],[9.137,2.419],[-22.746,16.328],[0,0],[0,7.624],[-15.252,0],[0,15.255],[2.407,0],[-0.905,6.969],[5.257,7.037],[6.041,0],[10.177,-7.651],[0,0],[0,7.374],[5.23,5.234],[15.252,0],[0,0],[6.338,10.048],[4.801,3.552],[8.813,0],[4.433,-5.963],[2.357,0.25],[15.252,0],[0,-15.255]],"v":[[104.026,89.774],[90.196,75.943],[90.196,-62.358],[63.7,-122.958],[52.363,-132.461],[70.016,-151.822],[83.081,-142.34],[96.911,-156.17],[83.081,-170],[69.524,-158.877],[46.213,-136.485],[0.1,-149.255],[-45.987,-136.399],[-69.324,-158.877],[-82.881,-170],[-96.711,-156.17],[-82.881,-142.34],[-69.817,-151.822],[-52.154,-132.365],[-89.596,-62.358],[-89.596,75.943],[-103.427,89.774],[-131.087,117.434],[-103.427,145.094],[-96.272,144.723],[-90.988,164.928],[-68.851,176.003],[-52.249,170.54],[-27.361,143.764],[-27.361,165.84],[-19.25,185.39],[0.3,193.5],[27.96,165.84],[27.96,143.757],[52.886,170.567],[69.451,176.003],[91.594,164.914],[96.875,144.723],[104.026,145.094],[131.687,117.434]],"c":true}]},{"i":{"x":0.667,"y":1},"o":{"x":0.16,"y":0.006},"t":5,"s":[{"i":[[15.061,-2.407],[0,7.624],[0,0],[16.957,16.957],[3.981,2.855],[-9.106,2.41],[-6.109,0],[0,7.638],[7.639,0],[1.259,-6.342],[2.985,-11.174],[16.533,0],[13.497,-8.106],[11.396,2.493],[6.711,0],[0,-7.639],[-7.638,0],[-1.83,5.494],[-1.531,-9.461],[0,-30.073],[0,0],[7.526,1.238],[2.476,-15.053],[-15.049,-2.476],[-2.369,-0.137],[-3.425,-6.602],[-8.696,-1.431],[-5.352,2.747],[-6.331,10.042],[0,0],[-5.23,-5.234],[-7.378,0],[0,15.255],[0,0],[-11.401,-5.723],[-5.94,1.077],[-3.906,7.884],[5.28,9.938],[-2.377,0.38],[2.407,15.064]],"o":[[-7.532,1.204],[0,0],[0,-24.054],[-3.531,-3.531],[1.563,-9.418],[1.83,5.494],[7.639,0],[0,-7.639],[-6.711,0],[-11.367,2.486],[-13.793,-8.263],[-16.858,0],[-2.96,-11.215],[-1.259,-6.341],[-7.638,0],[0,7.638],[6.11,0],[9.137,2.419],[-22.746,16.328],[0,0],[0,7.624],[-15.049,-2.476],[-2.476,15.053],[2.376,0.391],[-2.024,6.73],[4.045,7.797],[5.96,0.981],[11.284,-5.898],[0,0],[0,7.374],[5.23,5.234],[15.252,0],[0,0],[6.338,10.048],[5.358,2.639],[8.671,-1.572],[3.299,-6.658],[2.306,-0.545],[15.061,-2.407],[-2.407,-15.064]],"v":[[101.468,87.391],[88.446,79.693],[90.196,-51.358],[63.9,-114.958],[52.563,-124.461],[66.716,-139.822],[79.781,-130.34],[93.612,-144.17],[79.781,-158],[66.224,-146.877],[46.414,-128.485],[0.3,-141.255],[-45.787,-128.399],[-65.624,-147.377],[-79.181,-158.5],[-93.011,-144.67],[-79.181,-130.84],[-66.116,-140.322],[-51.953,-124.365],[-89.596,-51.358],[-88.596,79.943],[-104.209,84.876],[-135.993,107.679],[-113.19,139.463],[-106.069,140.258],[-104.135,161.053],[-84.09,175.574],[-66.821,172.878],[-27.361,143.764],[-27.611,175.34],[-19.5,194.89],[0.05,203],[27.71,175.34],[27.96,143.757],[60.458,172.508],[77.727,174.902],[97.537,160.041],[98.445,139.787],[110.198,142.018],[133.147,110.339]],"c":true}]},{"i":{"x":0.667,"y":1},"o":{"x":0.333,"y":0},"t":15,"s":[{"i":[[15.209,1.147],[0,7.624],[0,0],[16.957,16.957],[3.981,2.855],[-8.786,3.398],[-6.072,0.672],[0.841,7.592],[7.592,-0.841],[0.554,-6.442],[2.985,-11.174],[16.533,0],[13.497,-8.106],[10.783,4.45],[6.607,1.176],[1.338,-7.52],[-7.52,-1.338],[-2.764,5.089],[-1.531,-9.461],[0,-30.073],[0,0],[7.575,-0.898],[-1.796,-15.149],[-15.146,1.795],[-2.314,0.526],[-5.122,-5.393],[-8.751,1.037],[-4.38,4.123],[-3.639,13.736],[0,0],[-5.23,-5.234],[-7.378,0],[0,15.255],[0,0],[-9.592,-8.41],[-6.02,-0.454],[-5.766,6.646],[0.378,7.017],[-2.401,-0.181],[-1.147,15.212]],"o":[[-7.606,-0.574],[0,0],[0,-24.054],[-3.531,-3.531],[1.563,-9.418],[2.424,5.26],[7.592,-0.841],[-0.841,-7.592],[-6.67,0.739],[-11.024,3.722],[-13.793,-8.263],[-16.858,0],[-2.96,-11.215],[-0.129,-6.464],[-7.52,-1.338],[-1.338,7.52],[6.015,1.07],[8.572,3.982],[-22.746,16.328],[0,0],[0,7.624],[-15.146,1.795],[1.796,15.149],[2.391,-0.283],[-0.078,7.027],[6.049,6.369],[5.999,-0.711],[9.205,-8.796],[0,0],[0,7.374],[5.23,5.234],[15.252,0],[0,0],[6.338,10.048],[4.521,3.903],[8.788,0.663],[4.869,-5.613],[2.331,0.426],[15.208,1.147],[1.147,-15.212]],"v":[[103.449,93.472],[90.196,75.943],[90.196,-62.358],[63.9,-125.958],[52.563,-135.461],[66.759,-155.261],[80.789,-147.274],[93.013,-162.542],[77.744,-174.766],[65.494,-162.218],[46.414,-139.485],[0.3,-152.255],[-45.787,-139.399],[-62.773,-161.184],[-74.172,-174.51],[-90.211,-163.316],[-79.017,-147.278],[-64.494,-154.325],[-51.953,-135.365],[-89.596,-62.358],[-89.596,75.943],[-101.448,95.532],[-125.66,126.256],[-94.936,150.468],[-87.875,149.257],[-80.249,168.7],[-56.963,177.092],[-41.119,169.712],[-26.611,136.764],[-27.861,158.34],[-19.75,177.89],[-0.2,186],[27.46,158.34],[27.46,136.257],[46.377,170.19],[62.487,176.857],[85.401,167.465],[92.185,147.728],[99.289,148.636],[128.951,123.134]],"c":true}]},{"i":{"x":0.667,"y":1},"o":{"x":0.167,"y":0},"t":94.375,"s":[{"i":[[15.209,1.147],[0,7.624],[0,0],[16.957,16.957],[3.981,2.855],[-8.786,3.398],[-6.072,0.672],[0.841,7.592],[7.592,-0.841],[0.554,-6.442],[2.985,-11.174],[16.533,0],[13.497,-8.106],[10.783,4.45],[6.607,1.176],[1.338,-7.52],[-7.52,-1.338],[-2.764,5.089],[-1.531,-9.461],[0,-30.073],[0,0],[7.575,-0.898],[-1.796,-15.149],[-15.146,1.795],[-2.314,0.526],[-5.122,-5.393],[-8.751,1.037],[-4.38,4.123],[-3.639,13.736],[0,0],[-5.23,-5.234],[-7.378,0],[0,15.255],[0,0],[-9.592,-8.41],[-6.02,-0.454],[-5.766,6.646],[0.378,7.017],[-2.401,-0.181],[-1.147,15.212]],"o":[[-7.606,-0.574],[0,0],[0,-24.054],[-3.531,-3.531],[1.563,-9.418],[2.424,5.26],[7.592,-0.841],[-0.841,-7.592],[-6.67,0.739],[-11.024,3.722],[-13.793,-8.263],[-16.858,0],[-2.96,-11.215],[-0.129,-6.464],[-7.52,-1.338],[-1.338,7.52],[6.015,1.07],[8.572,3.982],[-22.746,16.328],[0,0],[0,7.624],[-15.146,1.795],[1.796,15.149],[2.391,-0.283],[-0.078,7.027],[6.049,6.369],[5.999,-0.711],[9.205,-8.796],[0,0],[0,7.374],[5.23,5.234],[15.252,0],[0,0],[6.338,10.048],[4.521,3.903],[8.788,0.663],[4.869,-5.613],[2.331,0.426],[15.208,1.147],[1.147,-15.212]],"v":[[103.449,93.472],[90.196,75.943],[90.196,-62.358],[63.9,-125.958],[52.563,-135.461],[66.759,-155.261],[80.789,-147.274],[93.013,-162.542],[77.744,-174.766],[65.494,-162.218],[46.414,-139.485],[0.3,-152.255],[-45.787,-139.399],[-62.773,-161.184],[-74.172,-174.51],[-90.211,-163.316],[-79.017,-147.278],[-64.494,-154.325],[-51.953,-135.365],[-89.596,-62.358],[-89.596,75.943],[-101.448,95.532],[-125.66,126.256],[-94.936,150.468],[-87.875,149.257],[-80.249,168.7],[-56.963,177.092],[-41.119,169.712],[-26.611,136.764],[-27.861,158.34],[-19.75,177.89],[-0.2,186],[27.46,158.34],[27.46,136.257],[46.377,170.19],[62.487,176.857],[85.401,167.465],[92.185,147.728],[99.289,148.636],[128.951,123.134]],"c":true}]},{"t":104,"s":[{"i":[[15.252,0],[0,7.624],[0,0],[16.957,16.957],[3.981,2.855],[-9.106,2.41],[-6.109,0],[0,7.638],[7.639,0],[1.259,-6.342],[2.985,-11.174],[16.533,0],[13.497,-8.106],[11.396,2.493],[6.711,0],[0,-7.639],[-7.638,0],[-1.83,5.494],[-1.531,-9.461],[0,-30.073],[0,0],[7.628,0],[0,-15.255],[-15.252,0],[-2.36,0.25],[-4.437,-5.97],[-8.813,0],[-4.835,3.579],[-6.331,10.042],[0,0],[-5.23,-5.234],[-7.378,0],[0,15.255],[0,0],[-10.197,-7.665],[-6.037,0],[-5.264,7.05],[0.905,6.969],[-2.407,0],[0,15.255]],"o":[[-7.628,0],[0,0],[0,-24.054],[-3.531,-3.531],[1.563,-9.418],[1.83,5.494],[7.639,0],[0,-7.639],[-6.711,0],[-11.367,2.486],[-13.793,-8.263],[-16.858,0],[-2.96,-11.215],[-1.259,-6.341],[-7.638,0],[0,7.638],[6.11,0],[9.137,2.419],[-22.746,16.328],[0,0],[0,7.624],[-15.252,0],[0,15.255],[2.407,0],[-0.905,6.969],[5.257,7.037],[6.041,0],[10.177,-7.651],[0,0],[0,7.374],[5.23,5.234],[15.252,0],[0,0],[6.338,10.048],[4.801,3.552],[8.813,0],[4.433,-5.963],[2.357,0.25],[15.252,0],[0,-15.255]],"v":[[104.026,89.774],[90.196,75.943],[90.196,-62.358],[63.7,-122.958],[52.363,-132.461],[70.016,-151.822],[83.081,-142.34],[96.911,-156.17],[83.081,-170],[69.524,-158.877],[46.213,-136.485],[0.1,-149.255],[-45.987,-136.399],[-69.324,-158.877],[-82.881,-170],[-96.711,-156.17],[-82.881,-142.34],[-69.817,-151.822],[-52.154,-132.365],[-89.596,-62.358],[-89.596,75.943],[-103.427,89.774],[-131.087,117.434],[-103.427,145.094],[-96.272,144.723],[-90.988,164.928],[-68.851,176.003],[-52.249,170.54],[-27.361,143.764],[-27.361,165.84],[-19.25,185.39],[0.3,193.5],[27.96,165.84],[27.96,143.757],[52.886,170.567],[69.451,176.003],[91.594,164.914],[96.875,144.723],[104.026,145.094],[131.687,117.434]],"c":true}]}],"ix":2},"nm":"Path 2","mn":"ADBE Vector Shape - Group","hd":false},{"ty":"fl","c":{"a":0,"k":[0.192156866193,0.054901961237,0.192156866193,1],"ix":4},"o":{"a":0,"k":100,"ix":5},"r":1,"bm":0,"nm":"Fill 1","mn":"ADBE Vector Graphic - Fill","hd":false},{"ty":"tr","p":{"a":0,"k":[0,0],"ix":2},"a":{"a":0,"k":[0,0],"ix":1},"s":{"a":0,"k":[100,100],"ix":3},"r":{"a":0,"k":0,"ix":6},"o":{"a":0,"k":100,"ix":7},"sk":{"a":0,"k":0,"ix":4},"sa":{"a":0,"k":0,"ix":5},"nm":"Transform"}],"nm":"Group 3","np":3,"cix":2,"bm":0,"ix":3,"mn":"ADBE Vector Group","hd":false},{"ty":"gr","it":[{"ty":"gr","it":[{"ind":0,"ty":"sh","ix":1,"ks":{"a":1,"k":[{"i":{"x":0.667,"y":0.987},"o":{"x":0.606,"y":0},"t":0,"s":[{"i":[[0,-11.479],[11.479,0],[5.808,1.867],[5.808,-7.814],[6.293,0],[3.734,2.766],[0,26.277],[0,0],[11.479,0],[3.734,3.734],[0,5.739],[0,0],[22.82,-17.15],[4.357,0],[4.08,5.463],[-5.739,7.123],[6.431,0],[0,11.479],[-11.479,0],[0,11.41],[0,0],[-45.847,0],[-15.006,-15.006],[0,-22.958],[0,0],[-11.41,0]],"o":[[0,11.479],[-6.431,0],[5.739,7.123],[-4.08,5.463],[-4.357,0],[-22.82,-17.15],[0,0],[0,11.479],[-5.74,0],[-3.734,-3.734],[0,0],[0,26.277],[-3.734,2.766],[-6.293,0],[-5.808,-7.814],[-5.808,1.867],[-11.479,0],[0,-11.479],[11.41,0],[0,0],[0,-45.847],[22.958,0],[15.006,15.006],[0,0],[0,11.41],[11.479,0]],"v":[[124.772,117.434],[104.027,138.179],[85.633,135.344],[86.048,160.791],[69.451,169.09],[57.004,165.01],[21.046,96.689],[21.046,165.84],[0.3,186.585],[-14.36,180.5],[-20.445,165.84],[-20.445,96.689],[-56.403,165.01],[-68.851,169.09],[-85.447,160.791],[-85.032,135.344],[-103.426,138.179],[-124.171,117.434],[-103.426,96.689],[-82.681,75.943],[-82.681,-62.358],[0.1,-142.34],[58.809,-118.068],[83.281,-62.358],[83.281,75.943],[104.027,96.689]],"c":true}]},{"i":{"x":0.667,"y":1},"o":{"x":0.16,"y":0.006},"t":5,"s":[{"i":[[-1.811,-11.335],[11.335,-1.811],[6.048,0.801],[4.341,-8.715],[6.192,-1.122],[4.167,2.055],[0,26.277],[0,0],[11.479,0],[3.734,3.734],[0,5.739],[0,0],[25.301,-13.218],[4.299,0.707],[3.126,6.06],[-6.819,6.097],[6.346,1.044],[-1.863,11.327],[-11.327,-1.863],[0,11.41],[0,0],[-45.847,0],[-15.006,-15.006],[0,-22.958],[0,0],[-11.267,1.801]],"o":[[1.811,11.335],[-6.35,1.015],[6.918,5.985],[-3.04,6.103],[-4.287,0.777],[-25.513,-12.804],[0,0],[0,11.479],[-5.74,0],[-3.734,-3.734],[0,0],[0,26.277],[-4.133,2.123],[-6.209,-1.021],[-4.463,-8.653],[-6.035,0.9],[-11.327,-1.863],[1.863,-11.327],[11.259,1.852],[0,0],[0,-45.847],[22.958,0],[15.006,15.006],[0,0],[0,11.41],[11.335,-1.811]],"v":[[126.319,111.431],[109.108,135.19],[86.396,132.009],[91.344,156.974],[76.494,168.099],[63.519,166.306],[21.046,101.189],[20.796,175.34],[0.05,196.085],[-14.61,190],[-20.695,175.34],[-20.445,101.189],[-70.023,166.747],[-82.967,168.752],[-97.996,157.87],[-93.456,132.828],[-112.066,132.64],[-129.169,108.802],[-105.331,91.699],[-81.681,79.943],[-82.681,-51.358],[0.3,-134.34],[59.009,-110.068],[83.281,-51.358],[81.531,79.693],[102.56,94.219]],"c":true}]},{"i":{"x":0.667,"y":1},"o":{"x":0.333,"y":0},"t":15,"s":[{"i":[[0.863,-11.446],[11.446,0.863],[5.652,2.299],[6.396,-7.341],[6.275,0.473],[3.515,3.039],[0,26.277],[0,0],[11.479,0],[3.734,3.734],[0,5.739],[0,0],[20.642,-19.717],[4.326,-0.513],[4.684,4.955],[-4.861,7.749],[6.386,-0.757],[1.351,11.4],[-11.399,1.351],[0,11.41],[0,0],[-45.847,0],[-15.006,-15.006],[0,-22.958],[0,0],[-11.378,-0.858]],"o":[[-0.863,11.446],[-6.413,-0.484],[5.187,7.534],[-4.479,5.141],[-4.344,-0.328],[-21.465,-18.817],[0,0],[0,11.479],[-5.74,0],[-3.734,-3.734],[0,0],[0,26.277],[-3.382,3.186],[-6.249,0.741],[-6.688,-7.076],[-5.548,2.538],[-11.399,1.351],[-1.351,-11.4],[11.331,-1.343],[0,0],[0,-45.847],[22.958,0],[15.006,15.006],[0,0],[0,11.41],[11.446,0.863]],"v":[[122.056,122.614],[99.809,141.741],[81.68,137.53],[80.181,162.937],[63.007,169.963],[50.902,164.959],[20.546,89.189],[20.546,158.34],[-0.2,179.085],[-14.86,173],[-20.945,158.34],[-20.945,89.189],[-45.896,164.71],[-57.776,170.227],[-75.234,163.94],[-77.817,138.62],[-95.75,143.601],[-118.793,125.442],[-100.633,102.399],[-82.681,75.943],[-82.681,-62.359],[0.3,-145.34],[59.009,-121.068],[83.282,-62.359],[83.282,75.943],[102.929,100.367]],"c":true}]},{"i":{"x":0.667,"y":1},"o":{"x":0.167,"y":0},"t":94.375,"s":[{"i":[[0.863,-11.446],[11.446,0.863],[5.652,2.299],[6.396,-7.341],[6.275,0.473],[3.515,3.039],[0,26.277],[0,0],[11.479,0],[3.734,3.734],[0,5.739],[0,0],[20.642,-19.717],[4.326,-0.513],[4.684,4.955],[-4.861,7.749],[6.386,-0.757],[1.351,11.4],[-11.399,1.351],[0,11.41],[0,0],[-45.847,0],[-15.006,-15.006],[0,-22.958],[0,0],[-11.378,-0.858]],"o":[[-0.863,11.446],[-6.413,-0.484],[5.187,7.534],[-4.479,5.141],[-4.344,-0.328],[-21.465,-18.817],[0,0],[0,11.479],[-5.74,0],[-3.734,-3.734],[0,0],[0,26.277],[-3.382,3.186],[-6.249,0.741],[-6.688,-7.076],[-5.548,2.538],[-11.399,1.351],[-1.351,-11.4],[11.331,-1.343],[0,0],[0,-45.847],[22.958,0],[15.006,15.006],[0,0],[0,11.41],[11.446,0.863]],"v":[[122.056,122.614],[99.809,141.741],[81.68,137.53],[80.181,162.937],[63.007,169.963],[50.902,164.959],[20.546,89.189],[20.546,158.34],[-0.2,179.085],[-14.86,173],[-20.945,158.34],[-20.945,89.189],[-45.896,164.71],[-57.776,170.227],[-75.234,163.94],[-77.817,138.62],[-95.75,143.601],[-118.793,125.442],[-100.633,102.399],[-82.681,75.943],[-82.681,-62.359],[0.3,-145.34],[59.009,-121.068],[83.282,-62.359],[83.282,75.943],[102.929,100.367]],"c":true}]},{"t":104,"s":[{"i":[[0,-11.479],[11.479,0],[5.808,1.867],[5.808,-7.814],[6.293,0],[3.734,2.766],[0,26.277],[0,0],[11.479,0],[3.734,3.734],[0,5.739],[0,0],[22.82,-17.15],[4.357,0],[4.08,5.463],[-5.739,7.123],[6.431,0],[0,11.479],[-11.479,0],[0,11.41],[0,0],[-45.847,0],[-15.006,-15.006],[0,-22.958],[0,0],[-11.41,0]],"o":[[0,11.479],[-6.431,0],[5.739,7.123],[-4.08,5.463],[-4.357,0],[-22.82,-17.15],[0,0],[0,11.479],[-5.74,0],[-3.734,-3.734],[0,0],[0,26.277],[-3.734,2.766],[-6.293,0],[-5.808,-7.814],[-5.808,1.867],[-11.479,0],[0,-11.479],[11.41,0],[0,0],[0,-45.847],[22.958,0],[15.006,15.006],[0,0],[0,11.41],[11.479,0]],"v":[[124.772,117.434],[104.027,138.179],[85.633,135.344],[86.048,160.791],[69.451,169.09],[57.004,165.01],[21.046,96.689],[21.046,165.84],[0.3,186.585],[-14.36,180.5],[-20.445,165.84],[-20.445,96.689],[-56.403,165.01],[-68.851,169.09],[-85.447,160.791],[-85.032,135.344],[-103.426,138.179],[-124.171,117.434],[-103.426,96.689],[-82.681,75.943],[-82.681,-62.358],[0.1,-142.34],[58.809,-118.068],[83.281,-62.358],[83.281,75.943],[104.027,96.689]],"c":true}]}],"ix":2},"nm":"Path 1","mn":"ADBE Vector Shape - Group","hd":false},{"ty":"fl","c":{"a":0,"k":[0.501960784314,0.768627510819,0.427451010311,1],"ix":4},"o":{"a":0,"k":100,"ix":5},"r":1,"bm":0,"nm":"Fill 1","mn":"ADBE Vector Graphic - Fill","hd":false},{"ty":"tr","p":{"a":0,"k":[0,0],"ix":2},"a":{"a":0,"k":[0,0],"ix":1},"s":{"a":0,"k":[100,100],"ix":3},"r":{"a":0,"k":0,"ix":6},"o":{"a":0,"k":100,"ix":7},"sk":{"a":0,"k":0,"ix":4},"sa":{"a":0,"k":0,"ix":5},"nm":"Transform"}],"nm":"Group 1","np":2,"cix":2,"bm":0,"ix":1,"mn":"ADBE Vector Group","hd":false},{"ty":"tr","p":{"a":0,"k":[0,0],"ix":2},"a":{"a":0,"k":[0,0],"ix":1},"s":{"a":0,"k":[100,100],"ix":3},"r":{"a":0,"k":0,"ix":6},"o":{"a":0,"k":100,"ix":7},"sk":{"a":0,"k":0,"ix":4},"sa":{"a":0,"k":0,"ix":5},"nm":"Transform"}],"nm":"Group 4","np":1,"cix":2,"bm":0,"ix":4,"mn":"ADBE Vector Group","hd":false}],"ip":0,"op":195,"st":0,"ct":1,"bm":0}],"markers":[]}