{"v":"5.9.0","fr":60,"ip":5,"op":162,"w":400,"h":350,"nm":"BlackJack Logo","ddd":0,"assets":[{"id":"comp_0","nm":"LuckyStreak_Splash_BlackJack","fr":60,"layers":[{"ddd":0,"ind":1,"ty":4,"nm":"Blackjack front","sr":1,"ks":{"o":{"a":1,"k":[{"i":{"x":[0.833],"y":[0.833]},"o":{"x":[0.333],"y":[0]},"t":0,"s":[2]},{"i":{"x":[0.833],"y":[0.833]},"o":{"x":[0.333],"y":[0]},"t":17,"s":[0]},{"t":35,"s":[100]}],"ix":11},"r":{"a":0,"k":0,"ix":10},"p":{"a":0,"k":[190.056,286.439,0],"ix":2,"l":2},"a":{"a":0,"k":[161.198,33.899,0],"ix":1,"l":2},"s":{"a":0,"k":[100,100,100],"ix":6,"l":2}},"ao":0,"ef":[{"ty":25,"nm":"Drop Shadow","np":8,"mn":"ADBE Drop Shadow","ix":1,"en":1,"ef":[{"ty":2,"nm":"Shadow Color","mn":"ADBE Drop Shadow-0001","ix":1,"v":{"a":0,"k":[1,0.282352954149,0.474509805441,1],"ix":1}},{"ty":0,"nm":"Opacity","mn":"ADBE Drop Shadow-0002","ix":2,"v":{"a":1,"k":[{"i":{"x":[0.833],"y":[0.833]},"o":{"x":[0.167],"y":[0.167]},"t":649,"s":[0]},{"t":750,"s":[255]}],"ix":2}},{"ty":0,"nm":"Direction","mn":"ADBE Drop Shadow-0003","ix":3,"v":{"a":0,"k":135,"ix":3}},{"ty":0,"nm":"Distance","mn":"ADBE Drop Shadow-0004","ix":4,"v":{"a":0,"k":0,"ix":4}},{"ty":0,"nm":"Softness","mn":"ADBE Drop Shadow-0005","ix":5,"v":{"a":0,"k":38,"ix":5}},{"ty":7,"nm":"Shadow Only","mn":"ADBE Drop Shadow-0006","ix":6,"v":{"a":0,"k":0,"ix":6}}]}],"shapes":[{"ty":"gr","it":[{"ty":"rc","d":1,"s":{"a":0,"k":[378.576,129.307],"ix":2},"p":{"a":0,"k":[0,0],"ix":3},"r":{"a":0,"k":0,"ix":4},"nm":"Rectangle Path 1","mn":"ADBE Vector Shape - Rect","hd":false},{"ty":"st","c":{"a":0,"k":[1,1,1,1],"ix":3},"o":{"a":0,"k":0,"ix":4},"w":{"a":0,"k":1,"ix":5},"lc":1,"lj":1,"ml":4,"bm":0,"nm":"Stroke 1","mn":"ADBE Vector Graphic - Stroke","hd":false},{"ty":"fl","c":{"a":0,"k":[0,0.780391977348,1,1],"ix":4},"o":{"a":0,"k":0,"ix":5},"r":1,"bm":0,"nm":"Fill 1","mn":"ADBE Vector Graphic - Fill","hd":false},{"ty":"tr","p":{"a":0,"k":[160.93,37.614],"ix":2},"a":{"a":0,"k":[0,0],"ix":1},"s":{"a":0,"k":[100,100],"ix":3},"r":{"a":0,"k":0,"ix":6},"o":{"a":0,"k":100,"ix":7},"sk":{"a":0,"k":0,"ix":4},"sa":{"a":0,"k":0,"ix":5},"nm":"Transform"}],"nm":"Rectangle 1","np":3,"cix":2,"bm":0,"ix":1,"mn":"ADBE Vector Group","hd":false},{"ty":"gr","it":[{"ind":0,"ty":"sh","ix":1,"ks":{"a":0,"k":{"i":[[0.625,0],[0,0],[0.268,0.447],[0,0],[0.246,-0.201],[-0.268,-0.223],[0,0],[-0.894,0],[0,0],[-0.09,0.603],[0.491,0.536],[0,0],[0,0],[0.246,0.514],[0.714,0],[0,0],[0.312,-0.267],[0.357,-0.49],[0,0],[0,0],[0.58,0],[0,0],[0,0.625],[0,0],[-0.536,0],[0,0],[0,-0.537],[0,0],[-0.313,0],[0,0.224],[0,0],[0.312,0.335],[0.58,0],[0,0],[0.29,-0.335],[0,-0.537],[0,0],[-1.162,0],[0,0],[0,1.25],[0,0],[0,0],[-0.179,0.179],[-0.402,0],[0,0],[0.402,-0.58],[0,0],[0,0]],"o":[[0,0],[-0.581,0],[0,0],[-0.224,-0.223],[-0.246,0.201],[0,0],[0.402,0.715],[0,0],[0.938,0],[0.089,-0.603],[0,0],[0,0],[0.402,-0.625],[-0.246,-0.513],[0,0],[-0.536,0],[-0.313,0.269],[0,0],[0,0],[0,0.625],[0,0],[-0.536,0],[0,0],[0,-0.537],[0,0],[0.58,0],[0,0],[0,0.224],[0.312,0],[0,0],[0,-0.537],[-0.313,-0.335],[0,0],[-0.581,0],[-0.291,0.335],[0,0],[0,1.25],[0,0],[1.206,0],[0,0],[0,0],[0.223,-0.313],[0.178,-0.177],[0,0],[0.714,0],[0,0],[0,0],[0.312,0.625]],"v":[[13.992,19.53],[7.895,19.53],[6.622,18.86],[-4.366,4.255],[-5.07,4.221],[-5.036,4.857],[5.952,19.396],[7.895,20.468],[13.992,20.468],[15.533,19.564],[14.93,17.855],[1.262,-0.57],[14.595,-17.99],[14.829,-19.698],[13.389,-20.468],[7.292,-20.468],[6.019,-20.067],[5.014,-18.928],[-7.783,-2.312],[-7.783,18.593],[-8.654,19.53],[-13.88,19.53],[-14.684,18.593],[-14.684,-18.659],[-13.88,-19.463],[-8.654,-19.463],[-7.783,-18.659],[-7.783,-7.739],[-7.314,-7.404],[-6.845,-7.739],[-6.845,-18.659],[-7.314,-19.966],[-8.654,-20.468],[-13.88,-20.468],[-15.187,-19.966],[-15.622,-18.659],[-15.622,18.593],[-13.88,20.468],[-8.654,20.468],[-6.845,18.593],[-6.845,-2.178],[5.818,-18.458],[6.421,-19.196],[7.292,-19.463],[13.389,-19.463],[13.858,-18.592],[0.123,-0.57],[14.461,18.593]],"c":true},"ix":2},"nm":"Path 1","mn":"ADBE Vector Shape - Group","hd":false},{"ty":"st","c":{"a":1,"k":[{"i":{"x":[0.833],"y":[0.833]},"o":{"x":[0.167],"y":[0.167]},"t":0,"s":[0.184313729405,0.184313729405,0.184313729405,1]},{"i":{"x":[0.833],"y":[0.833]},"o":{"x":[0.167],"y":[0.167]},"t":107,"s":[0.1840839535,0.1840839535,0.1840839535,1]},{"i":{"x":[0.833],"y":[0.833]},"o":{"x":[0.167],"y":[0.167]},"t":115,"s":[1,1,1,1]},{"i":{"x":[0.833],"y":[0.833]},"o":{"x":[0.167],"y":[0.167]},"t":122,"s":[0.1840839535,0.1840839535,0.1840839535,1]},{"t":128,"s":[1,1,1,1]}],"ix":3},"o":{"a":0,"k":100,"ix":4},"w":{"a":0,"k":1,"ix":5},"lc":2,"lj":2,"bm":0,"nm":"Stroke 1","mn":"ADBE Vector Graphic - Stroke","hd":false},{"ty":"tr","p":{"a":0,"k":[304.622,36.981],"ix":2},"a":{"a":0,"k":[0,0],"ix":1},"s":{"a":0,"k":[100,100],"ix":3},"r":{"a":0,"k":0,"ix":6},"o":{"a":0,"k":100,"ix":7},"sk":{"a":0,"k":0,"ix":4},"sa":{"a":0,"k":0,"ix":5},"nm":"Transform"}],"nm":"Group 1","np":2,"cix":2,"bm":0,"ix":2,"mn":"ADBE Vector Group","hd":false},{"ty":"gr","it":[{"ind":0,"ty":"sh","ix":1,"ks":{"a":0,"k":{"i":[[-0.894,2.813],[0,0],[0.134,-0.625],[1.272,-1.631],[1.429,-1.027],[2.032,-0.714],[2.367,0],[0,-0.291],[-0.313,0],[-2.167,0.736],[-1.698,1.296],[-1.162,1.541],[-0.626,2.1],[0.29,0.401],[0.625,0],[0,0],[0.96,-1.407],[1.317,-1.072],[1.63,-0.669],[1.786,-0.133],[2.032,0.626],[1.608,1.406],[0.982,2.255],[0,3.127],[-1.051,2.479],[-1.808,1.832],[-2.479,1.05],[-2.814,0],[-1.988,-0.58],[-1.675,-1.094],[-1.229,-1.608],[-0.67,-2.054],[0.044,-0.223],[0.446,0],[0,0],[0.29,0.089],[0.089,0.354],[2.121,1.041],[2.412,0],[1.943,-1.318],[0.982,-2.01],[0,-2.345],[-0.983,-2.01],[-1.966,-1.34],[-2.904,0],[0,0.335],[0.402,-0.088],[1.808,1.251],[0.938,1.876],[-0.023,2.211],[-0.894,1.876],[-1.854,1.251],[-2.725,0],[-1.899,-0.871],[-1.028,-1.965],[-0.246,-0.357],[-0.715,0],[0,0],[-0.246,0.469],[0.178,0.626],[1.317,1.698],[1.764,1.183],[2.076,0.603],[2.233,0],[2.568,-1.093],[1.898,-1.92],[1.094,-2.59],[0,-2.992],[-1.407,-2.613],[-2.189,-1.383],[-2.68,-0.245],[-2.479,0.85],[-2.01,1.9]],"o":[[0,0],[0.625,0],[-0.492,1.833],[-1.274,1.631],[-1.787,1.296],[-2.033,0.715],[-0.313,0],[0,0.29],[2.412,0],[2.166,-0.738],[1.831,-1.295],[1.161,-1.541],[0.178,-0.625],[-0.291,-0.402],[0,0],[-0.492,1.653],[-0.961,1.408],[-1.318,1.071],[-1.63,0.671],[-2.1,0.18],[-2.033,-0.625],[-1.608,-1.408],[-0.983,-2.255],[0,-2.858],[1.048,-2.479],[1.809,-1.831],[2.479,-1.048],[2.144,0],[1.987,0.581],[1.675,1.096],[1.228,1.608],[0.134,0.358],[-0.045,0.224],[0,0],[-0.09,0],[-0.291,-0.088],[-1.028,-2.257],[-2.122,-1.04],[-2.948,0],[-1.943,1.317],[-0.983,2.01],[0,2.346],[0.982,2.01],[1.965,1.34],[0.402,0],[0,-0.335],[-2.77,0],[-1.81,-1.25],[-0.938,-1.876],[0.022,-2.211],[0.893,-1.876],[1.852,-1.25],[2.144,0],[1.898,0.872],[0.268,0.536],[0.245,0.358],[0,0],[0.714,0],[0.245,-0.469],[-0.67,-2.144],[-1.318,-1.697],[-1.765,-1.184],[-2.078,-0.603],[-2.948,0],[-2.569,1.095],[-1.899,1.921],[-1.095,2.591],[0,3.886],[1.407,2.614],[2.188,1.386],[2.68,0.246],[2.479,-0.847],[2.01,-1.898]],"v":[[13.076,6.164],[18.839,6.164],[19.576,7.101],[16.93,12.295],[12.875,16.281],[7.146,19.296],[0.547,20.368],[0.078,20.804],[0.547,21.239],[7.414,20.134],[13.21,17.085],[17.699,12.83],[20.379,7.37],[20.211,5.829],[18.839,5.226],[12.473,5.226],[10.295,9.815],[6.878,13.534],[2.456,16.146],[-2.669,17.352],[-8.867,16.683],[-14.327,13.635],[-18.213,8.141],[-19.687,0.067],[-18.112,-7.94],[-13.825,-14.405],[-7.393,-18.727],[0.547,-20.301],[6.745,-19.43],[12.238,-16.918],[16.594,-12.864],[19.441,-7.37],[19.576,-6.499],[18.839,-6.164],[13.21,-6.164],[12.641,-6.297],[12.071,-6.961],[7.347,-11.906],[0.547,-13.467],[-6.79,-11.49],[-11.178,-6.499],[-12.652,0.033],[-11.178,6.566],[-6.756,11.591],[0.547,13.601],[1.15,13.099],[0.547,12.729],[-6.32,10.853],[-10.441,6.164],[-11.815,0.033],[-10.441,-6.097],[-6.32,-10.787],[0.547,-12.663],[6.61,-11.357],[10.999,-7.102],[11.769,-5.762],[13.21,-5.226],[18.839,-5.226],[20.279,-5.93],[20.379,-7.571],[17.397,-13.333],[12.774,-17.654],[7.013,-20.335],[0.547,-21.239],[-7.728,-19.598],[-14.428,-15.075],[-18.917,-8.308],[-20.557,0.067],[-18.448,9.815],[-13.054,15.811],[-5.751,18.258],[1.987,17.352],[8.721,13.232]],"c":true},"ix":2},"nm":"Path 1","mn":"ADBE Vector Shape - Group","hd":false},{"ty":"st","c":{"a":1,"k":[{"i":{"x":[0.833],"y":[0.833]},"o":{"x":[0.167],"y":[0.167]},"t":0,"s":[0.184313729405,0.184313729405,0.184313729405,1]},{"i":{"x":[0.833],"y":[0.833]},"o":{"x":[0.167],"y":[0.167]},"t":107,"s":[0.1840839535,0.1840839535,0.1840839535,1]},{"i":{"x":[0.833],"y":[0.833]},"o":{"x":[0.167],"y":[0.167]},"t":115,"s":[1,1,1,1]},{"i":{"x":[0.833],"y":[0.833]},"o":{"x":[0.167],"y":[0.167]},"t":122,"s":[0.1840839535,0.1840839535,0.1840839535,1]},{"t":128,"s":[1,1,1,1]}],"ix":3},"o":{"a":0,"k":100,"ix":4},"w":{"a":0,"k":1,"ix":5},"lc":2,"lj":2,"bm":0,"nm":"Stroke 1","mn":"ADBE Vector Graphic - Stroke","hd":false},{"ty":"tr","p":{"a":0,"k":[264.869,36.947],"ix":2},"a":{"a":0,"k":[0,0],"ix":1},"s":{"a":0,"k":[100,100],"ix":3},"r":{"a":0,"k":0,"ix":6},"o":{"a":0,"k":100,"ix":7},"sk":{"a":0,"k":0,"ix":4},"sa":{"a":0,"k":0,"ix":5},"nm":"Transform"}],"nm":"Group 2","np":2,"cix":2,"bm":0,"ix":3,"mn":"ADBE Vector Group","hd":false},{"ty":"gr","it":[{"ind":0,"ty":"sh","ix":1,"ks":{"a":0,"k":{"i":[[0,0],[0.714,0],[0,0],[0.134,0.536],[0,0],[1.072,0],[0,0],[0.446,-0.938],[0,0],[0.67,0],[0,0],[-0.179,0.626],[0,0],[-0.67,0],[0,0],[-0.224,-0.536],[0,0],[0,0],[0,0],[0.29,0.09],[0.089,-0.312],[0,0],[0,0],[0,0],[0.982,0],[0,0],[0.312,-0.938],[0,0],[-0.29,-0.402],[-0.67,0],[0,0],[-0.224,1.028],[0,0],[-0.536,0],[0,0],[-0.09,-0.089],[-0.134,-0.357],[0,0],[-0.983,0],[0,0],[-0.335,0.402],[0.268,0.626],[0,0],[0.982,0],[0,0],[0.402,-0.938],[0,0],[-0.291,-0.089],[-0.09,0.358],[0,0],[-0.247,0.134],[-0.224,0],[0,0],[-0.224,-0.134],[-0.09,-0.357]],"o":[[0.268,0.626],[0,0],[-0.626,0],[0,0],[-0.268,-0.938],[0,0],[-0.983,0],[0,0],[-0.134,0.536],[0,0],[-0.67,0],[0,0],[0.134,-0.536],[0,0],[0.58,0],[0,0],[0,0],[0,0],[0.134,-0.357],[-0.291,-0.089],[0,0],[0,0],[0,0],[-0.402,-0.938],[0,0],[-1.117,0],[0,0],[-0.223,0.626],[0.29,0.402],[0,0],[1.161,0],[0,0],[0.268,-0.536],[0,0],[0.402,0],[0.134,0.09],[0,0],[0.312,1.028],[0,0],[0.625,0],[0.334,-0.402],[0,0],[-0.402,-0.938],[0,0],[-0.983,0],[0,0],[-0.09,0.358],[0.29,0.09],[0,0],[0.044,-0.357],[0.245,-0.134],[0,0],[0.268,0],[0.223,0.134],[0,0]],"v":[[17.465,18.592],[16.795,19.53],[11.1,19.53],[9.96,18.726],[8.353,13.769],[6.342,12.361],[-6.387,12.361],[-8.531,13.769],[-10.005,18.726],[-11.212,19.53],[-16.84,19.53],[-17.577,18.592],[-7.46,-11.155],[-6.254,-11.96],[-1.697,-11.96],[-0.491,-11.155],[4.668,4.858],[-4.78,4.858],[-1.564,-5.126],[-1.798,-5.796],[-2.368,-5.46],[-6.053,5.929],[5.941,5.929],[0.379,-11.356],[-1.697,-12.764],[-6.254,-12.764],[-8.397,-11.356],[-18.38,18.324],[-18.28,19.866],[-16.84,20.468],[-11.212,20.468],[-9.134,18.928],[-7.593,14.103],[-6.387,13.299],[6.342,13.299],[7.079,13.434],[7.482,14.103],[9.157,18.928],[11.1,20.468],[16.795,20.468],[18.236,19.866],[18.335,18.324],[5.673,-19.061],[3.595,-20.468],[-3.707,-20.468],[-5.785,-19.061],[-6.79,-15.98],[-6.488,-15.309],[-5.918,-15.712],[-4.846,-18.66],[-4.41,-19.397],[-3.707,-19.598],[3.595,-19.598],[4.332,-19.397],[4.801,-18.66]],"c":true},"ix":2},"nm":"Path 1","mn":"ADBE Vector Shape - Group","hd":false},{"ty":"st","c":{"a":1,"k":[{"i":{"x":[0.833],"y":[0.833]},"o":{"x":[0.167],"y":[0.167]},"t":0,"s":[0.184313729405,0.184313729405,0.184313729405,1]},{"i":{"x":[0.833],"y":[0.833]},"o":{"x":[0.167],"y":[0.167]},"t":107,"s":[0.1840839535,0.1840839535,0.1840839535,1]},{"i":{"x":[0.833],"y":[0.833]},"o":{"x":[0.167],"y":[0.167]},"t":115,"s":[1,1,1,1]},{"i":{"x":[0.833],"y":[0.833]},"o":{"x":[0.167],"y":[0.167]},"t":122,"s":[0.1840839535,0.1840839535,0.1840839535,1]},{"t":128,"s":[1,1,1,1]}],"ix":3},"o":{"a":0,"k":100,"ix":4},"w":{"a":0,"k":1,"ix":5},"lc":2,"lj":2,"bm":0,"nm":"Stroke 1","mn":"ADBE Vector Graphic - Stroke","hd":false},{"ty":"tr","p":{"a":0,"k":[227.449,36.981],"ix":2},"a":{"a":0,"k":[0,0],"ix":1},"s":{"a":0,"k":[100,100],"ix":3},"r":{"a":0,"k":0,"ix":6},"o":{"a":0,"k":100,"ix":7},"sk":{"a":0,"k":0,"ix":4},"sa":{"a":0,"k":0,"ix":5},"nm":"Transform"}],"nm":"Group 3","np":2,"cix":2,"bm":0,"ix":4,"mn":"ADBE Vector Group","hd":false},{"ty":"gr","it":[{"ind":0,"ty":"sh","ix":1,"ks":{"a":0,"k":{"i":[[2.278,1.943],[0.402,3.485],[0,0],[-0.447,0],[0,0],[-0.09,-0.312],[-0.09,-0.357],[-1.005,-0.714],[-1.564,0],[-1.117,0.87],[0,1.876],[0,0],[-0.581,0],[0,0],[0,-0.536],[0,0],[-0.291,-0.022],[0,0.357],[0,0],[0.29,0.335],[0.58,0],[0,0],[0.357,-0.335],[0,-0.536],[0,0],[0.915,-0.692],[1.518,0],[0.781,0.581],[0.223,1.341],[0.223,0.425],[0.759,0],[0,0],[0,-1.116],[0,0],[-2.457,-2.076],[-3.797,0],[-1.698,0.58],[-1.229,1.117],[-0.693,1.631],[0,2.054],[0,0],[0.29,0.335],[0.58,0],[0,0],[0.022,-0.29],[-0.358,0],[0,0],[0,-0.625],[0,0],[0.647,-1.496],[1.139,-1.048],[1.585,-0.535],[1.876,0]],"o":[[-2.278,-1.942],[0,0],[0,-0.491],[0,0],[0.491,0],[0.089,0.313],[0.268,1.519],[1.005,0.715],[1.742,0],[1.116,-0.871],[0,0],[0,-0.536],[0,0],[0.58,0],[0,0],[0,0.313],[0.29,0.023],[0,0],[0,-0.536],[-0.291,-0.335],[0,0],[-0.492,0],[-0.358,0.335],[0,0],[0,1.653],[-0.916,0.694],[-1.43,0],[-0.782,-0.58],[-0.179,-0.625],[-0.224,-0.424],[0,0],[-1.028,0],[0,0],[0.446,3.798],[2.456,2.077],[1.965,0],[1.697,-0.58],[1.228,-1.116],[0.692,-1.63],[0,0],[0,-0.535],[-0.291,-0.335],[0,0],[-0.313,0],[-0.023,0.291],[0,0],[0.58,0],[0,0],[0,1.966],[-0.648,1.497],[-1.139,1.05],[-1.586,0.536],[-3.618,0]],"v":[[-8.878,17.051],[-12.898,8.91],[-12.898,8.04],[-12.227,7.303],[-6.935,7.303],[-6.063,7.772],[-5.796,8.777],[-3.886,12.127],[-0.034,13.198],[4.255,11.893],[5.93,7.772],[5.93,-19.028],[6.8,-19.832],[12.026,-19.832],[12.898,-19.028],[12.898,-15.075],[13.333,-14.573],[13.768,-15.075],[13.768,-19.028],[13.333,-20.335],[12.026,-20.837],[6.8,-20.837],[5.528,-20.335],[4.992,-19.028],[4.992,7.772],[3.617,11.289],[-0.034,12.327],[-3.351,11.457],[-4.857,8.575],[-5.461,7.001],[-6.935,6.364],[-12.227,6.364],[-13.768,8.04],[-13.768,8.91],[-9.414,17.721],[-0.034,20.837],[5.461,19.966],[9.849,17.42],[12.729,13.299],[13.768,7.772],[13.768,-11.257],[13.333,-12.562],[12.026,-13.065],[11.424,-13.065],[10.92,-12.63],[11.424,-12.194],[12.026,-12.194],[12.898,-11.257],[12.898,7.772],[11.925,12.964],[9.245,16.783],[5.159,19.161],[-0.034,19.966]],"c":true},"ix":2},"nm":"Path 1","mn":"ADBE Vector Shape - Group","hd":false},{"ty":"st","c":{"a":1,"k":[{"i":{"x":[0.833],"y":[0.833]},"o":{"x":[0.167],"y":[0.167]},"t":0,"s":[0.184313729405,0.184313729405,0.184313729405,1]},{"i":{"x":[0.833],"y":[0.833]},"o":{"x":[0.167],"y":[0.167]},"t":102,"s":[0.1840839535,0.1840839535,0.1840839535,1]},{"i":{"x":[0.833],"y":[0.833]},"o":{"x":[0.167],"y":[0.167]},"t":110,"s":[1,1,1,1]},{"i":{"x":[0.833],"y":[0.833]},"o":{"x":[0.167],"y":[0.167]},"t":117,"s":[0.1840839535,0.1840839535,0.1840839535,1]},{"t":123,"s":[1,1,1,1]}],"ix":3},"o":{"a":0,"k":100,"ix":4},"w":{"a":0,"k":1,"ix":5},"lc":2,"lj":2,"bm":0,"nm":"Stroke 1","mn":"ADBE Vector Graphic - Stroke","hd":false},{"ty":"tr","p":{"a":0,"k":[192.554,37.35],"ix":2},"a":{"a":0,"k":[0,0],"ix":1},"s":{"a":0,"k":[100,100],"ix":3},"r":{"a":0,"k":0,"ix":6},"o":{"a":0,"k":100,"ix":7},"sk":{"a":0,"k":0,"ix":4},"sa":{"a":0,"k":0,"ix":5},"nm":"Transform"}],"nm":"Group 4","np":2,"cix":2,"bm":0,"ix":5,"mn":"ADBE Vector Group","hd":false},{"ty":"gr","it":[{"ind":0,"ty":"sh","ix":1,"ks":{"a":0,"k":{"i":[[0.625,0],[0,0],[0.268,0.447],[0,0],[0.246,-0.201],[-0.268,-0.223],[0,0],[-0.894,0],[0,0],[-0.09,0.603],[0.491,0.536],[0,0],[0,0],[0.246,0.514],[0.714,0],[0,0],[0.312,-0.267],[0.357,-0.49],[0,0],[0,0],[0.58,0],[0,0],[0,0.625],[0,0],[-0.536,0],[0,0],[0,-0.537],[0,0],[-0.313,0],[0,0.224],[0,0],[0.312,0.335],[0.58,0],[0,0],[0.29,-0.335],[0,-0.537],[0,0],[-1.162,0],[0,0],[0,1.25],[0,0],[0,0],[-0.179,0.179],[-0.402,0],[0,0],[0.402,-0.58],[0,0],[0,0]],"o":[[0,0],[-0.581,0],[0,0],[-0.224,-0.223],[-0.246,0.201],[0,0],[0.402,0.715],[0,0],[0.938,0],[0.089,-0.603],[0,0],[0,0],[0.402,-0.625],[-0.246,-0.513],[0,0],[-0.536,0],[-0.313,0.269],[0,0],[0,0],[0,0.625],[0,0],[-0.536,0],[0,0],[0,-0.537],[0,0],[0.58,0],[0,0],[0,0.224],[0.312,0],[0,0],[0,-0.537],[-0.313,-0.335],[0,0],[-0.581,0],[-0.291,0.335],[0,0],[0,1.25],[0,0],[1.206,0],[0,0],[0,0],[0.223,-0.313],[0.178,-0.177],[0,0],[0.714,0],[0,0],[0,0],[0.312,0.625]],"v":[[13.992,19.53],[7.895,19.53],[6.622,18.86],[-4.366,4.255],[-5.07,4.221],[-5.036,4.857],[5.952,19.396],[7.895,20.468],[13.992,20.468],[15.533,19.564],[14.93,17.855],[1.262,-0.57],[14.595,-17.99],[14.829,-19.698],[13.389,-20.468],[7.292,-20.468],[6.019,-20.067],[5.014,-18.928],[-7.783,-2.312],[-7.783,18.593],[-8.654,19.53],[-13.88,19.53],[-14.684,18.593],[-14.684,-18.659],[-13.88,-19.463],[-8.654,-19.463],[-7.783,-18.659],[-7.783,-7.739],[-7.314,-7.404],[-6.845,-7.739],[-6.845,-18.659],[-7.314,-19.966],[-8.654,-20.468],[-13.88,-20.468],[-15.187,-19.966],[-15.622,-18.659],[-15.622,18.593],[-13.88,20.468],[-8.654,20.468],[-6.845,18.593],[-6.845,-2.178],[5.818,-18.458],[6.421,-19.196],[7.292,-19.463],[13.389,-19.463],[13.858,-18.592],[0.123,-0.57],[14.461,18.593]],"c":true},"ix":2},"nm":"Path 1","mn":"ADBE Vector Shape - Group","hd":false},{"ty":"st","c":{"a":1,"k":[{"i":{"x":[0.833],"y":[0.833]},"o":{"x":[0.167],"y":[0.167]},"t":0,"s":[0.184313729405,0.184313729405,0.184313729405,1]},{"i":{"x":[0.833],"y":[0.833]},"o":{"x":[0.167],"y":[0.167]},"t":107,"s":[0.1840839535,0.1840839535,0.1840839535,1]},{"i":{"x":[0.833],"y":[0.833]},"o":{"x":[0.167],"y":[0.167]},"t":115,"s":[1,1,1,1]},{"i":{"x":[0.833],"y":[0.833]},"o":{"x":[0.167],"y":[0.167]},"t":122,"s":[0.1840839535,0.1840839535,0.1840839535,1]},{"t":128,"s":[1,1,1,1]}],"ix":3},"o":{"a":0,"k":100,"ix":4},"w":{"a":0,"k":1,"ix":5},"lc":2,"lj":2,"bm":0,"nm":"Stroke 1","mn":"ADBE Vector Graphic - Stroke","hd":false},{"ty":"tr","p":{"a":0,"k":[161.578,36.981],"ix":2},"a":{"a":0,"k":[0,0],"ix":1},"s":{"a":0,"k":[100,100],"ix":3},"r":{"a":0,"k":0,"ix":6},"o":{"a":0,"k":100,"ix":7},"sk":{"a":0,"k":0,"ix":4},"sa":{"a":0,"k":0,"ix":5},"nm":"Transform"}],"nm":"Group 5","np":2,"cix":2,"bm":0,"ix":6,"mn":"ADBE Vector Group","hd":false},{"ty":"gr","it":[{"ind":0,"ty":"sh","ix":1,"ks":{"a":0,"k":{"i":[[-0.894,2.813],[0,0],[0.134,-0.625],[1.272,-1.631],[1.429,-1.027],[2.032,-0.714],[2.367,0],[0,-0.291],[-0.313,0],[-2.167,0.736],[-1.698,1.296],[-1.162,1.541],[-0.626,2.1],[0.29,0.401],[0.625,0],[0,0],[0.96,-1.407],[1.317,-1.072],[1.63,-0.669],[1.786,-0.133],[2.032,0.626],[1.608,1.406],[0.982,2.255],[0,3.127],[-1.051,2.479],[-1.808,1.832],[-2.479,1.05],[-2.814,0],[-1.988,-0.58],[-1.675,-1.094],[-1.229,-1.608],[-0.67,-2.054],[0.044,-0.223],[0.446,0],[0,0],[0.29,0.089],[0.089,0.354],[2.121,1.041],[2.412,0],[1.943,-1.318],[0.982,-2.01],[0,-2.345],[-0.983,-2.01],[-1.966,-1.34],[-2.904,0],[0,0.335],[0.402,-0.088],[1.808,1.251],[0.938,1.876],[-0.023,2.211],[-0.894,1.876],[-1.854,1.251],[-2.725,0],[-1.899,-0.871],[-1.028,-1.965],[-0.246,-0.357],[-0.715,0],[0,0],[-0.246,0.469],[0.178,0.626],[1.317,1.698],[1.764,1.183],[2.076,0.603],[2.233,0],[2.568,-1.093],[1.898,-1.92],[1.094,-2.59],[0,-2.992],[-1.407,-2.613],[-2.189,-1.383],[-2.68,-0.245],[-2.479,0.85],[-2.01,1.9]],"o":[[0,0],[0.625,0],[-0.492,1.833],[-1.274,1.631],[-1.787,1.296],[-2.033,0.715],[-0.313,0],[0,0.29],[2.412,0],[2.166,-0.738],[1.831,-1.295],[1.161,-1.541],[0.178,-0.625],[-0.291,-0.402],[0,0],[-0.492,1.653],[-0.961,1.408],[-1.318,1.071],[-1.63,0.671],[-2.1,0.18],[-2.033,-0.625],[-1.608,-1.408],[-0.983,-2.255],[0,-2.858],[1.048,-2.479],[1.809,-1.831],[2.479,-1.048],[2.144,0],[1.987,0.581],[1.675,1.096],[1.228,1.608],[0.134,0.358],[-0.045,0.224],[0,0],[-0.09,0],[-0.291,-0.088],[-1.028,-2.257],[-2.122,-1.04],[-2.948,0],[-1.943,1.317],[-0.983,2.01],[0,2.346],[0.982,2.01],[1.965,1.34],[0.402,0],[0,-0.335],[-2.77,0],[-1.81,-1.25],[-0.938,-1.876],[0.022,-2.211],[0.893,-1.876],[1.852,-1.25],[2.144,0],[1.898,0.872],[0.268,0.536],[0.245,0.358],[0,0],[0.714,0],[0.245,-0.469],[-0.67,-2.144],[-1.318,-1.697],[-1.765,-1.184],[-2.078,-0.603],[-2.948,0],[-2.569,1.095],[-1.899,1.921],[-1.095,2.591],[0,3.886],[1.407,2.614],[2.188,1.386],[2.68,0.246],[2.479,-0.847],[2.01,-1.898]],"v":[[13.076,6.164],[18.839,6.164],[19.576,7.101],[16.93,12.295],[12.875,16.281],[7.146,19.296],[0.547,20.368],[0.078,20.804],[0.547,21.239],[7.414,20.134],[13.21,17.085],[17.699,12.83],[20.379,7.37],[20.211,5.829],[18.839,5.226],[12.473,5.226],[10.295,9.815],[6.878,13.534],[2.456,16.146],[-2.669,17.352],[-8.867,16.683],[-14.327,13.635],[-18.213,8.141],[-19.687,0.067],[-18.112,-7.94],[-13.825,-14.405],[-7.393,-18.727],[0.547,-20.301],[6.745,-19.43],[12.238,-16.918],[16.594,-12.864],[19.441,-7.37],[19.576,-6.499],[18.839,-6.164],[13.21,-6.164],[12.641,-6.297],[12.071,-6.961],[7.347,-11.906],[0.547,-13.467],[-6.79,-11.49],[-11.178,-6.499],[-12.652,0.033],[-11.178,6.566],[-6.755,11.591],[0.547,13.601],[1.15,13.099],[0.547,12.729],[-6.32,10.853],[-10.441,6.164],[-11.815,0.033],[-10.441,-6.097],[-6.32,-10.787],[0.547,-12.663],[6.61,-11.357],[10.999,-7.102],[11.769,-5.762],[13.21,-5.226],[18.839,-5.226],[20.279,-5.93],[20.379,-7.571],[17.397,-13.333],[12.774,-17.654],[7.013,-20.335],[0.547,-21.239],[-7.728,-19.598],[-14.428,-15.075],[-18.917,-8.308],[-20.557,0.067],[-18.448,9.815],[-13.054,15.811],[-5.751,18.258],[1.987,17.352],[8.721,13.232]],"c":true},"ix":2},"nm":"Path 1","mn":"ADBE Vector Shape - Group","hd":false},{"ty":"st","c":{"a":1,"k":[{"i":{"x":[0.833],"y":[0.833]},"o":{"x":[0.167],"y":[0.167]},"t":0,"s":[0.184313729405,0.184313729405,0.184313729405,1]},{"i":{"x":[0.833],"y":[0.833]},"o":{"x":[0.167],"y":[0.167]},"t":107,"s":[0.1840839535,0.1840839535,0.1840839535,1]},{"i":{"x":[0.833],"y":[0.833]},"o":{"x":[0.167],"y":[0.167]},"t":115,"s":[1,1,1,1]},{"i":{"x":[0.833],"y":[0.833]},"o":{"x":[0.167],"y":[0.167]},"t":122,"s":[0.1840839535,0.1840839535,0.1840839535,1]},{"t":128,"s":[1,1,1,1]}],"ix":3},"o":{"a":0,"k":100,"ix":4},"w":{"a":0,"k":1,"ix":5},"lc":2,"lj":2,"bm":0,"nm":"Stroke 1","mn":"ADBE Vector Graphic - Stroke","hd":false},{"ty":"tr","p":{"a":0,"k":[121.825,36.947],"ix":2},"a":{"a":0,"k":[0,0],"ix":1},"s":{"a":0,"k":[100,100],"ix":3},"r":{"a":0,"k":0,"ix":6},"o":{"a":0,"k":100,"ix":7},"sk":{"a":0,"k":0,"ix":4},"sa":{"a":0,"k":0,"ix":5},"nm":"Transform"}],"nm":"Group 6","np":2,"cix":2,"bm":0,"ix":7,"mn":"ADBE Vector Group","hd":false},{"ty":"gr","it":[{"ind":0,"ty":"sh","ix":1,"ks":{"a":0,"k":{"i":[[0,0],[0.714,0],[0,0],[0.134,0.536],[0,0],[1.072,0],[0,0],[0.446,-0.938],[0,0],[0.67,0],[0,0],[-0.179,0.626],[0,0],[-0.67,0],[0,0],[-0.224,-0.536],[0,0],[0,0],[0,0],[0.29,0.09],[0.089,-0.312],[0,0],[0,0],[0,0],[0.982,0],[0,0],[0.312,-0.938],[0,0],[-0.29,-0.402],[-0.67,0],[0,0],[-0.224,1.028],[0,0],[-0.536,0],[0,0],[-0.09,-0.089],[-0.134,-0.357],[0,0],[-0.983,0],[0,0],[-0.335,0.402],[0.268,0.626],[0,0],[0.982,0],[0,0],[0.402,-0.938],[0,0],[-0.291,-0.089],[-0.09,0.358],[0,0],[-0.247,0.134],[-0.224,0],[0,0],[-0.224,-0.134],[-0.09,-0.357]],"o":[[0.268,0.626],[0,0],[-0.626,0],[0,0],[-0.268,-0.938],[0,0],[-0.983,0],[0,0],[-0.134,0.536],[0,0],[-0.67,0],[0,0],[0.134,-0.536],[0,0],[0.58,0],[0,0],[0,0],[0,0],[0.134,-0.357],[-0.291,-0.089],[0,0],[0,0],[0,0],[-0.402,-0.938],[0,0],[-1.117,0],[0,0],[-0.223,0.626],[0.29,0.402],[0,0],[1.161,0],[0,0],[0.268,-0.536],[0,0],[0.402,0],[0.134,0.09],[0,0],[0.312,1.028],[0,0],[0.625,0],[0.334,-0.402],[0,0],[-0.402,-0.938],[0,0],[-0.983,0],[0,0],[-0.09,0.358],[0.29,0.09],[0,0],[0.044,-0.357],[0.245,-0.134],[0,0],[0.268,0],[0.223,0.134],[0,0]],"v":[[17.465,18.592],[16.795,19.53],[11.1,19.53],[9.96,18.726],[8.353,13.769],[6.342,12.361],[-6.387,12.361],[-8.531,13.769],[-10.005,18.726],[-11.212,19.53],[-16.84,19.53],[-17.577,18.592],[-7.46,-11.155],[-6.254,-11.96],[-1.697,-11.96],[-0.491,-11.155],[4.668,4.858],[-4.78,4.858],[-1.564,-5.126],[-1.798,-5.796],[-2.368,-5.46],[-6.053,5.929],[5.941,5.929],[0.379,-11.356],[-1.697,-12.764],[-6.254,-12.764],[-8.397,-11.356],[-18.38,18.324],[-18.28,19.866],[-16.84,20.468],[-11.212,20.468],[-9.134,18.928],[-7.593,14.103],[-6.387,13.299],[6.342,13.299],[7.079,13.434],[7.482,14.103],[9.157,18.928],[11.1,20.468],[16.795,20.468],[18.236,19.866],[18.335,18.324],[5.673,-19.061],[3.595,-20.468],[-3.707,-20.468],[-5.785,-19.061],[-6.79,-15.98],[-6.488,-15.309],[-5.918,-15.712],[-4.846,-18.66],[-4.41,-19.397],[-3.707,-19.598],[3.595,-19.598],[4.332,-19.397],[4.801,-18.66]],"c":true},"ix":2},"nm":"Path 1","mn":"ADBE Vector Shape - Group","hd":false},{"ty":"st","c":{"a":1,"k":[{"i":{"x":[0.833],"y":[0.833]},"o":{"x":[0.167],"y":[0.167]},"t":0,"s":[0.184313729405,0.184313729405,0.184313729405,1]},{"i":{"x":[0.833],"y":[0.833]},"o":{"x":[0.167],"y":[0.167]},"t":113,"s":[0.1840839535,0.1840839535,0.1840839535,1]},{"i":{"x":[0.833],"y":[0.833]},"o":{"x":[0.167],"y":[0.167]},"t":121,"s":[1,1,1,1]},{"i":{"x":[0.833],"y":[0.833]},"o":{"x":[0.167],"y":[0.167]},"t":128,"s":[0.1840839535,0.1840839535,0.1840839535,1]},{"t":134,"s":[1,1,1,1]}],"ix":3},"o":{"a":0,"k":100,"ix":4},"w":{"a":0,"k":1,"ix":5},"lc":2,"lj":2,"bm":0,"nm":"Stroke 1","mn":"ADBE Vector Graphic - Stroke","hd":false},{"ty":"tr","p":{"a":0,"k":[84.406,36.981],"ix":2},"a":{"a":0,"k":[0,0],"ix":1},"s":{"a":0,"k":[100,100],"ix":3},"r":{"a":0,"k":0,"ix":6},"o":{"a":0,"k":100,"ix":7},"sk":{"a":0,"k":0,"ix":4},"sa":{"a":0,"k":0,"ix":5},"nm":"Transform"}],"nm":"Group 7","np":2,"cix":2,"bm":0,"ix":8,"mn":"ADBE Vector Group","hd":false},{"ty":"gr","it":[{"ind":0,"ty":"sh","ix":1,"ks":{"a":0,"k":{"i":[[0,-0.536],[0,0],[0.58,0],[0,0],[0,0],[0.338,0.335],[0.585,0],[0,0],[0.292,-0.335],[0,-0.536],[0,0],[-1.217,0],[0,0],[0,0.313],[0.36,0],[0,0],[0,0.626],[0,0],[-0.631,0],[0,0],[0,-0.536],[0,0],[0,0],[0,1.251],[0,0],[1.116,0],[0,0],[0,-0.313],[-0.313,0],[0,0]],"o":[[0,0],[0,0.626],[0,0],[0,0],[0,-0.536],[-0.337,-0.335],[0,0],[-0.629,0],[-0.293,0.335],[0,0],[0,1.251],[0,0],[0.36,0],[0,-0.312],[0,0],[-0.631,0],[0,0],[0,-0.536],[0,0],[0.63,0],[0,0],[0,0],[1.116,0],[0,0],[0,-1.161],[0,0],[-0.313,0],[0,0.312],[0,0],[0.58,0]],"v":[[10.988,13.768],[10.988,18.592],[10.117,19.53],[-3.015,19.53],[-3.015,-18.66],[-3.522,-19.966],[-4.906,-20.468],[-9.97,-20.468],[-11.353,-19.966],[-11.792,-18.66],[-11.792,18.592],[-9.967,20.468],[-6.926,20.468],[-6.386,19.999],[-6.926,19.53],[-9.967,19.53],[-10.914,18.592],[-10.914,-18.66],[-9.967,-19.463],[-4.899,-19.463],[-3.953,-18.66],[-3.953,20.468],[10.117,20.468],[11.792,18.592],[11.792,13.768],[10.117,12.026],[0.737,12.026],[0.268,12.496],[0.737,12.964],[10.117,12.964]],"c":true},"ix":2},"nm":"Path 1","mn":"ADBE Vector Shape - Group","hd":false},{"ty":"st","c":{"a":1,"k":[{"i":{"x":[0.833],"y":[0.833]},"o":{"x":[0.167],"y":[0.167]},"t":0,"s":[0.184313729405,0.184313729405,0.184313729405,1]},{"i":{"x":[0.833],"y":[0.833]},"o":{"x":[0.167],"y":[0.167]},"t":107,"s":[0.1840839535,0.1840839535,0.1840839535,1]},{"i":{"x":[0.833],"y":[0.833]},"o":{"x":[0.167],"y":[0.167]},"t":115,"s":[1,1,1,1]},{"i":{"x":[0.833],"y":[0.833]},"o":{"x":[0.167],"y":[0.167]},"t":122,"s":[0.1840839535,0.1840839535,0.1840839535,1]},{"t":128,"s":[1,1,1,1]}],"ix":3},"o":{"a":0,"k":100,"ix":4},"w":{"a":0,"k":1,"ix":5},"lc":2,"lj":2,"bm":0,"nm":"Stroke 1","mn":"ADBE Vector Graphic - Stroke","hd":false},{"ty":"tr","p":{"a":0,"k":[51.688,36.981],"ix":2},"a":{"a":0,"k":[0,0],"ix":1},"s":{"a":0,"k":[100,100],"ix":3},"r":{"a":0,"k":0,"ix":6},"o":{"a":0,"k":100,"ix":7},"sk":{"a":0,"k":0,"ix":4},"sa":{"a":0,"k":0,"ix":5},"nm":"Transform"}],"nm":"Group 8","np":2,"cix":2,"bm":0,"ix":9,"mn":"ADBE Vector Group","hd":false},{"ty":"gr","it":[{"ind":0,"ty":"sh","ix":1,"ks":{"a":0,"k":{"i":[[0.29,-0.78],[0.536,-0.848],[0,0],[-1.162,-1.944],[0,-2.412],[0.603,-1.518],[1.094,-1.093],[1.496,-0.625],[1.743,0],[0,0],[0,0.626],[0,0],[-0.626,0],[0,0],[-0.648,-0.61],[0,-1.038],[0.625,-0.768],[0,0],[0,-1.206],[0,0],[-0.335,-0.357],[-0.581,0],[0,0],[0,-3.551],[0.938,-0.966],[1.651,0],[0,0],[0,0.626],[0,0],[0.312,0],[0,-0.357],[0,0],[-1.251,0],[0,0],[-1.116,1.117],[0,1.876],[1.094,1.139],[1.964,0],[0,0],[0,0.626],[0,0],[-0.626,0],[0,0],[0,0],[0,0],[-0.246,0.536],[0,0.626],[0.826,0.827],[1.295,0],[0,0],[0.312,-0.358],[0,-0.625],[0,0],[-1.249,0],[0,0],[-1.583,0.67],[-1.182,1.206],[-0.647,1.608],[0,1.876],[1.148,2.1],[2.127,1.206],[0,1.742],[0.603,1.34],[1.116,1.028],[1.518,0.581],[1.787,0],[0,0],[0.312,-0.332],[0,-0.532],[0,0],[-0.313,0],[0,0.267],[0,0],[-0.626,0],[0,0],[-2.01,-1.905],[-0.559,-1.241],[0,-1.429]],"o":[[-0.291,0.782],[0,0],[2.1,1.163],[1.161,1.942],[0,1.742],[-0.603,1.519],[-1.095,1.095],[-1.497,0.626],[0,0],[-0.626,0],[0,0],[0,-0.625],[0,0],[1.072,0],[0.647,0.61],[0,0.904],[0,0],[-1.251,0],[0,0],[0,0.536],[0.335,0.358],[0,0],[3.527,0],[0,1.618],[-0.938,0.966],[0,0],[-0.626,0],[0,0],[0,-0.357],[-0.313,0],[0,0],[0,1.162],[0,0],[1.919,0],[1.116,-1.116],[0,-1.876],[-1.095,-1.14],[0,0],[-0.626,0],[0,0],[0,-0.625],[0,0],[0,0],[0,0],[0.357,-0.445],[0.245,-0.536],[0,-1.295],[-0.827,-0.825],[0,0],[-0.626,0],[-0.313,0.358],[0,0],[0,1.251],[0,0],[1.872,0],[1.583,-0.67],[1.181,-1.206],[0.646,-1.608],[0,-2.412],[-1.147,-2.099],[0.847,-1.474],[0,-1.563],[-0.603,-1.34],[-1.072,-0.982],[-1.519,-0.58],[0,0],[-0.626,0],[-0.313,0.333],[0,0],[0,0.267],[0.312,0],[0,0],[0,-0.532],[0,0],[3.439,0],[1.028,0.887],[0.558,1.243],[0,1.028]],"v":[[10.587,-6.701],[9.347,-4.255],[9.883,-4.055],[14.774,0.604],[16.516,7.135],[15.612,12.026],[13.066,15.945],[9.18,18.526],[4.322,19.464],[-15.444,19.464],[-16.382,18.526],[-16.382,-11.289],[-15.444,-12.227],[-0.368,-12.227],[2.212,-11.312],[3.183,-8.839],[2.245,-6.331],[-7.603,-6.331],[-9.479,-4.523],[-9.479,-0.302],[-8.978,1.039],[-7.603,1.575],[3.251,1.575],[8.543,6.901],[7.136,10.779],[3.251,12.227],[-7.603,12.227],[-8.541,11.289],[-8.541,5.26],[-9.012,4.724],[-9.479,5.26],[-9.479,11.289],[-7.603,13.031],[3.251,13.031],[7.806,11.357],[9.482,6.867],[7.84,2.346],[3.251,0.636],[-7.603,0.636],[-8.541,-0.302],[-8.541,-4.523],[-7.603,-5.461],[2.446,-5.461],[2.647,-5.461],[2.78,-5.596],[3.686,-7.068],[4.053,-8.81],[2.815,-11.994],[-0.368,-13.232],[-15.444,-13.232],[-16.85,-12.696],[-17.319,-11.222],[-17.319,18.593],[-15.447,20.469],[4.28,20.469],[9.462,19.464],[13.608,16.649],[16.35,12.429],[17.319,7.203],[15.599,0.435],[10.688,-4.523],[11.961,-9.346],[11.056,-13.701],[8.475,-17.253],[4.59,-19.597],[-0.368,-20.469],[-15.444,-20.469],[-16.85,-19.971],[-17.319,-18.674],[-17.319,-16.414],[-16.85,-16.016],[-16.382,-16.414],[-16.382,-18.674],[-15.444,-19.471],[-0.368,-19.471],[7.806,-16.614],[10.185,-13.422],[11.022,-9.414]],"c":true},"ix":2},"nm":"Path 1","mn":"ADBE Vector Shape - Group","hd":false},{"ty":"st","c":{"a":1,"k":[{"i":{"x":[0.833],"y":[0.833]},"o":{"x":[0.167],"y":[0.167]},"t":0,"s":[0.184313729405,0.184313729405,0.184313729405,1]},{"i":{"x":[0.833],"y":[0.833]},"o":{"x":[0.167],"y":[0.167]},"t":107,"s":[0.1840839535,0.1840839535,0.1840839535,1]},{"i":{"x":[0.833],"y":[0.833]},"o":{"x":[0.167],"y":[0.167]},"t":115,"s":[1,1,1,1]},{"i":{"x":[0.833],"y":[0.833]},"o":{"x":[0.167],"y":[0.167]},"t":122,"s":[0.1840839535,0.1840839535,0.1840839535,1]},{"t":128,"s":[1,1,1,1]}],"ix":3},"o":{"a":0,"k":100,"ix":4},"w":{"a":0,"k":1,"ix":5},"lc":2,"lj":2,"bm":0,"nm":"Stroke 1","mn":"ADBE Vector Graphic - Stroke","hd":false},{"ty":"tr","p":{"a":0,"k":[19.159,36.981],"ix":2},"a":{"a":0,"k":[0,0],"ix":1},"s":{"a":0,"k":[100,100],"ix":3},"r":{"a":0,"k":0,"ix":6},"o":{"a":0,"k":100,"ix":7},"sk":{"a":0,"k":0,"ix":4},"sa":{"a":0,"k":0,"ix":5},"nm":"Transform"}],"nm":"Group 9","np":2,"cix":2,"bm":0,"ix":10,"mn":"ADBE Vector Group","hd":false}],"ip":0,"op":180,"st":0,"bm":0},{"ddd":0,"ind":2,"ty":4,"nm":"Blackjack highlight","sr":1,"ks":{"o":{"a":1,"k":[{"i":{"x":[0.833],"y":[0.833]},"o":{"x":[0.333],"y":[0]},"t":0,"s":[2]},{"i":{"x":[0.833],"y":[0.833]},"o":{"x":[0.333],"y":[0]},"t":17,"s":[0]},{"t":35,"s":[100]}],"ix":11},"r":{"a":0,"k":0,"ix":10},"p":{"a":0,"k":[190.056,286.439,0],"ix":2,"l":2},"a":{"a":0,"k":[162.698,35.399,0],"ix":1,"l":2},"s":{"a":0,"k":[100,100,100],"ix":6,"l":2}},"ao":0,"ef":[{"ty":25,"nm":"Drop Shadow","np":8,"mn":"ADBE Drop Shadow","ix":1,"en":1,"ef":[{"ty":2,"nm":"Shadow Color","mn":"ADBE Drop Shadow-0001","ix":1,"v":{"a":0,"k":[1,0.282352954149,0.474509805441,1],"ix":1}},{"ty":0,"nm":"Opacity","mn":"ADBE Drop Shadow-0002","ix":2,"v":{"a":0,"k":255,"ix":2}},{"ty":0,"nm":"Direction","mn":"ADBE Drop Shadow-0003","ix":3,"v":{"a":0,"k":135,"ix":3}},{"ty":0,"nm":"Distance","mn":"ADBE Drop Shadow-0004","ix":4,"v":{"a":0,"k":0,"ix":4}},{"ty":0,"nm":"Softness","mn":"ADBE Drop Shadow-0005","ix":5,"v":{"a":0,"k":38,"ix":5}},{"ty":7,"nm":"Shadow Only","mn":"ADBE Drop Shadow-0006","ix":6,"v":{"a":0,"k":0,"ix":6}}]}],"shapes":[{"ty":"gr","it":[{"ty":"rc","d":1,"s":{"a":0,"k":[379.113,109.891],"ix":2},"p":{"a":0,"k":[0,0],"ix":3},"r":{"a":0,"k":0,"ix":4},"nm":"Rectangle Path 1","mn":"ADBE Vector Shape - Rect","hd":false},{"ty":"st","c":{"a":0,"k":[1,0.282352941176,0.474509833841,1],"ix":3},"o":{"a":0,"k":0,"ix":4},"w":{"a":0,"k":4,"ix":5},"lc":1,"lj":1,"ml":4,"bm":0,"nm":"Stroke 1","mn":"ADBE Vector Graphic - Stroke","hd":false},{"ty":"fl","c":{"a":0,"k":[0,0.780391977348,1,1],"ix":4},"o":{"a":0,"k":0,"ix":5},"r":1,"bm":0,"nm":"Fill 1","mn":"ADBE Vector Graphic - Fill","hd":false},{"ty":"tr","p":{"a":0,"k":[162.699,40.406],"ix":2},"a":{"a":0,"k":[0,0],"ix":1},"s":{"a":0,"k":[100,100],"ix":3},"r":{"a":0,"k":0,"ix":6},"o":{"a":0,"k":100,"ix":7},"sk":{"a":0,"k":0,"ix":4},"sa":{"a":0,"k":0,"ix":5},"nm":"Transform"}],"nm":"Rectangle 1","np":3,"cix":2,"bm":0,"ix":1,"mn":"ADBE Vector Group","hd":false},{"ty":"gr","it":[{"ind":0,"ty":"sh","ix":1,"ks":{"a":0,"k":{"i":[[0.625,0],[0,0],[0.268,0.447],[0,0],[0.246,-0.201],[-0.268,-0.223],[0,0],[-0.894,0],[0,0],[-0.09,0.603],[0.491,0.536],[0,0],[0,0],[0.246,0.514],[0.714,0],[0,0],[0.312,-0.267],[0.357,-0.49],[0,0],[0,0],[0.58,0],[0,0],[0,0.625],[0,0],[-0.536,0],[0,0],[0,-0.537],[0,0],[-0.313,0],[0,0.224],[0,0],[0.312,0.335],[0.58,0],[0,0],[0.29,-0.335],[0,-0.537],[0,0],[-1.162,0],[0,0],[0,1.25],[0,0],[0,0],[-0.179,0.179],[-0.402,0],[0,0],[0.402,-0.58],[0,0],[0,0]],"o":[[0,0],[-0.581,0],[0,0],[-0.224,-0.223],[-0.246,0.201],[0,0],[0.402,0.715],[0,0],[0.938,0],[0.089,-0.603],[0,0],[0,0],[0.402,-0.625],[-0.246,-0.513],[0,0],[-0.536,0],[-0.313,0.269],[0,0],[0,0],[0,0.625],[0,0],[-0.536,0],[0,0],[0,-0.537],[0,0],[0.58,0],[0,0],[0,0.224],[0.312,0],[0,0],[0,-0.537],[-0.313,-0.335],[0,0],[-0.581,0],[-0.291,0.335],[0,0],[0,1.25],[0,0],[1.206,0],[0,0],[0,0],[0.223,-0.313],[0.178,-0.177],[0,0],[0.714,0],[0,0],[0,0],[0.312,0.625]],"v":[[13.992,19.53],[7.895,19.53],[6.622,18.86],[-4.366,4.255],[-5.07,4.221],[-5.036,4.857],[5.952,19.396],[7.895,20.468],[13.992,20.468],[15.533,19.564],[14.93,17.855],[1.262,-0.57],[14.595,-17.99],[14.829,-19.698],[13.389,-20.468],[7.292,-20.468],[6.019,-20.067],[5.014,-18.928],[-7.783,-2.312],[-7.783,18.593],[-8.654,19.53],[-13.88,19.53],[-14.684,18.593],[-14.684,-18.659],[-13.88,-19.463],[-8.654,-19.463],[-7.783,-18.659],[-7.783,-7.739],[-7.314,-7.404],[-6.845,-7.739],[-6.845,-18.659],[-7.314,-19.966],[-8.654,-20.468],[-13.88,-20.468],[-15.187,-19.966],[-15.622,-18.659],[-15.622,18.593],[-13.88,20.468],[-8.654,20.468],[-6.845,18.593],[-6.845,-2.178],[5.818,-18.458],[6.421,-19.196],[7.292,-19.463],[13.389,-19.463],[13.858,-18.592],[0.123,-0.57],[14.461,18.593]],"c":true},"ix":2},"nm":"Path 1","mn":"ADBE Vector Shape - Group","hd":false},{"ty":"st","c":{"a":0,"k":[1,0.282352941176,0.474509833841,1],"ix":3},"o":{"a":1,"k":[{"i":{"x":[0.833],"y":[0.833]},"o":{"x":[0.167],"y":[0.167]},"t":0,"s":[0]},{"i":{"x":[0.833],"y":[0.833]},"o":{"x":[0.167],"y":[0.167]},"t":111,"s":[0]},{"i":{"x":[0.833],"y":[0.833]},"o":{"x":[0.167],"y":[0.167]},"t":115,"s":[95]},{"i":{"x":[0.833],"y":[0.833]},"o":{"x":[0.167],"y":[0.167]},"t":121,"s":[0]},{"t":125,"s":[95]}],"ix":4},"w":{"a":0,"k":4,"ix":5},"lc":2,"lj":2,"bm":0,"nm":"Stroke 1","mn":"ADBE Vector Graphic - Stroke","hd":false},{"ty":"tr","p":{"a":0,"k":[306.122,38.481],"ix":2},"a":{"a":0,"k":[0,0],"ix":1},"s":{"a":0,"k":[100,100],"ix":3},"r":{"a":0,"k":0,"ix":6},"o":{"a":0,"k":100,"ix":7},"sk":{"a":0,"k":0,"ix":4},"sa":{"a":0,"k":0,"ix":5},"nm":"Transform"}],"nm":"Group 1","np":2,"cix":2,"bm":0,"ix":2,"mn":"ADBE Vector Group","hd":false},{"ty":"gr","it":[{"ind":0,"ty":"sh","ix":1,"ks":{"a":0,"k":{"i":[[-0.894,2.813],[0,0],[0.134,-0.625],[1.272,-1.631],[1.429,-1.027],[2.032,-0.714],[2.367,0],[0,-0.291],[-0.313,0],[-2.167,0.736],[-1.698,1.296],[-1.162,1.541],[-0.626,2.1],[0.29,0.401],[0.625,0],[0,0],[0.96,-1.407],[1.317,-1.072],[1.63,-0.669],[1.786,-0.133],[2.032,0.626],[1.608,1.406],[0.982,2.255],[0,3.127],[-1.051,2.479],[-1.808,1.832],[-2.479,1.05],[-2.814,0],[-1.988,-0.58],[-1.675,-1.094],[-1.229,-1.608],[-0.67,-2.054],[0.044,-0.223],[0.446,0],[0,0],[0.29,0.089],[0.089,0.354],[2.121,1.041],[2.412,0],[1.943,-1.318],[0.982,-2.01],[0,-2.345],[-0.983,-2.01],[-1.966,-1.34],[-2.904,0],[0,0.335],[0.402,-0.088],[1.808,1.251],[0.938,1.876],[-0.023,2.211],[-0.894,1.876],[-1.854,1.251],[-2.725,0],[-1.899,-0.871],[-1.028,-1.965],[-0.246,-0.357],[-0.715,0],[0,0],[-0.246,0.469],[0.178,0.626],[1.317,1.698],[1.764,1.183],[2.076,0.603],[2.233,0],[2.568,-1.093],[1.898,-1.92],[1.094,-2.59],[0,-2.992],[-1.407,-2.613],[-2.189,-1.383],[-2.68,-0.245],[-2.479,0.85],[-2.01,1.9]],"o":[[0,0],[0.625,0],[-0.492,1.833],[-1.274,1.631],[-1.787,1.296],[-2.033,0.715],[-0.313,0],[0,0.29],[2.412,0],[2.166,-0.738],[1.831,-1.295],[1.161,-1.541],[0.178,-0.625],[-0.291,-0.402],[0,0],[-0.492,1.653],[-0.961,1.408],[-1.318,1.071],[-1.63,0.671],[-2.1,0.18],[-2.033,-0.625],[-1.608,-1.408],[-0.983,-2.255],[0,-2.858],[1.048,-2.479],[1.809,-1.831],[2.479,-1.048],[2.144,0],[1.987,0.581],[1.675,1.096],[1.228,1.608],[0.134,0.358],[-0.045,0.224],[0,0],[-0.09,0],[-0.291,-0.088],[-1.028,-2.257],[-2.122,-1.04],[-2.948,0],[-1.943,1.317],[-0.983,2.01],[0,2.346],[0.982,2.01],[1.965,1.34],[0.402,0],[0,-0.335],[-2.77,0],[-1.81,-1.25],[-0.938,-1.876],[0.022,-2.211],[0.893,-1.876],[1.852,-1.25],[2.144,0],[1.898,0.872],[0.268,0.536],[0.245,0.358],[0,0],[0.714,0],[0.245,-0.469],[-0.67,-2.144],[-1.318,-1.697],[-1.765,-1.184],[-2.078,-0.603],[-2.948,0],[-2.569,1.095],[-1.899,1.921],[-1.095,2.591],[0,3.886],[1.407,2.614],[2.188,1.386],[2.68,0.246],[2.479,-0.847],[2.01,-1.898]],"v":[[13.076,6.164],[18.839,6.164],[19.576,7.101],[16.93,12.295],[12.875,16.281],[7.146,19.296],[0.547,20.368],[0.078,20.804],[0.547,21.239],[7.414,20.134],[13.21,17.085],[17.699,12.83],[20.379,7.37],[20.211,5.829],[18.839,5.226],[12.473,5.226],[10.295,9.815],[6.878,13.534],[2.456,16.146],[-2.669,17.352],[-8.867,16.683],[-14.327,13.635],[-18.213,8.141],[-19.687,0.067],[-18.112,-7.94],[-13.825,-14.405],[-7.393,-18.727],[0.547,-20.301],[6.745,-19.43],[12.238,-16.918],[16.594,-12.864],[19.441,-7.37],[19.576,-6.499],[18.839,-6.164],[13.21,-6.164],[12.641,-6.297],[12.071,-6.961],[7.347,-11.906],[0.547,-13.467],[-6.79,-11.49],[-11.178,-6.499],[-12.652,0.033],[-11.178,6.566],[-6.756,11.591],[0.547,13.601],[1.15,13.099],[0.547,12.729],[-6.32,10.853],[-10.441,6.164],[-11.815,0.033],[-10.441,-6.097],[-6.32,-10.787],[0.547,-12.663],[6.61,-11.357],[10.999,-7.102],[11.769,-5.762],[13.21,-5.226],[18.839,-5.226],[20.279,-5.93],[20.379,-7.571],[17.397,-13.333],[12.774,-17.654],[7.013,-20.335],[0.547,-21.239],[-7.728,-19.598],[-14.428,-15.075],[-18.917,-8.308],[-20.557,0.067],[-18.448,9.815],[-13.054,15.811],[-5.751,18.258],[1.987,17.352],[8.721,13.232]],"c":true},"ix":2},"nm":"Path 1","mn":"ADBE Vector Shape - Group","hd":false},{"ty":"st","c":{"a":0,"k":[1,0.282352941176,0.474509833841,1],"ix":3},"o":{"a":1,"k":[{"i":{"x":[0.833],"y":[0.833]},"o":{"x":[0.167],"y":[0.167]},"t":0,"s":[0]},{"i":{"x":[0.833],"y":[0.833]},"o":{"x":[0.167],"y":[0.167]},"t":111,"s":[0]},{"i":{"x":[0.833],"y":[0.833]},"o":{"x":[0.167],"y":[0.167]},"t":115,"s":[95]},{"i":{"x":[0.833],"y":[0.833]},"o":{"x":[0.167],"y":[0.167]},"t":121,"s":[0]},{"t":125,"s":[95]}],"ix":4},"w":{"a":0,"k":4,"ix":5},"lc":2,"lj":2,"bm":0,"nm":"Stroke 1","mn":"ADBE Vector Graphic - Stroke","hd":false},{"ty":"tr","p":{"a":0,"k":[266.369,38.447],"ix":2},"a":{"a":0,"k":[0,0],"ix":1},"s":{"a":0,"k":[100,100],"ix":3},"r":{"a":0,"k":0,"ix":6},"o":{"a":0,"k":100,"ix":7},"sk":{"a":0,"k":0,"ix":4},"sa":{"a":0,"k":0,"ix":5},"nm":"Transform"}],"nm":"Group 2","np":2,"cix":2,"bm":0,"ix":3,"mn":"ADBE Vector Group","hd":false},{"ty":"gr","it":[{"ind":0,"ty":"sh","ix":1,"ks":{"a":0,"k":{"i":[[0,0],[0.714,0],[0,0],[0.134,0.536],[0,0],[1.072,0],[0,0],[0.446,-0.938],[0,0],[0.67,0],[0,0],[-0.179,0.626],[0,0],[-0.67,0],[0,0],[-0.224,-0.536],[0,0],[0,0],[0,0],[0.29,0.09],[0.089,-0.312],[0,0],[0,0],[0,0],[0.982,0],[0,0],[0.312,-0.938],[0,0],[-0.29,-0.402],[-0.67,0],[0,0],[-0.224,1.028],[0,0],[-0.536,0],[0,0],[-0.09,-0.089],[-0.134,-0.357],[0,0],[-0.983,0],[0,0],[-0.335,0.402],[0.268,0.626],[0,0],[0.982,0],[0,0],[0.402,-0.938],[0,0],[-0.291,-0.089],[-0.09,0.358],[0,0],[-0.247,0.134],[-0.224,0],[0,0],[-0.224,-0.134],[-0.09,-0.357]],"o":[[0.268,0.626],[0,0],[-0.626,0],[0,0],[-0.268,-0.938],[0,0],[-0.983,0],[0,0],[-0.134,0.536],[0,0],[-0.67,0],[0,0],[0.134,-0.536],[0,0],[0.58,0],[0,0],[0,0],[0,0],[0.134,-0.357],[-0.291,-0.089],[0,0],[0,0],[0,0],[-0.402,-0.938],[0,0],[-1.117,0],[0,0],[-0.223,0.626],[0.29,0.402],[0,0],[1.161,0],[0,0],[0.268,-0.536],[0,0],[0.402,0],[0.134,0.09],[0,0],[0.312,1.028],[0,0],[0.625,0],[0.334,-0.402],[0,0],[-0.402,-0.938],[0,0],[-0.983,0],[0,0],[-0.09,0.358],[0.29,0.09],[0,0],[0.044,-0.357],[0.245,-0.134],[0,0],[0.268,0],[0.223,0.134],[0,0]],"v":[[17.465,18.592],[16.795,19.53],[11.1,19.53],[9.96,18.726],[8.353,13.769],[6.342,12.361],[-6.387,12.361],[-8.531,13.769],[-10.005,18.726],[-11.212,19.53],[-16.84,19.53],[-17.577,18.592],[-7.46,-11.155],[-6.254,-11.96],[-1.697,-11.96],[-0.491,-11.155],[4.668,4.858],[-4.78,4.858],[-1.564,-5.126],[-1.798,-5.796],[-2.368,-5.46],[-6.053,5.929],[5.941,5.929],[0.379,-11.356],[-1.697,-12.764],[-6.254,-12.764],[-8.397,-11.356],[-18.38,18.324],[-18.28,19.866],[-16.84,20.468],[-11.212,20.468],[-9.134,18.928],[-7.593,14.103],[-6.387,13.299],[6.342,13.299],[7.079,13.434],[7.482,14.103],[9.157,18.928],[11.1,20.468],[16.795,20.468],[18.236,19.866],[18.335,18.324],[5.673,-19.061],[3.595,-20.468],[-3.707,-20.468],[-5.785,-19.061],[-6.79,-15.98],[-6.488,-15.309],[-5.918,-15.712],[-4.846,-18.66],[-4.41,-19.397],[-3.707,-19.598],[3.595,-19.598],[4.332,-19.397],[4.801,-18.66]],"c":true},"ix":2},"nm":"Path 1","mn":"ADBE Vector Shape - Group","hd":false},{"ty":"st","c":{"a":0,"k":[1,0.282352941176,0.474509833841,1],"ix":3},"o":{"a":1,"k":[{"i":{"x":[0.833],"y":[0.833]},"o":{"x":[0.167],"y":[0.167]},"t":0,"s":[0]},{"i":{"x":[0.833],"y":[0.833]},"o":{"x":[0.167],"y":[0.167]},"t":111,"s":[0]},{"i":{"x":[0.833],"y":[0.833]},"o":{"x":[0.167],"y":[0.167]},"t":115,"s":[95]},{"i":{"x":[0.833],"y":[0.833]},"o":{"x":[0.167],"y":[0.167]},"t":121,"s":[0]},{"t":125,"s":[95]}],"ix":4},"w":{"a":0,"k":4,"ix":5},"lc":2,"lj":2,"bm":0,"nm":"Stroke 1","mn":"ADBE Vector Graphic - Stroke","hd":false},{"ty":"st","c":{"a":0,"k":[1,0.282352941176,0.474509833841,1],"ix":3},"o":{"a":1,"k":[{"i":{"x":[0.833],"y":[0.833]},"o":{"x":[0.167],"y":[0.167]},"t":0,"s":[0]},{"i":{"x":[0.833],"y":[0.833]},"o":{"x":[0.167],"y":[0.167]},"t":111,"s":[0]},{"i":{"x":[0.833],"y":[0.833]},"o":{"x":[0.167],"y":[0.167]},"t":115,"s":[95]},{"i":{"x":[0.833],"y":[0.833]},"o":{"x":[0.167],"y":[0.167]},"t":121,"s":[0]},{"t":125,"s":[95]}],"ix":4},"w":{"a":0,"k":4,"ix":5},"lc":2,"lj":2,"bm":0,"nm":"Stroke 2","mn":"ADBE Vector Graphic - Stroke","hd":false},{"ty":"tr","p":{"a":0,"k":[228.949,38.481],"ix":2},"a":{"a":0,"k":[0,0],"ix":1},"s":{"a":0,"k":[100,100],"ix":3},"r":{"a":0,"k":0,"ix":6},"o":{"a":0,"k":100,"ix":7},"sk":{"a":0,"k":0,"ix":4},"sa":{"a":0,"k":0,"ix":5},"nm":"Transform"}],"nm":"Group 3","np":3,"cix":2,"bm":0,"ix":4,"mn":"ADBE Vector Group","hd":false},{"ty":"gr","it":[{"ind":0,"ty":"sh","ix":1,"ks":{"a":0,"k":{"i":[[2.278,1.943],[0.402,3.485],[0,0],[-0.447,0],[0,0],[-0.09,-0.312],[-0.09,-0.357],[-1.005,-0.714],[-1.564,0],[-1.117,0.87],[0,1.876],[0,0],[-0.581,0],[0,0],[0,-0.536],[0,0],[-0.291,-0.022],[0,0.357],[0,0],[0.29,0.335],[0.58,0],[0,0],[0.357,-0.335],[0,-0.536],[0,0],[0.915,-0.692],[1.518,0],[0.781,0.581],[0.223,1.341],[0.223,0.425],[0.759,0],[0,0],[0,-1.116],[0,0],[-2.457,-2.076],[-3.797,0],[-1.698,0.58],[-1.229,1.117],[-0.693,1.631],[0,2.054],[0,0],[0.29,0.335],[0.58,0],[0,0],[0.022,-0.29],[-0.358,0],[0,0],[0,-0.625],[0,0],[0.647,-1.496],[1.139,-1.048],[1.585,-0.535],[1.876,0]],"o":[[-2.278,-1.942],[0,0],[0,-0.491],[0,0],[0.491,0],[0.089,0.313],[0.268,1.519],[1.005,0.715],[1.742,0],[1.116,-0.871],[0,0],[0,-0.536],[0,0],[0.58,0],[0,0],[0,0.313],[0.29,0.023],[0,0],[0,-0.536],[-0.291,-0.335],[0,0],[-0.492,0],[-0.358,0.335],[0,0],[0,1.653],[-0.916,0.694],[-1.43,0],[-0.782,-0.58],[-0.179,-0.625],[-0.224,-0.424],[0,0],[-1.028,0],[0,0],[0.446,3.798],[2.456,2.077],[1.965,0],[1.697,-0.58],[1.228,-1.116],[0.692,-1.63],[0,0],[0,-0.535],[-0.291,-0.335],[0,0],[-0.313,0],[-0.023,0.291],[0,0],[0.58,0],[0,0],[0,1.966],[-0.648,1.497],[-1.139,1.05],[-1.586,0.536],[-3.618,0]],"v":[[-8.878,17.051],[-12.898,8.91],[-12.898,8.04],[-12.227,7.303],[-6.935,7.303],[-6.063,7.772],[-5.796,8.777],[-3.886,12.127],[-0.034,13.198],[4.255,11.893],[5.93,7.772],[5.93,-19.028],[6.8,-19.832],[12.026,-19.832],[12.898,-19.028],[12.898,-15.075],[13.333,-14.573],[13.768,-15.075],[13.768,-19.028],[13.333,-20.335],[12.026,-20.837],[6.8,-20.837],[5.528,-20.335],[4.992,-19.028],[4.992,7.772],[3.617,11.289],[-0.034,12.327],[-3.351,11.457],[-4.857,8.575],[-5.461,7.001],[-6.935,6.364],[-12.227,6.364],[-13.768,8.04],[-13.768,8.91],[-9.414,17.721],[-0.034,20.837],[5.461,19.966],[9.849,17.42],[12.729,13.299],[13.768,7.772],[13.768,-11.257],[13.333,-12.562],[12.026,-13.065],[11.424,-13.065],[10.92,-12.63],[11.424,-12.194],[12.026,-12.194],[12.898,-11.257],[12.898,7.772],[11.925,12.964],[9.245,16.783],[5.159,19.161],[-0.034,19.966]],"c":true},"ix":2},"nm":"Path 1","mn":"ADBE Vector Shape - Group","hd":false},{"ty":"st","c":{"a":0,"k":[1,0.282352941176,0.474509833841,1],"ix":3},"o":{"a":1,"k":[{"i":{"x":[0.833],"y":[0.833]},"o":{"x":[0.167],"y":[0.167]},"t":0,"s":[0]},{"i":{"x":[0.833],"y":[0.833]},"o":{"x":[0.167],"y":[0.167]},"t":101,"s":[0]},{"i":{"x":[0.833],"y":[0.833]},"o":{"x":[0.167],"y":[0.167]},"t":105,"s":[95]},{"i":{"x":[0.833],"y":[0.833]},"o":{"x":[0.167],"y":[0.167]},"t":111,"s":[0]},{"t":115,"s":[95]}],"ix":4},"w":{"a":0,"k":4,"ix":5},"lc":2,"lj":2,"bm":0,"nm":"Stroke 1","mn":"ADBE Vector Graphic - Stroke","hd":false},{"ty":"tr","p":{"a":0,"k":[194.054,38.85],"ix":2},"a":{"a":0,"k":[0,0],"ix":1},"s":{"a":0,"k":[100,100],"ix":3},"r":{"a":0,"k":0,"ix":6},"o":{"a":0,"k":100,"ix":7},"sk":{"a":0,"k":0,"ix":4},"sa":{"a":0,"k":0,"ix":5},"nm":"Transform"}],"nm":"Group 4","np":2,"cix":2,"bm":0,"ix":5,"mn":"ADBE Vector Group","hd":false},{"ty":"gr","it":[{"ind":0,"ty":"sh","ix":1,"ks":{"a":0,"k":{"i":[[0.625,0],[0,0],[0.268,0.447],[0,0],[0.246,-0.201],[-0.268,-0.223],[0,0],[-0.894,0],[0,0],[-0.09,0.603],[0.491,0.536],[0,0],[0,0],[0.246,0.514],[0.714,0],[0,0],[0.312,-0.267],[0.357,-0.49],[0,0],[0,0],[0.58,0],[0,0],[0,0.625],[0,0],[-0.536,0],[0,0],[0,-0.537],[0,0],[-0.313,0],[0,0.224],[0,0],[0.312,0.335],[0.58,0],[0,0],[0.29,-0.335],[0,-0.537],[0,0],[-1.162,0],[0,0],[0,1.25],[0,0],[0,0],[-0.179,0.179],[-0.402,0],[0,0],[0.402,-0.58],[0,0],[0,0]],"o":[[0,0],[-0.581,0],[0,0],[-0.224,-0.223],[-0.246,0.201],[0,0],[0.402,0.715],[0,0],[0.938,0],[0.089,-0.603],[0,0],[0,0],[0.402,-0.625],[-0.246,-0.513],[0,0],[-0.536,0],[-0.313,0.269],[0,0],[0,0],[0,0.625],[0,0],[-0.536,0],[0,0],[0,-0.537],[0,0],[0.58,0],[0,0],[0,0.224],[0.312,0],[0,0],[0,-0.537],[-0.313,-0.335],[0,0],[-0.581,0],[-0.291,0.335],[0,0],[0,1.25],[0,0],[1.206,0],[0,0],[0,0],[0.223,-0.313],[0.178,-0.177],[0,0],[0.714,0],[0,0],[0,0],[0.312,0.625]],"v":[[13.992,19.53],[7.895,19.53],[6.622,18.86],[-4.366,4.255],[-5.07,4.221],[-5.036,4.857],[5.952,19.396],[7.895,20.468],[13.992,20.468],[15.533,19.564],[14.93,17.855],[1.262,-0.57],[14.595,-17.99],[14.829,-19.698],[13.389,-20.468],[7.292,-20.468],[6.019,-20.067],[5.014,-18.928],[-7.783,-2.312],[-7.783,18.593],[-8.654,19.53],[-13.88,19.53],[-14.684,18.593],[-14.684,-18.659],[-13.88,-19.463],[-8.654,-19.463],[-7.783,-18.659],[-7.783,-7.739],[-7.314,-7.404],[-6.845,-7.739],[-6.845,-18.659],[-7.314,-19.966],[-8.654,-20.468],[-13.88,-20.468],[-15.187,-19.966],[-15.622,-18.659],[-15.622,18.593],[-13.88,20.468],[-8.654,20.468],[-6.845,18.593],[-6.845,-2.178],[5.818,-18.458],[6.421,-19.196],[7.292,-19.463],[13.389,-19.463],[13.858,-18.592],[0.123,-0.57],[14.461,18.593]],"c":true},"ix":2},"nm":"Path 1","mn":"ADBE Vector Shape - Group","hd":false},{"ty":"st","c":{"a":0,"k":[1,0.282352941176,0.474509833841,1],"ix":3},"o":{"a":1,"k":[{"i":{"x":[0.833],"y":[0.833]},"o":{"x":[0.167],"y":[0.167]},"t":0,"s":[0]},{"i":{"x":[0.833],"y":[0.833]},"o":{"x":[0.167],"y":[0.167]},"t":111,"s":[0]},{"i":{"x":[0.833],"y":[0.833]},"o":{"x":[0.167],"y":[0.167]},"t":115,"s":[95]},{"i":{"x":[0.833],"y":[0.833]},"o":{"x":[0.167],"y":[0.167]},"t":121,"s":[0]},{"t":125,"s":[95]}],"ix":4},"w":{"a":0,"k":4,"ix":5},"lc":2,"lj":2,"bm":0,"nm":"Stroke 1","mn":"ADBE Vector Graphic - Stroke","hd":false},{"ty":"tr","p":{"a":0,"k":[163.078,38.481],"ix":2},"a":{"a":0,"k":[0,0],"ix":1},"s":{"a":0,"k":[100,100],"ix":3},"r":{"a":0,"k":0,"ix":6},"o":{"a":0,"k":100,"ix":7},"sk":{"a":0,"k":0,"ix":4},"sa":{"a":0,"k":0,"ix":5},"nm":"Transform"}],"nm":"Group 5","np":2,"cix":2,"bm":0,"ix":6,"mn":"ADBE Vector Group","hd":false},{"ty":"gr","it":[{"ind":0,"ty":"sh","ix":1,"ks":{"a":0,"k":{"i":[[-0.894,2.813],[0,0],[0.134,-0.625],[1.272,-1.631],[1.429,-1.027],[2.032,-0.714],[2.367,0],[0,-0.291],[-0.313,0],[-2.167,0.736],[-1.698,1.296],[-1.162,1.541],[-0.626,2.1],[0.29,0.401],[0.625,0],[0,0],[0.96,-1.407],[1.317,-1.072],[1.63,-0.669],[1.786,-0.133],[2.032,0.626],[1.608,1.406],[0.982,2.255],[0,3.127],[-1.051,2.479],[-1.808,1.832],[-2.479,1.05],[-2.814,0],[-1.988,-0.58],[-1.675,-1.094],[-1.229,-1.608],[-0.67,-2.054],[0.044,-0.223],[0.446,0],[0,0],[0.29,0.089],[0.089,0.354],[2.121,1.041],[2.412,0],[1.943,-1.318],[0.982,-2.01],[0,-2.345],[-0.983,-2.01],[-1.966,-1.34],[-2.904,0],[0,0.335],[0.402,-0.088],[1.808,1.251],[0.938,1.876],[-0.023,2.211],[-0.894,1.876],[-1.854,1.251],[-2.725,0],[-1.899,-0.871],[-1.028,-1.965],[-0.246,-0.357],[-0.715,0],[0,0],[-0.246,0.469],[0.178,0.626],[1.317,1.698],[1.764,1.183],[2.076,0.603],[2.233,0],[2.568,-1.093],[1.898,-1.92],[1.094,-2.59],[0,-2.992],[-1.407,-2.613],[-2.189,-1.383],[-2.68,-0.245],[-2.479,0.85],[-2.01,1.9]],"o":[[0,0],[0.625,0],[-0.492,1.833],[-1.274,1.631],[-1.787,1.296],[-2.033,0.715],[-0.313,0],[0,0.29],[2.412,0],[2.166,-0.738],[1.831,-1.295],[1.161,-1.541],[0.178,-0.625],[-0.291,-0.402],[0,0],[-0.492,1.653],[-0.961,1.408],[-1.318,1.071],[-1.63,0.671],[-2.1,0.18],[-2.033,-0.625],[-1.608,-1.408],[-0.983,-2.255],[0,-2.858],[1.048,-2.479],[1.809,-1.831],[2.479,-1.048],[2.144,0],[1.987,0.581],[1.675,1.096],[1.228,1.608],[0.134,0.358],[-0.045,0.224],[0,0],[-0.09,0],[-0.291,-0.088],[-1.028,-2.257],[-2.122,-1.04],[-2.948,0],[-1.943,1.317],[-0.983,2.01],[0,2.346],[0.982,2.01],[1.965,1.34],[0.402,0],[0,-0.335],[-2.77,0],[-1.81,-1.25],[-0.938,-1.876],[0.022,-2.211],[0.893,-1.876],[1.852,-1.25],[2.144,0],[1.898,0.872],[0.268,0.536],[0.245,0.358],[0,0],[0.714,0],[0.245,-0.469],[-0.67,-2.144],[-1.318,-1.697],[-1.765,-1.184],[-2.078,-0.603],[-2.948,0],[-2.569,1.095],[-1.899,1.921],[-1.095,2.591],[0,3.886],[1.407,2.614],[2.188,1.386],[2.68,0.246],[2.479,-0.847],[2.01,-1.898]],"v":[[13.076,6.164],[18.839,6.164],[19.576,7.101],[16.93,12.295],[12.875,16.281],[7.146,19.296],[0.547,20.368],[0.078,20.804],[0.547,21.239],[7.414,20.134],[13.21,17.085],[17.699,12.83],[20.379,7.37],[20.211,5.829],[18.839,5.226],[12.473,5.226],[10.295,9.815],[6.878,13.534],[2.456,16.146],[-2.669,17.352],[-8.867,16.683],[-14.327,13.635],[-18.213,8.141],[-19.687,0.067],[-18.112,-7.94],[-13.825,-14.405],[-7.393,-18.727],[0.547,-20.301],[6.745,-19.43],[12.238,-16.918],[16.594,-12.864],[19.441,-7.37],[19.576,-6.499],[18.839,-6.164],[13.21,-6.164],[12.641,-6.297],[12.071,-6.961],[7.347,-11.906],[0.547,-13.467],[-6.79,-11.49],[-11.178,-6.499],[-12.652,0.033],[-11.178,6.566],[-6.755,11.591],[0.547,13.601],[1.15,13.099],[0.547,12.729],[-6.32,10.853],[-10.441,6.164],[-11.815,0.033],[-10.441,-6.097],[-6.32,-10.787],[0.547,-12.663],[6.61,-11.357],[10.999,-7.102],[11.769,-5.762],[13.21,-5.226],[18.839,-5.226],[20.279,-5.93],[20.379,-7.571],[17.397,-13.333],[12.774,-17.654],[7.013,-20.335],[0.547,-21.239],[-7.728,-19.598],[-14.428,-15.075],[-18.917,-8.308],[-20.557,0.067],[-18.448,9.815],[-13.054,15.811],[-5.751,18.258],[1.987,17.352],[8.721,13.232]],"c":true},"ix":2},"nm":"Path 1","mn":"ADBE Vector Shape - Group","hd":false},{"ty":"st","c":{"a":0,"k":[1,0.282352941176,0.474509833841,1],"ix":3},"o":{"a":1,"k":[{"i":{"x":[0.833],"y":[0.833]},"o":{"x":[0.167],"y":[0.167]},"t":0,"s":[0]},{"i":{"x":[0.833],"y":[0.833]},"o":{"x":[0.167],"y":[0.167]},"t":111,"s":[0]},{"i":{"x":[0.833],"y":[0.833]},"o":{"x":[0.167],"y":[0.167]},"t":115,"s":[95]},{"i":{"x":[0.833],"y":[0.833]},"o":{"x":[0.167],"y":[0.167]},"t":121,"s":[0]},{"t":125,"s":[95]}],"ix":4},"w":{"a":0,"k":4,"ix":5},"lc":2,"lj":2,"bm":0,"nm":"Stroke 1","mn":"ADBE Vector Graphic - Stroke","hd":false},{"ty":"tr","p":{"a":0,"k":[123.325,38.447],"ix":2},"a":{"a":0,"k":[0,0],"ix":1},"s":{"a":0,"k":[100,100],"ix":3},"r":{"a":0,"k":0,"ix":6},"o":{"a":0,"k":100,"ix":7},"sk":{"a":0,"k":0,"ix":4},"sa":{"a":0,"k":0,"ix":5},"nm":"Transform"}],"nm":"Group 6","np":2,"cix":2,"bm":0,"ix":7,"mn":"ADBE Vector Group","hd":false},{"ty":"gr","it":[{"ind":0,"ty":"sh","ix":1,"ks":{"a":0,"k":{"i":[[0,0],[0.714,0],[0,0],[0.134,0.536],[0,0],[1.072,0],[0,0],[0.446,-0.938],[0,0],[0.67,0],[0,0],[-0.179,0.626],[0,0],[-0.67,0],[0,0],[-0.224,-0.536],[0,0],[0,0],[0,0],[0.29,0.09],[0.089,-0.312],[0,0],[0,0],[0,0],[0.982,0],[0,0],[0.312,-0.938],[0,0],[-0.29,-0.402],[-0.67,0],[0,0],[-0.224,1.028],[0,0],[-0.536,0],[0,0],[-0.09,-0.089],[-0.134,-0.357],[0,0],[-0.983,0],[0,0],[-0.335,0.402],[0.268,0.626],[0,0],[0.982,0],[0,0],[0.402,-0.938],[0,0],[-0.291,-0.089],[-0.09,0.358],[0,0],[-0.247,0.134],[-0.224,0],[0,0],[-0.224,-0.134],[-0.09,-0.357]],"o":[[0.268,0.626],[0,0],[-0.626,0],[0,0],[-0.268,-0.938],[0,0],[-0.983,0],[0,0],[-0.134,0.536],[0,0],[-0.67,0],[0,0],[0.134,-0.536],[0,0],[0.58,0],[0,0],[0,0],[0,0],[0.134,-0.357],[-0.291,-0.089],[0,0],[0,0],[0,0],[-0.402,-0.938],[0,0],[-1.117,0],[0,0],[-0.223,0.626],[0.29,0.402],[0,0],[1.161,0],[0,0],[0.268,-0.536],[0,0],[0.402,0],[0.134,0.09],[0,0],[0.312,1.028],[0,0],[0.625,0],[0.334,-0.402],[0,0],[-0.402,-0.938],[0,0],[-0.983,0],[0,0],[-0.09,0.358],[0.29,0.09],[0,0],[0.044,-0.357],[0.245,-0.134],[0,0],[0.268,0],[0.223,0.134],[0,0]],"v":[[17.465,18.592],[16.795,19.53],[11.1,19.53],[9.96,18.726],[8.353,13.769],[6.342,12.361],[-6.387,12.361],[-8.531,13.769],[-10.005,18.726],[-11.212,19.53],[-16.84,19.53],[-17.577,18.592],[-7.46,-11.155],[-6.254,-11.96],[-1.697,-11.96],[-0.491,-11.155],[4.668,4.858],[-4.78,4.858],[-1.564,-5.126],[-1.798,-5.796],[-2.368,-5.46],[-6.053,5.929],[5.941,5.929],[0.379,-11.356],[-1.697,-12.764],[-6.254,-12.764],[-8.397,-11.356],[-18.38,18.324],[-18.28,19.866],[-16.84,20.468],[-11.212,20.468],[-9.134,18.928],[-7.593,14.103],[-6.387,13.299],[6.342,13.299],[7.079,13.434],[7.482,14.103],[9.157,18.928],[11.1,20.468],[16.795,20.468],[18.236,19.866],[18.335,18.324],[5.673,-19.061],[3.595,-20.468],[-3.707,-20.468],[-5.785,-19.061],[-6.79,-15.98],[-6.488,-15.309],[-5.918,-15.712],[-4.846,-18.66],[-4.41,-19.397],[-3.707,-19.598],[3.595,-19.598],[4.332,-19.397],[4.801,-18.66]],"c":true},"ix":2},"nm":"Path 1","mn":"ADBE Vector Shape - Group","hd":false},{"ty":"st","c":{"a":0,"k":[1,0.282352941176,0.474509833841,1],"ix":3},"o":{"a":1,"k":[{"i":{"x":[0.833],"y":[0.833]},"o":{"x":[0.167],"y":[0.167]},"t":0,"s":[0]},{"i":{"x":[0.833],"y":[0.833]},"o":{"x":[0.167],"y":[0.167]},"t":117,"s":[0]},{"i":{"x":[0.833],"y":[0.833]},"o":{"x":[0.167],"y":[0.167]},"t":121,"s":[95]},{"i":{"x":[0.833],"y":[0.833]},"o":{"x":[0.167],"y":[0.167]},"t":127,"s":[0]},{"t":131,"s":[95]}],"ix":4},"w":{"a":0,"k":4,"ix":5},"lc":2,"lj":2,"bm":0,"nm":"Stroke 1","mn":"ADBE Vector Graphic - Stroke","hd":false},{"ty":"tr","p":{"a":0,"k":[85.906,38.481],"ix":2},"a":{"a":0,"k":[0,0],"ix":1},"s":{"a":0,"k":[100,100],"ix":3},"r":{"a":0,"k":0,"ix":6},"o":{"a":0,"k":100,"ix":7},"sk":{"a":0,"k":0,"ix":4},"sa":{"a":0,"k":0,"ix":5},"nm":"Transform"}],"nm":"Group 7","np":2,"cix":2,"bm":0,"ix":8,"mn":"ADBE Vector Group","hd":false},{"ty":"gr","it":[{"ind":0,"ty":"sh","ix":1,"ks":{"a":0,"k":{"i":[[0,-0.536],[0,0],[0.58,0],[0,0],[0,0],[0.338,0.335],[0.585,0],[0,0],[0.292,-0.335],[0,-0.536],[0,0],[-1.217,0],[0,0],[0,0.313],[0.36,0],[0,0],[0,0.626],[0,0],[-0.631,0],[0,0],[0,-0.536],[0,0],[0,0],[0,1.251],[0,0],[1.116,0],[0,0],[0,-0.313],[-0.313,0],[0,0]],"o":[[0,0],[0,0.626],[0,0],[0,0],[0,-0.536],[-0.337,-0.335],[0,0],[-0.629,0],[-0.293,0.335],[0,0],[0,1.251],[0,0],[0.36,0],[0,-0.312],[0,0],[-0.631,0],[0,0],[0,-0.536],[0,0],[0.63,0],[0,0],[0,0],[1.116,0],[0,0],[0,-1.161],[0,0],[-0.313,0],[0,0.312],[0,0],[0.58,0]],"v":[[10.988,13.768],[10.988,18.592],[10.117,19.53],[-3.015,19.53],[-3.015,-18.66],[-3.522,-19.966],[-4.906,-20.468],[-9.97,-20.468],[-11.353,-19.966],[-11.792,-18.66],[-11.792,18.592],[-9.967,20.468],[-6.926,20.468],[-6.386,19.999],[-6.926,19.53],[-9.967,19.53],[-10.914,18.592],[-10.914,-18.66],[-9.967,-19.463],[-4.899,-19.463],[-3.953,-18.66],[-3.953,20.468],[10.117,20.468],[11.792,18.592],[11.792,13.768],[10.117,12.026],[0.737,12.026],[0.268,12.496],[0.737,12.964],[10.117,12.964]],"c":true},"ix":2},"nm":"Path 1","mn":"ADBE Vector Shape - Group","hd":false},{"ty":"st","c":{"a":0,"k":[1,0.282352941176,0.474509833841,1],"ix":3},"o":{"a":1,"k":[{"i":{"x":[0.833],"y":[0.833]},"o":{"x":[0.167],"y":[0.167]},"t":0,"s":[0]},{"i":{"x":[0.833],"y":[0.833]},"o":{"x":[0.167],"y":[0.167]},"t":111,"s":[0]},{"i":{"x":[0.833],"y":[0.833]},"o":{"x":[0.167],"y":[0.167]},"t":115,"s":[95]},{"i":{"x":[0.833],"y":[0.833]},"o":{"x":[0.167],"y":[0.167]},"t":121,"s":[0]},{"t":125,"s":[95]}],"ix":4},"w":{"a":0,"k":4,"ix":5},"lc":2,"lj":2,"bm":0,"nm":"Stroke 1","mn":"ADBE Vector Graphic - Stroke","hd":false},{"ty":"tr","p":{"a":0,"k":[53.188,38.481],"ix":2},"a":{"a":0,"k":[0,0],"ix":1},"s":{"a":0,"k":[100,100],"ix":3},"r":{"a":0,"k":0,"ix":6},"o":{"a":0,"k":100,"ix":7},"sk":{"a":0,"k":0,"ix":4},"sa":{"a":0,"k":0,"ix":5},"nm":"Transform"}],"nm":"Group 8","np":2,"cix":2,"bm":0,"ix":9,"mn":"ADBE Vector Group","hd":false},{"ty":"gr","it":[{"ind":0,"ty":"sh","ix":1,"ks":{"a":0,"k":{"i":[[0.29,-0.78],[0.536,-0.848],[0,0],[-1.162,-1.944],[0,-2.412],[0.603,-1.518],[1.094,-1.093],[1.496,-0.625],[1.743,0],[0,0],[0,0.626],[0,0],[-0.626,0],[0,0],[-0.648,-0.61],[0,-1.038],[0.625,-0.768],[0,0],[0,-1.206],[0,0],[-0.335,-0.357],[-0.581,0],[0,0],[0,-3.551],[0.938,-0.966],[1.651,0],[0,0],[0,0.626],[0,0],[0.312,0],[0,-0.357],[0,0],[-1.251,0],[0,0],[-1.116,1.117],[0,1.876],[1.094,1.139],[1.964,0],[0,0],[0,0.626],[0,0],[-0.626,0],[0,0],[0,0],[0,0],[-0.246,0.536],[0,0.626],[0.826,0.827],[1.295,0],[0,0],[0.312,-0.358],[0,-0.625],[0,0],[-1.249,0],[0,0],[-1.583,0.67],[-1.182,1.206],[-0.647,1.608],[0,1.876],[1.148,2.1],[2.127,1.206],[0,1.742],[0.603,1.34],[1.116,1.028],[1.518,0.581],[1.787,0],[0,0],[0.312,-0.332],[0,-0.532],[0,0],[-0.313,0],[0,0.267],[0,0],[-0.626,0],[0,0],[-2.01,-1.905],[-0.559,-1.241],[0,-1.429]],"o":[[-0.291,0.782],[0,0],[2.1,1.163],[1.161,1.942],[0,1.742],[-0.603,1.519],[-1.095,1.095],[-1.497,0.626],[0,0],[-0.626,0],[0,0],[0,-0.625],[0,0],[1.072,0],[0.647,0.61],[0,0.904],[0,0],[-1.251,0],[0,0],[0,0.536],[0.335,0.358],[0,0],[3.527,0],[0,1.618],[-0.938,0.966],[0,0],[-0.626,0],[0,0],[0,-0.357],[-0.313,0],[0,0],[0,1.162],[0,0],[1.919,0],[1.116,-1.116],[0,-1.876],[-1.095,-1.14],[0,0],[-0.626,0],[0,0],[0,-0.625],[0,0],[0,0],[0,0],[0.357,-0.445],[0.245,-0.536],[0,-1.295],[-0.827,-0.825],[0,0],[-0.626,0],[-0.313,0.358],[0,0],[0,1.251],[0,0],[1.872,0],[1.583,-0.67],[1.181,-1.206],[0.646,-1.608],[0,-2.412],[-1.147,-2.099],[0.847,-1.474],[0,-1.563],[-0.603,-1.34],[-1.072,-0.982],[-1.519,-0.58],[0,0],[-0.626,0],[-0.313,0.333],[0,0],[0,0.267],[0.312,0],[0,0],[0,-0.532],[0,0],[3.439,0],[1.028,0.887],[0.558,1.243],[0,1.028]],"v":[[10.587,-6.701],[9.347,-4.255],[9.883,-4.055],[14.774,0.604],[16.516,7.135],[15.612,12.026],[13.066,15.945],[9.18,18.526],[4.322,19.464],[-15.444,19.464],[-16.382,18.526],[-16.382,-11.289],[-15.444,-12.227],[-0.368,-12.227],[2.212,-11.312],[3.183,-8.839],[2.245,-6.331],[-7.603,-6.331],[-9.479,-4.523],[-9.479,-0.302],[-8.978,1.039],[-7.603,1.575],[3.251,1.575],[8.543,6.901],[7.136,10.779],[3.251,12.227],[-7.603,12.227],[-8.541,11.289],[-8.541,5.26],[-9.012,4.724],[-9.479,5.26],[-9.479,11.289],[-7.603,13.031],[3.251,13.031],[7.806,11.357],[9.482,6.867],[7.84,2.346],[3.251,0.636],[-7.603,0.636],[-8.541,-0.302],[-8.541,-4.523],[-7.603,-5.461],[2.446,-5.461],[2.647,-5.461],[2.78,-5.596],[3.686,-7.068],[4.053,-8.81],[2.815,-11.994],[-0.368,-13.232],[-15.444,-13.232],[-16.85,-12.696],[-17.319,-11.222],[-17.319,18.593],[-15.447,20.469],[4.28,20.469],[9.462,19.464],[13.608,16.649],[16.35,12.429],[17.319,7.203],[15.599,0.435],[10.688,-4.523],[11.961,-9.346],[11.056,-13.701],[8.475,-17.253],[4.59,-19.597],[-0.368,-20.469],[-15.444,-20.469],[-16.85,-19.971],[-17.319,-18.674],[-17.319,-16.414],[-16.85,-16.016],[-16.382,-16.414],[-16.382,-18.674],[-15.444,-19.471],[-0.368,-19.471],[7.806,-16.614],[10.185,-13.422],[11.022,-9.414]],"c":true},"ix":2},"nm":"Path 1","mn":"ADBE Vector Shape - Group","hd":false},{"ty":"st","c":{"a":0,"k":[1,0.282352941176,0.474509833841,1],"ix":3},"o":{"a":1,"k":[{"i":{"x":[0.833],"y":[0.833]},"o":{"x":[0.167],"y":[0.167]},"t":0,"s":[0]},{"i":{"x":[0.833],"y":[0.833]},"o":{"x":[0.167],"y":[0.167]},"t":111,"s":[0]},{"i":{"x":[0.833],"y":[0.833]},"o":{"x":[0.167],"y":[0.167]},"t":115,"s":[95]},{"i":{"x":[0.833],"y":[0.833]},"o":{"x":[0.167],"y":[0.167]},"t":121,"s":[0]},{"t":125,"s":[95]}],"ix":4},"w":{"a":0,"k":4,"ix":5},"lc":2,"lj":2,"bm":0,"nm":"Stroke 1","mn":"ADBE Vector Graphic - Stroke","hd":false},{"ty":"tr","p":{"a":0,"k":[20.659,38.481],"ix":2},"a":{"a":0,"k":[0,0],"ix":1},"s":{"a":0,"k":[100,100],"ix":3},"r":{"a":0,"k":0,"ix":6},"o":{"a":0,"k":100,"ix":7},"sk":{"a":0,"k":0,"ix":4},"sa":{"a":0,"k":0,"ix":5},"nm":"Transform"}],"nm":"Group 9","np":2,"cix":2,"bm":0,"ix":10,"mn":"ADBE Vector Group","hd":false}],"ip":0,"op":180,"st":0,"bm":0},{"ddd":0,"ind":3,"ty":4,"nm":"Card small front","sr":1,"ks":{"o":{"a":1,"k":[{"i":{"x":[0.833],"y":[0.833]},"o":{"x":[0.333],"y":[0]},"t":111,"s":[3]},{"t":126,"s":[100]}],"ix":11},"r":{"a":1,"k":[{"i":{"x":[0.833],"y":[0.833]},"o":{"x":[0.333],"y":[0]},"t":111,"s":[-18]},{"t":126,"s":[0]}],"ix":10},"p":{"a":1,"k":[{"i":{"x":0.833,"y":0.833},"o":{"x":0.333,"y":0},"t":111,"s":[249.77,142.58,0],"to":[1.667,0,0],"ti":[-1.667,0,0]},{"t":126,"s":[259.77,142.58,0]}],"ix":2,"l":2},"a":{"a":0,"k":[14.116,37.142,0],"ix":1,"l":2},"s":{"a":0,"k":[100,100,100],"ix":6,"l":2}},"ao":0,"ef":[{"ty":25,"nm":"Drop Shadow","np":8,"mn":"ADBE Drop Shadow","ix":1,"en":1,"ef":[{"ty":2,"nm":"Shadow Color","mn":"ADBE Drop Shadow-0001","ix":1,"v":{"a":0,"k":[0,0.780392169952,1,1],"ix":1}},{"ty":0,"nm":"Opacity","mn":"ADBE Drop Shadow-0002","ix":2,"v":{"a":0,"k":255,"ix":2}},{"ty":0,"nm":"Direction","mn":"ADBE Drop Shadow-0003","ix":3,"v":{"a":0,"k":135,"ix":3}},{"ty":0,"nm":"Distance","mn":"ADBE Drop Shadow-0004","ix":4,"v":{"a":0,"k":0,"ix":4}},{"ty":0,"nm":"Softness","mn":"ADBE Drop Shadow-0005","ix":5,"v":{"a":0,"k":46,"ix":5}},{"ty":7,"nm":"Shadow Only","mn":"ADBE Drop Shadow-0006","ix":6,"v":{"a":0,"k":0,"ix":6}}]}],"shapes":[{"ty":"gr","it":[{"ty":"rc","d":1,"s":{"a":0,"k":[202.555,204.105],"ix":2},"p":{"a":0,"k":[0,0],"ix":3},"r":{"a":0,"k":0,"ix":4},"nm":"Rectangle Path 1","mn":"ADBE Vector Shape - Rect","hd":false},{"ty":"st","c":{"a":0,"k":[1,1,1,1],"ix":3},"o":{"a":0,"k":0,"ix":4},"w":{"a":0,"k":2,"ix":5},"lc":1,"lj":1,"ml":4,"bm":0,"nm":"Stroke 1","mn":"ADBE Vector Graphic - Stroke","hd":false},{"ty":"fl","c":{"a":0,"k":[0,0.780391977348,1,1],"ix":4},"o":{"a":0,"k":0,"ix":5},"r":1,"bm":0,"nm":"Fill 1","mn":"ADBE Vector Graphic - Fill","hd":false},{"ty":"tr","p":{"a":0,"k":[5.623,31.615],"ix":2},"a":{"a":0,"k":[0,0],"ix":1},"s":{"a":0,"k":[100,100],"ix":3},"r":{"a":0,"k":0,"ix":6},"o":{"a":0,"k":100,"ix":7},"sk":{"a":0,"k":0,"ix":4},"sa":{"a":0,"k":0,"ix":5},"nm":"Transform"}],"nm":"Rectangle 1","np":3,"cix":2,"bm":0,"ix":1,"mn":"ADBE Vector Group","hd":false},{"ty":"gr","it":[{"ind":0,"ty":"sh","ix":1,"ks":{"a":0,"k":{"i":[[0,0],[0,0],[4.878,1.497],[0,0]],"o":[[0,0],[1.496,-4.879],[0,0],[0,0]],"v":[[-12.116,35.142],[10.619,-18.338],[4.496,-29.881],[-11.934,-35.142]],"c":false},"ix":2},"nm":"Path 1","mn":"ADBE Vector Shape - Group","hd":false},{"ty":"st","c":{"a":1,"k":[{"i":{"x":[0.833],"y":[0.711]},"o":{"x":[0.333],"y":[0]},"t":114,"s":[0.184313729405,0.184313729405,0.184313729405,1]},{"t":122,"s":[1,1,1,1]}],"ix":3},"o":{"a":0,"k":100,"ix":4},"w":{"a":0,"k":2,"ix":5},"lc":1,"lj":1,"ml":4,"bm":0,"nm":"Stroke 1","mn":"ADBE Vector Graphic - Stroke","hd":false},{"ty":"tr","p":{"a":0,"k":[14.116,37.142],"ix":2},"a":{"a":0,"k":[0,0],"ix":1},"s":{"a":0,"k":[100,100],"ix":3},"r":{"a":0,"k":0,"ix":6},"o":{"a":0,"k":100,"ix":7},"sk":{"a":0,"k":0,"ix":4},"sa":{"a":0,"k":0,"ix":5},"nm":"Transform"}],"nm":"Group 1","np":2,"cix":2,"bm":0,"ix":2,"mn":"ADBE Vector Group","hd":false}],"ip":0,"op":180,"st":0,"bm":0},{"ddd":0,"ind":4,"ty":4,"nm":"Card medium front","sr":1,"ks":{"o":{"a":1,"k":[{"i":{"x":[0.833],"y":[0.833]},"o":{"x":[0.333],"y":[0]},"t":112,"s":[0]},{"t":126,"s":[100]}],"ix":11},"r":{"a":1,"k":[{"i":{"x":[0.833],"y":[1]},"o":{"x":[0.333],"y":[0]},"t":112,"s":[0]},{"t":126,"s":[0]}],"ix":10},"p":{"a":1,"k":[{"i":{"x":0.833,"y":0.833},"o":{"x":0.333,"y":0},"t":112,"s":[216.804,144.298,0],"to":[1.667,0,0],"ti":[-1.667,0,0]},{"t":126,"s":[226.804,144.298,0]}],"ix":2,"l":2},"a":{"a":0,"k":[15.672,50.543,0],"ix":1,"l":2},"s":{"a":0,"k":[100,100,100],"ix":6,"l":2}},"ao":0,"ef":[{"ty":25,"nm":"Drop Shadow","np":8,"mn":"ADBE Drop Shadow","ix":1,"en":1,"ef":[{"ty":2,"nm":"Shadow Color","mn":"ADBE Drop Shadow-0001","ix":1,"v":{"a":0,"k":[0,0.780392169952,1,1],"ix":1}},{"ty":0,"nm":"Opacity","mn":"ADBE Drop Shadow-0002","ix":2,"v":{"a":0,"k":255,"ix":2}},{"ty":0,"nm":"Direction","mn":"ADBE Drop Shadow-0003","ix":3,"v":{"a":0,"k":135,"ix":3}},{"ty":0,"nm":"Distance","mn":"ADBE Drop Shadow-0004","ix":4,"v":{"a":0,"k":0,"ix":4}},{"ty":0,"nm":"Softness","mn":"ADBE Drop Shadow-0005","ix":5,"v":{"a":0,"k":46,"ix":5}},{"ty":7,"nm":"Shadow Only","mn":"ADBE Drop Shadow-0006","ix":6,"v":{"a":0,"k":0,"ix":6}}]}],"shapes":[{"ty":"gr","it":[{"ty":"rc","d":1,"s":{"a":0,"k":[210.143,222.465],"ix":2},"p":{"a":0,"k":[0,0],"ix":3},"r":{"a":0,"k":0,"ix":4},"nm":"Rectangle Path 1","mn":"ADBE Vector Shape - Rect","hd":false},{"ty":"st","c":{"a":0,"k":[1,1,1,1],"ix":3},"o":{"a":0,"k":0,"ix":4},"w":{"a":0,"k":2,"ix":5},"lc":1,"lj":1,"ml":4,"bm":0,"nm":"Stroke 1","mn":"ADBE Vector Graphic - Stroke","hd":false},{"ty":"fl","c":{"a":0,"k":[0,0.780391977348,1,1],"ix":4},"o":{"a":0,"k":0,"ix":5},"r":1,"bm":0,"nm":"Fill 1","mn":"ADBE Vector Graphic - Fill","hd":false},{"ty":"tr","p":{"a":0,"k":[3.439,38.977],"ix":2},"a":{"a":0,"k":[0,0],"ix":1},"s":{"a":0,"k":[100,100],"ix":3},"r":{"a":0,"k":0,"ix":6},"o":{"a":0,"k":100,"ix":7},"sk":{"a":0,"k":0,"ix":4},"sa":{"a":0,"k":0,"ix":5},"nm":"Transform"}],"nm":"Rectangle 1","np":3,"cix":2,"bm":0,"ix":1,"mn":"ADBE Vector Group","hd":false},{"ty":"gr","it":[{"ind":0,"ty":"sh","ix":1,"ks":{"a":0,"k":{"i":[[0,0],[0,0],[5.102,-0.061],[0,0]],"o":[[0,0],[-0.065,-5.102],[0,0],[0,0]],"v":[[13.672,48.543],[12.932,-39.357],[3.578,-48.482],[-13.672,-48.482]],"c":false},"ix":2},"nm":"Path 1","mn":"ADBE Vector Shape - Group","hd":false},{"ty":"st","c":{"a":1,"k":[{"i":{"x":[0.833],"y":[0.833]},"o":{"x":[0.167],"y":[0.167]},"t":120,"s":[0.184313729405,0.184313729405,0.184313729405,1]},{"t":126,"s":[1,1,1,1]}],"ix":3},"o":{"a":0,"k":100,"ix":4},"w":{"a":0,"k":2,"ix":5},"lc":1,"lj":1,"ml":4,"bm":0,"nm":"Stroke 1","mn":"ADBE Vector Graphic - Stroke","hd":false},{"ty":"tr","p":{"a":0,"k":[15.671,50.543],"ix":2},"a":{"a":0,"k":[0,0],"ix":1},"s":{"a":0,"k":[100,100],"ix":3},"r":{"a":0,"k":0,"ix":6},"o":{"a":0,"k":100,"ix":7},"sk":{"a":0,"k":0,"ix":4},"sa":{"a":0,"k":0,"ix":5},"nm":"Transform"}],"nm":"Group 1","np":2,"cix":2,"bm":0,"ix":2,"mn":"ADBE Vector Group","hd":false}],"ip":0,"op":180,"st":0,"bm":0},{"ddd":0,"ind":5,"ty":4,"nm":"Card big front","sr":1,"ks":{"o":{"a":1,"k":[{"i":{"x":[0.833],"y":[0.833]},"o":{"x":[0.333],"y":[0]},"t":111,"s":[0]},{"t":126,"s":[100]}],"ix":11},"r":{"a":1,"k":[{"i":{"x":[0.833],"y":[0.833]},"o":{"x":[0.333],"y":[0]},"t":111,"s":[16]},{"t":126,"s":[0]}],"ix":10},"p":{"a":1,"k":[{"i":{"x":0.833,"y":0.833},"o":{"x":0.333,"y":0},"t":111,"s":[184.201,161.286,0],"to":[-1.667,0,0],"ti":[1.667,0,0]},{"t":126,"s":[174.201,161.286,0]}],"ix":2,"l":2},"a":{"a":0,"k":[64.962,79.175,0],"ix":1,"l":2},"s":{"a":0,"k":[100,100,100],"ix":6,"l":2}},"ao":0,"ef":[{"ty":25,"nm":"Drop Shadow","np":8,"mn":"ADBE Drop Shadow","ix":1,"en":1,"ef":[{"ty":2,"nm":"Shadow Color","mn":"ADBE Drop Shadow-0001","ix":1,"v":{"a":0,"k":[0,0.780392169952,1,1],"ix":1}},{"ty":0,"nm":"Opacity","mn":"ADBE Drop Shadow-0002","ix":2,"v":{"a":0,"k":255,"ix":2}},{"ty":0,"nm":"Direction","mn":"ADBE Drop Shadow-0003","ix":3,"v":{"a":0,"k":135,"ix":3}},{"ty":0,"nm":"Distance","mn":"ADBE Drop Shadow-0004","ix":4,"v":{"a":0,"k":0,"ix":4}},{"ty":0,"nm":"Softness","mn":"ADBE Drop Shadow-0005","ix":5,"v":{"a":0,"k":46,"ix":5}},{"ty":7,"nm":"Shadow Only","mn":"ADBE Drop Shadow-0006","ix":6,"v":{"a":0,"k":0,"ix":6}}]}],"shapes":[{"ty":"gr","it":[{"ty":"rc","d":1,"s":{"a":0,"k":[264.598,251.277],"ix":2},"p":{"a":0,"k":[0,0],"ix":3},"r":{"a":0,"k":0,"ix":4},"nm":"Rectangle Path 1","mn":"ADBE Vector Shape - Rect","hd":false},{"ty":"st","c":{"a":0,"k":[1,1,1,1],"ix":3},"o":{"a":0,"k":0,"ix":4},"w":{"a":0,"k":2,"ix":5},"lc":1,"lj":1,"ml":4,"bm":0,"nm":"Stroke 1","mn":"ADBE Vector Graphic - Stroke","hd":false},{"ty":"fl","c":{"a":0,"k":[0,0.780391977348,1,1],"ix":4},"o":{"a":0,"k":0,"ix":5},"r":1,"bm":0,"nm":"Fill 1","mn":"ADBE Vector Graphic - Fill","hd":false},{"ty":"tr","p":{"a":0,"k":[70.56,80.028],"ix":2},"a":{"a":0,"k":[0,0],"ix":1},"s":{"a":0,"k":[100,100],"ix":3},"r":{"a":0,"k":0,"ix":6},"o":{"a":0,"k":100,"ix":7},"sk":{"a":0,"k":0,"ix":4},"sa":{"a":0,"k":0,"ix":5},"nm":"Transform"}],"nm":"Rectangle 1","np":3,"cix":2,"bm":0,"ix":1,"mn":"ADBE Vector Group","hd":false},{"ty":"gr","it":[{"ind":0,"ty":"sh","ix":1,"ks":{"a":0,"k":{"i":[[-5.916,21.995],[-3.32,-3.122],[-5.363,-14.863],[5.784,-1.639],[3.158,1.657],[-0.107,-0.37],[-4.06,-1.424],[0.542,-0.076],[4.42,-2.15],[-0.725,0.897],[3.993,14.077],[0.513,1.794],[8.232,-2.335],[1.85,8.825]],"o":[[1.182,-4.4],[16.586,15.613],[3.062,8.481],[-8.232,2.337],[0.512,1.794],[3.995,14.077],[1.09,0.38],[-4.891,0.492],[-0.5,0.218],[2.707,-3.341],[-0.106,-0.37],[-1.815,3.067],[-5.784,1.642],[-3.246,-15.461]],"v":[[-9.109,-26.22],[-5.358,-27.285],[32.134,-2.279],[22.913,15.221],[4.999,10.65],[5.319,11.764],[15.401,26.207],[15.822,27.697],[1.745,31.691],[1.319,30.202],[2.319,12.616],[1.999,11.501],[-10.841,24.801],[-27.878,14.749]],"c":true},"ix":2},"nm":"Path 1","mn":"ADBE Vector Shape - Group","hd":false},{"ind":1,"ty":"sh","ix":2,"ks":{"a":0,"k":{"i":[[-0.001,-0.002],[0,0],[-4.908,1.392],[-0.001,0],[0,0],[1.389,4.909],[0,0],[4.908,-1.393],[0.001,0],[0,0],[-1.39,-4.908]],"o":[[0,0],[1.392,4.909],[0.002,0],[0,0],[4.907,-1.396],[0,0],[-1.393,-4.907],[-0.001,0.001],[0,0],[-4.908,1.39],[0.001,0.002]],"v":[[-61.57,-43.572],[-29.516,69.415],[-18.109,75.783],[-18.105,75.783],[55.206,54.983],[61.573,43.572],[29.513,-69.42],[18.104,-75.783],[18.102,-75.782],[-55.203,-54.982],[-61.572,-43.577]],"c":true},"ix":2},"nm":"Path 2","mn":"ADBE Vector Shape - Group","hd":false},{"ty":"mm","mm":1,"nm":"Merge Paths 1","mn":"ADBE Vector Filter - Merge","hd":false},{"ty":"st","c":{"a":1,"k":[{"i":{"x":[0.833],"y":[0.711]},"o":{"x":[0.333],"y":[0]},"t":120,"s":[0.184313729405,0.184313729405,0.184313729405,1]},{"t":127,"s":[1,1,1,1]}],"ix":3},"o":{"a":0,"k":100,"ix":4},"w":{"a":0,"k":2,"ix":5},"lc":1,"lj":1,"ml":4,"bm":0,"nm":"Stroke 1","mn":"ADBE Vector Graphic - Stroke","hd":false},{"ty":"tr","p":{"a":0,"k":[64.962,79.176],"ix":2},"a":{"a":0,"k":[0,0],"ix":1},"s":{"a":0,"k":[100,100],"ix":3},"r":{"a":0,"k":0,"ix":6},"o":{"a":0,"k":100,"ix":7},"sk":{"a":0,"k":0,"ix":4},"sa":{"a":0,"k":0,"ix":5},"nm":"Transform"}],"nm":"Group 1","np":4,"cix":2,"bm":0,"ix":2,"mn":"ADBE Vector Group","hd":false}],"ip":0,"op":180,"st":0,"bm":0},{"ddd":0,"ind":6,"ty":4,"nm":"Card small highlight","sr":1,"ks":{"o":{"a":1,"k":[{"i":{"x":[0.833],"y":[0.833]},"o":{"x":[0.333],"y":[0]},"t":126,"s":[0]},{"t":132,"s":[100]}],"ix":11},"r":{"a":0,"k":0,"ix":10},"p":{"a":0,"k":[258.77,142.58,0],"ix":2,"l":2},"a":{"a":0,"k":[18.116,41.142,0],"ix":1,"l":2},"s":{"a":0,"k":[100,100,100],"ix":6,"l":2}},"ao":0,"ef":[{"ty":25,"nm":"Drop Shadow","np":8,"mn":"ADBE Drop Shadow","ix":1,"en":1,"ef":[{"ty":2,"nm":"Shadow Color","mn":"ADBE Drop Shadow-0001","ix":1,"v":{"a":0,"k":[0,0.780392169952,1,1],"ix":1}},{"ty":0,"nm":"Opacity","mn":"ADBE Drop Shadow-0002","ix":2,"v":{"a":0,"k":255,"ix":2}},{"ty":0,"nm":"Direction","mn":"ADBE Drop Shadow-0003","ix":3,"v":{"a":0,"k":135,"ix":3}},{"ty":0,"nm":"Distance","mn":"ADBE Drop Shadow-0004","ix":4,"v":{"a":0,"k":0,"ix":4}},{"ty":0,"nm":"Softness","mn":"ADBE Drop Shadow-0005","ix":5,"v":{"a":0,"k":46,"ix":5}},{"ty":7,"nm":"Shadow Only","mn":"ADBE Drop Shadow-0006","ix":6,"v":{"a":0,"k":0,"ix":6}}]}],"shapes":[{"ty":"gr","it":[{"ty":"rc","d":1,"s":{"a":0,"k":[194.23,185.082],"ix":2},"p":{"a":0,"k":[0,0],"ix":3},"r":{"a":0,"k":0,"ix":4},"nm":"Rectangle Path 1","mn":"ADBE Vector Shape - Rect","hd":false},{"ty":"st","c":{"a":0,"k":[0,0.780392216701,1,1],"ix":3},"o":{"a":0,"k":0,"ix":4},"w":{"a":0,"k":6,"ix":5},"lc":1,"lj":1,"ml":4,"bm":0,"nm":"Stroke 1","mn":"ADBE Vector Graphic - Stroke","hd":false},{"ty":"fl","c":{"a":0,"k":[0,0.780391977348,1,1],"ix":4},"o":{"a":0,"k":0,"ix":5},"r":1,"bm":0,"nm":"Fill 1","mn":"ADBE Vector Graphic - Fill","hd":false},{"ty":"tr","p":{"a":0,"k":[5.961,39.603],"ix":2},"a":{"a":0,"k":[0,0],"ix":1},"s":{"a":0,"k":[100,100],"ix":3},"r":{"a":0,"k":0,"ix":6},"o":{"a":0,"k":100,"ix":7},"sk":{"a":0,"k":0,"ix":4},"sa":{"a":0,"k":0,"ix":5},"nm":"Transform"}],"nm":"Rectangle 1","np":3,"cix":2,"bm":0,"ix":1,"mn":"ADBE Vector Group","hd":false},{"ty":"gr","it":[{"ind":0,"ty":"sh","ix":1,"ks":{"a":0,"k":{"i":[[0,0],[0,0],[4.878,1.497],[0,0]],"o":[[0,0],[1.496,-4.879],[0,0],[0,0]],"v":[[-12.116,35.142],[10.619,-18.338],[4.496,-29.881],[-11.934,-35.142]],"c":false},"ix":2},"nm":"Path 1","mn":"ADBE Vector Shape - Group","hd":false},{"ty":"st","c":{"a":0,"k":[0,0.780392216701,1,1],"ix":3},"o":{"a":0,"k":100,"ix":4},"w":{"a":0,"k":6,"ix":5},"lc":2,"lj":2,"bm":0,"nm":"Stroke 1","mn":"ADBE Vector Graphic - Stroke","hd":false},{"ty":"tr","p":{"a":0,"k":[18.116,41.142],"ix":2},"a":{"a":0,"k":[0,0],"ix":1},"s":{"a":0,"k":[100,100],"ix":3},"r":{"a":0,"k":0,"ix":6},"o":{"a":0,"k":100,"ix":7},"sk":{"a":0,"k":0,"ix":4},"sa":{"a":0,"k":0,"ix":5},"nm":"Transform"}],"nm":"Group 1","np":2,"cix":2,"bm":0,"ix":2,"mn":"ADBE Vector Group","hd":false}],"ip":0,"op":180,"st":0,"bm":0},{"ddd":0,"ind":7,"ty":4,"nm":"Card medium highlight","sr":1,"ks":{"o":{"a":1,"k":[{"i":{"x":[0.833],"y":[0.833]},"o":{"x":[0.333],"y":[0]},"t":126,"s":[0]},{"t":132,"s":[100]}],"ix":11},"r":{"a":0,"k":0,"ix":10},"p":{"a":0,"k":[226.804,144.298,0],"ix":2,"l":2},"a":{"a":0,"k":[19.672,54.543,0],"ix":1,"l":2},"s":{"a":0,"k":[100,100,100],"ix":6,"l":2}},"ao":0,"ef":[{"ty":25,"nm":"Drop Shadow","np":8,"mn":"ADBE Drop Shadow","ix":1,"en":1,"ef":[{"ty":2,"nm":"Shadow Color","mn":"ADBE Drop Shadow-0001","ix":1,"v":{"a":0,"k":[0,0.780392169952,1,1],"ix":1}},{"ty":0,"nm":"Opacity","mn":"ADBE Drop Shadow-0002","ix":2,"v":{"a":0,"k":255,"ix":2}},{"ty":0,"nm":"Direction","mn":"ADBE Drop Shadow-0003","ix":3,"v":{"a":0,"k":135,"ix":3}},{"ty":0,"nm":"Distance","mn":"ADBE Drop Shadow-0004","ix":4,"v":{"a":0,"k":0,"ix":4}},{"ty":0,"nm":"Softness","mn":"ADBE Drop Shadow-0005","ix":5,"v":{"a":0,"k":46,"ix":5}},{"ty":7,"nm":"Shadow Only","mn":"ADBE Drop Shadow-0006","ix":6,"v":{"a":0,"k":0,"ix":6}}]}],"shapes":[{"ty":"gr","it":[{"ty":"rc","d":1,"s":{"a":0,"k":[182.951,206.439],"ix":2},"p":{"a":0,"k":[0,0],"ix":3},"r":{"a":0,"k":0,"ix":4},"nm":"Rectangle Path 1","mn":"ADBE Vector Shape - Rect","hd":false},{"ty":"st","c":{"a":0,"k":[0,0.780392216701,1,1],"ix":3},"o":{"a":0,"k":0,"ix":4},"w":{"a":0,"k":6,"ix":5},"lc":1,"lj":1,"ml":4,"bm":0,"nm":"Stroke 1","mn":"ADBE Vector Graphic - Stroke","hd":false},{"ty":"fl","c":{"a":0,"k":[0,0.780391977348,1,1],"ix":4},"o":{"a":0,"k":0,"ix":5},"r":1,"bm":0,"nm":"Fill 1","mn":"ADBE Vector Graphic - Fill","hd":false},{"ty":"tr","p":{"a":0,"k":[9.343,52.465],"ix":2},"a":{"a":0,"k":[0,0],"ix":1},"s":{"a":0,"k":[100,100],"ix":3},"r":{"a":0,"k":0,"ix":6},"o":{"a":0,"k":100,"ix":7},"sk":{"a":0,"k":0,"ix":4},"sa":{"a":0,"k":0,"ix":5},"nm":"Transform"}],"nm":"Rectangle 1","np":3,"cix":2,"bm":0,"ix":1,"mn":"ADBE Vector Group","hd":false},{"ty":"gr","it":[{"ind":0,"ty":"sh","ix":1,"ks":{"a":0,"k":{"i":[[0,0],[0,0],[5.102,-0.061],[0,0]],"o":[[0,0],[-0.065,-5.102],[0,0],[0,0]],"v":[[13.672,48.543],[12.932,-39.357],[3.578,-48.482],[-13.672,-48.482]],"c":false},"ix":2},"nm":"Path 1","mn":"ADBE Vector Shape - Group","hd":false},{"ty":"st","c":{"a":0,"k":[0,0.780392216701,1,1],"ix":3},"o":{"a":0,"k":100,"ix":4},"w":{"a":0,"k":6,"ix":5},"lc":2,"lj":2,"bm":0,"nm":"Stroke 1","mn":"ADBE Vector Graphic - Stroke","hd":false},{"ty":"tr","p":{"a":0,"k":[19.671,54.543],"ix":2},"a":{"a":0,"k":[0,0],"ix":1},"s":{"a":0,"k":[100,100],"ix":3},"r":{"a":0,"k":0,"ix":6},"o":{"a":0,"k":100,"ix":7},"sk":{"a":0,"k":0,"ix":4},"sa":{"a":0,"k":0,"ix":5},"nm":"Transform"}],"nm":"Group 1","np":2,"cix":2,"bm":0,"ix":2,"mn":"ADBE Vector Group","hd":false}],"ip":0,"op":180,"st":0,"bm":0},{"ddd":0,"ind":8,"ty":4,"nm":"Card big highlight","sr":1,"ks":{"o":{"a":1,"k":[{"i":{"x":[0.833],"y":[0.833]},"o":{"x":[0.333],"y":[0]},"t":126,"s":[0]},{"t":132,"s":[100]}],"ix":11},"r":{"a":0,"k":0,"ix":10},"p":{"a":0,"k":[174.201,161.286,0],"ix":2,"l":2},"a":{"a":0,"k":[68.962,83.175,0],"ix":1,"l":2},"s":{"a":0,"k":[100,100,100],"ix":6,"l":2}},"ao":0,"ef":[{"ty":25,"nm":"Drop Shadow","np":8,"mn":"ADBE Drop Shadow","ix":1,"en":1,"ef":[{"ty":2,"nm":"Shadow Color","mn":"ADBE Drop Shadow-0001","ix":1,"v":{"a":0,"k":[0,0.780392169952,1,1],"ix":1}},{"ty":0,"nm":"Opacity","mn":"ADBE Drop Shadow-0002","ix":2,"v":{"a":0,"k":255,"ix":2}},{"ty":0,"nm":"Direction","mn":"ADBE Drop Shadow-0003","ix":3,"v":{"a":0,"k":135,"ix":3}},{"ty":0,"nm":"Distance","mn":"ADBE Drop Shadow-0004","ix":4,"v":{"a":0,"k":0,"ix":4}},{"ty":0,"nm":"Softness","mn":"ADBE Drop Shadow-0005","ix":5,"v":{"a":0,"k":81,"ix":5}},{"ty":7,"nm":"Shadow Only","mn":"ADBE Drop Shadow-0006","ix":6,"v":{"a":0,"k":0,"ix":6}}]}],"shapes":[{"ty":"gr","it":[{"ty":"rc","d":1,"s":{"a":0,"k":[249.84,246.754],"ix":2},"p":{"a":0,"k":[0,0],"ix":3},"r":{"a":0,"k":0,"ix":4},"nm":"Rectangle Path 1","mn":"ADBE Vector Shape - Rect","hd":false},{"ty":"st","c":{"a":0,"k":[0,0.780392216701,1,1],"ix":3},"o":{"a":0,"k":0,"ix":4},"w":{"a":0,"k":6,"ix":5},"lc":1,"lj":1,"ml":4,"bm":0,"nm":"Stroke 1","mn":"ADBE Vector Graphic - Stroke","hd":false},{"ty":"fl","c":{"a":0,"k":[0,0.780391977348,1,1],"ix":4},"o":{"a":0,"k":0,"ix":5},"r":1,"bm":0,"nm":"Fill 1","mn":"ADBE Vector Graphic - Fill","hd":false},{"ty":"tr","p":{"a":0,"k":[74.681,82.766],"ix":2},"a":{"a":0,"k":[0,0],"ix":1},"s":{"a":0,"k":[100,100],"ix":3},"r":{"a":0,"k":0,"ix":6},"o":{"a":0,"k":100,"ix":7},"sk":{"a":0,"k":0,"ix":4},"sa":{"a":0,"k":0,"ix":5},"nm":"Transform"}],"nm":"Rectangle 1","np":3,"cix":2,"bm":0,"ix":1,"mn":"ADBE Vector Group","hd":false},{"ty":"gr","it":[{"ind":0,"ty":"sh","ix":1,"ks":{"a":0,"k":{"i":[[-5.916,21.995],[-3.32,-3.122],[-5.363,-14.863],[5.784,-1.639],[3.158,1.657],[-0.107,-0.37],[-4.06,-1.424],[0.542,-0.076],[4.42,-2.15],[-0.725,0.897],[3.993,14.077],[0.513,1.794],[8.232,-2.335],[1.85,8.825]],"o":[[1.182,-4.4],[16.586,15.613],[3.062,8.481],[-8.232,2.337],[0.512,1.794],[3.995,14.077],[1.09,0.38],[-4.891,0.492],[-0.5,0.218],[2.707,-3.341],[-0.106,-0.37],[-1.815,3.067],[-5.784,1.642],[-3.246,-15.461]],"v":[[-9.109,-26.22],[-5.358,-27.285],[32.134,-2.279],[22.913,15.221],[4.999,10.65],[5.319,11.764],[15.401,26.207],[15.822,27.697],[1.745,31.691],[1.319,30.202],[2.319,12.616],[1.999,11.501],[-10.841,24.801],[-27.878,14.749]],"c":true},"ix":2},"nm":"Path 1","mn":"ADBE Vector Shape - Group","hd":false},{"ind":1,"ty":"sh","ix":2,"ks":{"a":0,"k":{"i":[[-0.001,-0.002],[0,0],[-4.908,1.392],[-0.001,0],[0,0],[1.389,4.909],[0,0],[4.908,-1.393],[0.001,0],[0,0],[-1.39,-4.908]],"o":[[0,0],[1.392,4.909],[0.002,0],[0,0],[4.907,-1.396],[0,0],[-1.393,-4.907],[-0.001,0.001],[0,0],[-4.908,1.39],[0.001,0.002]],"v":[[-61.57,-43.572],[-29.516,69.415],[-18.109,75.783],[-18.105,75.783],[55.206,54.983],[61.573,43.572],[29.513,-69.42],[18.104,-75.783],[18.102,-75.782],[-55.203,-54.982],[-61.572,-43.577]],"c":true},"ix":2},"nm":"Path 2","mn":"ADBE Vector Shape - Group","hd":false},{"ty":"mm","mm":1,"nm":"Merge Paths 1","mn":"ADBE Vector Filter - Merge","hd":false},{"ty":"st","c":{"a":0,"k":[0,0.780392216701,1,1],"ix":3},"o":{"a":0,"k":100,"ix":4},"w":{"a":0,"k":6,"ix":5},"lc":2,"lj":2,"bm":0,"nm":"Stroke 1","mn":"ADBE Vector Graphic - Stroke","hd":false},{"ty":"tr","p":{"a":0,"k":[68.962,83.176],"ix":2},"a":{"a":0,"k":[0,0],"ix":1},"s":{"a":0,"k":[100,100],"ix":3},"r":{"a":0,"k":0,"ix":6},"o":{"a":0,"k":100,"ix":7},"sk":{"a":0,"k":0,"ix":4},"sa":{"a":0,"k":0,"ix":5},"nm":"Transform"}],"nm":"Group 1","np":4,"cix":2,"bm":0,"ix":2,"mn":"ADBE Vector Group","hd":false}],"ip":0,"op":180,"st":0,"bm":0},{"ddd":0,"ind":9,"ty":4,"nm":"Circle glow","sr":1,"ks":{"o":{"a":1,"k":[{"i":{"x":[0.833],"y":[0.833]},"o":{"x":[0.333],"y":[0]},"t":126,"s":[0]},{"i":{"x":[0.833],"y":[1]},"o":{"x":[0.333],"y":[0]},"t":133,"s":[100]},{"i":{"x":[0.833],"y":[1]},"o":{"x":[0.167],"y":[0]},"t":137,"s":[40]},{"i":{"x":[0.833],"y":[1]},"o":{"x":[0.167],"y":[0]},"t":142,"s":[71]},{"i":{"x":[0.833],"y":[1]},"o":{"x":[0.167],"y":[0]},"t":148,"s":[39]},{"t":151,"s":[100]}],"ix":11},"r":{"a":0,"k":0,"ix":10},"p":{"a":0,"k":[189.161,161.292,0],"ix":2,"l":2},"a":{"a":0,"k":[80.62,80.62,0],"ix":1,"l":2},"s":{"a":0,"k":[199.234,199.234,100],"ix":6,"l":2}},"ao":0,"shapes":[{"ty":"gr","it":[{"ind":0,"ty":"sh","ix":1,"ks":{"a":0,"k":{"i":[[42.996,-11.528],[11.528,42.996],[-42.996,11.528],[-11.528,-42.996]],"o":[[-42.996,11.528],[-11.528,-42.996],[42.996,-11.528],[11.528,42.996]],"v":[[20.873,77.851],[-77.851,20.872],[-20.873,-77.851],[77.851,-20.873]],"c":true},"ix":2},"nm":"Path 1","mn":"ADBE Vector Shape - Group","hd":false},{"ty":"mm","mm":4,"nm":"Merge Paths 1","mn":"ADBE Vector Filter - Merge","hd":false},{"ty":"gf","o":{"a":0,"k":100,"ix":10},"r":1,"bm":0,"g":{"p":3,"k":{"a":0,"k":[0,0,0.78,1,0.516,0,0.78,1,1,0,0.78,1,0,1,0.197,0.5,0.616,0],"ix":9}},"s":{"a":0,"k":[0,0],"ix":5},"e":{"a":0,"k":[127.492,0],"ix":6},"t":2,"h":{"a":0,"k":0,"ix":7},"a":{"a":0,"k":0,"ix":8},"nm":"Gradient Fill 1","mn":"ADBE Vector Graphic - G-Fill","hd":false},{"ty":"tr","p":{"a":0,"k":[80.62,80.62],"ix":2},"a":{"a":0,"k":[0,0],"ix":1},"s":{"a":0,"k":[100,100],"ix":3},"r":{"a":0,"k":0,"ix":6},"o":{"a":0,"k":100,"ix":7},"sk":{"a":0,"k":0,"ix":4},"sa":{"a":0,"k":0,"ix":5},"nm":"Transform"}],"nm":"Group 1","np":3,"cix":2,"bm":0,"ix":1,"mn":"ADBE Vector Group","hd":false}],"ip":0,"op":180,"st":0,"bm":0}]}],"layers":[{"ddd":0,"ind":1,"ty":0,"nm":"LuckyStreak_Splash_BlackJack","refId":"comp_0","sr":1,"ks":{"o":{"a":0,"k":100,"ix":11},"r":{"a":0,"k":0,"ix":10},"p":{"a":0,"k":[200,175,0],"ix":2,"l":2},"a":{"a":0,"k":[190,180,0],"ix":1,"l":2},"s":{"a":0,"k":[100,100,100],"ix":6,"l":2}},"ao":0,"w":380,"h":360,"ip":0,"op":162,"st":0,"bm":0}],"markers":[]}