{"v":"5.9.5","fr":30,"ip":0,"op":136,"w":1080,"h":1080,"nm":"Leaf 2","ddd":0,"assets":[],"layers":[{"ddd":0,"ind":1,"ty":4,"nm":"Shape Layer 1","sr":1,"ks":{"o":{"a":0,"k":100,"ix":11},"r":{"a":1,"k":[{"i":{"x":[0.92],"y":[1]},"o":{"x":[0.95],"y":[0]},"t":69,"s":[0]},{"t":119,"s":[90]}],"ix":10},"p":{"k":[{"s":[540,-7.749,0],"t":0,"i":{"x":1,"y":1},"o":{"x":0,"y":0}},{"s":[540,540,0],"t":7,"i":{"x":1,"y":1},"o":{"x":0,"y":0}},{"s":[540,502.42,0],"t":8,"i":{"x":1,"y":1},"o":{"x":0,"y":0}},{"s":[540,468.173,0],"t":9,"i":{"x":1,"y":1},"o":{"x":0,"y":0}},{"s":[540,437.259,0],"t":10,"i":{"x":1,"y":1},"o":{"x":0,"y":0}},{"s":[540,409.679,0],"t":11,"i":{"x":1,"y":1},"o":{"x":0,"y":0}},{"s":[540,385.431,0],"t":12,"i":{"x":1,"y":1},"o":{"x":0,"y":0}},{"s":[540,364.518,0],"t":13,"i":{"x":1,"y":1},"o":{"x":0,"y":0}},{"s":[540,346.937,0],"t":14,"i":{"x":1,"y":1},"o":{"x":0,"y":0}},{"s":[540,332.69,0],"t":15,"i":{"x":1,"y":1},"o":{"x":0,"y":0}},{"s":[540,321.777,0],"t":16,"i":{"x":1,"y":1},"o":{"x":0,"y":0}},{"s":[540,314.196,0],"t":17,"i":{"x":1,"y":1},"o":{"x":0,"y":0}},{"s":[540,309.949,0],"t":18,"i":{"x":1,"y":1},"o":{"x":0,"y":0}},{"s":[540,309.036,0],"t":19,"i":{"x":1,"y":1},"o":{"x":0,"y":0}},{"s":[540,311.455,0],"t":20,"i":{"x":1,"y":1},"o":{"x":0,"y":0}},{"s":[540,317.208,0],"t":21,"i":{"x":1,"y":1},"o":{"x":0,"y":0}},{"s":[540,326.294,0],"t":22,"i":{"x":1,"y":1},"o":{"x":0,"y":0}},{"s":[540,338.714,0],"t":23,"i":{"x":1,"y":1},"o":{"x":0,"y":0}},{"s":[540,354.467,0],"t":24,"i":{"x":1,"y":1},"o":{"x":0,"y":0}},{"s":[540,373.553,0],"t":25,"i":{"x":1,"y":1},"o":{"x":0,"y":0}},{"s":[540,395.973,0],"t":26,"i":{"x":1,"y":1},"o":{"x":0,"y":0}},{"s":[540,421.726,0],"t":27,"i":{"x":1,"y":1},"o":{"x":0,"y":0}},{"s":[540,450.812,0],"t":28,"i":{"x":1,"y":1},"o":{"x":0,"y":0}},{"s":[540,483.232,0],"t":29,"i":{"x":1,"y":1},"o":{"x":0,"y":0}},{"s":[540,518.985,0],"t":30,"i":{"x":1,"y":1},"o":{"x":0,"y":0}},{"s":[540,531.475,0],"t":31,"i":{"x":1,"y":1},"o":{"x":0,"y":0}},{"s":[540,515.024,0],"t":32,"i":{"x":1,"y":1},"o":{"x":0,"y":0}},{"s":[540,501.906,0],"t":33,"i":{"x":1,"y":1},"o":{"x":0,"y":0}},{"s":[540,492.122,0],"t":34,"i":{"x":1,"y":1},"o":{"x":0,"y":0}},{"s":[540,485.671,0],"t":35,"i":{"x":1,"y":1},"o":{"x":0,"y":0}},{"s":[540,482.553,0],"t":36,"i":{"x":1,"y":1},"o":{"x":0,"y":0}},{"s":[540,482.769,0],"t":37,"i":{"x":1,"y":1},"o":{"x":0,"y":0}},{"s":[540,486.318,0],"t":38,"i":{"x":1,"y":1},"o":{"x":0,"y":0}},{"s":[540,493.201,0],"t":39,"i":{"x":1,"y":1},"o":{"x":0,"y":0}},{"s":[540,503.416,0],"t":40,"i":{"x":1,"y":1},"o":{"x":0,"y":0}},{"s":[540,516.965,0],"t":41,"i":{"x":1,"y":1},"o":{"x":0,"y":0}},{"s":[540,533.848,0],"t":42,"i":{"x":1,"y":1},"o":{"x":0,"y":0}},{"s":[540,534.116,0],"t":43,"i":{"x":1,"y":1},"o":{"x":0,"y":0}},{"s":[540,528.23,0],"t":44,"i":{"x":1,"y":1},"o":{"x":0,"y":0}},{"s":[540,525.677,0],"t":45,"i":{"x":1,"y":1},"o":{"x":0,"y":0}},{"s":[540,526.458,0],"t":46,"i":{"x":1,"y":1},"o":{"x":0,"y":0}},{"s":[540,530.571,0],"t":47,"i":{"x":1,"y":1},"o":{"x":0,"y":0}},{"s":[540,538.019,0],"t":48,"i":{"x":1,"y":1},"o":{"x":0,"y":0}},{"s":[540,537.163,0],"t":49,"i":{"x":1,"y":1},"o":{"x":0,"y":0}},{"s":[540,536.559,0],"t":50,"i":{"x":1,"y":1},"o":{"x":0,"y":0}},{"s":[540,539.289,0],"t":51,"i":{"x":1,"y":1},"o":{"x":0,"y":0}},{"s":[540,540,0],"t":52,"i":{"x":1,"y":1},"o":{"x":0,"y":0}}],"l":2},"a":{"a":1,"k":[{"i":{"x":0.99,"y":1},"o":{"x":1,"y":0},"t":111,"s":[0,0,0],"to":[-120,0,0],"ti":[120,0,0]},{"t":136,"s":[-720,0,0]}],"ix":1,"l":2},"s":{"a":0,"k":[100,100,100],"ix":6,"l":2}},"ao":0,"ef":[{"ty":5,"nm":"Position - Stretch","np":3,"mn":"ADBE Slider Control","ix":1,"en":1,"ef":[{"ty":0,"nm":"Slider","mn":"ADBE Slider Control-0001","ix":1,"v":{"a":0,"k":50,"ix":1}}]},{"ty":5,"nm":"Position - Gravity","np":3,"mn":"ADBE Slider Control","ix":2,"en":1,"ef":[{"ty":0,"nm":"Slider","mn":"ADBE Slider Control-0001","ix":1,"v":{"k":[{"s":[30],"t":0,"i":{"x":[1],"y":[1]},"o":{"x":[0],"y":[0]}},{"s":[30],"t":135,"i":{"x":[1],"y":[1]},"o":{"x":[0],"y":[0]}}]}}]},{"ty":5,"nm":"Position - Max Jumps","np":3,"mn":"ADBE Slider Control","ix":3,"en":1,"ef":[{"ty":0,"nm":"Slider","mn":"ADBE Slider Control-0001","ix":1,"v":{"k":[{"s":[4],"t":0,"i":{"x":[1],"y":[1]},"o":{"x":[0],"y":[0]}},{"s":[4],"t":135,"i":{"x":[1],"y":[1]},"o":{"x":[0],"y":[0]}}]}}]},{"ty":5,"nm":"Position - Jump In/Out","np":3,"mn":"ADBE Checkbox Control","ix":4,"en":1,"ef":[{"ty":7,"nm":"Checkbox","mn":"ADBE Checkbox Control-0001","ix":1,"v":{"a":0,"k":0,"ix":1}}]}],"shapes":[{"ty":"gr","it":[{"d":1,"ty":"el","s":{"a":1,"k":[{"i":{"x":[0.02,0.02],"y":[1,1]},"o":{"x":[0.26,0.26],"y":[0,0]},"t":29,"s":[150,150]},{"i":{"x":[0.16,0.16],"y":[1,1]},"o":{"x":[0.26,0.26],"y":[0,0]},"t":69,"s":[150,300]},{"i":{"x":[0.16,0.16],"y":[1,1]},"o":{"x":[0.84,0.84],"y":[0,0]},"t":89,"s":[150,300]},{"t":119,"s":[150,150]}],"ix":2},"p":{"a":1,"k":[{"i":{"x":0.02,"y":1},"o":{"x":0.26,"y":0},"t":29,"s":[0,0],"to":[0,25],"ti":[0,-25]},{"i":{"x":0.16,"y":0.16},"o":{"x":0.167,"y":0.167},"t":69,"s":[0,150],"to":[0,0],"ti":[0,0]},{"i":{"x":0.16,"y":1},"o":{"x":0.84,"y":0},"t":89,"s":[0,150],"to":[0,-25],"ti":[0,25]},{"t":119,"s":[0,0]}],"ix":3},"nm":"Ellipse Path 1","mn":"ADBE Vector Shape - Ellipse","hd":false},{"ty":"tr","p":{"a":0,"k":[0,0],"ix":2},"a":{"a":0,"k":[0,0],"ix":1},"s":{"a":0,"k":[100,100],"ix":3},"r":{"a":1,"k":[{"i":{"x":[0.02],"y":[1]},"o":{"x":[0.26],"y":[0]},"t":29,"s":[-180]},{"t":119,"s":[0]}],"ix":6},"o":{"a":0,"k":100,"ix":7},"sk":{"a":0,"k":0,"ix":4},"sa":{"a":0,"k":0,"ix":5},"nm":"Transform"}],"nm":"Ellipse 1","np":1,"cix":2,"bm":0,"ix":1,"mn":"ADBE Vector Group","hd":false},{"ty":"gf","o":{"a":0,"k":100,"ix":10},"r":1,"bm":0,"g":{"p":3,"k":{"a":0,"k":[0.213,1,0.383,0.489,0.494,1,0.628,0.385,0.775,1,0.873,0.281],"ix":9}},"s":{"a":0,"k":[-74,3],"ix":5},"e":{"a":0,"k":[141,-9],"ix":6},"t":1,"nm":"Gradient Fill 1","mn":"ADBE Vector Graphic - G-Fill","hd":false},{"ty":"rp","c":{"a":0,"k":6,"ix":1},"o":{"a":0,"k":0,"ix":2},"m":1,"ix":3,"tr":{"ty":"tr","p":{"a":0,"k":[0,0],"ix":2},"a":{"a":0,"k":[0,0],"ix":1},"s":{"a":0,"k":[100,100],"ix":3},"r":{"a":1,"k":[{"i":{"x":[0.02],"y":[1]},"o":{"x":[0.26],"y":[0]},"t":29,"s":[0]},{"i":{"x":[0.16],"y":[1]},"o":{"x":[0.167],"y":[0]},"t":69,"s":[60]},{"i":{"x":[0.16],"y":[1]},"o":{"x":[0.84],"y":[0]},"t":89,"s":[60]},{"t":119,"s":[90]}],"ix":4},"so":{"a":0,"k":100,"ix":5},"eo":{"a":0,"k":100,"ix":6},"nm":"Transform"},"nm":"Repeater 1","mn":"ADBE Vector Filter - Repeater","hd":false}],"ip":0,"op":136,"st":-1,"ct":1,"cp":true,"bm":0}],"markers":[]}