{"ddd":0,"h":679,"w":709,"meta":{"g":"LottieFiles Figma v36"},"layers":[{"ty":4,"sr":1,"st":0,"op":25.030000359052792,"ip":0,"hasMask":false,"ao":0,"ks":{"a":{"a":1,"k":[{"o":{"x":0,"y":0},"i":{"x":1,"y":1},"s":[354.5,339.5],"t":0},{"o":{"x":0,"y":0},"i":{"x":1,"y":1},"s":[354.5,339.5],"t":0.030000001424923543},{"s":[354.5,339.5],"t":24.030000359052792}]},"s":{"a":1,"k":[{"o":{"x":0,"y":0},"i":{"x":1,"y":1},"s":[100,100],"t":0},{"o":{"x":0,"y":0},"i":{"x":1,"y":1},"s":[100,100],"t":0.030000001424923543},{"s":[100,100],"t":24.030000359052792}]},"p":{"a":1,"k":[{"o":{"x":0,"y":0},"i":{"x":1,"y":1},"s":[354.5,339.5],"t":0},{"o":{"x":0,"y":0},"i":{"x":1,"y":1},"s":[354.5,339.5],"t":0.030000001424923543},{"s":[354.5,339.5],"t":24.030000359052792}]},"r":{"a":1,"k":[{"o":{"x":0,"y":0},"i":{"x":1,"y":1},"s":[0],"t":0},{"o":{"x":0,"y":0},"i":{"x":1,"y":1},"s":[0],"t":0.030000001424923543},{"s":[0],"t":24.030000359052792}]},"o":{"a":1,"k":[{"o":{"x":0,"y":0},"i":{"x":1,"y":1},"s":[100],"t":0},{"o":{"x":0,"y":0},"i":{"x":1,"y":1},"s":[0],"t":0.030000001424923543},{"s":[100],"t":24.030000359052792}]}},"ef":[{"ty":29,"en":1,"ef":[{"ty":0,"v":{"a":1,"k":[{"o":{"x":0,"y":0},"i":{"x":1,"y":1},"s":[165.23260498046875],"t":0},{"o":{"x":0,"y":0},"i":{"x":1,"y":1},"s":[165.23260498046875],"t":0.030000001424923543},{"s":[165.23260498046875],"t":24.030000359052792}]}},{"ty":0,"v":{"a":1,"k":[{"o":{"x":0,"y":0},"i":{"x":1,"y":1},"s":[1],"t":0},{"o":{"x":0,"y":0},"i":{"x":1,"y":1},"s":[1],"t":0.030000001424923543},{"s":[1],"t":24.030000359052792}]}},{"ty":4,"v":{"a":1,"k":[{"o":{"x":0,"y":0},"i":{"x":1,"y":1},"s":[0],"t":0},{"o":{"x":0,"y":0},"i":{"x":1,"y":1},"s":[0],"t":0.030000001424923543},{"s":[0],"t":24.030000359052792}]}}]}],"shapes":[{"ty":"sh","d":1,"ks":{"a":1,"k":[{"o":{"x":0,"y":0},"i":{"x":1,"y":1},"s":[{"c":true,"i":[[0,0],[195.78,0],[0,187.5],[-195.78,0],[0,-187.5]],"o":[[0,187.5],[-195.78,0],[0,-187.5],[195.78,0],[0,0]],"v":[[709,339.5],[354.5,679],[0,339.5],[354.5,0],[709,339.5]]}],"t":0},{"o":{"x":0,"y":0},"i":{"x":1,"y":1},"s":[{"c":true,"i":[[0,0],[195.78,0],[0,187.5],[-195.78,0],[0,-187.5]],"o":[[0,187.5],[-195.78,0],[0,-187.5],[195.78,0],[0,0]],"v":[[709,339.5],[354.5,679],[0,339.5],[354.5,0],[709,339.5]]}],"t":0.030000001424923543},{"s":[{"c":true,"i":[[0,0],[195.78,0],[0,187.5],[-195.78,0],[0,-187.5]],"o":[[0,187.5],[-195.78,0],[0,-187.5],[195.78,0],[0,0]],"v":[[709,339.5],[354.5,679],[0,339.5],[354.5,0],[709,339.5]]}],"t":24.030000359052792}]}},{"ty":"fl","c":{"a":1,"k":[{"o":{"x":0,"y":0},"i":{"x":1,"y":1},"s":[0.9137,0.2,0.8431],"t":0},{"o":{"x":0,"y":0},"i":{"x":1,"y":1},"s":[0.9137,0.2,0.8431],"t":0.030000001424923543},{"s":[0.9137,0.2,0.8431],"t":24.030000359052792}]},"r":1,"o":{"a":1,"k":[{"o":{"x":0,"y":0},"i":{"x":1,"y":1},"s":[15.000000596046448],"t":0},{"o":{"x":0,"y":0},"i":{"x":1,"y":1},"s":[15.000000596046448],"t":0.030000001424923543},{"s":[15.000000596046448],"t":24.030000359052792}]}},{"ty":"rc","d":1,"p":{"a":0,"k":[0,0]},"r":{"a":0,"k":0},"s":{"a":0,"k":[709,679]}},{"ty":"fl","c":{"a":0,"k":[0,0,0]},"r":2,"o":{"a":0,"k":0}}],"ind":1},{"ty":4,"sr":1,"st":0,"op":25.030000359052792,"ip":0,"hasMask":false,"ao":0,"ks":{"a":{"a":1,"k":[{"o":{"x":0,"y":0},"i":{"x":1,"y":1},"s":[186.25,166.08],"t":0},{"o":{"x":0,"y":0},"i":{"x":1,"y":1},"s":[186.25,166.08],"t":0.030000001424923543},{"o":{"x":0,"y":0},"i":{"x":1,"y":1},"s":[186.25,166.08],"t":9.030000359052792},{"s":[186.25,166.08],"t":24.030000359052792}]},"s":{"a":1,"k":[{"o":{"x":0,"y":0},"i":{"x":1,"y":1},"s":[100,100],"t":0},{"o":{"x":0,"y":0},"i":{"x":1,"y":1},"s":[100,100],"t":0.030000001424923543},{"o":{"x":0,"y":0},"i":{"x":1,"y":1},"s":[100,100],"t":9.030000359052792},{"s":[100,100],"t":24.030000359052792}]},"p":{"a":1,"k":[{"o":{"x":0,"y":0},"i":{"x":1,"y":1},"s":[365.5,363.14],"t":0},{"o":{"x":0,"y":0},"i":{"x":1,"y":1},"s":[365.5,363.14],"t":0.030000001424923543},{"o":{"x":0,"y":0},"i":{"x":1,"y":1},"s":[365.5,363.14],"t":9.030000359052792},{"s":[365.5,363.14],"t":24.030000359052792}]},"r":{"a":1,"k":[{"o":{"x":0,"y":0},"i":{"x":1,"y":1},"s":[0],"t":0},{"o":{"x":0,"y":0},"i":{"x":1,"y":1},"s":[0],"t":0.030000001424923543},{"o":{"x":0,"y":0},"i":{"x":1,"y":1},"s":[0],"t":9.030000359052792},{"s":[0],"t":24.030000359052792}]},"o":{"a":1,"k":[{"o":{"x":0,"y":0},"i":{"x":1,"y":1},"s":[0],"t":0},{"o":{"x":0,"y":0},"i":{"x":1,"y":1},"s":[100],"t":0.030000001424923543},{"o":{"x":0,"y":0},"i":{"x":1,"y":1},"s":[100],"t":9.030000359052792},{"s":[0],"t":24.030000359052792}]}},"ef":[{"ty":29,"en":1,"ef":[{"ty":0,"v":{"a":1,"k":[{"o":{"x":0,"y":0},"i":{"x":1,"y":1},"s":[2.777780055999756],"t":0},{"o":{"x":0,"y":0},"i":{"x":1,"y":1},"s":[2.777780055999756],"t":0.030000001424923543},{"o":{"x":0,"y":0},"i":{"x":1,"y":1},"s":[2.777780055999756],"t":9.030000359052792},{"s":[2.777780055999756],"t":24.030000359052792}]}},{"ty":0,"v":{"a":1,"k":[{"o":{"x":0,"y":0},"i":{"x":1,"y":1},"s":[1],"t":0},{"o":{"x":0,"y":0},"i":{"x":1,"y":1},"s":[1],"t":0.030000001424923543},{"o":{"x":0,"y":0},"i":{"x":1,"y":1},"s":[1],"t":9.030000359052792},{"s":[1],"t":24.030000359052792}]}},{"ty":4,"v":{"a":1,"k":[{"o":{"x":0,"y":0},"i":{"x":1,"y":1},"s":[0],"t":0},{"o":{"x":0,"y":0},"i":{"x":1,"y":1},"s":[0],"t":0.030000001424923543},{"o":{"x":0,"y":0},"i":{"x":1,"y":1},"s":[0],"t":9.030000359052792},{"s":[0],"t":24.030000359052792}]}}]}],"shapes":[{"ty":"sh","d":1,"ks":{"a":1,"k":[{"o":{"x":0,"y":0},"i":{"x":1,"y":1},"s":[{"c":true,"i":[[0,0],[0,-50.92],[-160.42,-98.62],[-3.36,0],[-2.87,1.75],[0,41.1],[51.42,0],[0,0],[51.42,0]],"o":[[-51.42,0],[0,41.1],[2.87,1.75],[3.36,0],[160.42,-98.62],[0,-50.92],[-51.42,0],[0,0],[0,0]],"v":[[93.13,0],[0,92.2],[176.71,329.48],[186.25,332.15],[195.79,329.48],[372.5,92.2],[279.38,0],[186.25,55.88],[93.13,0]]}],"t":0},{"o":{"x":0,"y":0},"i":{"x":1,"y":1},"s":[{"c":true,"i":[[0,0],[0,-50.92],[-160.42,-98.62],[-3.36,0],[-2.87,1.75],[0,41.1],[51.42,0],[0,0],[51.42,0]],"o":[[-51.42,0],[0,41.1],[2.87,1.75],[3.36,0],[160.42,-98.62],[0,-50.92],[-51.42,0],[0,0],[0,0]],"v":[[93.13,0],[0,92.2],[176.71,329.48],[186.25,332.15],[195.79,329.48],[372.5,92.2],[279.38,0],[186.25,55.88],[93.13,0]]}],"t":0.030000001424923543},{"o":{"x":0,"y":0},"i":{"x":1,"y":1},"s":[{"c":true,"i":[[0,0],[0,-50.92],[-160.42,-98.62],[-3.36,0],[-2.87,1.75],[0,41.1],[51.42,0],[0,0],[51.42,0]],"o":[[-51.42,0],[0,41.1],[2.87,1.75],[3.36,0],[160.42,-98.62],[0,-50.92],[-51.42,0],[0,0],[0,0]],"v":[[93.13,0],[0,92.2],[176.71,329.48],[186.25,332.15],[195.79,329.48],[372.5,92.2],[279.38,0],[186.25,55.88],[93.13,0]]}],"t":9.030000359052792},{"s":[{"c":true,"i":[[0,0],[0,-50.92],[-160.42,-98.62],[-3.36,0],[-2.87,1.75],[0,41.1],[51.42,0],[0,0],[51.42,0]],"o":[[-51.42,0],[0,41.1],[2.87,1.75],[3.36,0],[160.42,-98.62],[0,-50.92],[-51.42,0],[0,0],[0,0]],"v":[[93.13,0],[0,92.2],[176.71,329.48],[186.25,332.15],[195.79,329.48],[372.5,92.2],[279.38,0],[186.25,55.88],[93.13,0]]}],"t":24.030000359052792}]}},{"ty":"st","lc":2,"lj":2,"ml":4,"o":{"a":1,"k":[{"o":{"x":0,"y":0},"i":{"x":1,"y":1},"s":[100],"t":0},{"o":{"x":0,"y":0},"i":{"x":1,"y":1},"s":[100],"t":0.030000001424923543},{"o":{"x":0,"y":0},"i":{"x":1,"y":1},"s":[100],"t":9.030000359052792},{"s":[100],"t":24.030000359052792}]},"w":{"a":1,"k":[{"o":{"x":0,"y":0},"i":{"x":1,"y":1},"s":[8.333330154418945],"t":0},{"o":{"x":0,"y":0},"i":{"x":1,"y":1},"s":[8.333330154418945],"t":0.030000001424923543},{"o":{"x":0,"y":0},"i":{"x":1,"y":1},"s":[8.333330154418945],"t":9.030000359052792},{"s":[8.333330154418945],"t":24.030000359052792}]},"c":{"a":1,"k":[{"o":{"x":0,"y":0},"i":{"x":1,"y":1},"s":[1,1,1],"t":0},{"o":{"x":0,"y":0},"i":{"x":1,"y":1},"s":[1,1,1],"t":0.030000001424923543},{"o":{"x":0,"y":0},"i":{"x":1,"y":1},"s":[1,1,1],"t":9.030000359052792},{"s":[1,1,1],"t":24.030000359052792}]}},{"ty":"rc","d":1,"p":{"a":0,"k":[0,0]},"r":{"a":0,"k":0},"s":{"a":0,"k":[709,679]}},{"ty":"fl","c":{"a":0,"k":[0,0,0]},"r":2,"o":{"a":0,"k":0}}],"ind":2},{"ty":4,"sr":1,"st":0,"op":25.030000359052792,"ip":0,"hasMask":false,"ao":0,"ks":{"a":{"a":1,"k":[{"o":{"x":0,"y":0},"i":{"x":1,"y":1},"s":[186.25,166.07],"t":0},{"o":{"x":0,"y":0},"i":{"x":1,"y":1},"s":[186.25,166.07],"t":0.030000001424923543},{"s":[186.25,166.07],"t":24.030000359052792}]},"s":{"a":1,"k":[{"o":{"x":0,"y":0},"i":{"x":1,"y":1},"s":[100,100],"t":0},{"o":{"x":0,"y":0},"i":{"x":1,"y":1},"s":[100,100],"t":0.030000001424923543},{"s":[100,100],"t":24.030000359052792}]},"p":{"a":1,"k":[{"o":{"x":0,"y":0},"i":{"x":1,"y":1},"s":[365.5,363.15],"t":0},{"o":{"x":0,"y":0},"i":{"x":1,"y":1},"s":[365.5,363.15],"t":0.030000001424923543},{"s":[365.5,363.15],"t":24.030000359052792}]},"r":{"a":1,"k":[{"o":{"x":0,"y":0},"i":{"x":1,"y":1},"s":[0],"t":0},{"o":{"x":0,"y":0},"i":{"x":1,"y":1},"s":[0],"t":0.030000001424923543},{"s":[0],"t":24.030000359052792}]},"o":{"a":1,"k":[{"o":{"x":0,"y":0},"i":{"x":1,"y":1},"s":[100],"t":0},{"o":{"x":0,"y":0},"i":{"x":1,"y":1},"s":[0],"t":0.030000001424923543},{"s":[100],"t":24.030000359052792}]}},"ef":[{"ty":29,"en":1,"ef":[{"ty":0,"v":{"a":1,"k":[{"o":{"x":0,"y":0},"i":{"x":1,"y":1},"s":[2.777780055999756],"t":0},{"o":{"x":0,"y":0},"i":{"x":1,"y":1},"s":[2.777780055999756],"t":0.030000001424923543},{"s":[2.777780055999756],"t":24.030000359052792}]}},{"ty":0,"v":{"a":1,"k":[{"o":{"x":0,"y":0},"i":{"x":1,"y":1},"s":[1],"t":0},{"o":{"x":0,"y":0},"i":{"x":1,"y":1},"s":[1],"t":0.030000001424923543},{"s":[1],"t":24.030000359052792}]}},{"ty":4,"v":{"a":1,"k":[{"o":{"x":0,"y":0},"i":{"x":1,"y":1},"s":[0],"t":0},{"o":{"x":0,"y":0},"i":{"x":1,"y":1},"s":[0],"t":0.030000001424923543},{"s":[0],"t":24.030000359052792}]}}]}],"shapes":[{"ty":"sh","d":1,"ks":{"a":1,"k":[{"o":{"x":0,"y":0},"i":{"x":1,"y":1},"s":[{"c":true,"i":[[0,0],[0,-50.92],[-160.42,-98.62],[-3.36,0],[-2.87,1.75],[0,41.11],[51.42,0],[0,0],[51.42,0]],"o":[[-51.42,0],[0,41.11],[2.87,1.75],[3.36,0],[160.42,-98.62],[0,-50.92],[-51.42,0],[0,0],[0,0]],"v":[[93.13,0],[0,92.19],[176.71,329.48],[186.25,332.15],[195.79,329.48],[372.5,92.19],[279.38,0],[186.25,55.88],[93.13,0]]}],"t":0},{"o":{"x":0,"y":0},"i":{"x":1,"y":1},"s":[{"c":true,"i":[[0,0],[0,-50.92],[-160.42,-98.62],[-3.36,0],[-2.87,1.75],[0,41.11],[51.42,0],[0,0],[51.42,0]],"o":[[-51.42,0],[0,41.11],[2.87,1.75],[3.36,0],[160.42,-98.62],[0,-50.92],[-51.42,0],[0,0],[0,0]],"v":[[93.13,0],[0,92.19],[176.71,329.48],[186.25,332.15],[195.79,329.48],[372.5,92.19],[279.38,0],[186.25,55.88],[93.13,0]]}],"t":0.030000001424923543},{"s":[{"c":true,"i":[[0,0],[0,-50.92],[-160.42,-98.62],[-3.36,0],[-2.87,1.75],[0,41.11],[51.42,0],[0,0],[51.42,0]],"o":[[-51.42,0],[0,41.11],[2.87,1.75],[3.36,0],[160.42,-98.62],[0,-50.92],[-51.42,0],[0,0],[0,0]],"v":[[93.13,0],[0,92.19],[176.71,329.48],[186.25,332.15],[195.79,329.48],[372.5,92.19],[279.38,0],[186.25,55.88],[93.13,0]]}],"t":24.030000359052792}]}},{"ty":"st","lc":2,"lj":2,"ml":4,"o":{"a":1,"k":[{"o":{"x":0,"y":0},"i":{"x":1,"y":1},"s":[100],"t":0},{"o":{"x":0,"y":0},"i":{"x":1,"y":1},"s":[100],"t":0.030000001424923543},{"s":[100],"t":24.030000359052792}]},"w":{"a":1,"k":[{"o":{"x":0,"y":0},"i":{"x":1,"y":1},"s":[8.333330154418945],"t":0},{"o":{"x":0,"y":0},"i":{"x":1,"y":1},"s":[8.333330154418945],"t":0.030000001424923543},{"s":[8.333330154418945],"t":24.030000359052792}]},"c":{"a":1,"k":[{"o":{"x":0,"y":0},"i":{"x":1,"y":1},"s":[1,1,1],"t":0},{"o":{"x":0,"y":0},"i":{"x":1,"y":1},"s":[1,1,1],"t":0.030000001424923543},{"s":[1,1,1],"t":24.030000359052792}]}},{"ty":"rc","d":1,"p":{"a":0,"k":[0,0]},"r":{"a":0,"k":0},"s":{"a":0,"k":[709,679]}},{"ty":"fl","c":{"a":0,"k":[0,0,0]},"r":2,"o":{"a":0,"k":0}}],"ind":3},{"ty":4,"sr":1,"st":0,"op":25.030000359052792,"ip":0,"hasMask":false,"ao":0,"ks":{"a":{"a":1,"k":[{"o":{"x":0,"y":0},"i":{"x":1,"y":1},"s":[186.25,166.08],"t":0},{"o":{"x":0,"y":0},"i":{"x":1,"y":1},"s":[186.25,166.08],"t":0.030000001424923543},{"o":{"x":0,"y":0},"i":{"x":1,"y":1},"s":[186.25,166.08],"t":9.030000359052792},{"s":[186.25,166.08],"t":24.030000359052792}]},"s":{"a":1,"k":[{"o":{"x":0,"y":0},"i":{"x":1,"y":1},"s":[100,100],"t":0},{"o":{"x":0,"y":0},"i":{"x":1,"y":1},"s":[100,100],"t":0.030000001424923543},{"o":{"x":0,"y":0},"i":{"x":1,"y":1},"s":[100,100],"t":9.030000359052792},{"s":[100,100],"t":24.030000359052792}]},"p":{"a":1,"k":[{"o":{"x":0,"y":0},"i":{"x":1,"y":1},"s":[365.5,363.14],"t":0},{"o":{"x":0,"y":0},"i":{"x":1,"y":1},"s":[365.5,363.14],"t":0.030000001424923543},{"o":{"x":0,"y":0},"i":{"x":1,"y":1},"s":[365.5,363.14],"t":9.030000359052792},{"s":[365.5,363.14],"t":24.030000359052792}]},"r":{"a":1,"k":[{"o":{"x":0,"y":0},"i":{"x":1,"y":1},"s":[0],"t":0},{"o":{"x":0,"y":0},"i":{"x":1,"y":1},"s":[0],"t":0.030000001424923543},{"o":{"x":0,"y":0},"i":{"x":1,"y":1},"s":[0],"t":9.030000359052792},{"s":[0],"t":24.030000359052792}]},"o":{"a":1,"k":[{"o":{"x":0,"y":0},"i":{"x":1,"y":1},"s":[0],"t":0},{"o":{"x":0,"y":0},"i":{"x":1,"y":1},"s":[100],"t":0.030000001424923543},{"o":{"x":0,"y":0},"i":{"x":1,"y":1},"s":[100],"t":9.030000359052792},{"s":[0],"t":24.030000359052792}]}},"ef":[{"ty":29,"en":1,"ef":[{"ty":0,"v":{"a":1,"k":[{"o":{"x":0,"y":0},"i":{"x":1,"y":1},"s":[4.166659832000732],"t":0},{"o":{"x":0,"y":0},"i":{"x":1,"y":1},"s":[4.166659832000732],"t":0.030000001424923543},{"o":{"x":0,"y":0},"i":{"x":1,"y":1},"s":[4.166659832000732],"t":9.030000359052792},{"s":[4.166659832000732],"t":24.030000359052792}]}},{"ty":0,"v":{"a":1,"k":[{"o":{"x":0,"y":0},"i":{"x":1,"y":1},"s":[1],"t":0},{"o":{"x":0,"y":0},"i":{"x":1,"y":1},"s":[1],"t":0.030000001424923543},{"o":{"x":0,"y":0},"i":{"x":1,"y":1},"s":[1],"t":9.030000359052792},{"s":[1],"t":24.030000359052792}]}},{"ty":4,"v":{"a":1,"k":[{"o":{"x":0,"y":0},"i":{"x":1,"y":1},"s":[0],"t":0},{"o":{"x":0,"y":0},"i":{"x":1,"y":1},"s":[0],"t":0.030000001424923543},{"o":{"x":0,"y":0},"i":{"x":1,"y":1},"s":[0],"t":9.030000359052792},{"s":[0],"t":24.030000359052792}]}}]}],"shapes":[{"ty":"sh","d":1,"ks":{"a":1,"k":[{"o":{"x":0,"y":0},"i":{"x":1,"y":1},"s":[{"c":true,"i":[[0,0],[0,-50.92],[-160.42,-98.62],[-3.36,0],[-2.87,1.75],[0,41.1],[51.42,0],[0,0],[51.42,0]],"o":[[-51.42,0],[0,41.1],[2.87,1.75],[3.36,0],[160.42,-98.62],[0,-50.92],[-51.42,0],[0,0],[0,0]],"v":[[93.13,0],[0,92.2],[176.71,329.48],[186.25,332.15],[195.79,329.48],[372.5,92.2],[279.38,0],[186.25,55.88],[93.13,0]]}],"t":0},{"o":{"x":0,"y":0},"i":{"x":1,"y":1},"s":[{"c":true,"i":[[0,0],[0,-50.92],[-160.42,-98.62],[-3.36,0],[-2.87,1.75],[0,41.1],[51.42,0],[0,0],[51.42,0]],"o":[[-51.42,0],[0,41.1],[2.87,1.75],[3.36,0],[160.42,-98.62],[0,-50.92],[-51.42,0],[0,0],[0,0]],"v":[[93.13,0],[0,92.2],[176.71,329.48],[186.25,332.15],[195.79,329.48],[372.5,92.2],[279.38,0],[186.25,55.88],[93.13,0]]}],"t":0.030000001424923543},{"o":{"x":0,"y":0},"i":{"x":1,"y":1},"s":[{"c":true,"i":[[0,0],[0,-50.92],[-160.42,-98.62],[-3.36,0],[-2.87,1.75],[0,41.1],[51.42,0],[0,0],[51.42,0]],"o":[[-51.42,0],[0,41.1],[2.87,1.75],[3.36,0],[160.42,-98.62],[0,-50.92],[-51.42,0],[0,0],[0,0]],"v":[[93.13,0],[0,92.2],[176.71,329.48],[186.25,332.15],[195.79,329.48],[372.5,92.2],[279.38,0],[186.25,55.88],[93.13,0]]}],"t":9.030000359052792},{"s":[{"c":true,"i":[[0,0],[0,-50.92],[-160.42,-98.62],[-3.36,0],[-2.87,1.75],[0,41.1],[51.42,0],[0,0],[51.42,0]],"o":[[-51.42,0],[0,41.1],[2.87,1.75],[3.36,0],[160.42,-98.62],[0,-50.92],[-51.42,0],[0,0],[0,0]],"v":[[93.13,0],[0,92.2],[176.71,329.48],[186.25,332.15],[195.79,329.48],[372.5,92.2],[279.38,0],[186.25,55.88],[93.13,0]]}],"t":24.030000359052792}]}},{"ty":"st","lc":2,"lj":2,"ml":4,"o":{"a":1,"k":[{"o":{"x":0,"y":0},"i":{"x":1,"y":1},"s":[100],"t":0},{"o":{"x":0,"y":0},"i":{"x":1,"y":1},"s":[100],"t":0.030000001424923543},{"o":{"x":0,"y":0},"i":{"x":1,"y":1},"s":[100],"t":9.030000359052792},{"s":[100],"t":24.030000359052792}]},"w":{"a":1,"k":[{"o":{"x":0,"y":0},"i":{"x":1,"y":1},"s":[16.66670036315918],"t":0},{"o":{"x":0,"y":0},"i":{"x":1,"y":1},"s":[16.66670036315918],"t":0.030000001424923543},{"o":{"x":0,"y":0},"i":{"x":1,"y":1},"s":[16.66670036315918],"t":9.030000359052792},{"s":[16.66670036315918],"t":24.030000359052792}]},"c":{"a":1,"k":[{"o":{"x":0,"y":0},"i":{"x":1,"y":1},"s":[0.2157,0.9059,1],"t":0},{"o":{"x":0,"y":0},"i":{"x":1,"y":1},"s":[0.2157,0.9059,1],"t":0.030000001424923543},{"o":{"x":0,"y":0},"i":{"x":1,"y":1},"s":[0.2157,0.9059,1],"t":9.030000359052792},{"s":[0.2157,0.9059,1],"t":24.030000359052792}]}},{"ty":"rc","d":1,"p":{"a":0,"k":[0,0]},"r":{"a":0,"k":0},"s":{"a":0,"k":[709,679]}},{"ty":"fl","c":{"a":0,"k":[0,0,0]},"r":2,"o":{"a":0,"k":0}}],"ind":4},{"ty":4,"sr":1,"st":0,"op":25.030000359052792,"ip":0,"hasMask":false,"ao":0,"ks":{"a":{"a":1,"k":[{"o":{"x":0,"y":0},"i":{"x":1,"y":1},"s":[186.25,166.07],"t":0},{"o":{"x":0,"y":0},"i":{"x":1,"y":1},"s":[186.25,166.07],"t":0.030000001424923543},{"s":[186.25,166.07],"t":24.030000359052792}]},"s":{"a":1,"k":[{"o":{"x":0,"y":0},"i":{"x":1,"y":1},"s":[100,100],"t":0},{"o":{"x":0,"y":0},"i":{"x":1,"y":1},"s":[100,100],"t":0.030000001424923543},{"s":[100,100],"t":24.030000359052792}]},"p":{"a":1,"k":[{"o":{"x":0,"y":0},"i":{"x":1,"y":1},"s":[365.5,363.15],"t":0},{"o":{"x":0,"y":0},"i":{"x":1,"y":1},"s":[365.5,363.15],"t":0.030000001424923543},{"s":[365.5,363.15],"t":24.030000359052792}]},"r":{"a":1,"k":[{"o":{"x":0,"y":0},"i":{"x":1,"y":1},"s":[0],"t":0},{"o":{"x":0,"y":0},"i":{"x":1,"y":1},"s":[0],"t":0.030000001424923543},{"s":[0],"t":24.030000359052792}]},"o":{"a":1,"k":[{"o":{"x":0,"y":0},"i":{"x":1,"y":1},"s":[100],"t":0},{"o":{"x":0,"y":0},"i":{"x":1,"y":1},"s":[0],"t":0.030000001424923543},{"s":[100],"t":24.030000359052792}]}},"ef":[{"ty":29,"en":1,"ef":[{"ty":0,"v":{"a":1,"k":[{"o":{"x":0,"y":0},"i":{"x":1,"y":1},"s":[4.166659832000732],"t":0},{"o":{"x":0,"y":0},"i":{"x":1,"y":1},"s":[4.166659832000732],"t":0.030000001424923543},{"s":[4.166659832000732],"t":24.030000359052792}]}},{"ty":0,"v":{"a":1,"k":[{"o":{"x":0,"y":0},"i":{"x":1,"y":1},"s":[1],"t":0},{"o":{"x":0,"y":0},"i":{"x":1,"y":1},"s":[1],"t":0.030000001424923543},{"s":[1],"t":24.030000359052792}]}},{"ty":4,"v":{"a":1,"k":[{"o":{"x":0,"y":0},"i":{"x":1,"y":1},"s":[0],"t":0},{"o":{"x":0,"y":0},"i":{"x":1,"y":1},"s":[0],"t":0.030000001424923543},{"s":[0],"t":24.030000359052792}]}}]}],"shapes":[{"ty":"sh","d":1,"ks":{"a":1,"k":[{"o":{"x":0,"y":0},"i":{"x":1,"y":1},"s":[{"c":true,"i":[[0,0],[0,-50.92],[-160.42,-98.62],[-3.36,0],[-2.87,1.75],[0,41.11],[51.42,0],[0,0],[51.42,0]],"o":[[-51.42,0],[0,41.11],[2.87,1.75],[3.36,0],[160.42,-98.62],[0,-50.92],[-51.42,0],[0,0],[0,0]],"v":[[93.13,0],[0,92.19],[176.71,329.48],[186.25,332.15],[195.79,329.48],[372.5,92.19],[279.38,0],[186.25,55.88],[93.13,0]]}],"t":0},{"o":{"x":0,"y":0},"i":{"x":1,"y":1},"s":[{"c":true,"i":[[0,0],[0,-50.92],[-160.42,-98.62],[-3.36,0],[-2.87,1.75],[0,41.11],[51.42,0],[0,0],[51.42,0]],"o":[[-51.42,0],[0,41.11],[2.87,1.75],[3.36,0],[160.42,-98.62],[0,-50.92],[-51.42,0],[0,0],[0,0]],"v":[[93.13,0],[0,92.19],[176.71,329.48],[186.25,332.15],[195.79,329.48],[372.5,92.19],[279.38,0],[186.25,55.88],[93.13,0]]}],"t":0.030000001424923543},{"s":[{"c":true,"i":[[0,0],[0,-50.92],[-160.42,-98.62],[-3.36,0],[-2.87,1.75],[0,41.11],[51.42,0],[0,0],[51.42,0]],"o":[[-51.42,0],[0,41.11],[2.87,1.75],[3.36,0],[160.42,-98.62],[0,-50.92],[-51.42,0],[0,0],[0,0]],"v":[[93.13,0],[0,92.19],[176.71,329.48],[186.25,332.15],[195.79,329.48],[372.5,92.19],[279.38,0],[186.25,55.88],[93.13,0]]}],"t":24.030000359052792}]}},{"ty":"st","lc":2,"lj":2,"ml":4,"o":{"a":1,"k":[{"o":{"x":0,"y":0},"i":{"x":1,"y":1},"s":[100],"t":0},{"o":{"x":0,"y":0},"i":{"x":1,"y":1},"s":[100],"t":0.030000001424923543},{"s":[100],"t":24.030000359052792}]},"w":{"a":1,"k":[{"o":{"x":0,"y":0},"i":{"x":1,"y":1},"s":[16.66670036315918],"t":0},{"o":{"x":0,"y":0},"i":{"x":1,"y":1},"s":[16.66670036315918],"t":0.030000001424923543},{"s":[16.66670036315918],"t":24.030000359052792}]},"c":{"a":1,"k":[{"o":{"x":0,"y":0},"i":{"x":1,"y":1},"s":[0.9843,0.2157,1],"t":0},{"o":{"x":0,"y":0},"i":{"x":1,"y":1},"s":[0.9843,0.2157,1],"t":0.030000001424923543},{"s":[0.9843,0.2157,1],"t":24.030000359052792}]}},{"ty":"rc","d":1,"p":{"a":0,"k":[0,0]},"r":{"a":0,"k":0},"s":{"a":0,"k":[709,679]}},{"ty":"fl","c":{"a":0,"k":[0,0,0]},"r":2,"o":{"a":0,"k":0}}],"ind":5},{"ty":4,"sr":1,"st":0,"op":25.030000359052792,"ip":0,"hasMask":false,"ao":0,"ks":{"a":{"a":1,"k":[{"o":{"x":0,"y":0},"i":{"x":1,"y":1},"s":[186.25,166.08],"t":0},{"o":{"x":0,"y":0},"i":{"x":1,"y":1},"s":[186.25,166.08],"t":0.030000001424923543},{"o":{"x":0,"y":0},"i":{"x":1,"y":1},"s":[186.25,166.08],"t":9.030000359052792},{"s":[186.25,166.08],"t":24.030000359052792}]},"s":{"a":1,"k":[{"o":{"x":0,"y":0},"i":{"x":1,"y":1},"s":[100,100],"t":0},{"o":{"x":0,"y":0},"i":{"x":1,"y":1},"s":[100,100],"t":0.030000001424923543},{"o":{"x":0,"y":0},"i":{"x":1,"y":1},"s":[100,100],"t":9.030000359052792},{"s":[100,100],"t":24.030000359052792}]},"p":{"a":1,"k":[{"o":{"x":0,"y":0},"i":{"x":1,"y":1},"s":[365.5,363.14],"t":0},{"o":{"x":0,"y":0},"i":{"x":1,"y":1},"s":[365.5,363.14],"t":0.030000001424923543},{"o":{"x":0,"y":0},"i":{"x":1,"y":1},"s":[365.5,363.14],"t":9.030000359052792},{"s":[365.5,363.14],"t":24.030000359052792}]},"r":{"a":1,"k":[{"o":{"x":0,"y":0},"i":{"x":1,"y":1},"s":[0],"t":0},{"o":{"x":0,"y":0},"i":{"x":1,"y":1},"s":[0],"t":0.030000001424923543},{"o":{"x":0,"y":0},"i":{"x":1,"y":1},"s":[0],"t":9.030000359052792},{"s":[0],"t":24.030000359052792}]},"o":{"a":1,"k":[{"o":{"x":0,"y":0},"i":{"x":1,"y":1},"s":[0],"t":0},{"o":{"x":0,"y":0},"i":{"x":1,"y":1},"s":[100],"t":0.030000001424923543},{"o":{"x":0,"y":0},"i":{"x":1,"y":1},"s":[100],"t":9.030000359052792},{"s":[0],"t":24.030000359052792}]}},"ef":[{"ty":25,"en":1,"ef":[{"ty":2,"v":{"a":1,"k":[{"o":{"x":0,"y":0},"i":{"x":1,"y":1},"s":[0.3,0,0.26,0.7],"t":0},{"o":{"x":0,"y":0},"i":{"x":1,"y":1},"s":[0.3,0,0.26,0.7],"t":0.030000001424923543},{"o":{"x":0,"y":0},"i":{"x":1,"y":1},"s":[0.3,0,0.26,0.7],"t":9.030000359052792},{"s":[0.3,0,0.26,0.7],"t":24.030000359052792}]}},{"ty":0,"v":{"a":1,"k":[{"o":{"x":0,"y":0},"i":{"x":1,"y":1},"s":[179.1999969482422],"t":0},{"o":{"x":0,"y":0},"i":{"x":1,"y":1},"s":[179.1999969482422],"t":0.030000001424923543},{"o":{"x":0,"y":0},"i":{"x":1,"y":1},"s":[179.1999969482422],"t":9.030000359052792},{"s":[179.1999969482422],"t":24.030000359052792}]}},{"ty":1,"v":{"a":1,"k":[{"o":{"x":0,"y":0},"i":{"x":1,"y":1},"s":[180],"t":0},{"o":{"x":0,"y":0},"i":{"x":1,"y":1},"s":[180],"t":0.030000001424923543},{"o":{"x":0,"y":0},"i":{"x":1,"y":1},"s":[180],"t":9.030000359052792},{"s":[180],"t":24.030000359052792}]}},{"ty":0,"v":{"a":1,"k":[{"o":{"x":0,"y":0},"i":{"x":1,"y":1},"s":[27.08329963684082],"t":0},{"o":{"x":0,"y":0},"i":{"x":1,"y":1},"s":[27.08329963684082],"t":0.030000001424923543},{"o":{"x":0,"y":0},"i":{"x":1,"y":1},"s":[27.08329963684082],"t":9.030000359052792},{"s":[27.08329963684082],"t":24.030000359052792}]}},{"ty":0,"v":{"a":1,"k":[{"o":{"x":0,"y":0},"i":{"x":1,"y":1},"s":[41.66680145263672],"t":0},{"o":{"x":0,"y":0},"i":{"x":1,"y":1},"s":[41.66680145263672],"t":0.030000001424923543},{"o":{"x":0,"y":0},"i":{"x":1,"y":1},"s":[41.66680145263672],"t":9.030000359052792},{"s":[41.66680145263672],"t":24.030000359052792}]}}]}],"shapes":[{"ty":"sh","d":1,"ks":{"a":1,"k":[{"o":{"x":0,"y":0},"i":{"x":1,"y":1},"s":[{"c":true,"i":[[0,0],[0,-50.92],[-160.42,-98.62],[-3.36,0],[-2.87,1.75],[0,41.1],[51.42,0],[0,0],[51.42,0]],"o":[[-51.42,0],[0,41.1],[2.87,1.75],[3.36,0],[160.42,-98.62],[0,-50.92],[-51.42,0],[0,0],[0,0]],"v":[[93.13,0],[0,92.2],[176.71,329.48],[186.25,332.15],[195.79,329.48],[372.5,92.2],[279.38,0],[186.25,55.88],[93.13,0]]}],"t":0},{"o":{"x":0,"y":0},"i":{"x":1,"y":1},"s":[{"c":true,"i":[[0,0],[0,-50.92],[-160.42,-98.62],[-3.36,0],[-2.87,1.75],[0,41.1],[51.42,0],[0,0],[51.42,0]],"o":[[-51.42,0],[0,41.1],[2.87,1.75],[3.36,0],[160.42,-98.62],[0,-50.92],[-51.42,0],[0,0],[0,0]],"v":[[93.13,0],[0,92.2],[176.71,329.48],[186.25,332.15],[195.79,329.48],[372.5,92.2],[279.38,0],[186.25,55.88],[93.13,0]]}],"t":0.030000001424923543},{"o":{"x":0,"y":0},"i":{"x":1,"y":1},"s":[{"c":true,"i":[[0,0],[0,-50.92],[-160.42,-98.62],[-3.36,0],[-2.87,1.75],[0,41.1],[51.42,0],[0,0],[51.42,0]],"o":[[-51.42,0],[0,41.1],[2.87,1.75],[3.36,0],[160.42,-98.62],[0,-50.92],[-51.42,0],[0,0],[0,0]],"v":[[93.13,0],[0,92.2],[176.71,329.48],[186.25,332.15],[195.79,329.48],[372.5,92.2],[279.38,0],[186.25,55.88],[93.13,0]]}],"t":9.030000359052792},{"s":[{"c":true,"i":[[0,0],[0,-50.92],[-160.42,-98.62],[-3.36,0],[-2.87,1.75],[0,41.1],[51.42,0],[0,0],[51.42,0]],"o":[[-51.42,0],[0,41.1],[2.87,1.75],[3.36,0],[160.42,-98.62],[0,-50.92],[-51.42,0],[0,0],[0,0]],"v":[[93.13,0],[0,92.2],[176.71,329.48],[186.25,332.15],[195.79,329.48],[372.5,92.2],[279.38,0],[186.25,55.88],[93.13,0]]}],"t":24.030000359052792}]}},{"ty":"st","lc":2,"lj":2,"ml":4,"o":{"a":1,"k":[{"o":{"x":0,"y":0},"i":{"x":1,"y":1},"s":[20.000000298023224],"t":0},{"o":{"x":0,"y":0},"i":{"x":1,"y":1},"s":[20.000000298023224],"t":0.030000001424923543},{"o":{"x":0,"y":0},"i":{"x":1,"y":1},"s":[20.000000298023224],"t":9.030000359052792},{"s":[20.000000298023224],"t":24.030000359052792}]},"w":{"a":1,"k":[{"o":{"x":0,"y":0},"i":{"x":1,"y":1},"s":[27.08329963684082],"t":0},{"o":{"x":0,"y":0},"i":{"x":1,"y":1},"s":[27.08329963684082],"t":0.030000001424923543},{"o":{"x":0,"y":0},"i":{"x":1,"y":1},"s":[27.08329963684082],"t":9.030000359052792},{"s":[27.08329963684082],"t":24.030000359052792}]},"c":{"a":1,"k":[{"o":{"x":0,"y":0},"i":{"x":1,"y":1},"s":[0.2157,0.9529,1],"t":0},{"o":{"x":0,"y":0},"i":{"x":1,"y":1},"s":[0.2157,0.9529,1],"t":0.030000001424923543},{"o":{"x":0,"y":0},"i":{"x":1,"y":1},"s":[0.2157,0.9529,1],"t":9.030000359052792},{"s":[0.2157,0.9529,1],"t":24.030000359052792}]}},{"ty":"rc","d":1,"p":{"a":0,"k":[0,0]},"r":{"a":0,"k":0},"s":{"a":0,"k":[709,679]}},{"ty":"fl","c":{"a":0,"k":[0,0,0]},"r":2,"o":{"a":0,"k":0}}],"ind":6},{"ty":4,"sr":1,"st":0,"op":25.030000359052792,"ip":0,"hasMask":false,"ao":0,"ks":{"a":{"a":1,"k":[{"o":{"x":0,"y":0},"i":{"x":1,"y":1},"s":[186.25,166.07],"t":0},{"o":{"x":0,"y":0},"i":{"x":1,"y":1},"s":[186.25,166.07],"t":0.030000001424923543},{"s":[186.25,166.07],"t":24.030000359052792}]},"s":{"a":1,"k":[{"o":{"x":0,"y":0},"i":{"x":1,"y":1},"s":[100,100],"t":0},{"o":{"x":0,"y":0},"i":{"x":1,"y":1},"s":[100,100],"t":0.030000001424923543},{"s":[100,100],"t":24.030000359052792}]},"p":{"a":1,"k":[{"o":{"x":0,"y":0},"i":{"x":1,"y":1},"s":[365.5,363.15],"t":0},{"o":{"x":0,"y":0},"i":{"x":1,"y":1},"s":[365.5,363.15],"t":0.030000001424923543},{"s":[365.5,363.15],"t":24.030000359052792}]},"r":{"a":1,"k":[{"o":{"x":0,"y":0},"i":{"x":1,"y":1},"s":[0],"t":0},{"o":{"x":0,"y":0},"i":{"x":1,"y":1},"s":[0],"t":0.030000001424923543},{"s":[0],"t":24.030000359052792}]},"o":{"a":1,"k":[{"o":{"x":0,"y":0},"i":{"x":1,"y":1},"s":[100],"t":0},{"o":{"x":0,"y":0},"i":{"x":1,"y":1},"s":[0],"t":0.030000001424923543},{"s":[100],"t":24.030000359052792}]}},"ef":[{"ty":25,"en":1,"ef":[{"ty":2,"v":{"a":1,"k":[{"o":{"x":0,"y":0},"i":{"x":1,"y":1},"s":[0.3,0,0.26,0.7],"t":0},{"o":{"x":0,"y":0},"i":{"x":1,"y":1},"s":[0.3,0,0.26,0.7],"t":0.030000001424923543},{"s":[0.3,0,0.26,0.7],"t":24.030000359052792}]}},{"ty":0,"v":{"a":1,"k":[{"o":{"x":0,"y":0},"i":{"x":1,"y":1},"s":[179.1999969482422],"t":0},{"o":{"x":0,"y":0},"i":{"x":1,"y":1},"s":[179.1999969482422],"t":0.030000001424923543},{"s":[179.1999969482422],"t":24.030000359052792}]}},{"ty":1,"v":{"a":1,"k":[{"o":{"x":0,"y":0},"i":{"x":1,"y":1},"s":[180],"t":0},{"o":{"x":0,"y":0},"i":{"x":1,"y":1},"s":[180],"t":0.030000001424923543},{"s":[180],"t":24.030000359052792}]}},{"ty":0,"v":{"a":1,"k":[{"o":{"x":0,"y":0},"i":{"x":1,"y":1},"s":[27.08329963684082],"t":0},{"o":{"x":0,"y":0},"i":{"x":1,"y":1},"s":[27.08329963684082],"t":0.030000001424923543},{"s":[27.08329963684082],"t":24.030000359052792}]}},{"ty":0,"v":{"a":1,"k":[{"o":{"x":0,"y":0},"i":{"x":1,"y":1},"s":[41.66680145263672],"t":0},{"o":{"x":0,"y":0},"i":{"x":1,"y":1},"s":[41.66680145263672],"t":0.030000001424923543},{"s":[41.66680145263672],"t":24.030000359052792}]}}]}],"shapes":[{"ty":"sh","d":1,"ks":{"a":1,"k":[{"o":{"x":0,"y":0},"i":{"x":1,"y":1},"s":[{"c":true,"i":[[0,0],[0,-50.92],[-160.42,-98.62],[-3.36,0],[-2.87,1.75],[0,41.11],[51.42,0],[0,0],[51.42,0]],"o":[[-51.42,0],[0,41.11],[2.87,1.75],[3.36,0],[160.42,-98.62],[0,-50.92],[-51.42,0],[0,0],[0,0]],"v":[[93.13,0],[0,92.19],[176.71,329.48],[186.25,332.15],[195.79,329.48],[372.5,92.19],[279.38,0],[186.25,55.88],[93.13,0]]}],"t":0},{"o":{"x":0,"y":0},"i":{"x":1,"y":1},"s":[{"c":true,"i":[[0,0],[0,-50.92],[-160.42,-98.62],[-3.36,0],[-2.87,1.75],[0,41.11],[51.42,0],[0,0],[51.42,0]],"o":[[-51.42,0],[0,41.11],[2.87,1.75],[3.36,0],[160.42,-98.62],[0,-50.92],[-51.42,0],[0,0],[0,0]],"v":[[93.13,0],[0,92.19],[176.71,329.48],[186.25,332.15],[195.79,329.48],[372.5,92.19],[279.38,0],[186.25,55.88],[93.13,0]]}],"t":0.030000001424923543},{"s":[{"c":true,"i":[[0,0],[0,-50.92],[-160.42,-98.62],[-3.36,0],[-2.87,1.75],[0,41.11],[51.42,0],[0,0],[51.42,0]],"o":[[-51.42,0],[0,41.11],[2.87,1.75],[3.36,0],[160.42,-98.62],[0,-50.92],[-51.42,0],[0,0],[0,0]],"v":[[93.13,0],[0,92.19],[176.71,329.48],[186.25,332.15],[195.79,329.48],[372.5,92.19],[279.38,0],[186.25,55.88],[93.13,0]]}],"t":24.030000359052792}]}},{"ty":"st","lc":2,"lj":2,"ml":4,"o":{"a":1,"k":[{"o":{"x":0,"y":0},"i":{"x":1,"y":1},"s":[20.000000298023224],"t":0},{"o":{"x":0,"y":0},"i":{"x":1,"y":1},"s":[20.000000298023224],"t":0.030000001424923543},{"s":[20.000000298023224],"t":24.030000359052792}]},"w":{"a":1,"k":[{"o":{"x":0,"y":0},"i":{"x":1,"y":1},"s":[27.08329963684082],"t":0},{"o":{"x":0,"y":0},"i":{"x":1,"y":1},"s":[27.08329963684082],"t":0.030000001424923543},{"s":[27.08329963684082],"t":24.030000359052792}]},"c":{"a":1,"k":[{"o":{"x":0,"y":0},"i":{"x":1,"y":1},"s":[0.9843,0.2157,1],"t":0},{"o":{"x":0,"y":0},"i":{"x":1,"y":1},"s":[0.9843,0.2157,1],"t":0.030000001424923543},{"s":[0.9843,0.2157,1],"t":24.030000359052792}]}},{"ty":"rc","d":1,"p":{"a":0,"k":[0,0]},"r":{"a":0,"k":0},"s":{"a":0,"k":[709,679]}},{"ty":"fl","c":{"a":0,"k":[0,0,0]},"r":2,"o":{"a":0,"k":0}}],"ind":7},{"ty":4,"sr":1,"st":0,"op":25.030000359052792,"ip":0,"hasMask":false,"ao":0,"ks":{"a":{"a":1,"k":[{"o":{"x":0,"y":0},"i":{"x":1,"y":1},"s":[186.25,166.08],"t":0},{"o":{"x":0,"y":0},"i":{"x":1,"y":1},"s":[186.25,166.08],"t":0.030000001424923543},{"o":{"x":0,"y":0},"i":{"x":1,"y":1},"s":[186.25,166.08],"t":9.030000359052792},{"s":[186.25,166.08],"t":24.030000359052792}]},"s":{"a":1,"k":[{"o":{"x":0,"y":0},"i":{"x":1,"y":1},"s":[100,100],"t":0},{"o":{"x":0,"y":0},"i":{"x":1,"y":1},"s":[100,100],"t":0.030000001424923543},{"o":{"x":0,"y":0},"i":{"x":1,"y":1},"s":[100,100],"t":9.030000359052792},{"s":[100,100],"t":24.030000359052792}]},"p":{"a":1,"k":[{"o":{"x":0,"y":0},"i":{"x":1,"y":1},"s":[365.5,363.14],"t":0},{"o":{"x":0,"y":0},"i":{"x":1,"y":1},"s":[365.5,363.14],"t":0.030000001424923543},{"o":{"x":0,"y":0},"i":{"x":1,"y":1},"s":[365.5,363.14],"t":9.030000359052792},{"s":[365.5,363.14],"t":24.030000359052792}]},"r":{"a":1,"k":[{"o":{"x":0,"y":0},"i":{"x":1,"y":1},"s":[0],"t":0},{"o":{"x":0,"y":0},"i":{"x":1,"y":1},"s":[0],"t":0.030000001424923543},{"o":{"x":0,"y":0},"i":{"x":1,"y":1},"s":[0],"t":9.030000359052792},{"s":[0],"t":24.030000359052792}]},"o":{"a":1,"k":[{"o":{"x":0,"y":0},"i":{"x":1,"y":1},"s":[0],"t":0},{"o":{"x":0,"y":0},"i":{"x":1,"y":1},"s":[100],"t":0.030000001424923543},{"o":{"x":0,"y":0},"i":{"x":1,"y":1},"s":[100],"t":9.030000359052792},{"s":[0],"t":24.030000359052792}]}},"ef":[{"ty":29,"en":1,"ef":[{"ty":0,"v":{"a":1,"k":[{"o":{"x":0,"y":0},"i":{"x":1,"y":1},"s":[41.66659927368164],"t":0},{"o":{"x":0,"y":0},"i":{"x":1,"y":1},"s":[41.66659927368164],"t":0.030000001424923543},{"o":{"x":0,"y":0},"i":{"x":1,"y":1},"s":[41.66659927368164],"t":9.030000359052792},{"s":[41.66659927368164],"t":24.030000359052792}]}},{"ty":0,"v":{"a":1,"k":[{"o":{"x":0,"y":0},"i":{"x":1,"y":1},"s":[1],"t":0},{"o":{"x":0,"y":0},"i":{"x":1,"y":1},"s":[1],"t":0.030000001424923543},{"o":{"x":0,"y":0},"i":{"x":1,"y":1},"s":[1],"t":9.030000359052792},{"s":[1],"t":24.030000359052792}]}},{"ty":4,"v":{"a":1,"k":[{"o":{"x":0,"y":0},"i":{"x":1,"y":1},"s":[0],"t":0},{"o":{"x":0,"y":0},"i":{"x":1,"y":1},"s":[0],"t":0.030000001424923543},{"o":{"x":0,"y":0},"i":{"x":1,"y":1},"s":[0],"t":9.030000359052792},{"s":[0],"t":24.030000359052792}]}}]}],"shapes":[{"ty":"sh","d":1,"ks":{"a":1,"k":[{"o":{"x":0,"y":0},"i":{"x":1,"y":1},"s":[{"c":true,"i":[[0,0],[0,-50.92],[-160.42,-98.62],[-3.36,0],[-2.87,1.75],[0,41.1],[51.42,0],[0,0],[51.42,0]],"o":[[-51.42,0],[0,41.1],[2.87,1.75],[3.36,0],[160.42,-98.62],[0,-50.92],[-51.42,0],[0,0],[0,0]],"v":[[93.13,0],[0,92.2],[176.71,329.48],[186.25,332.15],[195.79,329.48],[372.5,92.2],[279.38,0],[186.25,55.88],[93.13,0]]}],"t":0},{"o":{"x":0,"y":0},"i":{"x":1,"y":1},"s":[{"c":true,"i":[[0,0],[0,-50.92],[-160.42,-98.62],[-3.36,0],[-2.87,1.75],[0,41.1],[51.42,0],[0,0],[51.42,0]],"o":[[-51.42,0],[0,41.1],[2.87,1.75],[3.36,0],[160.42,-98.62],[0,-50.92],[-51.42,0],[0,0],[0,0]],"v":[[93.13,0],[0,92.2],[176.71,329.48],[186.25,332.15],[195.79,329.48],[372.5,92.2],[279.38,0],[186.25,55.88],[93.13,0]]}],"t":0.030000001424923543},{"o":{"x":0,"y":0},"i":{"x":1,"y":1},"s":[{"c":true,"i":[[0,0],[0,-50.92],[-160.42,-98.62],[-3.36,0],[-2.87,1.75],[0,41.1],[51.42,0],[0,0],[51.42,0]],"o":[[-51.42,0],[0,41.1],[2.87,1.75],[3.36,0],[160.42,-98.62],[0,-50.92],[-51.42,0],[0,0],[0,0]],"v":[[93.13,0],[0,92.2],[176.71,329.48],[186.25,332.15],[195.79,329.48],[372.5,92.2],[279.38,0],[186.25,55.88],[93.13,0]]}],"t":9.030000359052792},{"s":[{"c":true,"i":[[0,0],[0,-50.92],[-160.42,-98.62],[-3.36,0],[-2.87,1.75],[0,41.1],[51.42,0],[0,0],[51.42,0]],"o":[[-51.42,0],[0,41.1],[2.87,1.75],[3.36,0],[160.42,-98.62],[0,-50.92],[-51.42,0],[0,0],[0,0]],"v":[[93.13,0],[0,92.2],[176.71,329.48],[186.25,332.15],[195.79,329.48],[372.5,92.2],[279.38,0],[186.25,55.88],[93.13,0]]}],"t":24.030000359052792}]}},{"ty":"st","lc":2,"lj":2,"ml":4,"o":{"a":1,"k":[{"o":{"x":0,"y":0},"i":{"x":1,"y":1},"s":[100],"t":0},{"o":{"x":0,"y":0},"i":{"x":1,"y":1},"s":[100],"t":0.030000001424923543},{"o":{"x":0,"y":0},"i":{"x":1,"y":1},"s":[100],"t":9.030000359052792},{"s":[100],"t":24.030000359052792}]},"w":{"a":1,"k":[{"o":{"x":0,"y":0},"i":{"x":1,"y":1},"s":[35.41669845581055],"t":0},{"o":{"x":0,"y":0},"i":{"x":1,"y":1},"s":[35.41669845581055],"t":0.030000001424923543},{"o":{"x":0,"y":0},"i":{"x":1,"y":1},"s":[35.41669845581055],"t":9.030000359052792},{"s":[35.41669845581055],"t":24.030000359052792}]},"c":{"a":1,"k":[{"o":{"x":0,"y":0},"i":{"x":1,"y":1},"s":[0.149,0.8471,1],"t":0},{"o":{"x":0,"y":0},"i":{"x":1,"y":1},"s":[0.149,0.8471,1],"t":0.030000001424923543},{"o":{"x":0,"y":0},"i":{"x":1,"y":1},"s":[0.149,0.8471,1],"t":9.030000359052792},{"s":[0.149,0.8471,1],"t":24.030000359052792}]}},{"ty":"rc","d":1,"p":{"a":0,"k":[0,0]},"r":{"a":0,"k":0},"s":{"a":0,"k":[709,679]}},{"ty":"fl","c":{"a":0,"k":[0,0,0]},"r":2,"o":{"a":0,"k":0}}],"ind":8},{"ty":4,"sr":1,"st":0,"op":25.030000359052792,"ip":0,"hasMask":false,"ao":0,"ks":{"a":{"a":1,"k":[{"o":{"x":0,"y":0},"i":{"x":1,"y":1},"s":[186.25,166.07],"t":0},{"o":{"x":0,"y":0},"i":{"x":1,"y":1},"s":[186.25,166.07],"t":0.030000001424923543},{"s":[186.25,166.07],"t":24.030000359052792}]},"s":{"a":1,"k":[{"o":{"x":0,"y":0},"i":{"x":1,"y":1},"s":[100,100],"t":0},{"o":{"x":0,"y":0},"i":{"x":1,"y":1},"s":[100,100],"t":0.030000001424923543},{"s":[100,100],"t":24.030000359052792}]},"p":{"a":1,"k":[{"o":{"x":0,"y":0},"i":{"x":1,"y":1},"s":[365.5,363.15],"t":0},{"o":{"x":0,"y":0},"i":{"x":1,"y":1},"s":[365.5,363.15],"t":0.030000001424923543},{"s":[365.5,363.15],"t":24.030000359052792}]},"r":{"a":1,"k":[{"o":{"x":0,"y":0},"i":{"x":1,"y":1},"s":[0],"t":0},{"o":{"x":0,"y":0},"i":{"x":1,"y":1},"s":[0],"t":0.030000001424923543},{"s":[0],"t":24.030000359052792}]},"o":{"a":1,"k":[{"o":{"x":0,"y":0},"i":{"x":1,"y":1},"s":[100],"t":0},{"o":{"x":0,"y":0},"i":{"x":1,"y":1},"s":[0],"t":0.030000001424923543},{"s":[100],"t":24.030000359052792}]}},"ef":[{"ty":29,"en":1,"ef":[{"ty":0,"v":{"a":1,"k":[{"o":{"x":0,"y":0},"i":{"x":1,"y":1},"s":[41.66659927368164],"t":0},{"o":{"x":0,"y":0},"i":{"x":1,"y":1},"s":[41.66659927368164],"t":0.030000001424923543},{"s":[41.66659927368164],"t":24.030000359052792}]}},{"ty":0,"v":{"a":1,"k":[{"o":{"x":0,"y":0},"i":{"x":1,"y":1},"s":[1],"t":0},{"o":{"x":0,"y":0},"i":{"x":1,"y":1},"s":[1],"t":0.030000001424923543},{"s":[1],"t":24.030000359052792}]}},{"ty":4,"v":{"a":1,"k":[{"o":{"x":0,"y":0},"i":{"x":1,"y":1},"s":[0],"t":0},{"o":{"x":0,"y":0},"i":{"x":1,"y":1},"s":[0],"t":0.030000001424923543},{"s":[0],"t":24.030000359052792}]}}]}],"shapes":[{"ty":"sh","d":1,"ks":{"a":1,"k":[{"o":{"x":0,"y":0},"i":{"x":1,"y":1},"s":[{"c":true,"i":[[0,0],[0,-50.92],[-160.42,-98.62],[-3.36,0],[-2.87,1.75],[0,41.11],[51.42,0],[0,0],[51.42,0]],"o":[[-51.42,0],[0,41.11],[2.87,1.75],[3.36,0],[160.42,-98.62],[0,-50.92],[-51.42,0],[0,0],[0,0]],"v":[[93.13,0],[0,92.19],[176.71,329.48],[186.25,332.15],[195.79,329.48],[372.5,92.19],[279.38,0],[186.25,55.88],[93.13,0]]}],"t":0},{"o":{"x":0,"y":0},"i":{"x":1,"y":1},"s":[{"c":true,"i":[[0,0],[0,-50.92],[-160.42,-98.62],[-3.36,0],[-2.87,1.75],[0,41.11],[51.42,0],[0,0],[51.42,0]],"o":[[-51.42,0],[0,41.11],[2.87,1.75],[3.36,0],[160.42,-98.62],[0,-50.92],[-51.42,0],[0,0],[0,0]],"v":[[93.13,0],[0,92.19],[176.71,329.48],[186.25,332.15],[195.79,329.48],[372.5,92.19],[279.38,0],[186.25,55.88],[93.13,0]]}],"t":0.030000001424923543},{"s":[{"c":true,"i":[[0,0],[0,-50.92],[-160.42,-98.62],[-3.36,0],[-2.87,1.75],[0,41.11],[51.42,0],[0,0],[51.42,0]],"o":[[-51.42,0],[0,41.11],[2.87,1.75],[3.36,0],[160.42,-98.62],[0,-50.92],[-51.42,0],[0,0],[0,0]],"v":[[93.13,0],[0,92.19],[176.71,329.48],[186.25,332.15],[195.79,329.48],[372.5,92.19],[279.38,0],[186.25,55.88],[93.13,0]]}],"t":24.030000359052792}]}},{"ty":"st","lc":2,"lj":2,"ml":4,"o":{"a":1,"k":[{"o":{"x":0,"y":0},"i":{"x":1,"y":1},"s":[100],"t":0},{"o":{"x":0,"y":0},"i":{"x":1,"y":1},"s":[100],"t":0.030000001424923543},{"s":[100],"t":24.030000359052792}]},"w":{"a":1,"k":[{"o":{"x":0,"y":0},"i":{"x":1,"y":1},"s":[35.41669845581055],"t":0},{"o":{"x":0,"y":0},"i":{"x":1,"y":1},"s":[35.41669845581055],"t":0.030000001424923543},{"s":[35.41669845581055],"t":24.030000359052792}]},"c":{"a":1,"k":[{"o":{"x":0,"y":0},"i":{"x":1,"y":1},"s":[1,0.149,0.7608],"t":0},{"o":{"x":0,"y":0},"i":{"x":1,"y":1},"s":[1,0.149,0.7608],"t":0.030000001424923543},{"s":[1,0.149,0.7608],"t":24.030000359052792}]}},{"ty":"rc","d":1,"p":{"a":0,"k":[0,0]},"r":{"a":0,"k":0},"s":{"a":0,"k":[709,679]}},{"ty":"fl","c":{"a":0,"k":[0,0,0]},"r":2,"o":{"a":0,"k":0}}],"ind":9},{"ty":4,"sr":1,"st":0,"op":25.030000359052792,"ip":0,"hasMask":false,"ao":0,"ks":{"a":{"a":1,"k":[{"o":{"x":0,"y":0},"i":{"x":1,"y":1},"s":[186.25,166.08],"t":0},{"o":{"x":0,"y":0},"i":{"x":1,"y":1},"s":[186.25,166.08],"t":0.030000001424923543},{"o":{"x":0,"y":0},"i":{"x":1,"y":1},"s":[186.25,166.08],"t":9.030000359052792},{"s":[186.25,166.08],"t":24.030000359052792}]},"s":{"a":1,"k":[{"o":{"x":0,"y":0},"i":{"x":1,"y":1},"s":[100,100],"t":0},{"o":{"x":0,"y":0},"i":{"x":1,"y":1},"s":[100,100],"t":0.030000001424923543},{"o":{"x":0,"y":0},"i":{"x":1,"y":1},"s":[100,100],"t":9.030000359052792},{"s":[100,100],"t":24.030000359052792}]},"p":{"a":1,"k":[{"o":{"x":0,"y":0},"i":{"x":1,"y":1},"s":[365.5,363.14],"t":0},{"o":{"x":0,"y":0},"i":{"x":1,"y":1},"s":[365.5,363.14],"t":0.030000001424923543},{"o":{"x":0,"y":0},"i":{"x":1,"y":1},"s":[365.5,363.14],"t":9.030000359052792},{"s":[365.5,363.14],"t":24.030000359052792}]},"r":{"a":1,"k":[{"o":{"x":0,"y":0},"i":{"x":1,"y":1},"s":[0],"t":0},{"o":{"x":0,"y":0},"i":{"x":1,"y":1},"s":[0],"t":0.030000001424923543},{"o":{"x":0,"y":0},"i":{"x":1,"y":1},"s":[0],"t":9.030000359052792},{"s":[0],"t":24.030000359052792}]},"o":{"a":1,"k":[{"o":{"x":0,"y":0},"i":{"x":1,"y":1},"s":[0],"t":0},{"o":{"x":0,"y":0},"i":{"x":1,"y":1},"s":[100],"t":0.030000001424923543},{"o":{"x":0,"y":0},"i":{"x":1,"y":1},"s":[100],"t":9.030000359052792},{"s":[0],"t":24.030000359052792}]}},"ef":[{"ty":29,"en":1,"ef":[{"ty":0,"v":{"a":1,"k":[{"o":{"x":0,"y":0},"i":{"x":1,"y":1},"s":[125],"t":0},{"o":{"x":0,"y":0},"i":{"x":1,"y":1},"s":[125],"t":0.030000001424923543},{"o":{"x":0,"y":0},"i":{"x":1,"y":1},"s":[125],"t":9.030000359052792},{"s":[125],"t":24.030000359052792}]}},{"ty":0,"v":{"a":1,"k":[{"o":{"x":0,"y":0},"i":{"x":1,"y":1},"s":[1],"t":0},{"o":{"x":0,"y":0},"i":{"x":1,"y":1},"s":[1],"t":0.030000001424923543},{"o":{"x":0,"y":0},"i":{"x":1,"y":1},"s":[1],"t":9.030000359052792},{"s":[1],"t":24.030000359052792}]}},{"ty":4,"v":{"a":1,"k":[{"o":{"x":0,"y":0},"i":{"x":1,"y":1},"s":[0],"t":0},{"o":{"x":0,"y":0},"i":{"x":1,"y":1},"s":[0],"t":0.030000001424923543},{"o":{"x":0,"y":0},"i":{"x":1,"y":1},"s":[0],"t":9.030000359052792},{"s":[0],"t":24.030000359052792}]}}]}],"shapes":[{"ty":"sh","d":1,"ks":{"a":1,"k":[{"o":{"x":0,"y":0},"i":{"x":1,"y":1},"s":[{"c":true,"i":[[0,0],[0,-50.92],[-160.42,-98.62],[-3.36,0],[-2.87,1.75],[0,41.1],[51.42,0],[0,0],[51.42,0]],"o":[[-51.42,0],[0,41.1],[2.87,1.75],[3.36,0],[160.42,-98.62],[0,-50.92],[-51.42,0],[0,0],[0,0]],"v":[[93.13,0],[0,92.2],[176.71,329.48],[186.25,332.15],[195.79,329.48],[372.5,92.2],[279.38,0],[186.25,55.88],[93.13,0]]}],"t":0},{"o":{"x":0,"y":0},"i":{"x":1,"y":1},"s":[{"c":true,"i":[[0,0],[0,-50.92],[-160.42,-98.62],[-3.36,0],[-2.87,1.75],[0,41.1],[51.42,0],[0,0],[51.42,0]],"o":[[-51.42,0],[0,41.1],[2.87,1.75],[3.36,0],[160.42,-98.62],[0,-50.92],[-51.42,0],[0,0],[0,0]],"v":[[93.13,0],[0,92.2],[176.71,329.48],[186.25,332.15],[195.79,329.48],[372.5,92.2],[279.38,0],[186.25,55.88],[93.13,0]]}],"t":0.030000001424923543},{"o":{"x":0,"y":0},"i":{"x":1,"y":1},"s":[{"c":true,"i":[[0,0],[0,-50.92],[-160.42,-98.62],[-3.36,0],[-2.87,1.75],[0,41.1],[51.42,0],[0,0],[51.42,0]],"o":[[-51.42,0],[0,41.1],[2.87,1.75],[3.36,0],[160.42,-98.62],[0,-50.92],[-51.42,0],[0,0],[0,0]],"v":[[93.13,0],[0,92.2],[176.71,329.48],[186.25,332.15],[195.79,329.48],[372.5,92.2],[279.38,0],[186.25,55.88],[93.13,0]]}],"t":9.030000359052792},{"s":[{"c":true,"i":[[0,0],[0,-50.92],[-160.42,-98.62],[-3.36,0],[-2.87,1.75],[0,41.1],[51.42,0],[0,0],[51.42,0]],"o":[[-51.42,0],[0,41.1],[2.87,1.75],[3.36,0],[160.42,-98.62],[0,-50.92],[-51.42,0],[0,0],[0,0]],"v":[[93.13,0],[0,92.2],[176.71,329.48],[186.25,332.15],[195.79,329.48],[372.5,92.2],[279.38,0],[186.25,55.88],[93.13,0]]}],"t":24.030000359052792}]}},{"ty":"st","lc":2,"lj":2,"ml":4,"o":{"a":1,"k":[{"o":{"x":0,"y":0},"i":{"x":1,"y":1},"s":[100],"t":0},{"o":{"x":0,"y":0},"i":{"x":1,"y":1},"s":[100],"t":0.030000001424923543},{"o":{"x":0,"y":0},"i":{"x":1,"y":1},"s":[100],"t":9.030000359052792},{"s":[100],"t":24.030000359052792}]},"w":{"a":1,"k":[{"o":{"x":0,"y":0},"i":{"x":1,"y":1},"s":[27.08329963684082],"t":0},{"o":{"x":0,"y":0},"i":{"x":1,"y":1},"s":[27.08329963684082],"t":0.030000001424923543},{"o":{"x":0,"y":0},"i":{"x":1,"y":1},"s":[27.08329963684082],"t":9.030000359052792},{"s":[27.08329963684082],"t":24.030000359052792}]},"c":{"a":1,"k":[{"o":{"x":0,"y":0},"i":{"x":1,"y":1},"s":[0.18,0.582,0.953],"t":0},{"o":{"x":0,"y":0},"i":{"x":1,"y":1},"s":[0.18,0.582,0.953],"t":0.030000001424923543},{"o":{"x":0,"y":0},"i":{"x":1,"y":1},"s":[0.18,0.582,0.953],"t":9.030000359052792},{"s":[0.18,0.582,0.953],"t":24.030000359052792}]}},{"ty":"rc","d":1,"p":{"a":0,"k":[0,0]},"r":{"a":0,"k":0},"s":{"a":0,"k":[709,679]}},{"ty":"fl","c":{"a":0,"k":[0,0,0]},"r":2,"o":{"a":0,"k":0}}],"ind":10},{"ty":4,"sr":1,"st":0,"op":25.030000359052792,"ip":0,"hasMask":false,"ao":0,"ks":{"a":{"a":1,"k":[{"o":{"x":0,"y":0},"i":{"x":1,"y":1},"s":[186.25,166.07],"t":0},{"o":{"x":0,"y":0},"i":{"x":1,"y":1},"s":[186.25,166.07],"t":0.030000001424923543},{"s":[186.25,166.07],"t":24.030000359052792}]},"s":{"a":1,"k":[{"o":{"x":0,"y":0},"i":{"x":1,"y":1},"s":[100,100],"t":0},{"o":{"x":0,"y":0},"i":{"x":1,"y":1},"s":[100,100],"t":0.030000001424923543},{"s":[100,100],"t":24.030000359052792}]},"p":{"a":1,"k":[{"o":{"x":0,"y":0},"i":{"x":1,"y":1},"s":[365.5,363.15],"t":0},{"o":{"x":0,"y":0},"i":{"x":1,"y":1},"s":[365.5,363.15],"t":0.030000001424923543},{"s":[365.5,363.15],"t":24.030000359052792}]},"r":{"a":1,"k":[{"o":{"x":0,"y":0},"i":{"x":1,"y":1},"s":[0],"t":0},{"o":{"x":0,"y":0},"i":{"x":1,"y":1},"s":[0],"t":0.030000001424923543},{"s":[0],"t":24.030000359052792}]},"o":{"a":1,"k":[{"o":{"x":0,"y":0},"i":{"x":1,"y":1},"s":[100],"t":0},{"o":{"x":0,"y":0},"i":{"x":1,"y":1},"s":[0],"t":0.030000001424923543},{"s":[100],"t":24.030000359052792}]}},"ef":[{"ty":29,"en":1,"ef":[{"ty":0,"v":{"a":1,"k":[{"o":{"x":0,"y":0},"i":{"x":1,"y":1},"s":[125],"t":0},{"o":{"x":0,"y":0},"i":{"x":1,"y":1},"s":[125],"t":0.030000001424923543},{"s":[125],"t":24.030000359052792}]}},{"ty":0,"v":{"a":1,"k":[{"o":{"x":0,"y":0},"i":{"x":1,"y":1},"s":[1],"t":0},{"o":{"x":0,"y":0},"i":{"x":1,"y":1},"s":[1],"t":0.030000001424923543},{"s":[1],"t":24.030000359052792}]}},{"ty":4,"v":{"a":1,"k":[{"o":{"x":0,"y":0},"i":{"x":1,"y":1},"s":[0],"t":0},{"o":{"x":0,"y":0},"i":{"x":1,"y":1},"s":[0],"t":0.030000001424923543},{"s":[0],"t":24.030000359052792}]}}]}],"shapes":[{"ty":"sh","d":1,"ks":{"a":1,"k":[{"o":{"x":0,"y":0},"i":{"x":1,"y":1},"s":[{"c":true,"i":[[0,0],[0,-50.92],[-160.42,-98.62],[-3.36,0],[-2.87,1.75],[0,41.11],[51.42,0],[0,0],[51.42,0]],"o":[[-51.42,0],[0,41.11],[2.87,1.75],[3.36,0],[160.42,-98.62],[0,-50.92],[-51.42,0],[0,0],[0,0]],"v":[[93.13,0],[0,92.19],[176.71,329.48],[186.25,332.15],[195.79,329.48],[372.5,92.19],[279.38,0],[186.25,55.88],[93.13,0]]}],"t":0},{"o":{"x":0,"y":0},"i":{"x":1,"y":1},"s":[{"c":true,"i":[[0,0],[0,-50.92],[-160.42,-98.62],[-3.36,0],[-2.87,1.75],[0,41.11],[51.42,0],[0,0],[51.42,0]],"o":[[-51.42,0],[0,41.11],[2.87,1.75],[3.36,0],[160.42,-98.62],[0,-50.92],[-51.42,0],[0,0],[0,0]],"v":[[93.13,0],[0,92.19],[176.71,329.48],[186.25,332.15],[195.79,329.48],[372.5,92.19],[279.38,0],[186.25,55.88],[93.13,0]]}],"t":0.030000001424923543},{"s":[{"c":true,"i":[[0,0],[0,-50.92],[-160.42,-98.62],[-3.36,0],[-2.87,1.75],[0,41.11],[51.42,0],[0,0],[51.42,0]],"o":[[-51.42,0],[0,41.11],[2.87,1.75],[3.36,0],[160.42,-98.62],[0,-50.92],[-51.42,0],[0,0],[0,0]],"v":[[93.13,0],[0,92.19],[176.71,329.48],[186.25,332.15],[195.79,329.48],[372.5,92.19],[279.38,0],[186.25,55.88],[93.13,0]]}],"t":24.030000359052792}]}},{"ty":"st","lc":2,"lj":2,"ml":4,"o":{"a":1,"k":[{"o":{"x":0,"y":0},"i":{"x":1,"y":1},"s":[100],"t":0},{"o":{"x":0,"y":0},"i":{"x":1,"y":1},"s":[100],"t":0.030000001424923543},{"s":[100],"t":24.030000359052792}]},"w":{"a":1,"k":[{"o":{"x":0,"y":0},"i":{"x":1,"y":1},"s":[27.08329963684082],"t":0},{"o":{"x":0,"y":0},"i":{"x":1,"y":1},"s":[27.08329963684082],"t":0.030000001424923543},{"s":[27.08329963684082],"t":24.030000359052792}]},"c":{"a":1,"k":[{"o":{"x":0,"y":0},"i":{"x":1,"y":1},"s":[0.953,0.18,0.486],"t":0},{"o":{"x":0,"y":0},"i":{"x":1,"y":1},"s":[0.953,0.18,0.486],"t":0.030000001424923543},{"s":[0.953,0.18,0.486],"t":24.030000359052792}]}},{"ty":"rc","d":1,"p":{"a":0,"k":[0,0]},"r":{"a":0,"k":0},"s":{"a":0,"k":[709,679]}},{"ty":"fl","c":{"a":0,"k":[0,0,0]},"r":2,"o":{"a":0,"k":0}}],"ind":11},{"ty":4,"sr":1,"st":0,"op":25.030000359052792,"ip":0,"hasMask":false,"ao":0,"ks":{"a":{"a":1,"k":[{"o":{"x":0,"y":0},"i":{"x":1,"y":1},"s":[223.5,199.29],"t":0},{"o":{"x":0,"y":0},"i":{"x":1,"y":1},"s":[223.5,199.29],"t":0.030000001424923543},{"o":{"x":0,"y":0},"i":{"x":1,"y":1},"s":[223.5,199.29],"t":9.030000359052792},{"s":[223.5,199.29],"t":24.030000359052792}]},"s":{"a":1,"k":[{"o":{"x":0,"y":0},"i":{"x":1,"y":1},"s":[100,100],"t":0},{"o":{"x":0,"y":0},"i":{"x":1,"y":1},"s":[100,100],"t":0.030000001424923543},{"o":{"x":0,"y":0},"i":{"x":1,"y":1},"s":[100,100],"t":9.030000359052792},{"s":[100,100],"t":24.030000359052792}]},"p":{"a":1,"k":[{"o":{"x":0,"y":0},"i":{"x":1,"y":1},"s":[365.5,363.15],"t":0},{"o":{"x":0,"y":0},"i":{"x":1,"y":1},"s":[365.5,363.15],"t":0.030000001424923543},{"o":{"x":0,"y":0},"i":{"x":1,"y":1},"s":[365.5,363.15],"t":9.030000359052792},{"s":[365.5,363.15],"t":24.030000359052792}]},"r":{"a":1,"k":[{"o":{"x":0,"y":0},"i":{"x":1,"y":1},"s":[0],"t":0},{"o":{"x":0,"y":0},"i":{"x":1,"y":1},"s":[0],"t":0.030000001424923543},{"o":{"x":0,"y":0},"i":{"x":1,"y":1},"s":[0],"t":9.030000359052792},{"s":[0],"t":24.030000359052792}]},"o":{"a":1,"k":[{"o":{"x":0,"y":0},"i":{"x":1,"y":1},"s":[0],"t":0},{"o":{"x":0,"y":0},"i":{"x":1,"y":1},"s":[100],"t":0.030000001424923543},{"o":{"x":0,"y":0},"i":{"x":1,"y":1},"s":[100],"t":9.030000359052792},{"s":[0],"t":24.030000359052792}]}},"ef":[{"ty":29,"en":1,"ef":[{"ty":0,"v":{"a":1,"k":[{"o":{"x":0,"y":0},"i":{"x":1,"y":1},"s":[125],"t":0},{"o":{"x":0,"y":0},"i":{"x":1,"y":1},"s":[125],"t":0.030000001424923543},{"o":{"x":0,"y":0},"i":{"x":1,"y":1},"s":[125],"t":9.030000359052792},{"s":[125],"t":24.030000359052792}]}},{"ty":0,"v":{"a":1,"k":[{"o":{"x":0,"y":0},"i":{"x":1,"y":1},"s":[1],"t":0},{"o":{"x":0,"y":0},"i":{"x":1,"y":1},"s":[1],"t":0.030000001424923543},{"o":{"x":0,"y":0},"i":{"x":1,"y":1},"s":[1],"t":9.030000359052792},{"s":[1],"t":24.030000359052792}]}},{"ty":4,"v":{"a":1,"k":[{"o":{"x":0,"y":0},"i":{"x":1,"y":1},"s":[0],"t":0},{"o":{"x":0,"y":0},"i":{"x":1,"y":1},"s":[0],"t":0.030000001424923543},{"o":{"x":0,"y":0},"i":{"x":1,"y":1},"s":[0],"t":9.030000359052792},{"s":[0],"t":24.030000359052792}]}}]}],"shapes":[{"ty":"sh","d":1,"ks":{"a":1,"k":[{"o":{"x":0,"y":0},"i":{"x":1,"y":1},"s":[{"c":true,"i":[[0,0],[123.44,0],[0,110.06],[-123.44,0],[0,-110.06]],"o":[[0,110.06],[-123.44,0],[0,-110.06],[123.44,0],[0,0]],"v":[[447,199.29],[223.5,398.58],[0,199.29],[223.5,0],[447,199.29]]}],"t":0},{"o":{"x":0,"y":0},"i":{"x":1,"y":1},"s":[{"c":true,"i":[[0,0],[123.44,0],[0,110.06],[-123.44,0],[0,-110.06]],"o":[[0,110.06],[-123.44,0],[0,-110.06],[123.44,0],[0,0]],"v":[[447,199.29],[223.5,398.58],[0,199.29],[223.5,0],[447,199.29]]}],"t":0.030000001424923543},{"o":{"x":0,"y":0},"i":{"x":1,"y":1},"s":[{"c":true,"i":[[0,0],[123.44,0],[0,110.06],[-123.44,0],[0,-110.06]],"o":[[0,110.06],[-123.44,0],[0,-110.06],[123.44,0],[0,0]],"v":[[447,199.29],[223.5,398.58],[0,199.29],[223.5,0],[447,199.29]]}],"t":9.030000359052792},{"s":[{"c":true,"i":[[0,0],[123.44,0],[0,110.06],[-123.44,0],[0,-110.06]],"o":[[0,110.06],[-123.44,0],[0,-110.06],[123.44,0],[0,0]],"v":[[447,199.29],[223.5,398.58],[0,199.29],[223.5,0],[447,199.29]]}],"t":24.030000359052792}]}},{"ty":"fl","c":{"a":1,"k":[{"o":{"x":0,"y":0},"i":{"x":1,"y":1},"s":[0.2157,0.9059,1],"t":0},{"o":{"x":0,"y":0},"i":{"x":1,"y":1},"s":[0.2157,0.9059,1],"t":0.030000001424923543},{"o":{"x":0,"y":0},"i":{"x":1,"y":1},"s":[0.2157,0.9059,1],"t":9.030000359052792},{"s":[0.2157,0.9059,1],"t":24.030000359052792}]},"r":1,"o":{"a":1,"k":[{"o":{"x":0,"y":0},"i":{"x":1,"y":1},"s":[20.000000298023224],"t":0},{"o":{"x":0,"y":0},"i":{"x":1,"y":1},"s":[20.000000298023224],"t":0.030000001424923543},{"o":{"x":0,"y":0},"i":{"x":1,"y":1},"s":[20.000000298023224],"t":9.030000359052792},{"s":[20.000000298023224],"t":24.030000359052792}]}},{"ty":"rc","d":1,"p":{"a":0,"k":[0,0]},"r":{"a":0,"k":0},"s":{"a":0,"k":[709,679]}},{"ty":"fl","c":{"a":0,"k":[0,0,0]},"r":2,"o":{"a":0,"k":0}}],"ind":12},{"ty":4,"sr":1,"st":0,"op":25.030000359052792,"ip":0,"hasMask":false,"ao":0,"ks":{"a":{"a":1,"k":[{"o":{"x":0,"y":0},"i":{"x":1,"y":1},"s":[223.5,199.29],"t":0},{"o":{"x":0,"y":0},"i":{"x":1,"y":1},"s":[223.5,199.29],"t":0.030000001424923543},{"s":[223.5,199.29],"t":24.030000359052792}]},"s":{"a":1,"k":[{"o":{"x":0,"y":0},"i":{"x":1,"y":1},"s":[100,100],"t":0},{"o":{"x":0,"y":0},"i":{"x":1,"y":1},"s":[100,100],"t":0.030000001424923543},{"s":[100,100],"t":24.030000359052792}]},"p":{"a":1,"k":[{"o":{"x":0,"y":0},"i":{"x":1,"y":1},"s":[365.5,363.15],"t":0},{"o":{"x":0,"y":0},"i":{"x":1,"y":1},"s":[365.5,363.15],"t":0.030000001424923543},{"s":[365.5,363.15],"t":24.030000359052792}]},"r":{"a":1,"k":[{"o":{"x":0,"y":0},"i":{"x":1,"y":1},"s":[0],"t":0},{"o":{"x":0,"y":0},"i":{"x":1,"y":1},"s":[0],"t":0.030000001424923543},{"s":[0],"t":24.030000359052792}]},"o":{"a":1,"k":[{"o":{"x":0,"y":0},"i":{"x":1,"y":1},"s":[100],"t":0},{"o":{"x":0,"y":0},"i":{"x":1,"y":1},"s":[0],"t":0.030000001424923543},{"s":[100],"t":24.030000359052792}]}},"ef":[{"ty":29,"en":1,"ef":[{"ty":0,"v":{"a":1,"k":[{"o":{"x":0,"y":0},"i":{"x":1,"y":1},"s":[125],"t":0},{"o":{"x":0,"y":0},"i":{"x":1,"y":1},"s":[125],"t":0.030000001424923543},{"s":[125],"t":24.030000359052792}]}},{"ty":0,"v":{"a":1,"k":[{"o":{"x":0,"y":0},"i":{"x":1,"y":1},"s":[1],"t":0},{"o":{"x":0,"y":0},"i":{"x":1,"y":1},"s":[1],"t":0.030000001424923543},{"s":[1],"t":24.030000359052792}]}},{"ty":4,"v":{"a":1,"k":[{"o":{"x":0,"y":0},"i":{"x":1,"y":1},"s":[0],"t":0},{"o":{"x":0,"y":0},"i":{"x":1,"y":1},"s":[0],"t":0.030000001424923543},{"s":[0],"t":24.030000359052792}]}}]}],"shapes":[{"ty":"sh","d":1,"ks":{"a":1,"k":[{"o":{"x":0,"y":0},"i":{"x":1,"y":1},"s":[{"c":true,"i":[[0,0],[123.44,0],[0,110.06],[-123.44,0],[0,-110.06]],"o":[[0,110.06],[-123.44,0],[0,-110.06],[123.44,0],[0,0]],"v":[[447,199.29],[223.5,398.58],[0,199.29],[223.5,0],[447,199.29]]}],"t":0},{"o":{"x":0,"y":0},"i":{"x":1,"y":1},"s":[{"c":true,"i":[[0,0],[123.44,0],[0,110.06],[-123.44,0],[0,-110.06]],"o":[[0,110.06],[-123.44,0],[0,-110.06],[123.44,0],[0,0]],"v":[[447,199.29],[223.5,398.58],[0,199.29],[223.5,0],[447,199.29]]}],"t":0.030000001424923543},{"s":[{"c":true,"i":[[0,0],[123.44,0],[0,110.06],[-123.44,0],[0,-110.06]],"o":[[0,110.06],[-123.44,0],[0,-110.06],[123.44,0],[0,0]],"v":[[447,199.29],[223.5,398.58],[0,199.29],[223.5,0],[447,199.29]]}],"t":24.030000359052792}]}},{"ty":"fl","c":{"a":1,"k":[{"o":{"x":0,"y":0},"i":{"x":1,"y":1},"s":[1,0.2157,0.502],"t":0},{"o":{"x":0,"y":0},"i":{"x":1,"y":1},"s":[1,0.2157,0.502],"t":0.030000001424923543},{"s":[1,0.2157,0.502],"t":24.030000359052792}]},"r":1,"o":{"a":1,"k":[{"o":{"x":0,"y":0},"i":{"x":1,"y":1},"s":[20.000000298023224],"t":0},{"o":{"x":0,"y":0},"i":{"x":1,"y":1},"s":[20.000000298023224],"t":0.030000001424923543},{"s":[20.000000298023224],"t":24.030000359052792}]}},{"ty":"rc","d":1,"p":{"a":0,"k":[0,0]},"r":{"a":0,"k":0},"s":{"a":0,"k":[709,679]}},{"ty":"fl","c":{"a":0,"k":[0,0,0]},"r":2,"o":{"a":0,"k":0}}],"ind":13},{"ty":4,"sr":1,"st":0,"op":25.030000359052792,"ip":0,"hasMask":false,"ao":0,"ks":{"a":{"a":1,"k":[{"o":{"x":0,"y":0},"i":{"x":1,"y":1},"s":[354.5,339.5],"t":0},{"o":{"x":0,"y":0},"i":{"x":1,"y":1},"s":[354.5,339.5],"t":0.030000001424923543},{"o":{"x":0,"y":0},"i":{"x":1,"y":1},"s":[354.5,339.5],"t":9.030000359052792},{"s":[354.5,339.5],"t":24.030000359052792}]},"s":{"a":1,"k":[{"o":{"x":0,"y":0},"i":{"x":1,"y":1},"s":[100,100],"t":0},{"o":{"x":0,"y":0},"i":{"x":1,"y":1},"s":[100,100],"t":0.030000001424923543},{"o":{"x":0,"y":0},"i":{"x":1,"y":1},"s":[100,100],"t":9.030000359052792},{"s":[100,100],"t":24.030000359052792}]},"p":{"a":1,"k":[{"o":{"x":0,"y":0},"i":{"x":1,"y":1},"s":[354.5,339.5],"t":0},{"o":{"x":0,"y":0},"i":{"x":1,"y":1},"s":[354.5,339.5],"t":0.030000001424923543},{"o":{"x":0,"y":0},"i":{"x":1,"y":1},"s":[354.5,339.5],"t":9.030000359052792},{"s":[354.5,339.5],"t":24.030000359052792}]},"r":{"a":1,"k":[{"o":{"x":0,"y":0},"i":{"x":1,"y":1},"s":[0],"t":0},{"o":{"x":0,"y":0},"i":{"x":1,"y":1},"s":[0],"t":0.030000001424923543},{"o":{"x":0,"y":0},"i":{"x":1,"y":1},"s":[0],"t":9.030000359052792},{"s":[0],"t":24.030000359052792}]},"o":{"a":1,"k":[{"o":{"x":0,"y":0},"i":{"x":1,"y":1},"s":[0],"t":0},{"o":{"x":0,"y":0},"i":{"x":1,"y":1},"s":[100],"t":0.030000001424923543},{"o":{"x":0,"y":0},"i":{"x":1,"y":1},"s":[100],"t":9.030000359052792},{"s":[0],"t":24.030000359052792}]}},"ef":[{"ty":29,"en":1,"ef":[{"ty":0,"v":{"a":1,"k":[{"o":{"x":0,"y":0},"i":{"x":1,"y":1},"s":[165.23260498046875],"t":0},{"o":{"x":0,"y":0},"i":{"x":1,"y":1},"s":[165.23260498046875],"t":0.030000001424923543},{"o":{"x":0,"y":0},"i":{"x":1,"y":1},"s":[165.23260498046875],"t":9.030000359052792},{"s":[165.23260498046875],"t":24.030000359052792}]}},{"ty":0,"v":{"a":1,"k":[{"o":{"x":0,"y":0},"i":{"x":1,"y":1},"s":[1],"t":0},{"o":{"x":0,"y":0},"i":{"x":1,"y":1},"s":[1],"t":0.030000001424923543},{"o":{"x":0,"y":0},"i":{"x":1,"y":1},"s":[1],"t":9.030000359052792},{"s":[1],"t":24.030000359052792}]}},{"ty":4,"v":{"a":1,"k":[{"o":{"x":0,"y":0},"i":{"x":1,"y":1},"s":[0],"t":0},{"o":{"x":0,"y":0},"i":{"x":1,"y":1},"s":[0],"t":0.030000001424923543},{"o":{"x":0,"y":0},"i":{"x":1,"y":1},"s":[0],"t":9.030000359052792},{"s":[0],"t":24.030000359052792}]}}]}],"shapes":[{"ty":"sh","d":1,"ks":{"a":1,"k":[{"o":{"x":0,"y":0},"i":{"x":1,"y":1},"s":[{"c":true,"i":[[0,0],[195.78,0],[0,187.5],[-195.78,0],[0,-187.5]],"o":[[0,187.5],[-195.78,0],[0,-187.5],[195.78,0],[0,0]],"v":[[709,339.5],[354.5,679],[0,339.5],[354.5,0],[709,339.5]]}],"t":0},{"o":{"x":0,"y":0},"i":{"x":1,"y":1},"s":[{"c":true,"i":[[0,0],[195.78,0],[0,187.5],[-195.78,0],[0,-187.5]],"o":[[0,187.5],[-195.78,0],[0,-187.5],[195.78,0],[0,0]],"v":[[709,339.5],[354.5,679],[0,339.5],[354.5,0],[709,339.5]]}],"t":0.030000001424923543},{"o":{"x":0,"y":0},"i":{"x":1,"y":1},"s":[{"c":true,"i":[[0,0],[195.78,0],[0,187.5],[-195.78,0],[0,-187.5]],"o":[[0,187.5],[-195.78,0],[0,-187.5],[195.78,0],[0,0]],"v":[[709,339.5],[354.5,679],[0,339.5],[354.5,0],[709,339.5]]}],"t":9.030000359052792},{"s":[{"c":true,"i":[[0,0],[195.78,0],[0,187.5],[-195.78,0],[0,-187.5]],"o":[[0,187.5],[-195.78,0],[0,-187.5],[195.78,0],[0,0]],"v":[[709,339.5],[354.5,679],[0,339.5],[354.5,0],[709,339.5]]}],"t":24.030000359052792}]}},{"ty":"fl","c":{"a":1,"k":[{"o":{"x":0,"y":0},"i":{"x":1,"y":1},"s":[0.2,0.4863,0.9137],"t":0},{"o":{"x":0,"y":0},"i":{"x":1,"y":1},"s":[0.2,0.4863,0.9137],"t":0.030000001424923543},{"o":{"x":0,"y":0},"i":{"x":1,"y":1},"s":[0.2,0.4863,0.9137],"t":9.030000359052792},{"s":[0.2,0.4863,0.9137],"t":24.030000359052792}]},"r":1,"o":{"a":1,"k":[{"o":{"x":0,"y":0},"i":{"x":1,"y":1},"s":[15.000000596046448],"t":0},{"o":{"x":0,"y":0},"i":{"x":1,"y":1},"s":[15.000000596046448],"t":0.030000001424923543},{"o":{"x":0,"y":0},"i":{"x":1,"y":1},"s":[15.000000596046448],"t":9.030000359052792},{"s":[15.000000596046448],"t":24.030000359052792}]}},{"ty":"rc","d":1,"p":{"a":0,"k":[0,0]},"r":{"a":0,"k":0},"s":{"a":0,"k":[709,679]}},{"ty":"fl","c":{"a":0,"k":[0,0,0]},"r":2,"o":{"a":0,"k":0}}],"ind":14}],"v":"5.7.0","fr":30,"op":24.030000359052792,"ip":0,"assets":[]}