{"v":"5.6.8","fr":60,"ip":0,"op":420,"w":512,"h":512,"nm":"battery","ddd":0,"assets":[],"layers":[{"ddd":0,"ind":1,"ty":4,"nm":"borde","sr":1,"ks":{"o":{"a":0,"k":100,"ix":11},"r":{"a":0,"k":0,"ix":10},"p":{"a":0,"k":[258,274,0],"ix":2},"a":{"a":0,"k":[88.75,211.443,0],"ix":1},"s":{"a":0,"k":[100,100,100],"ix":6}},"ao":0,"shapes":[{"ty":"gr","it":[{"ind":0,"ty":"sh","ix":1,"ks":{"a":0,"k":{"i":[[14.85,0],[0,0],[0,-14.85],[0,0],[-14.85,0],[0,0],[0,14.849],[0,0]],"o":[[0,0],[-14.85,0],[0,0],[0,14.849],[0,0],[14.85,0],[0,0],[0,-14.85]],"v":[[61.5,-211.193],[-61.5,-211.193],[-88.5,-184.193],[-88.5,184.194],[-61.5,211.194],[61.5,211.194],[88.5,184.194],[88.5,-184.193]],"c":true},"ix":2},"nm":"Trazado 1","mn":"ADBE Vector Shape - Group","hd":false},{"ind":1,"ty":"sh","ix":2,"ks":{"a":0,"k":{"i":[[0,0],[0,-10.199],[0,0],[10.199,0],[0,0],[0,10.198],[0,0],[-10.199,0]],"o":[[10.199,0],[0,0],[0,10.198],[0,0],[-10.199,0],[0,0],[0,-10.199],[0,0]],"v":[[61.5,-202.689],[79.996,-184.193],[79.996,184.194],[61.5,202.689],[-61.5,202.689],[-79.996,184.194],[-79.996,-184.193],[-61.5,-202.689]],"c":true},"ix":2},"nm":"Trazado 2","mn":"ADBE Vector Shape - Group","hd":false},{"ty":"mm","mm":1,"nm":"Combinar trazados 1","mn":"ADBE Vector Filter - Merge","hd":false},{"ty":"fl","c":{"a":0,"k":[0.470999983245,0.760999971278,0.847000002394,1],"ix":4},"o":{"a":0,"k":100,"ix":5},"r":1,"bm":0,"nm":"Relleno 1","mn":"ADBE Vector Graphic - Fill","hd":false},{"ty":"tr","p":{"a":0,"k":[88.75,211.444],"ix":2},"a":{"a":0,"k":[0,0],"ix":1},"s":{"a":0,"k":[100,100],"ix":3},"r":{"a":0,"k":0,"ix":6},"o":{"a":0,"k":100,"ix":7},"sk":{"a":0,"k":0,"ix":4},"sa":{"a":0,"k":0,"ix":5},"nm":"Transformar"}],"nm":"Grupo 1","np":6,"cix":2,"bm":0,"ix":1,"mn":"ADBE Vector Group","hd":false}],"ip":0,"op":420,"st":0,"bm":0},{"ddd":0,"ind":2,"ty":4,"nm":"rayo","sr":1,"ks":{"o":{"a":0,"k":100,"ix":11},"r":{"a":0,"k":0,"ix":10},"p":{"a":0,"k":[257.5,258.5,0],"ix":2},"a":{"a":0,"k":[44.75,80.75,0],"ix":1},"s":{"a":1,"k":[{"i":{"x":[0.833,0.833,0.833],"y":[0.833,0.833,0.833]},"o":{"x":[0.167,0.167,0.167],"y":[0.167,0.167,0.167]},"t":0,"s":[100,100,100]},{"i":{"x":[0.833,0.833,0.833],"y":[0.833,0.833,0.833]},"o":{"x":[0.167,0.167,0.167],"y":[0.167,0.167,0.167]},"t":30,"s":[80,80,100]},{"i":{"x":[0.833,0.833,0.833],"y":[0.833,0.833,0.833]},"o":{"x":[0.167,0.167,0.167],"y":[0.167,0.167,0.167]},"t":60,"s":[100,100,100]},{"i":{"x":[0.833,0.833,0.833],"y":[0.833,0.833,0.833]},"o":{"x":[0.167,0.167,0.167],"y":[0.167,0.167,0.167]},"t":90,"s":[80,80,100]},{"i":{"x":[0.833,0.833,0.833],"y":[0.833,0.833,0.833]},"o":{"x":[0.167,0.167,0.167],"y":[0.167,0.167,0.167]},"t":120,"s":[100,100,100]},{"i":{"x":[0.833,0.833,0.833],"y":[0.833,0.833,0.833]},"o":{"x":[0.167,0.167,0.167],"y":[0.167,0.167,0.167]},"t":150,"s":[80,80,100]},{"i":{"x":[0.833,0.833,0.833],"y":[0.833,0.833,0.833]},"o":{"x":[0.167,0.167,0.167],"y":[0.167,0.167,0.167]},"t":180,"s":[100,100,100]},{"i":{"x":[0.833,0.833,0.833],"y":[0.833,0.833,0.833]},"o":{"x":[0.167,0.167,0.167],"y":[0.167,0.167,0.167]},"t":210,"s":[80,80,100]},{"i":{"x":[0.833,0.833,0.833],"y":[0.833,0.833,0.833]},"o":{"x":[0.167,0.167,0.167],"y":[0.167,0.167,0.167]},"t":240,"s":[100,100,100]},{"i":{"x":[0.833,0.833,0.833],"y":[0.833,0.833,0.833]},"o":{"x":[0.167,0.167,0.167],"y":[0.167,0.167,0.167]},"t":270,"s":[80,80,100]},{"i":{"x":[0.833,0.833,0.833],"y":[0.833,0.833,0.833]},"o":{"x":[0.167,0.167,0.167],"y":[0.167,0.167,0.167]},"t":299,"s":[100,100,100]},{"i":{"x":[0.833,0.833,0.833],"y":[0.833,0.833,0.833]},"o":{"x":[0.167,0.167,0.167],"y":[0.167,0.167,0.167]},"t":330,"s":[80,80,100]},{"i":{"x":[0.833,0.833,0.833],"y":[0.833,0.833,0.833]},"o":{"x":[0.167,0.167,0.167],"y":[0.167,0.167,0.167]},"t":360,"s":[100,100,100]},{"i":{"x":[0.833,0.833,0.833],"y":[0.833,0.833,0.833]},"o":{"x":[0.167,0.167,0.167],"y":[0.167,0.167,0.167]},"t":390,"s":[80,80,100]},{"t":419,"s":[100,100,100]}],"ix":6}},"ao":0,"shapes":[{"ty":"gr","it":[{"ind":0,"ty":"sh","ix":1,"ks":{"a":0,"k":{"i":[[0,0],[0,0],[0,0],[0,0],[0,0],[0,0]],"o":[[0,0],[0,0],[0,0],[0,0],[0,0],[0,0]],"v":[[21.5,-80.5],[-44.5,11.5],[-6.5,11.5],[-23.5,80.5],[44.5,-11.5],[6.5,-11.5]],"c":true},"ix":2},"nm":"Trazado 1","mn":"ADBE Vector Shape - Group","hd":false},{"ty":"fl","c":{"a":0,"k":[0.987999949736,0.933000033509,0.128999986836,1],"ix":4},"o":{"a":0,"k":100,"ix":5},"r":1,"bm":0,"nm":"Relleno 1","mn":"ADBE Vector Graphic - Fill","hd":false},{"ty":"tr","p":{"a":0,"k":[44.75,80.75],"ix":2},"a":{"a":0,"k":[0,0],"ix":1},"s":{"a":0,"k":[100,100],"ix":3},"r":{"a":0,"k":0,"ix":6},"o":{"a":0,"k":100,"ix":7},"sk":{"a":0,"k":0,"ix":4},"sa":{"a":0,"k":0,"ix":5},"nm":"Transformar"}],"nm":"Grupo 1","np":2,"cix":2,"bm":0,"ix":1,"mn":"ADBE Vector Group","hd":false}],"ip":0,"op":420,"st":0,"bm":0},{"ddd":0,"ind":3,"ty":4,"nm":"punta","sr":1,"ks":{"o":{"a":0,"k":100,"ix":11},"r":{"a":0,"k":0,"ix":10},"p":{"a":0,"k":[258,39,0],"ix":2},"a":{"a":0,"k":[33.25,14.25,0],"ix":1},"s":{"a":0,"k":[100,100,100],"ix":6}},"ao":0,"shapes":[{"ty":"gr","it":[{"ind":0,"ty":"sh","ix":1,"ks":{"a":0,"k":{"i":[[0,0],[0,0],[-33,0],[0,0]],"o":[[0,0],[0,0],[33,0],[0,0]],"v":[[0,14],[-33,14],[0,-14],[33,14]],"c":false},"ix":2},"nm":"Trazado 1","mn":"ADBE Vector Shape - Group","hd":false},{"ty":"fl","c":{"a":0,"k":[0.470999983245,0.760999971278,0.847000002394,1],"ix":4},"o":{"a":0,"k":100,"ix":5},"r":1,"bm":0,"nm":"Relleno 1","mn":"ADBE Vector Graphic - Fill","hd":false},{"ty":"tr","p":{"a":0,"k":[33.25,14.25],"ix":2},"a":{"a":0,"k":[0,0],"ix":1},"s":{"a":0,"k":[100,100],"ix":3},"r":{"a":0,"k":0,"ix":6},"o":{"a":0,"k":100,"ix":7},"sk":{"a":0,"k":0,"ix":4},"sa":{"a":0,"k":0,"ix":5},"nm":"Transformar"}],"nm":"Grupo 1","np":4,"cix":2,"bm":0,"ix":1,"mn":"ADBE Vector Group","hd":false}],"ip":0,"op":420,"st":0,"bm":0},{"ddd":0,"ind":4,"ty":4,"nm":"brillo","sr":1,"ks":{"o":{"a":0,"k":100,"ix":11},"r":{"a":0,"k":0,"ix":10},"p":{"a":0,"k":[263.2,274.035,0],"ix":2},"a":{"a":0,"k":[63,190.897,0],"ix":1},"s":{"a":0,"k":[100,100,100],"ix":6}},"ao":0,"shapes":[{"ty":"gr","it":[{"ind":0,"ty":"sh","ix":1,"ks":{"a":0,"k":{"i":[[0,-9.789],[0,0],[10.082,0],[0,0],[2.499,1.303],[-0.521,0],[0,0],[0,10.322],[0,0],[5.942,3.111]],"o":[[0,0],[0,10.322],[0,0],[-2.981,0],[0.511,0.05],[0,0],[10.081,0],[0,0],[0,-7.27],[9.368,0.81]],"v":[[63,-172.199],[63,172.13],[44.669,190.898],[-54.703,190.898],[-63,188.853],[-61.457,188.922],[37.916,188.922],[56.246,170.155],[56.246,-174.175],[46.213,-190.897]],"c":true},"ix":2},"nm":"Trazado 1","mn":"ADBE Vector Shape - Group","hd":false},{"ty":"fl","c":{"a":0,"k":[1,1,1,1],"ix":4},"o":{"a":0,"k":100,"ix":5},"r":1,"bm":0,"nm":"Relleno 1","mn":"ADBE Vector Graphic - Fill","hd":false},{"ty":"tr","p":{"a":0,"k":[63,190.897],"ix":2},"a":{"a":0,"k":[0,0],"ix":1},"s":{"a":0,"k":[100,100],"ix":3},"r":{"a":0,"k":0,"ix":6},"o":{"a":0,"k":100,"ix":7},"sk":{"a":0,"k":0,"ix":4},"sa":{"a":0,"k":0,"ix":5},"nm":"Transformar"}],"nm":"Grupo 1","np":4,"cix":2,"bm":0,"ix":1,"mn":"ADBE Vector Group","hd":false}],"ip":0,"op":420,"st":0,"bm":0},{"ddd":0,"ind":5,"ty":4,"nm":"cristal","sr":1,"ks":{"o":{"a":0,"k":100,"ix":11},"r":{"a":0,"k":0,"ix":10},"p":{"a":0,"k":[258,274,0],"ix":2},"a":{"a":0,"k":[70.5,193.295,0],"ix":1},"s":{"a":0,"k":[100,100,100],"ix":6}},"ao":0,"shapes":[{"ty":"gr","it":[{"ind":0,"ty":"sh","ix":1,"ks":{"a":0,"k":{"i":[[10.45,0],[0,0],[0,10.449],[0,0],[-10.45,0],[0,0],[0,-10.451],[0,0]],"o":[[0,0],[-10.45,0],[0,0],[0,-10.451],[0,0],[10.45,0],[0,0],[0,10.449]],"v":[[51.5,193.296],[-51.5,193.296],[-70.5,174.296],[-70.5,-174.295],[-51.5,-193.295],[51.5,-193.295],[70.5,-174.295],[70.5,174.296]],"c":true},"ix":2},"nm":"Trazado 1","mn":"ADBE Vector Shape - Group","hd":false},{"ty":"gf","o":{"a":0,"k":100,"ix":10},"r":1,"bm":0,"g":{"p":3,"k":{"a":0,"k":[0,0.8,0.878,0.957,0.46,0.635,0.82,0.902,1,0.471,0.761,0.847,0,0.4,0.5,0.4,1,0.4],"ix":9}},"s":{"a":0,"k":[0,0],"ix":5},"e":{"a":0,"k":[100,0],"ix":6},"t":2,"h":{"a":0,"k":0,"ix":7},"a":{"a":0,"k":0,"ix":8},"nm":"Relleno de degradado 1","mn":"ADBE Vector Graphic - G-Fill","hd":false},{"ty":"tr","p":{"a":0,"k":[70.5,193.295],"ix":2},"a":{"a":0,"k":[0,0],"ix":1},"s":{"a":0,"k":[100,100],"ix":3},"r":{"a":0,"k":0,"ix":6},"o":{"a":0,"k":100,"ix":7},"sk":{"a":0,"k":0,"ix":4},"sa":{"a":0,"k":0,"ix":5},"nm":"Transformar"}],"nm":"Grupo 1","np":4,"cix":2,"bm":0,"ix":1,"mn":"ADBE Vector Group","hd":false}],"ip":0,"op":420,"st":0,"bm":0},{"ddd":0,"ind":6,"ty":1,"nm":"Capa de ajuste 2","td":1,"sr":1,"ks":{"o":{"a":0,"k":100,"ix":11},"r":{"a":0,"k":0,"ix":10},"p":{"a":0,"k":[256,256,0],"ix":2},"a":{"a":0,"k":[256,256,0],"ix":1},"s":{"a":0,"k":[100,100,100],"ix":6}},"ao":0,"hasMask":true,"masksProperties":[{"inv":false,"mode":"a","pt":{"a":0,"k":{"i":[[0,0],[4.308,3.88],[0,0],[0,0],[3.921,-4.893],[0,0],[0,0],[-5.089,-5.605],[0,0],[0,0],[-4.168,4.645],[0,0]],"o":[[0,0],[-4.308,-3.88],[0,0],[0,0],[-3.921,4.893],[0,0],[0,0],[5.089,5.605],[0,0],[0,0],[4.168,-4.645],[0,0]],"v":[[327.982,95.438],[322.933,86.067],[313.688,81.125],[202.125,80.938],[192.733,86.357],[187.938,95.438],[187.914,450.771],[192.286,461.208],[202.063,467.021],[314,466.959],[323.707,461.582],[328.045,452.834]],"c":true},"ix":1},"o":{"a":0,"k":100,"ix":3},"x":{"a":0,"k":0,"ix":4},"nm":"MÃÂ¡scara 1"}],"sw":512,"sh":512,"sc":"#ffffff","ip":0,"op":420,"st":0,"bm":0},{"ddd":0,"ind":7,"ty":4,"nm":"liquidoCapaFrontal","tt":1,"sr":1,"ks":{"o":{"a":0,"k":100,"ix":11},"r":{"a":0,"k":0,"ix":10},"p":{"a":1,"k":[{"i":{"x":0.833,"y":0.853},"o":{"x":0.167,"y":0.167},"t":0,"s":[553.75,1651,0],"to":[111.067,-55.815,0],"ti":[-199.015,100.011,0]},{"i":{"x":0.833,"y":0.835},"o":{"x":0.167,"y":0.326},"t":328,"s":[1255.972,1298.111,0],"to":[36.911,-18.549,0],"ti":[-20.599,10.352,0]},{"t":419,"s":[1343.75,1254,0]}],"ix":2},"a":{"a":0,"k":[0,0,0],"ix":1},"s":{"a":0,"k":[532,532,100],"ix":6}},"ao":0,"shapes":[{"ty":"gr","it":[{"ind":0,"ty":"sh","ix":1,"ks":{"a":0,"k":{"i":[[0,0],[0,0],[0,0],[0,0],[14.25,0],[0,0],[15.008,0],[0,0],[17.25,0],[0,0],[17.25,0],[0,0],[15.25,0],[0,0],[15.25,0]],"o":[[0,0],[0,0],[0,0],[0,0],[-14.25,0],[0,0],[-15.5,0],[0,0],[-17.25,0],[0,0],[-17.25,0],[0,0],[-15.25,0],[0,0],[-15.25,0]],"v":[[-372.5,-214.5],[-372,126.5],[-33.5,126.5],[-33.531,-214.5],[-58.25,-217.5],[-82.25,-214.5],[-109.25,-211.5],[-140.25,-214.5],[-171.25,-217.5],[-203.25,-214.5],[-234.25,-211.5],[-264.25,-214.5],[-292.25,-217.5],[-318.25,-214.5],[-346.25,-211.5]],"c":true},"ix":2},"nm":"Trazado 1","mn":"ADBE Vector Shape - Group","hd":false},{"ty":"st","c":{"a":0,"k":[1,1,0,1],"ix":3},"o":{"a":0,"k":100,"ix":4},"w":{"a":0,"k":0,"ix":5},"lc":1,"lj":1,"ml":4,"bm":0,"nm":"Trazo 1","mn":"ADBE Vector Graphic - Stroke","hd":false},{"ty":"fl","c":{"a":1,"k":[{"i":{"x":[0.833],"y":[0.833]},"o":{"x":[0.167],"y":[0.167]},"t":90,"s":[1,0.843137264252,0,1]},{"t":270,"s":[0.537254901961,0.890196078431,0.243137254902,1]}],"ix":4},"o":{"a":0,"k":100,"ix":5},"r":1,"bm":0,"nm":"Relleno 1","mn":"ADBE Vector Graphic - Fill","hd":false},{"ty":"tr","p":{"a":0,"k":[-121.205,-166.039],"ix":2},"a":{"a":0,"k":[0,0],"ix":1},"s":{"a":0,"k":[26,26],"ix":3},"r":{"a":0,"k":0,"ix":6},"o":{"a":0,"k":100,"ix":7},"sk":{"a":0,"k":0,"ix":4},"sa":{"a":0,"k":0,"ix":5},"nm":"Transformar"}],"nm":"Forma 2","np":3,"cix":2,"bm":0,"ix":1,"mn":"ADBE Vector Group","hd":false},{"ty":"gr","it":[{"ind":0,"ty":"sh","ix":1,"ks":{"a":0,"k":{"i":[[0,0],[0,0],[0,0],[0,0],[14.25,0],[0,0],[15.008,0],[0,0],[17.25,0],[0,0],[17.25,0],[0,0],[15.25,0],[0,0],[15.25,0]],"o":[[0,0],[0,0],[0,0],[0,0],[-14.25,0],[0,0],[-15.5,0],[0,0],[-17.25,0],[0,0],[-17.25,0],[0,0],[-15.25,0],[0,0],[-15.25,0]],"v":[[-372.5,-214.5],[-372,126.5],[-33.5,126.5],[-33.531,-214.5],[-58.25,-217.5],[-82.25,-214.5],[-109.25,-211.5],[-140.25,-214.5],[-171.25,-217.5],[-203.25,-214.5],[-234.25,-211.5],[-264.25,-214.5],[-292.25,-217.5],[-318.25,-214.5],[-346.25,-211.5]],"c":true},"ix":2},"nm":"Trazado 1","mn":"ADBE Vector Shape - Group","hd":false},{"ty":"st","c":{"a":0,"k":[1,1,0,1],"ix":3},"o":{"a":0,"k":100,"ix":4},"w":{"a":0,"k":0,"ix":5},"lc":1,"lj":1,"ml":4,"bm":0,"nm":"Trazo 1","mn":"ADBE Vector Graphic - Stroke","hd":false},{"ty":"fl","c":{"a":1,"k":[{"i":{"x":[0.833],"y":[0.833]},"o":{"x":[0.167],"y":[0.167]},"t":0,"s":[0.890196084976,0.243137255311,0.243137255311,1]},{"i":{"x":[0.833],"y":[0.833]},"o":{"x":[0.167],"y":[0.167]},"t":90,"s":[1,0.843137264252,0,1]},{"t":270,"s":[0.537254901961,0.890196078431,0.243137254902,1]}],"ix":4},"o":{"a":0,"k":100,"ix":5},"r":1,"bm":0,"nm":"Relleno 1","mn":"ADBE Vector Graphic - Fill","hd":false},{"ty":"tr","p":{"a":0,"k":[-33.08,-166.039],"ix":2},"a":{"a":0,"k":[0,0],"ix":1},"s":{"a":0,"k":[26,26],"ix":3},"r":{"a":0,"k":0,"ix":6},"o":{"a":0,"k":100,"ix":7},"sk":{"a":0,"k":0,"ix":4},"sa":{"a":0,"k":0,"ix":5},"nm":"Transformar"}],"nm":"Forma 1","np":3,"cix":2,"bm":0,"ix":2,"mn":"ADBE Vector Group","hd":false}],"ip":0,"op":540,"st":0,"bm":0},{"ddd":0,"ind":8,"ty":1,"nm":"Capa de ajuste 2","td":1,"sr":1,"ks":{"o":{"a":0,"k":100,"ix":11},"r":{"a":0,"k":0,"ix":10},"p":{"a":0,"k":[256,256,0],"ix":2},"a":{"a":0,"k":[256,256,0],"ix":1},"s":{"a":0,"k":[100,100,100],"ix":6}},"ao":0,"hasMask":true,"masksProperties":[{"inv":false,"mode":"a","pt":{"a":0,"k":{"i":[[0,0],[4.308,3.88],[0,0],[0,0],[3.921,-4.893],[0,0],[0,0],[-5.089,-5.605],[0,0],[0,0],[-4.168,4.645],[0,0]],"o":[[0,0],[-4.308,-3.88],[0,0],[0,0],[-3.921,4.893],[0,0],[0,0],[5.089,5.605],[0,0],[0,0],[4.168,-4.645],[0,0]],"v":[[327.982,95.438],[322.933,86.067],[313.688,81.125],[202.125,80.938],[192.733,86.357],[187.938,95.438],[187.938,450.771],[192.286,461.208],[202.063,467.021],[314,466.959],[323.707,461.582],[328.045,452.834]],"c":true},"ix":1},"o":{"a":0,"k":100,"ix":3},"x":{"a":0,"k":0,"ix":4},"nm":"MÃÂ¡scara 1"}],"sw":512,"sh":512,"sc":"#ffffff","ip":0,"op":660,"st":0,"bm":0},{"ddd":0,"ind":9,"ty":4,"nm":"liquidoCapaTrasera","tt":1,"sr":1,"ks":{"o":{"a":0,"k":100,"ix":11},"r":{"a":0,"k":0,"ix":10},"p":{"a":1,"k":[{"i":{"x":0.833,"y":0.833},"o":{"x":0.167,"y":0.167},"t":0,"s":[-40.25,1651,0],"to":[-111.067,-55.815,0],"ti":[199.015,100.012,0]},{"i":{"x":0.833,"y":0.833},"o":{"x":0.167,"y":0.167},"t":328,"s":[-742.472,1298.111,0],"to":[-36.911,-18.549,0],"ti":[20.599,10.352,0]},{"t":419,"s":[-830.25,1254,0]}],"ix":2},"a":{"a":0,"k":[0,0,0],"ix":1},"s":{"a":0,"k":[-532,532,100],"ix":6}},"ao":0,"shapes":[{"ty":"gr","it":[{"ind":0,"ty":"sh","ix":1,"ks":{"a":0,"k":{"i":[[0,0],[0,0],[0,0],[0,0],[14.25,0],[0,0],[15.008,0],[0,0],[17.25,0],[0,0],[17.25,0],[0,0],[15.25,0],[0,0],[15.25,0]],"o":[[0,0],[0,0],[0,0],[0,0],[-14.25,0],[0,0],[-15.5,0],[0,0],[-17.25,0],[0,0],[-17.25,0],[0,0],[-15.25,0],[0,0],[-15.25,0]],"v":[[-372.5,-214.5],[-372,126.5],[-33.5,126.5],[-33.531,-214.5],[-58.25,-217.5],[-82.25,-214.5],[-109.25,-211.5],[-140.25,-214.5],[-171.25,-217.5],[-203.25,-214.5],[-234.25,-211.5],[-264.25,-214.5],[-292.25,-217.5],[-318.25,-214.5],[-346.25,-211.5]],"c":true},"ix":2},"nm":"Trazado 1","mn":"ADBE Vector Shape - Group","hd":false},{"ty":"st","c":{"a":0,"k":[1,1,0,1],"ix":3},"o":{"a":0,"k":100,"ix":4},"w":{"a":0,"k":0,"ix":5},"lc":1,"lj":1,"ml":4,"bm":0,"nm":"Trazo 1","mn":"ADBE Vector Graphic - Stroke","hd":false},{"ty":"gf","o":{"a":0,"k":100,"ix":10},"r":1,"bm":0,"g":{"p":3,"k":{"a":1,"k":[{"i":{"x":0.833,"y":0.833},"o":{"x":0.167,"y":0.167},"t":0,"s":[0,0.753,0.075,0.075,0.46,0.753,0.394,0.075,1,0.753,0.714,0.075]},{"i":{"x":0.833,"y":0.833},"o":{"x":0.167,"y":0.167},"t":90,"s":[0,0.8,0.878,0.957,0.46,0.776,0.796,0.516,1,0.753,0.714,0.075]},{"t":270,"s":[0,0.8,0.878,0.957,0.46,0.482,0.824,0.714,1,0.165,0.769,0.471]}],"ix":9}},"s":{"a":0,"k":[-132,-62],"ix":5},"e":{"a":0,"k":[-19,68],"ix":6},"t":2,"h":{"a":0,"k":0,"ix":7},"a":{"a":0,"k":0,"ix":8},"nm":"Relleno de degradado 1","mn":"ADBE Vector Graphic - G-Fill","hd":false},{"ty":"tr","p":{"a":0,"k":[-121.205,-166.039],"ix":2},"a":{"a":0,"k":[0,0],"ix":1},"s":{"a":0,"k":[26,26],"ix":3},"r":{"a":0,"k":0,"ix":6},"o":{"a":0,"k":100,"ix":7},"sk":{"a":0,"k":0,"ix":4},"sa":{"a":0,"k":0,"ix":5},"nm":"Transformar"}],"nm":"Forma 2","np":3,"cix":2,"bm":0,"ix":1,"mn":"ADBE Vector Group","hd":false},{"ty":"gr","it":[{"ind":0,"ty":"sh","ix":1,"ks":{"a":0,"k":{"i":[[0,0],[0,0],[0,0],[0,0],[14.25,0],[0,0],[15.008,0],[0,0],[17.25,0],[0,0],[17.25,0],[0,0],[15.25,0],[0,0],[15.25,0]],"o":[[0,0],[0,0],[0,0],[0,0],[-14.25,0],[0,0],[-15.5,0],[0,0],[-17.25,0],[0,0],[-17.25,0],[0,0],[-15.25,0],[0,0],[-15.25,0]],"v":[[-372.5,-214.5],[-372,126.5],[-33.5,126.5],[-33.531,-214.5],[-58.25,-217.5],[-82.25,-214.5],[-109.25,-211.5],[-140.25,-214.5],[-171.25,-217.5],[-203.25,-214.5],[-234.25,-211.5],[-264.25,-214.5],[-292.25,-217.5],[-318.25,-214.5],[-346.25,-211.5]],"c":true},"ix":2},"nm":"Trazado 1","mn":"ADBE Vector Shape - Group","hd":false},{"ty":"st","c":{"a":0,"k":[1,1,0,1],"ix":3},"o":{"a":0,"k":100,"ix":4},"w":{"a":0,"k":0,"ix":5},"lc":1,"lj":1,"ml":4,"bm":0,"nm":"Trazo 1","mn":"ADBE Vector Graphic - Stroke","hd":false},{"ty":"gf","o":{"a":0,"k":100,"ix":10},"r":1,"bm":0,"g":{"p":3,"k":{"a":1,"k":[{"i":{"x":0.833,"y":0.833},"o":{"x":0.167,"y":0.167},"t":0,"s":[0,0.753,0.075,0.075,0.46,0.753,0.394,0.075,1,0.753,0.714,0.075]},{"i":{"x":0.833,"y":0.833},"o":{"x":0.167,"y":0.167},"t":90,"s":[0,0.8,0.878,0.957,0.46,0.776,0.796,0.516,1,0.753,0.714,0.075]},{"t":270,"s":[0,0.8,0.878,0.957,0.46,0.482,0.824,0.714,1,0.165,0.769,0.471]}],"ix":9}},"s":{"a":0,"k":[-132,-62],"ix":5},"e":{"a":0,"k":[-19,68],"ix":6},"t":2,"h":{"a":0,"k":0,"ix":7},"a":{"a":0,"k":0,"ix":8},"nm":"Relleno de degradado 1","mn":"ADBE Vector Graphic - G-Fill","hd":false},{"ty":"tr","p":{"a":0,"k":[-33.08,-166.039],"ix":2},"a":{"a":0,"k":[0,0],"ix":1},"s":{"a":0,"k":[26,26],"ix":3},"r":{"a":0,"k":0,"ix":6},"o":{"a":0,"k":100,"ix":7},"sk":{"a":0,"k":0,"ix":4},"sa":{"a":0,"k":0,"ix":5},"nm":"Transformar"}],"nm":"Forma 1","np":3,"cix":2,"bm":0,"ix":2,"mn":"ADBE Vector Group","hd":false}],"ip":0,"op":420,"st":0,"bm":0}],"markers":[]}