{"v":"5.8.1","fr":30,"ip":0,"op":60,"w":585,"h":720,"nm":"power_scan","ddd":0,"assets":[],"layers":[{"ddd":0,"ind":1,"ty":4,"nm":"scan 2","sr":1,"ks":{"o":{"a":0,"k":100,"ix":11},"r":{"a":0,"k":0,"ix":10},"p":{"a":1,"k":[{"i":{"x":0.667,"y":1},"o":{"x":0.333,"y":0},"t":0,"s":[284.678,120.466,0],"to":[0,72,0],"ti":[0,0,0]},{"i":{"x":0.667,"y":1},"o":{"x":0.333,"y":0},"t":30,"s":[284.678,552.466,0],"to":[0,0,0],"ti":[0,72,0]},{"t":60,"s":[284.678,120.466,0]}],"ix":2,"l":2},"a":{"a":0,"k":[0,0,0],"ix":1,"l":2},"s":{"a":0,"k":[100,100,100],"ix":6,"l":2}},"ao":0,"shapes":[{"ty":"gr","it":[{"ind":0,"ty":"sh","ix":1,"ks":{"a":0,"k":{"i":[[42.188,1.481],[-42.188,0.527],[-21.094,0.194],[0,0],[0,0],[0,0],[0,0],[0,0],[-42.188,-1.49],[42.188,-0.524],[0,0],[0,0],[0,0],[0,0],[0,0],[21.094,0.33]],"o":[[42.188,-1.481],[21.094,-0.33],[0,0],[0,0],[0,0],[0,0],[0,0],[42.188,0.524],[-42.188,1.49],[0,0],[0,0],[0,0],[0,0],[0,0],[-21.094,-0.194],[-42.188,-0.527]],"v":[[-253.125,0],[-126.563,-2.783],[-63.281,-3.38],[0,-3.578],[63.281,-3.39],[94.922,-3.137],[110.742,-3.003],[126.562,-2.794],[253.125,0],[126.562,2.794],[110.742,3.003],[94.922,3.137],[63.281,3.39],[0,3.578],[-63.281,3.38],[-126.563,2.783]],"c":true},"ix":2},"nm":"Path 1","mn":"ADBE Vector Shape - Group","hd":false},{"ty":"fl","c":{"a":0,"k":[0.72549021244,0.607843160629,0.992156863213,1],"ix":4},"o":{"a":0,"k":100,"ix":5},"r":1,"bm":0,"nm":"Fill 1","mn":"ADBE Vector Graphic - Fill","hd":false},{"ty":"tr","p":{"a":0,"k":[0,0],"ix":2},"a":{"a":0,"k":[0,0],"ix":1},"s":{"a":0,"k":[100,100],"ix":3},"r":{"a":0,"k":0,"ix":6},"o":{"a":0,"k":100,"ix":7},"sk":{"a":0,"k":0,"ix":4},"sa":{"a":0,"k":0,"ix":5},"nm":"Transform"}],"nm":"Group 1","np":2,"cix":2,"bm":0,"ix":1,"mn":"ADBE Vector Group","hd":false}],"ip":0,"op":60,"st":0,"bm":0},{"ddd":0,"ind":2,"ty":4,"nm":"scan","parent":1,"sr":1,"ks":{"o":{"a":0,"k":30,"ix":11},"r":{"a":0,"k":0,"ix":10},"p":{"a":0,"k":[0,5.125,0],"ix":2,"l":2},"a":{"a":0,"k":[0,0,0],"ix":1,"l":2},"s":{"a":0,"k":[100,100,100],"ix":6,"l":2}},"ao":0,"ef":[{"ty":29,"nm":"Gaussian Blur","np":5,"mn":"ADBE Gaussian Blur 2","ix":1,"en":1,"ef":[{"ty":0,"nm":"Blurriness","mn":"ADBE Gaussian Blur 2-0001","ix":1,"v":{"a":0,"k":7,"ix":1}},{"ty":7,"nm":"Blur Dimensions","mn":"ADBE Gaussian Blur 2-0002","ix":2,"v":{"a":0,"k":1,"ix":2}},{"ty":7,"nm":"Repeat Edge Pixels","mn":"ADBE Gaussian Blur 2-0003","ix":3,"v":{"a":0,"k":0,"ix":3}}]}],"shapes":[{"ty":"gr","it":[{"ind":0,"ty":"sh","ix":1,"ks":{"a":0,"k":{"i":[[42.144,2.674],[-42.201,-0.667],[-21.099,-0.403],[0,0],[-10.519,0.028],[-10.537,0.298],[0,0],[0,0],[0,0],[0,0],[-42.228,-0.296],[42.171,-1.718],[0,0],[0,0],[0,0],[0,0],[10.583,-0.018],[10.554,0.352],[0,0],[21.084,0.926]],"o":[[42.228,-0.288],[21.102,0.267],[0,0],[10.537,0.296],[10.519,0.02],[0,0],[0,0],[0,0],[0,0],[42.201,-0.669],[-42.144,2.683],[0,0],[0,0],[0,0],[0,0],[-10.554,0.35],[-10.583,-0.027],[0,0],[-21.088,-0.791],[-42.171,-1.72]],"v":[[-253.125,-5.125],[-126.488,-4.327],[-63.191,-3.134],[-31.548,-2.353],[0,-1.934],[31.548,-2.356],[63.191,-3.143],[94.838,-3.785],[110.661,-4.099],[126.487,-4.337],[253.125,-5.125],[126.645,1.248],[110.831,1.905],[95.015,2.486],[63.383,3.634],[31.746,4.637],[0,5.222],[-31.746,4.633],[-63.382,3.624],[-126.645,1.237]],"c":true},"ix":2},"nm":"Path 1","mn":"ADBE Vector Shape - Group","hd":false},{"ty":"fl","c":{"a":0,"k":[0.392156869173,0.149019613862,0.984313726425,1],"ix":4},"o":{"a":0,"k":100,"ix":5},"r":1,"bm":0,"nm":"Fill 1","mn":"ADBE Vector Graphic - Fill","hd":false},{"ty":"tr","p":{"a":0,"k":[0,0],"ix":2},"a":{"a":0,"k":[0,0],"ix":1},"s":{"a":0,"k":[100,100],"ix":3},"r":{"a":0,"k":0,"ix":6},"o":{"a":0,"k":100,"ix":7},"sk":{"a":0,"k":0,"ix":4},"sa":{"a":0,"k":0,"ix":5},"nm":"Transform"}],"nm":"Group 1","np":2,"cix":2,"bm":0,"ix":1,"mn":"ADBE Vector Group","hd":false}],"ip":0,"op":60,"st":0,"bm":0},{"ddd":0,"ind":3,"ty":4,"nm":"mark 2","parent":1,"td":1,"sr":1,"ks":{"o":{"a":0,"k":100,"ix":11},"r":{"a":0,"k":0,"ix":10},"p":{"a":0,"k":[-0.013,218.284,0],"ix":2,"l":2},"a":{"a":0,"k":[0,0,0],"ix":1,"l":2},"s":{"a":0,"k":[100,100,100],"ix":6,"l":2}},"ao":0,"shapes":[{"ty":"gr","it":[{"ind":0,"ty":"sh","ix":1,"ks":{"a":0,"k":{"i":[[0,-16.88],[0,0],[21.31,0],[0,0],[0,16.88],[0,0],[-21.31,0],[0,0]],"o":[[0,0],[0,16.88],[0,0],[-21.31,0],[0,0],[0,-16.88],[0,0],[21.31,0]],"v":[[108.815,-187.28],[108.835,132.28],[70.175,162.9],[-70.185,162.9],[-108.835,132.28],[-108.855,-187.28],[-70.205,-217.9],[70.155,-217.9]],"c":true},"ix":2},"nm":"Path 1","mn":"ADBE Vector Shape - Group","hd":false},{"ty":"fl","c":{"a":0,"k":[0.04705882445,0.35686275363,0.352941185236,1],"ix":4},"o":{"a":0,"k":100,"ix":5},"r":1,"bm":0,"nm":"Fill 1","mn":"ADBE Vector Graphic - Fill","hd":false},{"ty":"tr","p":{"a":0,"k":[0,0],"ix":2},"a":{"a":0,"k":[0,0],"ix":1},"s":{"a":0,"k":[100,100],"ix":3},"r":{"a":0,"k":0,"ix":6},"o":{"a":0,"k":100,"ix":7},"sk":{"a":0,"k":0,"ix":4},"sa":{"a":0,"k":0,"ix":5},"nm":"Transform"}],"nm":"Group 1","np":2,"cix":2,"bm":0,"ix":1,"mn":"ADBE Vector Group","hd":false}],"ip":0,"op":60,"st":0,"bm":0},{"ddd":0,"ind":4,"ty":4,"nm":"flash","tt":2,"sr":1,"ks":{"o":{"a":0,"k":100,"ix":11},"r":{"a":0,"k":0,"ix":10},"p":{"a":0,"k":[284.661,338.752,0],"ix":2,"l":2},"a":{"a":0,"k":[0,0,0],"ix":1,"l":2},"s":{"a":0,"k":[100,100,100],"ix":6,"l":2}},"ao":0,"sy":[{"c":{"a":0,"k":[0.533333361149,0.92549020052,0.858823537827,1],"ix":5},"o":{"a":0,"k":50,"ix":2},"s":{"a":1,"k":[{"i":{"x":[0.667],"y":[1]},"o":{"x":[0.333],"y":[0]},"t":0,"s":[0]},{"i":{"x":[0.667],"y":[1]},"o":{"x":[0.333],"y":[0]},"t":10,"s":[15]},{"i":{"x":[0.667],"y":[1]},"o":{"x":[0.333],"y":[0]},"t":20,"s":[0]},{"i":{"x":[0.667],"y":[1]},"o":{"x":[0.333],"y":[0]},"t":30,"s":[15]},{"i":{"x":[0.667],"y":[1]},"o":{"x":[0.333],"y":[0]},"t":40,"s":[0]},{"i":{"x":[0.667],"y":[1]},"o":{"x":[0.333],"y":[0]},"t":50,"s":[15]},{"t":60,"s":[0]}],"ix":10},"r":{"a":0,"k":50,"ix":11},"ch":{"a":0,"k":0,"ix":9},"bm":{"a":0,"k":11,"ix":1},"no":{"a":0,"k":0,"ix":3},"j":{"a":0,"k":0,"ix":12},"ty":3,"nm":"Outer Glow"}],"shapes":[{"ty":"gr","it":[{"ind":0,"ty":"sh","ix":1,"ks":{"a":0,"k":{"i":[[3.678,0],[1.175,0.487],[-1.983,4.783],[0,0],[0,0],[1.51,2.551],[-1.146,2.734],[0,0],[-4.771,-1.996],[2.001,-4.775],[0,0],[0,0],[-1.513,-2.543],[1.133,-2.732],[0,0]],"o":[[-1.197,0],[-4.783,-1.983],[0,0],[0,0],[-2.949,-0.309],[-1.511,-2.551],[0,0],[2.002,-4.775],[4.775,2.001],[0,0],[0,0],[2.942,0.31],[1.51,2.543],[0,0],[-1.497,3.609]],"v":[[1.224,54.727],[-2.364,54.009],[-7.432,41.759],[5.947,9.498],[-20.397,6.733],[-27.485,2.186],[-28.064,-6.215],[-10.143,-48.975],[2.127,-53.998],[7.15,-41.728],[-5.897,-10.598],[20.396,-7.839],[27.477,-3.307],[28.078,5.076],[9.888,48.941]],"c":true},"ix":2},"nm":"Path 1","mn":"ADBE Vector Shape - Group","hd":false},{"ty":"fl","c":{"a":0,"k":[0.533333361149,0.92549020052,0.858823537827,1],"ix":4},"o":{"a":0,"k":100,"ix":5},"r":1,"bm":0,"nm":"Fill 1","mn":"ADBE Vector Graphic - Fill","hd":false},{"ty":"tr","p":{"a":0,"k":[0,0],"ix":2},"a":{"a":0,"k":[0,0],"ix":1},"s":{"a":0,"k":[100,100],"ix":3},"r":{"a":0,"k":0,"ix":6},"o":{"a":0,"k":100,"ix":7},"sk":{"a":0,"k":0,"ix":4},"sa":{"a":0,"k":0,"ix":5},"nm":"Transform"}],"nm":"Group 1","np":2,"cix":2,"bm":0,"ix":1,"mn":"ADBE Vector Group","hd":false}],"ip":0,"op":60,"st":0,"bm":0},{"ddd":0,"ind":5,"ty":4,"nm":"mark","parent":1,"td":1,"sr":1,"ks":{"o":{"a":0,"k":100,"ix":11},"r":{"a":0,"k":0,"ix":10},"p":{"a":0,"k":[-0.013,218.284,0],"ix":2,"l":2},"a":{"a":0,"k":[0,0,0],"ix":1,"l":2},"s":{"a":0,"k":[100,100,100],"ix":6,"l":2}},"ao":0,"shapes":[{"ty":"gr","it":[{"ind":0,"ty":"sh","ix":1,"ks":{"a":0,"k":{"i":[[0,-16.88],[0,0],[21.31,0],[0,0],[0,16.88],[0,0],[-21.31,0],[0,0]],"o":[[0,0],[0,16.88],[0,0],[-21.31,0],[0,0],[0,-16.88],[0,0],[21.31,0]],"v":[[108.815,-187.28],[108.835,132.28],[70.175,162.9],[-70.185,162.9],[-108.835,132.28],[-108.855,-187.28],[-70.205,-217.9],[70.155,-217.9]],"c":true},"ix":2},"nm":"Path 1","mn":"ADBE Vector Shape - Group","hd":false},{"ty":"fl","c":{"a":0,"k":[0.04705882445,0.35686275363,0.352941185236,1],"ix":4},"o":{"a":0,"k":100,"ix":5},"r":1,"bm":0,"nm":"Fill 1","mn":"ADBE Vector Graphic - Fill","hd":false},{"ty":"tr","p":{"a":0,"k":[0,0],"ix":2},"a":{"a":0,"k":[0,0],"ix":1},"s":{"a":0,"k":[100,100],"ix":3},"r":{"a":0,"k":0,"ix":6},"o":{"a":0,"k":100,"ix":7},"sk":{"a":0,"k":0,"ix":4},"sa":{"a":0,"k":0,"ix":5},"nm":"Transform"}],"nm":"Group 1","np":2,"cix":2,"bm":0,"ix":1,"mn":"ADBE Vector Group","hd":false}],"ip":0,"op":60,"st":0,"bm":0},{"ddd":0,"ind":6,"ty":4,"nm":"level","tt":2,"sr":1,"ks":{"o":{"a":0,"k":100,"ix":11},"r":{"a":0,"k":0,"ix":10},"p":{"a":0,"k":[284.66,338.752,0],"ix":2,"l":2},"a":{"a":0,"k":[290.16,338.752,0],"ix":1,"l":2},"s":{"a":0,"k":[100,100,100],"ix":6,"l":2}},"ao":0,"shapes":[{"ty":"gr","it":[{"ind":0,"ty":"sh","ix":1,"ks":{"a":0,"k":{"i":[[-2.325,-15.15],[19.706,0],[0,0],[2.381,15.094],[-19.725,0],[0,0]],"o":[[-2.325,15.113],[0,0],[-19.669,0],[2.269,-15.169],[0,0],[19.725,0]],"v":[[108.534,0.019],[70.172,26.887],[-70.191,26.887],[-108.534,0.075],[-70.191,-26.887],[70.172,-26.887]],"c":true},"ix":2},"nm":"Path 1","mn":"ADBE Vector Shape - Group","hd":false},{"ty":"fl","c":{"a":0,"k":[0.04705882445,0.35686275363,0.352941185236,1],"ix":4},"o":{"a":0,"k":100,"ix":5},"r":1,"bm":0,"nm":"Fill 1","mn":"ADBE Vector Graphic - Fill","hd":false},{"ty":"tr","p":{"a":0,"k":[290.166,474.764],"ix":2},"a":{"a":0,"k":[0,0],"ix":1},"s":{"a":0,"k":[100,100],"ix":3},"r":{"a":0,"k":0,"ix":6},"o":{"a":0,"k":100,"ix":7},"sk":{"a":0,"k":0,"ix":4},"sa":{"a":0,"k":0,"ix":5},"nm":"Transform"}],"nm":"Group 1","np":2,"cix":2,"bm":0,"ix":1,"mn":"ADBE Vector Group","hd":false},{"ty":"gr","it":[{"ind":0,"ty":"sh","ix":1,"ks":{"a":0,"k":{"i":[[0,0],[0,-16.885],[0,0],[21.316,0],[0,0],[0,16.885],[0,0],[-21.316,0]],"o":[[21.316,0],[0,0],[0,16.885],[0,0],[-21.316,0],[0,0],[0,-16.885],[0,0]],"v":[[70.177,-54.034],[108.835,-23.411],[108.835,23.411],[70.177,54.034],[-70.176,54.034],[-108.835,23.411],[-108.835,-23.411],[-70.176,-54.034]],"c":true},"ix":2},"nm":"Path 1","mn":"ADBE Vector Shape - Group","hd":false},{"ty":"fl","c":{"a":0,"k":[0.043137256056,0.392156869173,0.376470595598,1],"ix":4},"o":{"a":0,"k":100,"ix":5},"r":1,"bm":0,"nm":"Fill 1","mn":"ADBE Vector Graphic - Fill","hd":false},{"ty":"tr","p":{"a":0,"k":[290.16,447.618],"ix":2},"a":{"a":0,"k":[0,0],"ix":1},"s":{"a":0,"k":[100,100],"ix":3},"r":{"a":0,"k":0,"ix":6},"o":{"a":0,"k":100,"ix":7},"sk":{"a":0,"k":0,"ix":4},"sa":{"a":0,"k":0,"ix":5},"nm":"Transform"}],"nm":"Group 2","np":2,"cix":2,"bm":0,"ix":2,"mn":"ADBE Vector Group","hd":false},{"ty":"gr","it":[{"ind":0,"ty":"sh","ix":1,"ks":{"a":0,"k":{"i":[[0,0],[0,-16.885],[0,0],[21.316,0],[0,0],[0,16.885],[0,0],[-21.316,0]],"o":[[21.316,0],[0,0],[0,16.885],[0,0],[-21.316,0],[0,0],[0,-16.885],[0,0]],"v":[[70.177,-81.184],[108.835,-50.561],[108.835,50.561],[70.177,81.184],[-70.176,81.184],[-108.835,50.561],[-108.835,-50.561],[-70.176,-81.184]],"c":true},"ix":2},"nm":"Path 1","mn":"ADBE Vector Shape - Group","hd":false},{"ty":"fl","c":{"a":0,"k":[0.031372550875,0.482352942228,0.439215689898,1],"ix":4},"o":{"a":0,"k":100,"ix":5},"r":1,"bm":0,"nm":"Fill 1","mn":"ADBE Vector Graphic - Fill","hd":false},{"ty":"tr","p":{"a":0,"k":[290.16,420.468],"ix":2},"a":{"a":0,"k":[0,0],"ix":1},"s":{"a":0,"k":[100,100],"ix":3},"r":{"a":0,"k":0,"ix":6},"o":{"a":0,"k":100,"ix":7},"sk":{"a":0,"k":0,"ix":4},"sa":{"a":0,"k":0,"ix":5},"nm":"Transform"}],"nm":"Group 3","np":2,"cix":2,"bm":0,"ix":3,"mn":"ADBE Vector Group","hd":false},{"ty":"gr","it":[{"ind":0,"ty":"sh","ix":1,"ks":{"a":0,"k":{"i":[[0,0],[0,-16.885],[0,0],[21.316,0],[0,0],[0,16.885],[0,0],[-21.316,0]],"o":[[21.316,0],[0,0],[0,16.885],[0,0],[-21.316,0],[0,0],[0,-16.885],[0,0]],"v":[[70.177,-108.334],[108.835,-77.711],[108.835,77.711],[70.177,108.334],[-70.176,108.334],[-108.835,77.711],[-108.835,-77.711],[-70.176,-108.334]],"c":true},"ix":2},"nm":"Path 1","mn":"ADBE Vector Shape - Group","hd":false},{"ty":"fl","c":{"a":0,"k":[0.019607843831,0.564705908298,0.494117647409,1],"ix":4},"o":{"a":0,"k":100,"ix":5},"r":1,"bm":0,"nm":"Fill 1","mn":"ADBE Vector Graphic - Fill","hd":false},{"ty":"tr","p":{"a":0,"k":[290.16,393.318],"ix":2},"a":{"a":0,"k":[0,0],"ix":1},"s":{"a":0,"k":[100,100],"ix":3},"r":{"a":0,"k":0,"ix":6},"o":{"a":0,"k":100,"ix":7},"sk":{"a":0,"k":0,"ix":4},"sa":{"a":0,"k":0,"ix":5},"nm":"Transform"}],"nm":"Group 4","np":2,"cix":2,"bm":0,"ix":4,"mn":"ADBE Vector Group","hd":false},{"ty":"gr","it":[{"ind":0,"ty":"sh","ix":1,"ks":{"a":0,"k":{"i":[[0,0],[0,-16.885],[0,0],[21.316,0],[0,0],[0,16.885],[0,0],[-21.316,0]],"o":[[21.316,0],[0,0],[0,16.885],[0,0],[-21.316,0],[0,0],[0,-16.885],[0,0]],"v":[[70.177,-135.75],[108.835,-105.128],[108.835,105.128],[70.177,135.75],[-70.176,135.75],[-108.835,105.128],[-108.835,-105.128],[-70.176,-135.75]],"c":true},"ix":2},"nm":"Path 1","mn":"ADBE Vector Shape - Group","hd":false},{"ty":"fl","c":{"a":0,"k":[0.011764706112,0.631372570992,0.541176497936,1],"ix":4},"o":{"a":0,"k":100,"ix":5},"r":1,"bm":0,"nm":"Fill 1","mn":"ADBE Vector Graphic - Fill","hd":false},{"ty":"tr","p":{"a":0,"k":[290.16,365.902],"ix":2},"a":{"a":0,"k":[0,0],"ix":1},"s":{"a":0,"k":[100,100],"ix":3},"r":{"a":0,"k":0,"ix":6},"o":{"a":0,"k":100,"ix":7},"sk":{"a":0,"k":0,"ix":4},"sa":{"a":0,"k":0,"ix":5},"nm":"Transform"}],"nm":"Group 5","np":2,"cix":2,"bm":0,"ix":5,"mn":"ADBE Vector Group","hd":false},{"ty":"gr","it":[{"ind":0,"ty":"sh","ix":1,"ks":{"a":0,"k":{"i":[[0,0],[0,-16.885],[0,0],[21.316,0],[0,0],[0,16.885],[0,0],[-21.316,0]],"o":[[21.316,0],[0,0],[0,16.885],[0,0],[-21.316,0],[0,0],[0,-16.885],[0,0]],"v":[[70.177,-162.9],[108.835,-132.278],[108.835,132.278],[70.177,162.9],[-70.176,162.9],[-108.835,132.278],[-108.835,-132.278],[-70.176,-162.9]],"c":true},"ix":2},"nm":"Path 1","mn":"ADBE Vector Shape - Group","hd":false},{"ty":"fl","c":{"a":0,"k":[0.003921568859,0.694117665291,0.580392181873,1],"ix":4},"o":{"a":0,"k":100,"ix":5},"r":1,"bm":0,"nm":"Fill 1","mn":"ADBE Vector Graphic - Fill","hd":false},{"ty":"tr","p":{"a":0,"k":[290.16,338.752],"ix":2},"a":{"a":0,"k":[0,0],"ix":1},"s":{"a":0,"k":[100,100],"ix":3},"r":{"a":0,"k":0,"ix":6},"o":{"a":0,"k":100,"ix":7},"sk":{"a":0,"k":0,"ix":4},"sa":{"a":0,"k":0,"ix":5},"nm":"Transform"}],"nm":"Group 6","np":2,"cix":2,"bm":0,"ix":6,"mn":"ADBE Vector Group","hd":false},{"ty":"gr","it":[{"ind":0,"ty":"sh","ix":1,"ks":{"a":0,"k":{"i":[[0,0],[0,-16.885],[0,0],[21.316,0],[0,0],[0,16.885],[0,0],[-21.316,0]],"o":[[21.316,0],[0,0],[0,16.885],[0,0],[-21.316,0],[0,0],[0,-16.885],[0,0]],"v":[[70.177,-162.9],[108.835,-132.278],[108.835,132.278],[70.177,162.9],[-70.176,162.9],[-108.835,132.278],[-108.835,-132.278],[-70.176,-162.9]],"c":false},"ix":2},"nm":"Path 1","mn":"ADBE Vector Shape - Group","hd":false},{"ty":"fl","c":{"a":0,"k":[0.054901961237,0.035294119269,0.105882354081,1],"ix":4},"o":{"a":0,"k":100,"ix":5},"r":1,"bm":0,"nm":"Fill 1","mn":"ADBE Vector Graphic - Fill","hd":false},{"ty":"tr","p":{"a":0,"k":[290.16,338.752],"ix":2},"a":{"a":0,"k":[0,0],"ix":1},"s":{"a":0,"k":[100,100],"ix":3},"r":{"a":0,"k":0,"ix":6},"o":{"a":0,"k":100,"ix":7},"sk":{"a":0,"k":0,"ix":4},"sa":{"a":0,"k":0,"ix":5},"nm":"Transform"}],"nm":"Group 7","np":2,"cix":2,"bm":0,"ix":7,"mn":"ADBE Vector Group","hd":false}],"ip":0,"op":60,"st":0,"bm":0},{"ddd":0,"ind":7,"ty":4,"nm":"mark 3","sr":1,"ks":{"o":{"a":0,"k":100,"ix":11},"r":{"a":0,"k":0,"ix":10},"p":{"a":0,"k":[284.665,338.75,0],"ix":2,"l":2},"a":{"a":0,"k":[0,0,0],"ix":1,"l":2},"s":{"a":0,"k":[100,100,100],"ix":6,"l":2}},"ao":0,"shapes":[{"ty":"gr","it":[{"ind":0,"ty":"sh","ix":1,"ks":{"a":0,"k":{"i":[[0,-16.88],[0,0],[21.31,0],[0,0],[0,16.88],[0,0],[-21.31,0],[0,0]],"o":[[0,0],[0,16.88],[0,0],[-21.31,0],[0,0],[0,-16.88],[0,0],[21.31,0]],"v":[[108.835,-132.28],[108.835,132.28],[70.175,162.9],[-70.185,162.9],[-108.835,132.28],[-108.835,-132.28],[-70.185,-162.9],[70.175,-162.9]],"c":true},"ix":2},"nm":"Path 1","mn":"ADBE Vector Shape - Group","hd":false},{"ty":"fl","c":{"a":0,"k":[0.04705882445,0.35686275363,0.352941185236,1],"ix":4},"o":{"a":0,"k":100,"ix":5},"r":1,"bm":0,"nm":"Fill 1","mn":"ADBE Vector Graphic - Fill","hd":false},{"ty":"tr","p":{"a":0,"k":[0,0],"ix":2},"a":{"a":0,"k":[0,0],"ix":1},"s":{"a":0,"k":[100,100],"ix":3},"r":{"a":0,"k":0,"ix":6},"o":{"a":0,"k":100,"ix":7},"sk":{"a":0,"k":0,"ix":4},"sa":{"a":0,"k":0,"ix":5},"nm":"Transform"}],"nm":"Group 1","np":2,"cix":2,"bm":0,"ix":1,"mn":"ADBE Vector Group","hd":false}],"ip":0,"op":60,"st":0,"bm":0},{"ddd":0,"ind":8,"ty":4,"nm":"battery","sr":1,"ks":{"o":{"a":0,"k":100,"ix":11},"r":{"a":0,"k":0,"ix":10},"p":{"a":0,"k":[284.66,332.168,0],"ix":2,"l":2},"a":{"a":0,"k":[290.16,332.168,0],"ix":1,"l":2},"s":{"a":0,"k":[100,100,100],"ix":6,"l":2}},"ao":0,"shapes":[{"ty":"gr","it":[{"ind":0,"ty":"sh","ix":1,"ks":{"a":0,"k":{"i":[[0,-25.198],[0,0],[29.628,0],[0,0],[0,25.198],[0,0],[-29.628,0],[0,0],[0,0],[-8.416,0],[0,0],[0,-7.153],[0,0],[0,0]],"o":[[0,0],[0,25.198],[0,0],[-29.628,0],[0,0],[0,-25.198],[0,0],[0,0],[0,-7.153],[0,0],[8.417,0],[0,0],[0,0],[29.628,0]],"v":[[123.835,-120.415],[123.835,144.14],[70.177,189.762],[-70.176,189.762],[-123.835,144.14],[-123.835,-120.415],[-70.176,-166.037],[-31.313,-166.037],[-31.313,-176.815],[-16.08,-189.762],[16.08,-189.762],[31.313,-176.815],[31.313,-166.037],[70.177,-166.037]],"c":true},"ix":2},"nm":"Path 1","mn":"ADBE Vector Shape - Group","hd":false},{"ty":"fl","c":{"a":0,"k":[1,1,1,1],"ix":4},"o":{"a":0,"k":100,"ix":5},"r":1,"bm":0,"nm":"Fill 1","mn":"ADBE Vector Graphic - Fill","hd":false},{"ty":"tr","p":{"a":0,"k":[290.16,326.889],"ix":2},"a":{"a":0,"k":[0,0],"ix":1},"s":{"a":0,"k":[100,100],"ix":3},"r":{"a":0,"k":0,"ix":6},"o":{"a":0,"k":100,"ix":7},"sk":{"a":0,"k":0,"ix":4},"sa":{"a":0,"k":0,"ix":5},"nm":"Transform"}],"nm":"Group 1","np":2,"cix":2,"bm":0,"ix":1,"mn":"ADBE Vector Group","hd":false},{"ty":"gr","it":[{"ind":0,"ty":"sh","ix":1,"ks":{"a":0,"k":{"i":[[0,-25.899],[0,0],[29.628,0],[0,0],[0,25.899],[0,0],[-29.628,0],[0,0],[0,0],[-8.416,0],[0,0],[0,-7.352],[0,0],[0,0]],"o":[[0,0],[0,25.899],[0,0],[-29.628,0],[0,0],[0,-25.899],[0,0],[0,0],[0,-7.352],[0,0],[8.417,0],[0,0],[0,0],[29.628,0]],"v":[[123.835,-123.765],[123.835,148.15],[70.177,195.041],[-70.176,195.041],[-123.835,148.15],[-123.835,-123.765],[-70.176,-170.656],[-31.313,-170.656],[-31.313,-181.734],[-16.08,-195.041],[16.08,-195.041],[31.313,-181.734],[31.313,-170.656],[70.177,-170.656]],"c":true},"ix":2},"nm":"Path 1","mn":"ADBE Vector Shape - Group","hd":false},{"ty":"gf","o":{"a":0,"k":100,"ix":10},"r":1,"bm":0,"g":{"p":3,"k":{"a":0,"k":[0,0.4,0.145,0.984,0.5,0.563,0.376,0.988,1,0.725,0.608,0.992],"ix":9}},"s":{"a":0,"k":[-0.16,194.832],"ix":5},"e":{"a":0,"k":[-0.16,152.723],"ix":6},"t":1,"nm":"Gradient Fill 1","mn":"ADBE Vector Graphic - G-Fill","hd":false},{"ty":"tr","p":{"a":0,"k":[290.16,332.168],"ix":2},"a":{"a":0,"k":[0,0],"ix":1},"s":{"a":0,"k":[100,100],"ix":3},"r":{"a":0,"k":0,"ix":6},"o":{"a":0,"k":100,"ix":7},"sk":{"a":0,"k":0,"ix":4},"sa":{"a":0,"k":0,"ix":5},"nm":"Transform"}],"nm":"Group 2","np":2,"cix":2,"bm":0,"ix":2,"mn":"ADBE Vector Group","hd":false}],"ip":0,"op":60,"st":0,"bm":0},{"ddd":0,"ind":9,"ty":4,"nm":"shadow","sr":1,"ks":{"o":{"a":0,"k":20,"ix":11},"r":{"a":0,"k":0,"ix":10},"p":{"a":0,"k":[284.66,342.832,0],"ix":2,"l":2},"a":{"a":0,"k":[0,0,0],"ix":1,"l":2},"s":{"a":0,"k":[100,100,100],"ix":6,"l":2}},"ao":0,"shapes":[{"ty":"gr","it":[{"ind":0,"ty":"sh","ix":1,"ks":{"a":0,"k":{"i":[[0,-25.899],[0,0],[29.628,0],[0,0],[0,25.899],[0,0],[-29.628,0],[0,0],[0,0],[-8.416,0],[0,0],[0,-7.352],[0,0],[0,0]],"o":[[0,0],[0,25.899],[0,0],[-29.628,0],[0,0],[0,-25.899],[0,0],[0,0],[0,-7.352],[0,0],[8.417,0],[0,0],[0,0],[29.628,0]],"v":[[123.835,-123.765],[123.835,148.15],[70.177,195.041],[-70.176,195.041],[-123.835,148.15],[-123.835,-123.765],[-70.176,-170.656],[-31.313,-170.656],[-31.313,-181.734],[-16.08,-195.041],[16.08,-195.041],[31.313,-181.734],[31.313,-170.656],[70.177,-170.656]],"c":true},"ix":2},"nm":"Path 1","mn":"ADBE Vector Shape - Group","hd":false},{"ty":"fl","c":{"a":0,"k":[0,0,0,1],"ix":4},"o":{"a":0,"k":100,"ix":5},"r":1,"bm":0,"nm":"Fill 1","mn":"ADBE Vector Graphic - Fill","hd":false},{"ty":"tr","p":{"a":0,"k":[0,0],"ix":2},"a":{"a":0,"k":[0,0],"ix":1},"s":{"a":0,"k":[100,100],"ix":3},"r":{"a":0,"k":0,"ix":6},"o":{"a":0,"k":100,"ix":7},"sk":{"a":0,"k":0,"ix":4},"sa":{"a":0,"k":0,"ix":5},"nm":"Transform"}],"nm":"Group 1","np":2,"cix":2,"bm":0,"ix":1,"mn":"ADBE Vector Group","hd":false}],"ip":0,"op":60,"st":0,"bm":0}],"markers":[]}