{"v":"5.6.8","fr":25,"ip":0,"op":75,"w":512,"h":512,"nm":"Comp 1","ddd":0,"assets":[],"layers":[{"ddd":0,"ind":1,"ty":4,"nm":"Shape Layer 3","sr":1,"ks":{"p":{"a":0,"k":[256.5,316.5,0]},"a":{"a":0,"k":[-6.25,48.5,0]}},"ao":0,"shapes":[{"ty":"gr","it":[{"ind":0,"ty":"sh","ks":{"a":0,"k":{"i":[[0,0],[0,0],[0,0],[0,0],[0,0],[0,0]],"o":[[0,0],[0,0],[0,0],[0,0],[0,0],[0,0]],"v":[[9,6],[-30.5,47],[-13,47],[-22.5,86],[17,47.5],[0.25,46.75]],"c":true}},"nm":"Path 1","hd":false},{"ty":"fl","c":{"a":0,"k":[1,1,1,1]},"o":{"a":0,"k":100},"r":1,"bm":0,"nm":"Fill 1","hd":false},{"ty":"tr","p":{"a":0,"k":[0,0]},"a":{"a":0,"k":[0,0]},"s":{"a":0,"k":[100,100]},"r":{"a":0,"k":0},"o":{"a":0,"k":100},"sk":{"a":0,"k":0},"sa":{"a":0,"k":0},"nm":"Transform"}],"nm":"Shape 1","bm":0,"hd":false}],"ip":0,"op":75,"st":0,"bm":0},{"ddd":0,"ind":2,"ty":4,"nm":"Layer 1 Outlines 2","sr":1,"ks":{"p":{"a":0,"k":[260.966,268.367,0]},"a":{"a":0,"k":[237.673,212.196,0]}},"ao":0,"shapes":[{"ty":"gr","it":[{"ind":0,"ty":"sh","ks":{"a":0,"k":{"i":[[0,4.155],[-4.155,0],[0,-4.155],[4.154,0]],"o":[[0,-4.155],[4.154,0],[0,4.155],[-4.155,0]],"v":[[-7.522,-0.001],[0,-7.522],[7.522,-0.001],[0,7.522]],"c":true}},"nm":"Path 1","hd":false},{"ty":"fl","c":{"a":0,"k":[0,1,0.282352941176,1]},"o":{"a":0,"k":100},"r":1,"bm":0,"nm":"Fill 1","hd":false},{"ty":"tr","p":{"a":1,"k":[{"i":{"x":0.667,"y":1},"o":{"x":0.333,"y":0},"t":0,"s":[445.006,32.375],"to":[1.833,4.167],"ti":[0,0]},{"i":{"x":0.667,"y":1},"o":{"x":0.333,"y":0},"t":37,"s":[456.006,57.375],"to":[0,0],"ti":[1.833,4.167]},{"t":75,"s":[445.006,32.375]}]},"a":{"a":0,"k":[0,0]},"s":{"a":0,"k":[100,100]},"r":{"a":0,"k":0},"o":{"a":0,"k":100},"sk":{"a":0,"k":0},"sa":{"a":0,"k":0},"nm":"Transform"}],"nm":"Group 1","bm":0,"hd":false},{"ty":"gr","it":[{"ind":0,"ty":"sh","ks":{"a":0,"k":{"i":[[0,2.284],[-2.284,0],[0,-2.284],[2.284,0]],"o":[[0,-2.284],[2.284,0],[0,2.284],[-2.284,0]],"v":[[-4.135,0],[0,-4.136],[4.135,0],[0,4.136]],"c":true}},"nm":"Path 1","hd":false},{"ty":"fl","c":{"a":0,"k":[0,1,0.282352941176,1]},"o":{"a":0,"k":100},"r":1,"bm":0,"nm":"Fill 1","hd":false},{"ty":"tr","p":{"a":1,"k":[{"i":{"x":0.667,"y":1},"o":{"x":0.333,"y":0},"t":0,"s":[468.322,170.24],"to":[0.083,-3.875],"ti":[0,0]},{"i":{"x":0.667,"y":1},"o":{"x":0.333,"y":0},"t":37,"s":[468.822,146.99],"to":[0,0],"ti":[0.083,-3.875]},{"t":75,"s":[468.322,170.24]}]},"a":{"a":0,"k":[0,0]},"s":{"a":0,"k":[100,100]},"r":{"a":0,"k":0},"o":{"a":0,"k":100},"sk":{"a":0,"k":0},"sa":{"a":0,"k":0},"nm":"Transform"}],"nm":"Group 2","bm":0,"hd":false},{"ty":"gr","it":[{"ind":0,"ty":"sh","ks":{"a":0,"k":{"i":[[0,1.954],[-1.954,0],[0,-1.954],[1.955,0]],"o":[[0,-1.954],[1.955,0],[0,1.954],[-1.954,0]],"v":[[-3.538,0],[-0.001,-3.538],[3.538,0],[-0.001,3.538]],"c":true}},"nm":"Path 1","hd":false},{"ty":"fl","c":{"a":0,"k":[0,1,0.282352941176,1]},"o":{"a":0,"k":100},"r":1,"bm":0,"nm":"Fill 1","hd":false},{"ty":"tr","p":{"a":1,"k":[{"i":{"x":0.667,"y":1},"o":{"x":0.333,"y":0},"t":0,"s":[62.829,412.58],"to":[-0.333,-7.333],"ti":[0,0]},{"i":{"x":0.667,"y":1},"o":{"x":0.333,"y":0},"t":37,"s":[60.829,368.58],"to":[0,0],"ti":[-0.333,-7.333]},{"t":75,"s":[62.829,412.58]}]},"a":{"a":0,"k":[0,0]},"s":{"a":0,"k":[100,100]},"r":{"a":0,"k":0},"o":{"a":0,"k":100},"sk":{"a":0,"k":0},"sa":{"a":0,"k":0},"nm":"Transform"}],"nm":"Group 3","bm":0,"hd":false},{"ty":"gr","it":[{"ind":0,"ty":"sh","ks":{"a":0,"k":{"i":[[0,1.954],[-1.954,0],[0,-1.954],[1.955,0]],"o":[[0,-1.954],[1.955,0],[0,1.954],[-1.954,0]],"v":[[-3.538,0],[-0.001,-3.538],[3.538,0],[-0.001,3.538]],"c":true}},"nm":"Path 1","hd":false},{"ty":"fl","c":{"a":0,"k":[0,1,0.282352941176,1]},"o":{"a":0,"k":100},"r":1,"bm":0,"nm":"Fill 1","hd":false},{"ty":"tr","p":{"a":1,"k":[{"i":{"x":0.667,"y":1},"o":{"x":0.333,"y":0},"t":0,"s":[22.807,383.357],"to":[-1.5,-4.833],"ti":[0,0]},{"i":{"x":0.667,"y":1},"o":{"x":0.333,"y":0},"t":37,"s":[13.807,354.357],"to":[0,0],"ti":[-1.5,-4.833]},{"t":75,"s":[22.807,383.357]}]},"a":{"a":0,"k":[0,0]},"s":{"a":0,"k":[100,100]},"r":{"a":0,"k":0},"o":{"a":0,"k":100},"sk":{"a":0,"k":0},"sa":{"a":0,"k":0},"nm":"Transform"}],"nm":"Group 4","bm":0,"hd":false},{"ty":"gr","it":[{"ind":0,"ty":"sh","ks":{"a":0,"k":{"i":[[0,4.335],[-4.335,0],[0,-4.335],[4.336,0]],"o":[[0,-4.335],[4.336,0],[0,4.335],[-4.335,0]],"v":[[-7.85,0],[0,-7.85],[7.85,0],[0,7.85]],"c":true}},"nm":"Path 1","hd":false},{"ty":"fl","c":{"a":0,"k":[0,1,0.282352941176,1]},"o":{"a":0,"k":100},"r":1,"bm":0,"nm":"Fill 1","hd":false},{"ty":"tr","p":{"a":1,"k":[{"i":{"x":0.667,"y":1},"o":{"x":0.333,"y":0},"t":0,"s":[15.1,8.1],"to":[-0.333,-4.667],"ti":[0,0]},{"i":{"x":0.667,"y":1},"o":{"x":0.333,"y":0},"t":37,"s":[13.1,-19.9],"to":[0,0],"ti":[-0.333,-4.667]},{"t":75,"s":[15.1,8.1]}]},"a":{"a":0,"k":[0,0]},"s":{"a":0,"k":[100,100]},"r":{"a":0,"k":0},"o":{"a":0,"k":100},"sk":{"a":0,"k":0},"sa":{"a":0,"k":0},"nm":"Transform"}],"nm":"Group 5","bm":0,"hd":false},{"ty":"gr","it":[{"ind":0,"ty":"sh","ks":{"a":0,"k":{"i":[[0,3.604],[-3.604,0],[0,-3.604],[3.603,0]],"o":[[0,-3.604],[3.603,0],[0,3.604],[-3.604,0]],"v":[[-6.525,0],[0,-6.525],[6.525,0],[0,6.525]],"c":true}},"nm":"Path 1","hd":false},{"ty":"fl","c":{"a":0,"k":[0,1,0.282352941176,1]},"o":{"a":0,"k":100},"r":1,"bm":0,"nm":"Fill 1","hd":false},{"ty":"tr","p":{"a":1,"k":[{"i":{"x":0.667,"y":1},"o":{"x":0.333,"y":0},"t":0,"s":[418.273,417.617],"to":[1.833,-4],"ti":[0,0]},{"i":{"x":0.667,"y":1},"o":{"x":0.333,"y":0},"t":37,"s":[429.273,393.617],"to":[0,0],"ti":[1.833,-4]},{"t":75,"s":[418.273,417.617]}]},"a":{"a":0,"k":[0,0]},"s":{"a":0,"k":[100,100]},"r":{"a":0,"k":0},"o":{"a":0,"k":100},"sk":{"a":0,"k":0},"sa":{"a":0,"k":0},"nm":"Transform"}],"nm":"Group 6","bm":0,"hd":false},{"ty":"gr","it":[{"ind":0,"ty":"sh","ks":{"a":0,"k":{"i":[[0,3.604],[-3.604,0],[0,-3.604],[3.603,0]],"o":[[0,-3.604],[3.603,0],[0,3.604],[-3.604,0]],"v":[[-6.525,0],[0,-6.525],[6.525,0],[0,6.525]],"c":true}},"nm":"Path 1","hd":false},{"ty":"fl","c":{"a":0,"k":[0,1,0.282352941176,1]},"o":{"a":0,"k":100},"r":1,"bm":0,"nm":"Fill 1","hd":false},{"ty":"tr","p":{"a":1,"k":[{"i":{"x":0.667,"y":1},"o":{"x":0.333,"y":0},"t":0,"s":[411.749,379.818],"to":[2.167,-6.333],"ti":[0,0]},{"i":{"x":0.667,"y":1},"o":{"x":0.333,"y":0},"t":37,"s":[424.749,341.818],"to":[0,0],"ti":[2.167,-6.333]},{"t":75,"s":[411.749,379.818]}]},"a":{"a":0,"k":[0,0]},"s":{"a":0,"k":[100,100]},"r":{"a":0,"k":0},"o":{"a":0,"k":100},"sk":{"a":0,"k":0},"sa":{"a":0,"k":0},"nm":"Transform"}],"nm":"Group 7","bm":0,"hd":false},{"ty":"gr","it":[{"ind":0,"ty":"sh","ks":{"a":0,"k":{"i":[[0,4.155],[-4.155,0],[0,-4.155],[4.154,0]],"o":[[0,-4.155],[4.154,0],[0,4.155],[-4.155,0]],"v":[[-7.522,0],[0,-7.522],[7.522,0],[0,7.522]],"c":true}},"nm":"Path 1","hd":false},{"ty":"fl","c":{"a":0,"k":[0,1,0.282352941176,1]},"o":{"a":0,"k":100},"r":1,"bm":0,"nm":"Fill 1","hd":false},{"ty":"tr","p":{"a":1,"k":[{"i":{"x":0.667,"y":1},"o":{"x":0.333,"y":0},"t":0,"s":[410.117,24.851],"to":[3.667,-3.5],"ti":[0,0]},{"i":{"x":0.667,"y":1},"o":{"x":0.333,"y":0},"t":37,"s":[432.117,3.851],"to":[0,0],"ti":[3.667,-3.5]},{"t":75,"s":[410.117,24.851]}]},"a":{"a":0,"k":[0,0]},"s":{"a":0,"k":[100,100]},"r":{"a":0,"k":0},"o":{"a":0,"k":100},"sk":{"a":0,"k":0},"sa":{"a":0,"k":0},"nm":"Transform"}],"nm":"Group 8","bm":0,"hd":false},{"ty":"gr","it":[{"ind":0,"ty":"sh","ks":{"a":0,"k":{"i":[[0,8.309],[-8.309,0],[0,-8.309],[8.309,0]],"o":[[0,-8.309],[8.309,0],[0,8.309],[-8.309,0]],"v":[[-15.045,0],[0,-15.045],[15.045,0],[0,15.045]],"c":true}},"nm":"Path 1","hd":false},{"ty":"fl","c":{"a":0,"k":[0,1,0.282352941176,1]},"o":{"a":0,"k":100},"r":1,"bm":0,"nm":"Fill 1","hd":false},{"ty":"tr","p":{"a":1,"k":[{"i":{"x":0.667,"y":1},"o":{"x":0.333,"y":0},"t":0,"s":[460.051,195.41],"to":[-0.5,-2.292],"ti":[0,0]},{"i":{"x":0.667,"y":1},"o":{"x":0.333,"y":0},"t":37,"s":[457.051,181.66],"to":[0,0],"ti":[-0.5,-2.292]},{"t":75,"s":[460.051,195.41]}]},"a":{"a":0,"k":[0,0]},"s":{"a":0,"k":[100,100]},"r":{"a":0,"k":0},"o":{"a":0,"k":100},"sk":{"a":0,"k":0},"sa":{"a":0,"k":0},"nm":"Transform"}],"nm":"Group 9","bm":0,"hd":false},{"ty":"gr","it":[{"ind":0,"ty":"sh","ks":{"a":0,"k":{"i":[[0,7.145],[-7.145,0],[0,-7.145],[7.145,0]],"o":[[0,-7.145],[7.145,0],[0,7.145],[-7.145,0]],"v":[[-12.937,0],[0,-12.937],[12.937,0],[0,12.937]],"c":true}},"nm":"Path 1","hd":false},{"ty":"fl","c":{"a":0,"k":[0,1,0.282352941176,1]},"o":{"a":0,"k":100},"r":1,"bm":0,"nm":"Fill 1","hd":false},{"ty":"tr","p":{"a":1,"k":[{"i":{"x":0.667,"y":1},"o":{"x":0.333,"y":0},"t":0,"s":[395.324,404.117],"to":[-7,1.833],"ti":[0,0]},{"i":{"x":0.667,"y":1},"o":{"x":0.333,"y":0},"t":37,"s":[353.324,415.117],"to":[0,0],"ti":[-7,1.833]},{"t":75,"s":[395.324,404.117]}]},"a":{"a":0,"k":[0,0]},"s":{"a":0,"k":[100,100]},"r":{"a":0,"k":0},"o":{"a":0,"k":100},"sk":{"a":0,"k":0},"sa":{"a":0,"k":0},"nm":"Transform"}],"nm":"Group 10","bm":0,"hd":false},{"ty":"gr","it":[{"ind":0,"ty":"sh","ks":{"a":0,"k":{"i":[[0,6.368],[-6.369,0],[0,-6.368],[6.368,0]],"o":[[0,-6.368],[6.368,0],[0,6.368],[-6.369,0]],"v":[[-11.531,0],[0.001,-11.531],[11.531,0],[0.001,11.531]],"c":true}},"nm":"Path 1","hd":false},{"ty":"fl","c":{"a":0,"k":[0,1,0.282352941176,1]},"o":{"a":0,"k":100},"r":1,"bm":0,"nm":"Fill 1","hd":false},{"ty":"tr","p":{"a":1,"k":[{"i":{"x":0.667,"y":1},"o":{"x":0.333,"y":0},"t":0,"s":[41.842,401.049],"to":[-3.5,-0.167],"ti":[0,0]},{"i":{"x":0.667,"y":1},"o":{"x":0.333,"y":0},"t":37,"s":[20.842,400.049],"to":[0,0],"ti":[-3.5,-0.167]},{"t":75,"s":[41.842,401.049]}]},"a":{"a":0,"k":[0,0]},"s":{"a":0,"k":[100,100]},"r":{"a":0,"k":0},"o":{"a":0,"k":100},"sk":{"a":0,"k":0},"sa":{"a":0,"k":0},"nm":"Transform"}],"nm":"Group 11","bm":0,"hd":false},{"ty":"gr","it":[{"ind":0,"ty":"sh","ks":{"a":0,"k":{"i":[[0,3.866],[-3.866,0],[0,-3.866],[3.866,0]],"o":[[0,-3.866],[3.866,0],[0,3.866],[-3.866,0]],"v":[[-7,0],[0,-7],[7,0],[0,7]],"c":true}},"nm":"Path 1","hd":false},{"ty":"fl","c":{"a":0,"k":[0,1,0.282352941176,1]},"o":{"a":0,"k":100},"r":1,"bm":0,"nm":"Fill 1","hd":false},{"ty":"tr","p":{"a":1,"k":[{"i":{"x":0.667,"y":1},"o":{"x":0.333,"y":0},"t":0,"s":[7.25,195.279],"to":[-1.167,-9.167],"ti":[0,0]},{"i":{"x":0.667,"y":1},"o":{"x":0.333,"y":0},"t":37,"s":[0.25,140.279],"to":[0,0],"ti":[-1.167,-9.167]},{"t":75,"s":[7.25,195.279]}]},"a":{"a":0,"k":[0,0]},"s":{"a":0,"k":[100,100]},"r":{"a":0,"k":0},"o":{"a":0,"k":100},"sk":{"a":0,"k":0},"sa":{"a":0,"k":0},"nm":"Transform"}],"nm":"Group 12","bm":0,"hd":false},{"ty":"gr","it":[{"ind":0,"ty":"sh","ks":{"a":0,"k":{"i":[[0,8.401],[-8.401,0],[0,-8.401],[8.401,0]],"o":[[0,-8.401],[8.401,0],[0,8.401],[-8.401,0]],"v":[[-15.211,0],[0,-15.211],[15.211,0],[0,15.211]],"c":true}},"nm":"Path 1","hd":false},{"ty":"fl","c":{"a":0,"k":[0,1,0.282352941176,1]},"o":{"a":0,"k":100},"r":1,"bm":0,"nm":"Fill 1","hd":false},{"ty":"tr","p":{"a":1,"k":[{"i":{"x":0.667,"y":1},"o":{"x":0.333,"y":0},"t":0,"s":[38.161,41.937],"to":[1.167,-2.667],"ti":[0,0]},{"i":{"x":0.667,"y":1},"o":{"x":0.333,"y":0},"t":37,"s":[45.161,25.937],"to":[0,0],"ti":[1.167,-2.667]},{"t":75,"s":[38.161,41.937]}]},"a":{"a":0,"k":[0,0]},"s":{"a":0,"k":[100,100]},"r":{"a":0,"k":0},"o":{"a":0,"k":100},"sk":{"a":0,"k":0},"sa":{"a":0,"k":0},"nm":"Transform"}],"nm":"Group 13","bm":0,"hd":false}],"ip":0,"op":75,"st":0,"bm":0},{"ddd":0,"ind":3,"ty":4,"nm":"Shape Layer 2","sr":1,"ks":{"p":{"a":0,"k":[256,256,0]},"a":{"a":0,"k":[-97.5,-73.5,0]},"s":{"a":0,"k":[156.805,156.805,100]}},"ao":0,"shapes":[{"ty":"gr","it":[{"d":1,"ty":"el","s":{"a":0,"k":[169,169]},"p":{"a":0,"k":[0,0]},"nm":"Ellipse Path 1","hd":false},{"ty":"fl","c":{"a":0,"k":[0.012912546284,0.054901961237,0.010838998482,1]},"o":{"a":0,"k":100},"r":1,"bm":0,"nm":"Fill 1","hd":false},{"ty":"tr","p":{"a":0,"k":[-97.5,-73.5]},"a":{"a":0,"k":[0,0]},"s":{"a":0,"k":[100,100]},"r":{"a":0,"k":0},"o":{"a":0,"k":100},"sk":{"a":0,"k":0},"sa":{"a":0,"k":0},"nm":"Transform"}],"nm":"Ellipse 1","bm":0,"hd":false}],"ip":0,"op":75,"st":0,"bm":0},{"ddd":0,"ind":4,"ty":4,"nm":"Shape Layer 1","sr":1,"ks":{"p":{"a":0,"k":[256,256,0]},"a":{"a":0,"k":[-97.5,-73.5,0]},"s":{"a":0,"k":[185.207,185.207,100]}},"ao":0,"shapes":[{"ty":"gr","it":[{"d":1,"ty":"el","s":{"a":0,"k":[169,169]},"p":{"a":0,"k":[0,0]},"nm":"Ellipse Path 1","hd":false},{"ty":"gf","o":{"a":0,"k":100},"r":1,"bm":0,"g":{"p":3,"k":{"a":0,"k":[0,0,1,0.047,0.835,0,0.5,0.024,1,0,0,0]}},"s":{"a":0,"k":[0,0]},"e":{"a":0,"k":[100,0]},"t":2,"h":{"a":0,"k":0},"a":{"a":0,"k":0},"nm":"Gradient Fill 1","hd":false},{"ty":"tr","p":{"a":0,"k":[-97.5,-73.5]},"a":{"a":0,"k":[0,0]},"s":{"a":0,"k":[100,100]},"r":{"a":0,"k":0},"o":{"a":0,"k":100},"sk":{"a":0,"k":0},"sa":{"a":0,"k":0},"nm":"Transform"}],"nm":"Ellipse 1","bm":0,"hd":false}],"ip":0,"op":75,"st":0,"bm":0},{"ddd":0,"ind":5,"ty":4,"nm":"Layer 1 Outlines","sr":1,"ks":{"r":{"a":1,"k":[{"i":{"x":[0.833],"y":[0.833]},"o":{"x":[0.167],"y":[0.167]},"t":0,"s":[0]},{"t":75,"s":[90]}]},"p":{"a":0,"k":[256,256,0]},"a":{"a":0,"k":[243.465,243.38,0]},"s":{"a":0,"k":[80.264,80.264,100]}},"ao":0,"ef":[{"ty":25,"nm":"Drop Shadow","np":8,"mn":"ADBE Drop Shadow","ix":1,"en":1,"ef":[{"ty":2,"nm":"Shadow Color","mn":"ADBE Drop Shadow-0001","ix":1,"v":{"a":0,"k":[0.070588178933,1,0,1]}},{"ty":0,"nm":"Opacity","mn":"ADBE Drop Shadow-0002","ix":2,"v":{"a":0,"k":255}},{"ty":0,"nm":"Direction","mn":"ADBE Drop Shadow-0003","ix":3,"v":{"a":0,"k":0}},{"ty":0,"nm":"Distance","mn":"ADBE Drop Shadow-0004","ix":4,"v":{"a":0,"k":0}},{"ty":0,"nm":"Softness","mn":"ADBE Drop Shadow-0005","ix":5,"v":{"a":0,"k":100}},{"ty":7,"nm":"Shadow Only","mn":"ADBE Drop Shadow-0006","ix":6,"v":{"a":0,"k":0}}]}],"shapes":[{"ty":"gr","it":[{"ind":0,"ty":"sh","ks":{"a":0,"k":{"i":[[-3,-15.22],[-0.81,-11.58],[1.58,7.55],[8.98,16.93],[58.31,-38.42],[5.71,-6.14],[-38.77,-21.09],[-5.94,-35.2],[1.04,-15.47],[2.22,-11.4],[-0.43,7.71],[4.3,18.68],[66.26,-22.02],[7.11,-4.44],[-31.95,-30.37],[3.38,-35.53],[5.01,-14.67],[5.09,-10.43],[-2.41,7.34],[-0.69,19.16],[69.71,-4.11],[9.46,-3.37],[-23.61,-38.6],[12.45,-33.45],[8.64,-12.87],[7.61,-8.77],[-4.23,6.45],[-5.62,18.33],[68.4,14.07],[8.76,-0.41],[-12.62,-42.73],[20.69,-29.08],[11.67,-10.2],[9.63,-6.49],[-5.75,5.15],[-10.17,16.24],[62.43,31.29],[8.42,1.89],[-1.12,-44.41],[27.51,-22.74],[13.92,-6.83],[10.98,-3.78],[-6.89,3.48],[-14.03,13.06],[52.2,46.38],[6.42,3.64],[10.19,-42.27],[32.46,-14.85],[15.21,-3],[11.58,-0.81],[-7.55,1.58],[-16.93,8.97],[38.42,58.31],[6.58,5.97],[21.26,-39.09],[35.2,-5.95],[15.47,1.04],[11.4,2.22],[-7.7,-0.43],[-18.68,4.29],[22.01,66.26],[4.92,7.57],[30.75,-32.35],[35.54,3.37],[14.67,5.01],[10.44,5.09],[-7.34,-2.41],[-19.15,-0.69],[4.11,69.71],[3.79,10.01],[39.87,-24.39],[33.46,12.45],[12.88,8.64],[8.76,7.62],[-6.46,-4.23],[-18.31,-5.62],[-14.06,68.4],[0.38,8.7],[42.6,-12.58],[29.1,20.68],[10.2,11.68],[6.5,9.62],[-5.14,-5.76],[-16.24,-10.17],[-31.29,62.42],[-1.89,8.5],[44.37,-1.13],[22.75,27.51],[6.83,13.92],[3.78,10.98],[-3.48,-6.89],[-13.05,-14.03],[-46.38,52.2],[-4.3,9.04],[43.98,10.6],[14.84,32.46],[2.99,15.21],[0.81,11.58],[-1.59,-7.56],[-8.97,-16.93],[-58.31,38.42],[-6.18,7.01],[39.44,21.46],[5.94,35.2],[-1.05,15.47],[-2.22,11.4],[0.43,-7.72],[-4.29,-18.67],[-66.27,22.01],[-7.81,5.19],[32.59,30.98],[-3.37,35.54],[-5.02,14.67],[-5.09,10.44],[2.4,-7.34],[0.69,-19.15],[-69.7,4.11],[-7.32,2.07],[22.79,37.27],[-12.46,33.45],[-8.64,12.88],[-7.62,8.77],[4.23,-6.47],[5.62,-18.32],[-68.39,-14.06],[-8.98,0.46],[12.62,42.68],[-20.69,29.08],[-11.67,10.2],[-9.63,6.49],[5.75,-5.16],[10.18,-16.23],[-62.43,-31.29],[-8.94,-1.88],[1.13,44.64],[-27.51,22.74],[-13.92,6.83],[-10.98,3.78],[6.89,-3.49],[14.03,-13.05],[-52.2,-46.38],[-9.96,-4.43],[-10.74,44.57],[-32.46,14.86],[-15.21,2.98],[-11.59,0.8],[7.56,-1.58],[16.93,-8.98],[-38.41,-58.31],[-6.4,-5.88],[-21.18,38.95],[-35.19,5.95],[-15.47,-1.05],[-11.39,-2.22],[7.71,0.43],[18.67,-4.29],[-22.02,-66.27],[-4.55,-7.22],[-30.45,32.03],[-35.54,-3.36],[-14.67,-5.02],[-10.43,-5.1],[7.33,2.41],[19.15,0.69],[-4.11,-69.7],[-1.77,-6.73],[-35.96,22],[-33.46,-12.45],[-12.87,-8.64],[-8.76,-7.62],[6.46,4.22],[18.32,5.63],[14.07,-68.4],[-0.43,-8.85],[-42.59,12.58],[-29.09,-20.69],[-10.19,-11.68],[-6.48,-9.63],[5.15,5.75],[16.24,10.18],[31.29,-62.43],[1.88,-8.66],[-44.43,1.13],[-22.75,-27.51],[-6.82,-13.92],[-3.77,-10.98],[3.48,6.89],[13.05,14.03],[46.38,-52.2],[3.39,-5.73],[-41.72,-10.06],[-14.84,-32.46]],"o":[[2.24,11.4],[-0.98,-7.67],[-3.7,-18.76],[-32.47,-62.35],[-6.98,4.68],[37.22,-22.58],[32.27,16.88],[2.71,15.27],[-0.78,11.6],[1.05,-7.67],[1.28,-19.07],[-15.23,-68.63],[-7.94,2.71],[41.76,-12.12],[26.8,24.66],[-1.33,15.46],[-3.76,10.99],[2.99,-7.13],[6.17,-18.09],[3.05,-70.23],[-10.04,0.68],[44.56,-2.15],[19.51,30.76],[-5.29,14.59],[-6.48,9.65],[4.73,-6.12],[10.64,-15.89],[21.13,-67.04],[-8.61,-1.7],[42.78,10.01],[10.88,34.76],[-8.88,12.73],[-8.75,7.65],[6.16,-4.68],[14.39,-12.58],[37.77,-59.3],[-7.75,-3.81],[38.55,20.81],[1.52,36.39],[-11.87,9.99],[-10.43,5.12],[7.16,-2.93],[17.16,-8.43],[51.82,-47.5],[-5.56,-4.86],[30.51,30.14],[-7.95,35.54],[-14.05,6.58],[-11.4,2.24],[7.67,-0.97],[18.76,-3.71],[62.35,-32.48],[-4.96,-7.39],[23.08,37.31],[-16.88,32.27],[-15.28,2.71],[-11.6,-0.78],[7.67,1.05],[19.08,1.27],[68.63,-15.24],[-2.92,-8.55],[12.81,42.09],[-24.66,26.81],[-15.46,-1.33],[-11,-3.76],[7.14,2.99],[18.1,6.17],[70.24,3.05],[-0.73,-10.71],[3.89,45.87],[-30.75,19.51],[-14.58,-5.28],[-9.65,-6.47],[6.11,4.73],[15.89,10.64],[67.06,21.12],[1.69,-8.55],[-10.11,42.61],[-34.76,10.89],[-12.72,-8.88],[-7.65,-8.75],[4.69,6.15],[12.6,14.39],[59.3,37.76],[3.84,-7.83],[-20.82,38.48],[-36.39,1.52],[-9.99,-11.87],[-5.12,-10.43],[2.93,7.16],[8.44,17.16],[47.51,51.82],[6.6,-7.54],[-29.97,33.02],[-35.54,-7.95],[-6.58,-14.05],[-2.25,-11.4],[0.97,7.67],[3.7,18.75],[32.48,62.35],[7.77,-5.21],[-37.42,23.65],[-32.28,-16.88],[-2.72,-15.27],[0.78,-11.59],[-1.04,7.67],[-1.28,19.07],[15.23,68.64],[8.88,-3.03],[-42.31,13.25],[-26.81,-24.65],[1.33,-15.45],[3.75,-11],[-2.99,7.14],[-6.18,18.1],[-3.05,70.24],[7.59,-0.52],[-43.1,0.48],[-19.52,-30.75],[5.28,-14.59],[6.47,-9.65],[-4.74,6.12],[-10.64,15.88],[-21.13,67.05],[8.83,1.74],[-42.71,-10.06],[-10.88,-34.76],[8.88,-12.72],[8.75,-7.64],[-6.16,4.68],[-14.39,12.58],[-37.76,59.31],[8.21,4.04],[-38.85,-20.7],[-1.52,-36.39],[11.87,-9.99],[10.43,-5.12],[-7.16,2.93],[-17.16,8.43],[-51.82,47.51],[8.23,7.19],[-33.88,-29.88],[7.95,-35.54],[14.05,-6.58],[11.4,-2.25],[-7.68,0.98],[-18.76,3.7],[-62.35,32.47],[4.85,7.22],[-22.84,-37.26],[16.88,-32.27],[15.28,-2.72],[11.59,0.78],[-7.67,-1.04],[-19.08,-1.28],[-68.63,15.23],[2.76,8.08],[-12.23,-41.81],[24.66,-26.81],[15.46,1.33],[11,3.75],[-7.13,-2.99],[-18.09,-6.18],[-70.24,-3.05],[0.47,6.95],[1.04,-41.6],[30.75,-19.52],[14.59,5.28],[9.65,6.47],[-6.12,-4.73],[-15.88,-10.65],[-67.05,-21.12],[-1.72,8.71],[10.14,-42.59],[34.75,-10.89],[12.72,8.88],[7.64,8.75],[-4.68,-6.16],[-12.58,-14.4],[-59.3,-37.76],[-3.91,7.96],[20.8,-38.56],[36.39,-1.52],[9.99,11.87],[5.12,10.43],[-2.93,-7.16],[-8.43,-17.16],[-47.51,-51.82],[-4.39,5.02],[30.16,-29.74],[35.55,7.95],[6.58,14.05]],"v":[[234.095,14.6],[238.505,49.14],[234.885,26.26],[216.195,-27.99],[54.885,-69.42],[35.745,-53.11],[161.205,-57.84],[220.075,27.62],[222.305,74.21],[217.615,108.73],[220.045,85.68],[216.035,28.45],[70.945,-53.32],[48.255,-42.54],[170.525,-14.6],[205.265,83.18],[195.365,128.77],[181.905,160.89],[190.215,139.26],[201.155,82.94],[82.165,-33.6],[52.715,-27.49],[167.025,31.04],[175.285,134.48],[153.915,175.95],[132.605,203.5],[146.225,184.76],[171.365,133.18],[86.595,-10.18],[60.395,-12.13],[153.665,73.52],[134.865,175.57],[103.495,210.1],[75.775,231.19],[93.785,216.61],[131.415,173.31],[86.645,12.89],[62.255,4.3],[129.825,110.99],[85.255,204.7],[46.015,229.93],[13.785,243.13],[34.955,233.71],[82.515,201.62],[80.785,35.08],[62.735,22.27],[98.365,140.87],[31.065,219.85],[-13.365,234.06],[-47.915,238.46],[-25.035,234.85],[29.215,216.17],[70.645,54.85],[53.235,34.7],[58.515,161.06],[-26.935,219.93],[-73.525,222.15],[-108.045,217.46],[-85.005,219.9],[-27.765,215.89],[54.005,70.8],[42.175,46.47],[14.685,170.26],[-83.095,205.01],[-128.675,195.1],[-160.805,181.64],[-139.175,189.95],[-82.855,200.89],[33.685,81.91],[26.875,50.59],[-31.355,169.27],[-134.795,177.52],[-176.255,156.15],[-203.795,134.84],[-185.065,148.47],[-133.495,173.61],[9.865,88.84],[11.835,62.82],[-73.725,155.69],[-175.785,136.9],[-210.295,105.52],[-231.395,77.81],[-216.825,95.82],[-173.515,133.45],[-13.095,88.68],[-4.455,64.06],[-111.085,131.51],[-204.795,86.94],[-230.015,47.7],[-243.215,15.47],[-233.805,36.64],[-201.715,84.2],[-35.175,82.47],[-18.715,57.43],[-140.895,96.85],[-219.875,29.55],[-234.085,-14.88],[-238.495,-49.43],[-234.875,-26.54],[-216.205,27.7],[-54.885,69.13],[-33.815,50.69],[-161.195,56.62],[-220.065,-28.84],[-222.295,-75.44],[-217.615,-109.95],[-220.045,-86.9],[-216.035,-29.68],[-70.945,52.1],[-45.755,39.7],[-170.515,12.51],[-205.265,-85.27],[-195.355,-130.85],[-181.905,-162.98],[-190.205,-141.35],[-201.155,-85.03],[-82.175,31.51],[-59.715,27.62],[-169.405,-31.04],[-177.665,-134.48],[-156.295,-175.95],[-134.985,-203.5],[-148.615,-184.75],[-173.755,-133.19],[-88.995,10.17],[-62.125,12.1],[-155.245,-73.52],[-136.445,-175.57],[-105.075,-210.1],[-77.355,-231.19],[-95.365,-216.61],[-133.005,-173.32],[-88.225,-12.9],[-62.335,-3.98],[-130.495,-110.99],[-85.925,-204.7],[-46.685,-229.93],[-14.455,-243.13],[-35.625,-233.71],[-83.185,-201.63],[-81.455,-35.09],[-53.945,-17.5],[-94.695,-140.87],[-27.385,-219.85],[17.045,-234.05],[51.595,-238.46],[28.705,-234.85],[-25.535,-216.16],[-66.975,-54.85],[-50.025,-35.1],[-55.045,-161.05],[30.405,-219.92],[77.005,-222.14],[111.515,-217.46],[88.475,-219.89],[31.245,-215.88],[-50.525,-70.79],[-39.515,-47.72],[-11.645,-170.26],[86.135,-205.01],[131.715,-195.09],[163.835,-181.64],[142.215,-189.95],[85.895,-200.89],[-30.645,-81.91],[-27.275,-61.31],[31.355,-166.46],[134.795,-174.72],[176.255,-153.35],[203.805,-132.04],[185.065,-145.66],[133.495,-170.81],[-9.865,-86.04],[-11.815,-59.55],[73.735,-152.37],[175.785,-133.57],[210.305,-102.2],[231.395,-74.48],[216.825,-92.49],[173.515,-130.13],[13.105,-85.35],[4.365,-60.28],[111.085,-127.89],[204.795,-83.32],[230.015,-44.08],[243.215,-11.85],[233.805,-33.02],[201.715,-80.58],[35.175,-78.85],[23.465,-62.67],[140.895,-97.14],[219.875,-29.84]],"c":true}},"nm":"Path 1","hd":false},{"ty":"fl","c":{"a":0,"k":[0,1,0.282352941176,1]},"o":{"a":0,"k":100},"r":1,"bm":0,"nm":"Fill 1","hd":false},{"ty":"tr","p":{"a":0,"k":[243.465,243.38]},"a":{"a":0,"k":[0,0]},"s":{"a":0,"k":[100,100]},"r":{"a":0,"k":0},"o":{"a":0,"k":100},"sk":{"a":0,"k":0},"sa":{"a":0,"k":0},"nm":"Transform"}],"nm":"Group 1","bm":0,"hd":false},{"ty":"gr","it":[{"ty":"rc","d":1,"s":{"a":0,"k":[667.793,690.219]},"p":{"a":0,"k":[0,0]},"r":{"a":0,"k":0},"nm":"Rectangle Path 1","hd":false},{"ty":"fl","c":{"a":0,"k":[0,1,0.282352941176,1]},"o":{"a":0,"k":0},"r":1,"bm":0,"nm":"Fill 1","hd":false},{"ty":"tr","p":{"a":0,"k":[240.973,234.659]},"a":{"a":0,"k":[0,0]},"s":{"a":0,"k":[100,100]},"r":{"a":0,"k":0},"o":{"a":0,"k":100},"sk":{"a":0,"k":0},"sa":{"a":0,"k":0},"nm":"Transform"}],"nm":"Rectangle 1","bm":0,"hd":false}],"ip":0,"op":75,"st":0,"bm":0}],"markers":[]}