{"v":"5.7.3","fr":29.9700012207031,"ip":0,"op":119.000004846969,"w":1080,"h":1080,"nm":"Comp 1","ddd":1,"assets":[{"id":"comp_0","layers":[{"ddd":1,"ind":1,"ty":4,"nm":"mata kanan Outlines","parent":5,"sr":1,"ks":{"o":{"a":0,"k":100,"ix":11},"rx":{"a":0,"k":0,"ix":8},"ry":{"a":0,"k":0,"ix":9},"rz":{"a":0,"k":0,"ix":10},"or":{"a":0,"k":[0,0,0],"ix":7},"p":{"a":0,"k":[328.623,159.859,0],"ix":2},"a":{"a":0,"k":[21.329,21.329,0],"ix":1},"s":{"a":1,"k":[{"i":{"x":[0.667,0.667,0.667],"y":[1,1,1]},"o":{"x":[0.333,0.333,0.333],"y":[0,0,0]},"t":0,"s":[100,37.402,100]},{"i":{"x":[0.667,0.667,0.667],"y":[1,1,1]},"o":{"x":[0.333,0.333,0.333],"y":[0,0,0]},"t":29,"s":[100,90.238,100]},{"i":{"x":[0.667,0.667,0.667],"y":[1,1,1]},"o":{"x":[0.333,0.333,0.333],"y":[0,0,0]},"t":60,"s":[100,37.402,100]},{"i":{"x":[0.667,0.667,0.667],"y":[1,1,1]},"o":{"x":[0.333,0.333,0.333],"y":[0,0,0]},"t":89,"s":[100,90.238,100]},{"t":107.000004358199,"s":[100,37.402,100]}],"ix":6}},"ao":0,"shapes":[{"ty":"gr","it":[{"ind":0,"ty":"sh","ix":1,"ks":{"a":0,"k":{"i":[[0,11.642],[11.641,0],[0,-11.642],[-11.642,0]],"o":[[0,-11.642],[-11.642,0],[0,11.642],[11.641,0]],"v":[[21.079,0],[0,-21.079],[-21.079,0],[0,21.079]],"c":true},"ix":2},"nm":"Path 1","mn":"ADBE Vector Shape - Group","hd":false},{"ty":"fl","c":{"a":0,"k":[0.996424895642,0.727560305128,0.00315295154,1],"ix":4},"o":{"a":0,"k":100,"ix":5},"r":1,"bm":0,"nm":"Fill 1","mn":"ADBE Vector Graphic - Fill","hd":false},{"ty":"tr","p":{"a":0,"k":[21.329,21.329],"ix":2},"a":{"a":0,"k":[0,0],"ix":1},"s":{"a":0,"k":[100,100],"ix":3},"r":{"a":0,"k":0,"ix":6},"o":{"a":0,"k":100,"ix":7},"sk":{"a":0,"k":0,"ix":4},"sa":{"a":0,"k":0,"ix":5},"nm":"Transform"}],"nm":"Group 1","np":2,"cix":2,"bm":0,"ix":1,"mn":"ADBE Vector Group","hd":false}],"ip":0,"op":240.0000097754,"st":0,"bm":0},{"ddd":1,"ind":2,"ty":4,"nm":"mata kiri Outlines","parent":5,"sr":1,"ks":{"o":{"a":0,"k":100,"ix":11},"rx":{"a":0,"k":0,"ix":8},"ry":{"a":0,"k":0,"ix":9},"rz":{"a":0,"k":0,"ix":10},"or":{"a":0,"k":[0,0,0],"ix":7},"p":{"a":0,"k":[153.624,159.859,0],"ix":2},"a":{"a":0,"k":[21.329,21.329,0],"ix":1},"s":{"a":1,"k":[{"i":{"x":[0.667,0.667,0.667],"y":[1,1,1]},"o":{"x":[0.333,0.333,0.333],"y":[0,0,0]},"t":0,"s":[100,37.402,100]},{"i":{"x":[0.667,0.667,0.667],"y":[1,1,1]},"o":{"x":[0.333,0.333,0.333],"y":[0,0,0]},"t":29,"s":[100,90.238,100]},{"i":{"x":[0.667,0.667,0.667],"y":[1,1,1]},"o":{"x":[0.333,0.333,0.333],"y":[0,0,0]},"t":60,"s":[100,37.402,100]},{"i":{"x":[0.667,0.667,0.667],"y":[1,1,1]},"o":{"x":[0.333,0.333,0.333],"y":[0,0,0]},"t":89,"s":[100,90.238,100]},{"t":107.000004358199,"s":[100,37.402,100]}],"ix":6}},"ao":0,"shapes":[{"ty":"gr","it":[{"ind":0,"ty":"sh","ix":1,"ks":{"a":0,"k":{"i":[[0,11.642],[11.641,0],[0,-11.642],[-11.641,0]],"o":[[0,-11.642],[-11.641,0],[0,11.642],[11.641,0]],"v":[[21.079,0],[0,-21.079],[-21.079,0],[0,21.079]],"c":true},"ix":2},"nm":"Path 1","mn":"ADBE Vector Shape - Group","hd":false},{"ty":"fl","c":{"a":0,"k":[0.996424895642,0.727560305128,0.00315295154,1],"ix":4},"o":{"a":0,"k":100,"ix":5},"r":1,"bm":0,"nm":"Fill 1","mn":"ADBE Vector Graphic - Fill","hd":false},{"ty":"tr","p":{"a":0,"k":[21.329,21.329],"ix":2},"a":{"a":0,"k":[0,0],"ix":1},"s":{"a":0,"k":[100,100],"ix":3},"r":{"a":0,"k":0,"ix":6},"o":{"a":0,"k":100,"ix":7},"sk":{"a":0,"k":0,"ix":4},"sa":{"a":0,"k":0,"ix":5},"nm":"Transform"}],"nm":"Group 1","np":2,"cix":2,"bm":0,"ix":1,"mn":"ADBE Vector Group","hd":false}],"ip":0,"op":240.0000097754,"st":0,"bm":0},{"ddd":1,"ind":3,"ty":4,"nm":"mulut Outlines","parent":5,"sr":1,"ks":{"o":{"a":0,"k":100,"ix":11},"rx":{"a":0,"k":0,"ix":8},"ry":{"a":0,"k":0,"ix":9},"rz":{"a":0,"k":0,"ix":10},"or":{"a":0,"k":[0,0,0],"ix":7},"p":{"a":0,"k":[240.604,238.553,0],"ix":2},"a":{"a":0,"k":[61.806,31.025,0],"ix":1},"s":{"a":0,"k":[100,100,100],"ix":6}},"ao":0,"shapes":[{"ty":"gr","it":[{"ind":0,"ty":"sh","ix":1,"ks":{"a":0,"k":{"i":[[-26.141,0],[-8.923,22.987],[11.488,0],[0,0],[-4.157,-10.708]],"o":[[26.141,0],[4.157,-10.708],[0,0],[-11.487,0],[8.924,22.987]],"v":[[0,30.775],[57.399,-8.508],[42.232,-30.775],[-42.233,-30.775],[-57.399,-8.508]],"c":true},"ix":2},"nm":"Path 1","mn":"ADBE Vector Shape - Group","hd":false},{"ty":"fl","c":{"a":0,"k":[0.996424895642,0.727560305128,0.00315295154,1],"ix":4},"o":{"a":0,"k":100,"ix":5},"r":1,"bm":0,"nm":"Fill 1","mn":"ADBE Vector Graphic - Fill","hd":false},{"ty":"tr","p":{"a":0,"k":[61.806,31.025],"ix":2},"a":{"a":0,"k":[0,0],"ix":1},"s":{"a":0,"k":[100,100],"ix":3},"r":{"a":0,"k":0,"ix":6},"o":{"a":0,"k":100,"ix":7},"sk":{"a":0,"k":0,"ix":4},"sa":{"a":0,"k":0,"ix":5},"nm":"Transform"}],"nm":"Group 1","np":2,"cix":2,"bm":0,"ix":1,"mn":"ADBE Vector Group","hd":false}],"ip":0,"op":240.0000097754,"st":0,"bm":0},{"ddd":1,"ind":4,"ty":4,"nm":"muka Outlines","parent":5,"sr":1,"ks":{"o":{"a":0,"k":100,"ix":11},"rx":{"a":0,"k":0,"ix":8},"ry":{"a":0,"k":0,"ix":9},"rz":{"a":0,"k":0,"ix":10},"or":{"a":0,"k":[0,0,0],"ix":7},"p":{"a":0,"k":[240.604,167.204,0],"ix":2},"a":{"a":0,"k":[182.797,127.373,0],"ix":1},"s":{"a":0,"k":[100,100,100],"ix":6}},"ao":0,"shapes":[{"ty":"gr","it":[{"ind":0,"ty":"sh","ix":1,"ks":{"a":0,"k":{"i":[[100.818,0],[0,0],[0,-100.818],[0,0],[-16.092,0],[0,0],[0,16.092],[0,0]],"o":[[0,0],[-100.818,0],[0,0],[0,16.092],[0,0],[16.093,0],[0,0],[0,-100.818]],"v":[[0,-121.419],[0,-121.419],[-182.547,61.128],[-182.547,92.282],[-153.409,121.419],[153.409,121.419],[182.547,92.282],[182.547,61.128]],"c":true},"ix":2},"nm":"Path 1","mn":"ADBE Vector Shape - Group","hd":false},{"ty":"fl","c":{"a":0,"k":[0.130055865119,0.108011612238,0.186742475921,1],"ix":4},"o":{"a":0,"k":100,"ix":5},"r":1,"bm":0,"nm":"Fill 1","mn":"ADBE Vector Graphic - Fill","hd":false},{"ty":"tr","p":{"a":0,"k":[182.797,133.078],"ix":2},"a":{"a":0,"k":[0,0],"ix":1},"s":{"a":0,"k":[100,100],"ix":3},"r":{"a":0,"k":0,"ix":6},"o":{"a":0,"k":100,"ix":7},"sk":{"a":0,"k":0,"ix":4},"sa":{"a":0,"k":0,"ix":5},"nm":"Transform"}],"nm":"Group 1","np":2,"cix":2,"bm":0,"ix":1,"mn":"ADBE Vector Group","hd":false},{"ty":"gr","it":[{"ind":0,"ty":"sh","ix":1,"ks":{"a":0,"k":{"i":[[100.818,0],[0,0],[0,-100.818],[0,0],[-16.092,0],[0,0],[0,16.092],[0,0]],"o":[[0,0],[-100.818,0],[0,0],[0,16.092],[0,0],[16.093,0],[0,0],[0,-100.818]],"v":[[0,-121.419],[0,-121.419],[-182.547,61.128],[-182.547,92.282],[-153.409,121.419],[153.409,121.419],[182.547,92.282],[182.547,61.128]],"c":true},"ix":2},"nm":"Path 1","mn":"ADBE Vector Shape - Group","hd":false},{"ty":"fl","c":{"a":0,"k":[0.831962495692,0.820888803519,0.801516783471,1],"ix":4},"o":{"a":0,"k":100,"ix":5},"r":1,"bm":0,"nm":"Fill 1","mn":"ADBE Vector Graphic - Fill","hd":false},{"ty":"tr","p":{"a":0,"k":[182.797,121.668],"ix":2},"a":{"a":0,"k":[0,0],"ix":1},"s":{"a":0,"k":[100,100],"ix":3},"r":{"a":0,"k":0,"ix":6},"o":{"a":0,"k":100,"ix":7},"sk":{"a":0,"k":0,"ix":4},"sa":{"a":0,"k":0,"ix":5},"nm":"Transform"}],"nm":"Group 2","np":2,"cix":2,"bm":0,"ix":2,"mn":"ADBE Vector Group","hd":false}],"ip":0,"op":240.0000097754,"st":0,"bm":0},{"ddd":1,"ind":5,"ty":4,"nm":"kepala Outlines","sr":1,"ks":{"o":{"a":0,"k":100,"ix":11},"rx":{"a":1,"k":[{"i":{"x":[0.667],"y":[1]},"o":{"x":[0.333],"y":[0]},"t":0,"s":[0]},{"i":{"x":[0.667],"y":[1]},"o":{"x":[0.333],"y":[0]},"t":13,"s":[-9]},{"i":{"x":[0.667],"y":[1]},"o":{"x":[0.333],"y":[0]},"t":29,"s":[0]},{"i":{"x":[0.667],"y":[1]},"o":{"x":[0.333],"y":[0]},"t":46,"s":[-9]},{"i":{"x":[0.667],"y":[1]},"o":{"x":[0.333],"y":[0]},"t":60,"s":[0]},{"i":{"x":[0.667],"y":[1]},"o":{"x":[0.333],"y":[0]},"t":75,"s":[-9]},{"i":{"x":[0.667],"y":[1]},"o":{"x":[0.333],"y":[0]},"t":90,"s":[0]},{"i":{"x":[0.667],"y":[1]},"o":{"x":[0.167],"y":[0]},"t":100,"s":[-9]},{"t":106.000004317469,"s":[0]}],"ix":8},"ry":{"a":1,"k":[{"i":{"x":[0.667],"y":[1]},"o":{"x":[0.333],"y":[0]},"t":0,"s":[15]},{"i":{"x":[0.667],"y":[1]},"o":{"x":[0.333],"y":[0]},"t":29,"s":[-10]},{"i":{"x":[0.667],"y":[1]},"o":{"x":[0.333],"y":[0]},"t":60,"s":[15]},{"i":{"x":[0.667],"y":[1]},"o":{"x":[0.333],"y":[0]},"t":90,"s":[-10]},{"t":106.000004317469,"s":[15]}],"ix":9},"rz":{"a":0,"k":0,"ix":10},"or":{"a":0,"k":[0,0,0],"ix":7},"p":{"a":0,"k":[540,596.989,0],"ix":2},"a":{"a":0,"k":[240.604,216.848,0],"ix":1},"s":{"a":0,"k":[100,100,100],"ix":6}},"ao":0,"shapes":[{"ty":"gr","it":[{"ind":0,"ty":"sh","ix":1,"ks":{"a":0,"k":{"i":[[132.744,0],[0,0],[0,-132.744],[0,0],[-35.665,0],[0,0],[0,35.666],[0,0]],"o":[[0,0],[-132.744,0],[0,0],[0,35.666],[0,0],[35.665,0],[0,0],[0,-132.744]],"v":[[0,-171.293],[0,-171.293],[-240.354,69.061],[-240.354,106.715],[-175.776,171.293],[175.776,171.293],[240.354,106.715],[240.354,69.061]],"c":true},"ix":2},"nm":"Path 1","mn":"ADBE Vector Shape - Group","hd":false},{"ty":"fl","c":{"a":0,"k":[0.949442485735,0.949442366058,0.949442485735,1],"ix":4},"o":{"a":0,"k":100,"ix":5},"r":1,"bm":0,"nm":"Fill 1","mn":"ADBE Vector Graphic - Fill","hd":false},{"ty":"tr","p":{"a":0,"k":[240.604,171.543],"ix":2},"a":{"a":0,"k":[0,0],"ix":1},"s":{"a":0,"k":[100,100],"ix":3},"r":{"a":0,"k":0,"ix":6},"o":{"a":0,"k":100,"ix":7},"sk":{"a":0,"k":0,"ix":4},"sa":{"a":0,"k":0,"ix":5},"nm":"Transform"}],"nm":"Group 1","np":2,"cix":2,"bm":0,"ix":1,"mn":"ADBE Vector Group","hd":false},{"ty":"gr","it":[{"ind":0,"ty":"sh","ix":1,"ks":{"a":0,"k":{"i":[[132.744,0],[0,0],[0,-132.744],[0,0],[-35.666,0],[0,0],[-62.756,0],[-0.029,25.013],[0,0],[0,35.665],[0,0]],"o":[[0,0],[-132.743,0],[0,0],[0,35.665],[0,0],[0.029,25.013],[62.755,0],[0,0],[35.666,0],[0,0],[0,-132.744]],"v":[[0.001,-216.598],[-0.001,-216.598],[-240.353,23.756],[-240.353,106.736],[-175.775,171.313],[-113.66,171.313],[0.001,216.598],[113.66,171.313],[175.775,171.313],[240.353,106.736],[240.353,23.756]],"c":true},"ix":2},"nm":"Path 1","mn":"ADBE Vector Shape - Group","hd":false},{"ty":"fl","c":{"a":0,"k":[0.700047751034,0.700047691196,0.700047691196,1],"ix":4},"o":{"a":0,"k":100,"ix":5},"r":1,"bm":0,"nm":"Fill 1","mn":"ADBE Vector Graphic - Fill","hd":false},{"ty":"tr","p":{"a":0,"k":[240.604,216.849],"ix":2},"a":{"a":0,"k":[0,0],"ix":1},"s":{"a":0,"k":[100,100],"ix":3},"r":{"a":0,"k":0,"ix":6},"o":{"a":0,"k":100,"ix":7},"sk":{"a":0,"k":0,"ix":4},"sa":{"a":0,"k":0,"ix":5},"nm":"Transform"}],"nm":"Group 2","np":2,"cix":2,"bm":0,"ix":2,"mn":"ADBE Vector Group","hd":false}],"ip":0,"op":240.0000097754,"st":0,"bm":0},{"ddd":1,"ind":6,"ty":4,"nm":"headset Outlines","parent":5,"sr":1,"ks":{"o":{"a":0,"k":100,"ix":11},"rx":{"a":0,"k":0,"ix":8},"ry":{"a":0,"k":0,"ix":9},"rz":{"a":0,"k":0,"ix":10},"or":{"a":0,"k":[0,0,0],"ix":7},"p":{"a":0,"k":[240.372,112.427,0],"ix":2},"a":{"a":0,"k":[292.772,149.922,0],"ix":1},"s":{"a":0,"k":[100,100,100],"ix":6}},"ao":0,"shapes":[{"ty":"gr","it":[{"ind":0,"ty":"sh","ix":1,"ks":{"a":0,"k":{"i":[[0,37.496],[37.496,0],[0,-37.496],[-37.496,0]],"o":[[0,-37.496],[-37.496,0],[0,37.496],[37.496,0]],"v":[[67.892,-0.001],[0,-67.893],[-67.892,-0.001],[0,67.893]],"c":true},"ix":2},"nm":"Path 1","mn":"ADBE Vector Shape - Group","hd":false},{"ty":"fl","c":{"a":0,"k":[0.130055865119,0.108011612238,0.186742475921,1],"ix":4},"o":{"a":0,"k":100,"ix":5},"r":1,"bm":0,"nm":"Fill 1","mn":"ADBE Vector Graphic - Fill","hd":false},{"ty":"tr","p":{"a":0,"k":[517.401,231.702],"ix":2},"a":{"a":0,"k":[0,0],"ix":1},"s":{"a":0,"k":[100,100],"ix":3},"r":{"a":0,"k":0,"ix":6},"o":{"a":0,"k":100,"ix":7},"sk":{"a":0,"k":0,"ix":4},"sa":{"a":0,"k":0,"ix":5},"nm":"Transform"}],"nm":"Group 1","np":2,"cix":2,"bm":0,"ix":1,"mn":"ADBE Vector Group","hd":false},{"ty":"gr","it":[{"ind":0,"ty":"sh","ix":1,"ks":{"a":0,"k":{"i":[[0,37.496],[37.497,0],[0,-37.496],[-37.495,0]],"o":[[0,-37.496],[-37.495,0],[0,37.496],[37.497,0]],"v":[[67.893,-0.001],[-0.001,-67.893],[-67.893,-0.001],[-0.001,67.893]],"c":true},"ix":2},"nm":"Path 1","mn":"ADBE Vector Shape - Group","hd":false},{"ty":"fl","c":{"a":0,"k":[0.130055865119,0.108011612238,0.186742475921,1],"ix":4},"o":{"a":0,"k":100,"ix":5},"r":1,"bm":0,"nm":"Fill 1","mn":"ADBE Vector Graphic - Fill","hd":false},{"ty":"tr","p":{"a":0,"k":[68.143,231.702],"ix":2},"a":{"a":0,"k":[0,0],"ix":1},"s":{"a":0,"k":[100,100],"ix":3},"r":{"a":0,"k":0,"ix":6},"o":{"a":0,"k":100,"ix":7},"sk":{"a":0,"k":0,"ix":4},"sa":{"a":0,"k":0,"ix":5},"nm":"Transform"}],"nm":"Group 2","np":2,"cix":2,"bm":0,"ix":2,"mn":"ADBE Vector Group","hd":false},{"ty":"gr","it":[{"ind":0,"ty":"sh","ix":1,"ks":{"a":0,"k":{"i":[[0,-155.235],[0,0],[135.754,0],[0,-150.241],[0,0],[-140.75,0]],"o":[[0,0],[0,-150.241],[-135.755,0],[0,0],[0,-155.235],[140.75,0]],"v":[[255.258,140.764],[246.197,140.764],[-0.001,-131.706],[-246.2,140.764],[-255.258,140.764],[-0.001,-140.764]],"c":true},"ix":2},"nm":"Path 1","mn":"ADBE Vector Shape - Group","hd":false},{"ty":"fl","c":{"a":0,"k":[0.130055865119,0.108011612238,0.186742475921,1],"ix":4},"o":{"a":0,"k":100,"ix":5},"r":1,"bm":0,"nm":"Fill 1","mn":"ADBE Vector Graphic - Fill","hd":false},{"ty":"tr","p":{"a":0,"k":[293.004,141.015],"ix":2},"a":{"a":0,"k":[0,0],"ix":1},"s":{"a":0,"k":[100,100],"ix":3},"r":{"a":0,"k":0,"ix":6},"o":{"a":0,"k":100,"ix":7},"sk":{"a":0,"k":0,"ix":4},"sa":{"a":0,"k":0,"ix":5},"nm":"Transform"}],"nm":"Group 3","np":2,"cix":2,"bm":0,"ix":3,"mn":"ADBE Vector Group","hd":false}],"ip":0,"op":240.0000097754,"st":0,"bm":0},{"ddd":0,"ind":7,"ty":4,"nm":"badan Outlines","sr":1,"ks":{"o":{"a":0,"k":100,"ix":11},"r":{"a":0,"k":0,"ix":10},"p":{"a":0,"k":[540,872.641,0],"ix":2},"a":{"a":0,"k":[206.683,104.609,0],"ix":1},"s":{"a":0,"k":[100,100,100],"ix":6}},"ao":0,"shapes":[{"ty":"gr","it":[{"ind":0,"ty":"sh","ix":1,"ks":{"a":0,"k":{"i":[[2.218,-98.239],[-57.267,0],[-51.032,20.897],[84.062,5.614],[0.802,0.036],[0.722,0.027],[2.053,0.009]],"o":[[50.115,20.032],[58.555,0],[-2.756,-94.176],[-0.8,-0.045],[-0.72,-0.036],[-2.04,-0.069],[-88.756,0.436]],"v":[[-163.737,73.256],[-1.687,104.349],[163.738,71.88],[9.98,-104.003],[7.587,-104.156],[5.417,-104.217],[-0.719,-104.349]],"c":true},"ix":2},"nm":"Path 1","mn":"ADBE Vector Shape - Group","hd":false},{"ty":"fl","c":{"a":0,"k":[0.899969003715,0.899968943876,0.899968943876,1],"ix":4},"o":{"a":0,"k":100,"ix":5},"r":1,"bm":0,"nm":"Fill 1","mn":"ADBE Vector Graphic - Fill","hd":false},{"ty":"tr","p":{"a":0,"k":[206.683,104.62],"ix":2},"a":{"a":0,"k":[0,0],"ix":1},"s":{"a":0,"k":[100,100],"ix":3},"r":{"a":0,"k":0,"ix":6},"o":{"a":0,"k":100,"ix":7},"sk":{"a":0,"k":0,"ix":4},"sa":{"a":0,"k":0,"ix":5},"nm":"Transform"}],"nm":"Group 1","np":2,"cix":2,"bm":0,"ix":1,"mn":"ADBE Vector Group","hd":false},{"ty":"gr","it":[{"ind":0,"ty":"sh","ix":1,"ks":{"a":0,"k":{"i":[[-74.668,0],[-61.481,33.013],[95.754,0],[29.343,-91.305]],"o":[[74.669,0],[-29.343,-91.305],[-95.754,0],[61.48,33.013]],"v":[[0,104.359],[206.433,52.601],[0,-104.359],[-206.433,52.601]],"c":true},"ix":2},"nm":"Path 1","mn":"ADBE Vector Shape - Group","hd":false},{"ty":"fl","c":{"a":0,"k":[0.999999940162,0.999999940162,1,1],"ix":4},"o":{"a":0,"k":100,"ix":5},"r":1,"bm":0,"nm":"Fill 1","mn":"ADBE Vector Graphic - Fill","hd":false},{"ty":"tr","p":{"a":0,"k":[206.683,104.609],"ix":2},"a":{"a":0,"k":[0,0],"ix":1},"s":{"a":0,"k":[100,100],"ix":3},"r":{"a":0,"k":0,"ix":6},"o":{"a":0,"k":100,"ix":7},"sk":{"a":0,"k":0,"ix":4},"sa":{"a":0,"k":0,"ix":5},"nm":"Transform"}],"nm":"Group 2","np":2,"cix":2,"bm":0,"ix":2,"mn":"ADBE Vector Group","hd":false}],"ip":0,"op":240.0000097754,"st":0,"bm":0},{"ddd":0,"ind":8,"ty":4,"nm":"nada tengah Outlines","sr":1,"ks":{"o":{"a":1,"k":[{"i":{"x":[0.667],"y":[1]},"o":{"x":[0.333],"y":[0]},"t":0,"s":[0]},{"i":{"x":[0.667],"y":[1]},"o":{"x":[0.333],"y":[0]},"t":30,"s":[100]},{"i":{"x":[0.667],"y":[1]},"o":{"x":[0.333],"y":[0]},"t":60,"s":[0]},{"i":{"x":[0.833],"y":[1]},"o":{"x":[0.333],"y":[0]},"t":90,"s":[100]},{"t":106.000004317469,"s":[0]}],"ix":11},"r":{"a":0,"k":0,"ix":10},"p":{"a":1,"k":[{"i":{"x":0.667,"y":1},"o":{"x":0.333,"y":0},"t":0,"s":[354.649,476.617,0],"to":[0,-12.5,0],"ti":[0,0,0]},{"i":{"x":0.667,"y":1},"o":{"x":0.333,"y":0},"t":30,"s":[354.649,401.617,0],"to":[0,0,0],"ti":[0,0,0]},{"i":{"x":0.667,"y":1},"o":{"x":0.333,"y":0},"t":60,"s":[354.649,476.617,0],"to":[0,0,0],"ti":[0,12.5,0]},{"t":90.0000036657751,"s":[354.649,401.617,0]}],"ix":2},"a":{"a":0,"k":[20.096,45.442,0],"ix":1},"s":{"a":1,"k":[{"i":{"x":[0.667,0.667,0.667],"y":[1,1,1]},"o":{"x":[0.333,0.333,0.333],"y":[0,0,0]},"t":0,"s":[65,65,100]},{"i":{"x":[0.667,0.667,0.667],"y":[1,1,1]},"o":{"x":[0.333,0.333,0.333],"y":[0,0,0]},"t":30,"s":[100,100,100]},{"i":{"x":[0.667,0.667,0.667],"y":[1,1,1]},"o":{"x":[0.333,0.333,0.333],"y":[0,0,0]},"t":60,"s":[65,65,100]},{"t":90.0000036657751,"s":[100,100,100]}],"ix":6}},"ao":0,"shapes":[{"ty":"gr","it":[{"ind":0,"ty":"sh","ix":1,"ks":{"a":0,"k":{"i":[[3.897,-0.445],[-1.09,-3.792],[-4.323,-15.067],[0.639,-1.87],[7.23,0.837],[0.778,3.993],[-1.56,2.371],[-7.104,-0.387],[0.125,0.436],[4.048,14.062],[1.746,6.082],[0.049,0.46],[-0.913,0.585],[-0.878,-0.651],[-6.256,-3.531],[-2.296,-3.889],[1.653,-7.898],[0.489,-0.849],[0.613,0.145],[0.005,0.488],[0.069,1.861],[1.328,3.406],[3.813,2.048]],"o":[[1.085,3.806],[4.33,15.065],[0.554,1.932],[-2.358,6.897],[-4.451,-0.516],[-0.558,-2.861],[3.843,-5.843],[1.232,0.067],[-4.038,-14.065],[-1.75,-6.08],[-0.128,-0.447],[-0.117,-1.104],[0.919,-0.589],[5.809,4.308],[3.843,2.169],[4.026,6.819],[-0.199,0.951],[-0.25,0.434],[-0.613,-0.144],[-0.018,-1.863],[-0.136,-3.654],[-1.604,-4.113],[-4.483,-2.407]],"v":[[-9.031,-29.225],[-5.783,-17.831],[7.21,27.363],[6.87,33.078],[-10.987,44.355],[-19.289,37.271],[-17.566,29.354],[-1.234,20.839],[-0.704,19.852],[-12.84,-22.335],[-18.09,-40.577],[-18.389,-41.941],[-17.135,-44.505],[-14.283,-44.541],[4.365,-33.744],[14.102,-25.131],[18.193,-3.115],[17.21,-0.388],[16.076,0.414],[15.413,-0.814],[15.426,-6.404],[13.244,-17.021],[4.785,-25.992]],"c":true},"ix":2},"nm":"Path 1","mn":"ADBE Vector Shape - Group","hd":false},{"ty":"fl","c":{"a":0,"k":[0.999999940162,0.999999940162,1,1],"ix":4},"o":{"a":0,"k":100,"ix":5},"r":1,"bm":0,"nm":"Fill 1","mn":"ADBE Vector Graphic - Fill","hd":false},{"ty":"tr","p":{"a":0,"k":[20.096,45.442],"ix":2},"a":{"a":0,"k":[0,0],"ix":1},"s":{"a":0,"k":[100,100],"ix":3},"r":{"a":0,"k":0,"ix":6},"o":{"a":0,"k":100,"ix":7},"sk":{"a":0,"k":0,"ix":4},"sa":{"a":0,"k":0,"ix":5},"nm":"Transform"}],"nm":"Group 1","np":2,"cix":2,"bm":0,"ix":1,"mn":"ADBE Vector Group","hd":false}],"ip":0,"op":240.0000097754,"st":0,"bm":0},{"ddd":0,"ind":9,"ty":4,"nm":"nada kanan Outlines","sr":1,"ks":{"o":{"a":1,"k":[{"i":{"x":[0.667],"y":[1]},"o":{"x":[0.333],"y":[0]},"t":0,"s":[0]},{"i":{"x":[0.667],"y":[1]},"o":{"x":[0.333],"y":[0]},"t":30,"s":[100]},{"i":{"x":[0.667],"y":[1]},"o":{"x":[0.333],"y":[0]},"t":60,"s":[0]},{"i":{"x":[0.833],"y":[1]},"o":{"x":[0.333],"y":[0]},"t":90,"s":[100]},{"t":106.000004317469,"s":[0]}],"ix":11},"r":{"a":0,"k":0,"ix":10},"p":{"a":1,"k":[{"i":{"x":0.667,"y":1},"o":{"x":0.333,"y":0},"t":0,"s":[839.143,513.306,0],"to":[0,-6.5,0],"ti":[0,0,0]},{"i":{"x":0.667,"y":1},"o":{"x":0.333,"y":0},"t":30,"s":[839.143,474.306,0],"to":[0,0,0],"ti":[0,0,0]},{"i":{"x":0.667,"y":1},"o":{"x":0.333,"y":0},"t":60,"s":[839.143,513.306,0],"to":[0,0,0],"ti":[0,6.5,0]},{"t":90.0000036657751,"s":[839.143,474.306,0]}],"ix":2},"a":{"a":0,"k":[28.271,44.504,0],"ix":1},"s":{"a":1,"k":[{"i":{"x":[0.667,0.667,0.667],"y":[1,1,1]},"o":{"x":[0.333,0.333,0.333],"y":[0,0,0]},"t":0,"s":[67,67,100]},{"i":{"x":[0.667,0.667,0.667],"y":[1,1,1]},"o":{"x":[0.333,0.333,0.333],"y":[0,0,0]},"t":30,"s":[100,100,100]},{"i":{"x":[0.667,0.667,0.667],"y":[1,1,1]},"o":{"x":[0.333,0.333,0.333],"y":[0,0,0]},"t":60,"s":[67,67,100]},{"t":90.0000036657751,"s":[100,100,100]}],"ix":6}},"ao":0,"shapes":[{"ty":"gr","it":[{"ind":0,"ty":"sh","ix":1,"ks":{"a":0,"k":{"i":[[3.786,1.025],[0.387,-3.927],[1.544,-15.599],[1.284,-1.501],[6.411,3.447],[-0.75,3.998],[-2.325,1.628],[-6.459,-2.983],[-0.045,0.452],[-1.429,14.563],[-0.622,6.296],[-0.125,0.446],[-1.064,0.207],[-0.575,-0.929],[-4.511,-5.591],[-0.698,-4.462],[4.452,-6.729],[0.768,-0.608],[0.516,0.361],[-0.175,0.455],[-0.622,1.755],[-0.023,3.656],[2.789,3.312]],"o":[[-0.396,3.938],[-1.537,15.599],[-0.198,2],[-4.737,5.541],[-3.947,-2.122],[0.538,-2.865],[5.729,-4.012],[1.12,0.517],[1.44,-14.561],[0.617,-6.297],[0.046,-0.463],[0.299,-1.069],[1.072,-0.208],[3.809,6.149],[2.771,3.434],[1.224,7.824],[-0.536,0.81],[-0.392,0.311],[-0.516,-0.36],[0.671,-1.739],[1.222,-3.446],[0.029,-4.414],[-3.278,-3.892]],"v":[[6.809,-26.854],[5.622,-15.065],[1.014,31.733],[-1.412,36.918],[-22.17,40.807],[-27.271,31.159],[-22.748,24.437],[-4.426,22.553],[-3.569,21.83],[0.727,-21.856],[2.581,-40.747],[2.807,-42.126],[4.919,-44.046],[7.582,-43.027],[20.928,-26.108],[26.797,-14.51],[22.472,7.462],[20.551,9.633],[19.201,9.96],[19.039,8.575],[21.115,3.384],[23.006,-7.289],[18.456,-18.749]],"c":true},"ix":2},"nm":"Path 1","mn":"ADBE Vector Shape - Group","hd":false},{"ty":"fl","c":{"a":0,"k":[0.999999940162,0.999999940162,1,1],"ix":4},"o":{"a":0,"k":100,"ix":5},"r":1,"bm":0,"nm":"Fill 1","mn":"ADBE Vector Graphic - Fill","hd":false},{"ty":"tr","p":{"a":0,"k":[28.271,44.504],"ix":2},"a":{"a":0,"k":[0,0],"ix":1},"s":{"a":0,"k":[100,100],"ix":3},"r":{"a":0,"k":0,"ix":6},"o":{"a":0,"k":100,"ix":7},"sk":{"a":0,"k":0,"ix":4},"sa":{"a":0,"k":0,"ix":5},"nm":"Transform"}],"nm":"Group 1","np":2,"cix":2,"bm":0,"ix":1,"mn":"ADBE Vector Group","hd":false}],"ip":0,"op":240.0000097754,"st":0,"bm":0},{"ddd":0,"ind":10,"ty":4,"nm":"nada kiri Outlines","sr":1,"ks":{"o":{"a":1,"k":[{"i":{"x":[0.667],"y":[1]},"o":{"x":[0.333],"y":[0]},"t":0,"s":[0]},{"i":{"x":[0.667],"y":[1]},"o":{"x":[0.333],"y":[0]},"t":30,"s":[100]},{"i":{"x":[0.667],"y":[1]},"o":{"x":[0.333],"y":[0]},"t":60,"s":[0]},{"i":{"x":[0.833],"y":[1]},"o":{"x":[0.333],"y":[0]},"t":90,"s":[100]},{"t":106.000004317469,"s":[0]}],"ix":11},"r":{"a":0,"k":0,"ix":10},"p":{"a":1,"k":[{"i":{"x":0.667,"y":1},"o":{"x":0.333,"y":0},"t":0,"s":[243.438,541.363,0],"to":[0,-7.5,0],"ti":[0,0,0]},{"i":{"x":0.667,"y":1},"o":{"x":0.333,"y":0},"t":30,"s":[243.438,496.363,0],"to":[0,0,0],"ti":[0,0,0]},{"i":{"x":0.667,"y":1},"o":{"x":0.333,"y":0},"t":60,"s":[243.438,541.363,0],"to":[0,0,0],"ti":[0,7.5,0]},{"t":90.0000036657751,"s":[243.438,496.363,0]}],"ix":2},"a":{"a":0,"k":[48.645,69.103,0],"ix":1},"s":{"a":1,"k":[{"i":{"x":[0.667,0.667,0.667],"y":[1,1,1]},"o":{"x":[0.333,0.333,0.333],"y":[0,0,0]},"t":0,"s":[65,65,100]},{"i":{"x":[0.667,0.667,0.667],"y":[1,1,1]},"o":{"x":[0.333,0.333,0.333],"y":[0,0,0]},"t":30,"s":[96,96,100]},{"i":{"x":[0.667,0.667,0.667],"y":[1,1,1]},"o":{"x":[0.333,0.333,0.333],"y":[0,0,0]},"t":60,"s":[65,65,100]},{"t":90.0000036657751,"s":[96,96,100]}],"ix":6}},"ao":0,"shapes":[{"ty":"gr","it":[{"ind":0,"ty":"sh","ix":1,"ks":{"a":0,"k":{"i":[[-2.86,0.116],[1.338,2.613],[3.635,7.095],[3.863,7.536],[0.754,1.524],[-1.782,1.359],[-10.019,7.635],[-7.74,5.896],[-1.329,-2.605],[-4.572,-8.923],[-4.358,-8.516],[-2.188,-4.133],[1.497,-4.123],[8.289,-1.353],[-1.125,9.149],[-9.327,0.729],[-0.291,0.029],[7.066,13.79],[2.667,-2.031],[13.219,-10.032],[-0.377,-0.73],[-5.041,-9.838],[-3.661,-7.32],[0.848,-3.154],[8.599,-1.935],[-1.477,9.535],[-6.325,3.427]],"o":[[-1.408,-2.745],[-3.636,-7.094],[-3.861,-7.537],[-0.776,-1.513],[-0.895,-1.809],[10.015,-7.64],[7.739,-5.896],[2.305,-1.757],[4.558,8.931],[4.362,8.515],[2.13,4.164],[2.11,3.986],[-2.821,7.768],[-9.091,1.483],[1.143,-9.3],[0.168,-0.013],[-7.063,-13.785],[-2.706,2.064],[-13.203,10.055],[-0.682,0.518],[5.07,9.823],[3.732,7.285],[1.485,2.968],[-2.271,8.442],[-9.379,2.11],[1.115,-7.191],[2.374,-1.286]],"v":[[-18.589,34.624],[-22.676,26.655],[-33.581,5.371],[-45.165,-17.239],[-47.499,-21.775],[-46.178,-26.5],[-16.122,-49.406],[7.094,-67.096],[12.917,-65.684],[26.638,-38.916],[39.711,-13.366],[46.116,-0.882],[46.897,11.361],[30.438,25.686],[16.031,11.47],[34.826,-6.532],[35.452,-6.594],[14.301,-47.873],[6.262,-41.743],[-33.359,-11.596],[-33.721,-9.955],[-18.562,19.541],[-7.417,41.42],[-6.656,50.759],[-22.829,66.743],[-37.96,52.401],[-26.393,36.655]],"c":true},"ix":2},"nm":"Path 1","mn":"ADBE Vector Shape - Group","hd":false},{"ty":"fl","c":{"a":0,"k":[0.999999940162,0.999999940162,1,1],"ix":4},"o":{"a":0,"k":100,"ix":5},"r":1,"bm":0,"nm":"Fill 1","mn":"ADBE Vector Graphic - Fill","hd":false},{"ty":"tr","p":{"a":0,"k":[48.644,69.103],"ix":2},"a":{"a":0,"k":[0,0],"ix":1},"s":{"a":0,"k":[100,100],"ix":3},"r":{"a":0,"k":0,"ix":6},"o":{"a":0,"k":100,"ix":7},"sk":{"a":0,"k":0,"ix":4},"sa":{"a":0,"k":0,"ix":5},"nm":"Transform"}],"nm":"Group 1","np":2,"cix":2,"bm":0,"ix":1,"mn":"ADBE Vector Group","hd":false}],"ip":0,"op":240.0000097754,"st":0,"bm":0},{"ddd":0,"ind":11,"ty":4,"nm":"nada atas Outlines","sr":1,"ks":{"o":{"a":1,"k":[{"i":{"x":[0.667],"y":[1]},"o":{"x":[0.333],"y":[0]},"t":0,"s":[0]},{"i":{"x":[0.667],"y":[1]},"o":{"x":[0.333],"y":[0]},"t":29,"s":[100]},{"i":{"x":[0.667],"y":[1]},"o":{"x":[0.333],"y":[0]},"t":60,"s":[0]},{"i":{"x":[0.833],"y":[1]},"o":{"x":[0.333],"y":[0]},"t":90,"s":[100]},{"t":106.000004317469,"s":[0]}],"ix":11},"r":{"a":0,"k":0,"ix":10},"p":{"a":1,"k":[{"i":{"x":0.667,"y":1},"o":{"x":0.333,"y":0},"t":0,"s":[575.861,374.171,0],"to":[0,-10.667,0],"ti":[0,0,0]},{"i":{"x":0.667,"y":1},"o":{"x":0.333,"y":0},"t":29,"s":[575.861,310.171,0],"to":[0,0,0],"ti":[0,0,0]},{"i":{"x":0.667,"y":1},"o":{"x":0.333,"y":0},"t":60,"s":[575.861,374.171,0],"to":[0,0,0],"ti":[0,10.667,0]},{"t":90.0000036657751,"s":[575.861,310.171,0]}],"ix":2},"a":{"a":0,"k":[52.918,61.326,0],"ix":1},"s":{"a":1,"k":[{"i":{"x":[0.667,0.667,0.667],"y":[1,1,1]},"o":{"x":[0.333,0.333,0.333],"y":[0,0,0]},"t":0,"s":[54,54,100]},{"i":{"x":[0.667,0.667,0.667],"y":[1,1,1]},"o":{"x":[0.333,0.333,0.333],"y":[0,0,0]},"t":29,"s":[100,100,100]},{"i":{"x":[0.667,0.667,0.667],"y":[1,1,1]},"o":{"x":[0.333,0.333,0.333],"y":[0,0,0]},"t":60,"s":[54,54,100]},{"t":90.0000036657751,"s":[100,100,100]}],"ix":6}},"ao":0,"shapes":[{"ty":"gr","it":[{"ind":0,"ty":"sh","ix":1,"ks":{"a":0,"k":{"i":[[-2.824,-0.857],[0.417,2.998],[1.133,8.142],[1.205,8.65],[0.218,1.739],[-2.196,0.719],[-12.348,4.036],[-9.538,3.117],[-0.411,-2.988],[-1.425,-10.243],[-1.354,-9.773],[-0.728,-4.767],[2.857,-3.507],[8.532,1.495],[-4.199,8.528],[-9.33,-2.455],[-0.292,-0.07],[2.203,15.827],[3.287,-1.074],[16.278,-5.285],[-0.12,-0.839],[-1.572,-11.292],[-1.082,-8.371],[1.897,-2.783],[9.031,1.034],[-4.674,8.783],[-7.322,1.192]],"o":[[-0.439,-3.151],[-1.133,-8.143],[-1.202,-8.651],[-0.241,-1.737],[-0.257,-2.065],[12.346,-4.043],[9.537,-3.116],[2.841,-0.928],[1.408,10.245],[1.358,9.771],[0.662,4.777],[0.703,4.599],[-5.384,6.608],[-9.357,-1.64],[4.27,-8.67],[0.168,0.044],[-2.201,-15.821],[-3.336,1.091],[-16.269,5.312],[-0.84,0.273],[1.604,11.287],[1.162,8.361],[0.439,3.394],[-5.076,7.452],[-9.85,-1.127],[3.525,-6.626],[2.749,-0.447]],"v":[[-23.098,30.201],[-24.374,21.054],[-27.772,-3.374],[-31.381,-29.325],[-32.116,-34.534],[-29.225,-38.687],[7.817,-50.797],[36.429,-60.148],[41.622,-56.796],[45.902,-26.07],[49.965,3.248],[51.965,17.578],[48.572,29.767],[27.681,38.132],[18.475,19.4],[42.887,8.245],[43.517,8.397],[36.926,-38.98],[27.017,-35.738],[-21.798,-19.823],[-22.707,-18.348],[-17.952,15.521],[-14.522,40.611],[-16.952,49.963],[-38.126,60.042],[-47.993,40.942],[-31.387,29.531]],"c":true},"ix":2},"nm":"Path 1","mn":"ADBE Vector Shape - Group","hd":false},{"ty":"fl","c":{"a":0,"k":[0.999999940162,0.999999940162,1,1],"ix":4},"o":{"a":0,"k":100,"ix":5},"r":1,"bm":0,"nm":"Fill 1","mn":"ADBE Vector Graphic - Fill","hd":false},{"ty":"tr","p":{"a":0,"k":[52.917,61.326],"ix":2},"a":{"a":0,"k":[0,0],"ix":1},"s":{"a":0,"k":[100,100],"ix":3},"r":{"a":0,"k":0,"ix":6},"o":{"a":0,"k":100,"ix":7},"sk":{"a":0,"k":0,"ix":4},"sa":{"a":0,"k":0,"ix":5},"nm":"Transform"}],"nm":"Group 1","np":2,"cix":2,"bm":0,"ix":1,"mn":"ADBE Vector Group","hd":false}],"ip":0,"op":240.0000097754,"st":0,"bm":0},{"ddd":0,"ind":12,"ty":4,"nm":"BG Outlines","sr":1,"ks":{"o":{"a":0,"k":100,"ix":11},"r":{"a":0,"k":0,"ix":10},"p":{"a":0,"k":[540,540,0],"ix":2},"a":{"a":0,"k":[437.25,437.25,0],"ix":1},"s":{"a":0,"k":[100,100,100],"ix":6}},"ao":0,"shapes":[{"ty":"gr","it":[{"ind":0,"ty":"sh","ix":1,"ks":{"a":0,"k":{"i":[[0,241.349],[241.349,0],[0,-241.349],[-241.349,0]],"o":[[0,-241.349],[-241.349,0],[0,241.349],[241.349,0]],"v":[[437,0],[0,-437],[-437,0],[0,437]],"c":true},"ix":2},"nm":"Path 1","mn":"ADBE Vector Shape - Group","hd":false},{"ty":"fl","c":{"a":0,"k":[0.996424895642,0.727560305128,0.00315295154,1],"ix":4},"o":{"a":0,"k":100,"ix":5},"r":1,"bm":0,"nm":"Fill 1","mn":"ADBE Vector Graphic - Fill","hd":false},{"ty":"tr","p":{"a":0,"k":[437.25,437.25],"ix":2},"a":{"a":0,"k":[0,0],"ix":1},"s":{"a":0,"k":[100,100],"ix":3},"r":{"a":0,"k":0,"ix":6},"o":{"a":0,"k":100,"ix":7},"sk":{"a":0,"k":0,"ix":4},"sa":{"a":0,"k":0,"ix":5},"nm":"Transform"}],"nm":"Group 1","np":2,"cix":2,"bm":0,"ix":1,"mn":"ADBE Vector Group","hd":false}],"ip":0,"op":240.0000097754,"st":0,"bm":0}]}],"layers":[{"ddd":0,"ind":1,"ty":0,"nm":"dance-robot","refId":"comp_0","sr":1,"ks":{"o":{"a":0,"k":100,"ix":11},"r":{"a":0,"k":0,"ix":10},"p":{"a":0,"k":[540,540,0],"ix":2},"a":{"a":0,"k":[540,540,0],"ix":1},"s":{"a":0,"k":[100,100,100],"ix":6}},"ao":0,"w":1080,"h":1080,"ip":0,"op":240.0000097754,"st":0,"bm":0}],"markers":[]}