{"v":"5.9.6","fr":120,"ip":0,"op":720,"w":334,"h":398,"nm":"flexie-lottie","ddd":0,"assets":[{"id":"comp_0","nm":"final","fr":120,"layers":[{"ddd":0,"ind":1,"ty":4,"nm":"Shape Layer 2","sr":1,"ks":{"o":{"a":1,"k":[{"i":{"x":[0.833],"y":[0.833]},"o":{"x":[0.167],"y":[0.167]},"t":469,"s":[100]},{"t":474,"s":[0]}],"ix":11},"r":{"a":0,"k":0,"ix":10},"p":{"a":1,"k":[{"i":{"x":0.833,"y":0.833},"o":{"x":0.167,"y":0.167},"t":318,"s":[176.5,199,0],"to":[0,-1.333,0],"ti":[0,1.333,0]},{"i":{"x":0.833,"y":0.833},"o":{"x":0.167,"y":0.167},"t":336,"s":[176.5,191,0],"to":[0,0,0],"ti":[0,0,0]},{"i":{"x":0.833,"y":0.833},"o":{"x":0.167,"y":0.167},"t":441,"s":[176.5,191,0],"to":[0,1.333,0],"ti":[0,-1.333,0]},{"t":468,"s":[176.5,199,0]}],"ix":2,"l":2},"a":{"a":0,"k":[0,0,0],"ix":1,"l":2},"s":{"a":0,"k":[100,100,100],"ix":6,"l":2}},"ao":0,"shapes":[{"ty":"gr","it":[{"ind":0,"ty":"sh","ix":1,"ks":{"a":0,"k":{"i":[[0,16.5],[0,-17]],"o":[[0,-16.5],[0,17]],"v":[[-46,-105],[-23,-105]],"c":false},"ix":2},"nm":"Path 1","mn":"ADBE Vector Shape - Group","hd":false},{"ty":"st","c":{"a":0,"k":[0.066666666667,1,0.541176470588,1],"ix":3},"o":{"a":0,"k":100,"ix":4},"w":{"a":0,"k":8,"ix":5},"lc":1,"lj":1,"ml":4,"bm":0,"nm":"Stroke 1","mn":"ADBE Vector Graphic - Stroke","hd":false},{"ty":"tr","p":{"a":0,"k":[47,0],"ix":2},"a":{"a":0,"k":[0,0],"ix":1},"s":{"a":0,"k":[100,100],"ix":3},"r":{"a":0,"k":0,"ix":6},"o":{"a":0,"k":100,"ix":7},"sk":{"a":0,"k":0,"ix":4},"sa":{"a":0,"k":0,"ix":5},"nm":"Transform"}],"nm":"Shape 1","np":3,"cix":2,"bm":0,"ix":1,"mn":"ADBE Vector Group","hd":false}],"ip":318,"op":720,"st":0,"ct":1,"bm":0},{"ddd":0,"ind":2,"ty":4,"nm":"Shape Layer 1","sr":1,"ks":{"o":{"a":1,"k":[{"i":{"x":[0.833],"y":[0.833]},"o":{"x":[0.167],"y":[0.167]},"t":469,"s":[100]},{"t":474,"s":[0]}],"ix":11},"r":{"a":0,"k":0,"ix":10},"p":{"a":1,"k":[{"i":{"x":0.833,"y":0.833},"o":{"x":0.167,"y":0.167},"t":318,"s":[176.5,199,0],"to":[0,-1.333,0],"ti":[0,1.333,0]},{"i":{"x":0.833,"y":0.833},"o":{"x":0.167,"y":0.167},"t":336,"s":[176.5,191,0],"to":[0,0,0],"ti":[0,0,0]},{"i":{"x":0.833,"y":0.833},"o":{"x":0.167,"y":0.167},"t":441,"s":[176.5,191,0],"to":[0,1.333,0],"ti":[0,-1.333,0]},{"t":468,"s":[176.5,199,0]}],"ix":2,"l":2},"a":{"a":0,"k":[0,0,0],"ix":1,"l":2},"s":{"a":0,"k":[100,100,100],"ix":6,"l":2}},"ao":0,"shapes":[{"ty":"gr","it":[{"ind":0,"ty":"sh","ix":1,"ks":{"a":0,"k":{"i":[[0,16.5],[0,-17]],"o":[[0,-16.5],[0,17]],"v":[[-46,-105],[-23,-105]],"c":false},"ix":2},"nm":"Path 1","mn":"ADBE Vector Shape - Group","hd":false},{"ty":"st","c":{"a":0,"k":[0.066666666667,1,0.541176470588,1],"ix":3},"o":{"a":0,"k":100,"ix":4},"w":{"a":0,"k":8,"ix":5},"lc":1,"lj":1,"ml":4,"bm":0,"nm":"Stroke 1","mn":"ADBE Vector Graphic - Stroke","hd":false},{"ty":"tr","p":{"a":0,"k":[0,0],"ix":2},"a":{"a":0,"k":[0,0],"ix":1},"s":{"a":0,"k":[100,100],"ix":3},"r":{"a":0,"k":0,"ix":6},"o":{"a":0,"k":100,"ix":7},"sk":{"a":0,"k":0,"ix":4},"sa":{"a":0,"k":0,"ix":5},"nm":"Transform"}],"nm":"Shape 1","np":3,"cix":2,"bm":0,"ix":1,"mn":"ADBE Vector Group","hd":false}],"ip":318,"op":720,"st":0,"ct":1,"bm":0},{"ddd":0,"ind":3,"ty":4,"nm":"right eye Outlines","sr":1,"ks":{"o":{"a":1,"k":[{"i":{"x":[0.667],"y":[1]},"o":{"x":[0.333],"y":[0]},"t":308,"s":[100]},{"i":{"x":[0.667],"y":[1]},"o":{"x":[0.333],"y":[0]},"t":316,"s":[0]},{"i":{"x":[0.667],"y":[1]},"o":{"x":[0.333],"y":[0]},"t":473,"s":[0]},{"t":478,"s":[100]}],"ix":11},"r":{"a":0,"k":0,"ix":10},"p":{"a":1,"k":[{"i":{"x":0.667,"y":1},"o":{"x":0.333,"y":0},"t":0,"s":[173,82,0],"to":[-6.333,2.833,0],"ti":[0,-5.167,0]},{"i":{"x":0.667,"y":1},"o":{"x":0.333,"y":0},"t":33,"s":[135,99,0],"to":[0,5.167,0],"ti":[-12.667,-0.167,0]},{"i":{"x":0.667,"y":1},"o":{"x":0.333,"y":0},"t":73,"s":[173,113,0],"to":[12.667,0.167,0],"ti":[0,5.167,0]},{"i":{"x":0.667,"y":1},"o":{"x":0.333,"y":0},"t":112,"s":[211,100,0],"to":[0,-5.167,0],"ti":[6.333,3,0]},{"t":158,"s":[173,82,0]}],"ix":2,"l":2},"a":{"a":0,"k":[0,0,0],"ix":1,"l":2},"s":{"a":1,"k":[{"i":{"x":[0.667,0.667,0.667],"y":[1,1,1]},"o":{"x":[0.333,0.333,0.333],"y":[0,0,0]},"t":0,"s":[100,100,100]},{"i":{"x":[0.667,0.667,0.667],"y":[1,1,1]},"o":{"x":[0.333,0.333,0.333],"y":[0,0,0]},"t":73,"s":[100,100,100]},{"i":{"x":[0.667,0.667,0.667],"y":[1,1,1]},"o":{"x":[0.333,0.333,0.333],"y":[0,0,0]},"t":112,"s":[76,94,100]},{"t":158,"s":[100,100,100]}],"ix":6,"l":2}},"ao":0,"shapes":[{"ty":"gr","it":[{"ind":0,"ty":"sh","ix":1,"ks":{"a":0,"k":{"i":[[-1.822,0],[-0.726,0.368],[-5.501,-2.192],[-1.024,2.566],[2.565,1.023],[9.089,-4.62],[-1.251,-2.462]],"o":[[0.762,0],[6.542,-3.326],[2.562,1.025],[1.023,-2.564],[-8.172,-3.261],[-2.462,1.251],[0.882,1.735]],"v":[[-11.109,7.398],[-8.848,6.855],[9.301,5.151],[15.798,2.359],[13.007,-4.137],[-13.379,-2.059],[-15.571,4.664]],"c":true},"ix":2},"nm":"Path 1","mn":"ADBE Vector Shape - Group","hd":false},{"ty":"mm","mm":4,"nm":"Merge Paths 1","mn":"ADBE Vector Filter - Merge","hd":false},{"ty":"fl","c":{"a":0,"k":[0.066666666667,1,0.541176470588,1],"ix":4},"o":{"a":0,"k":100,"ix":5},"r":1,"bm":0,"nm":"Fill 1","mn":"ADBE Vector Graphic - Fill","hd":false},{"ty":"tr","p":{"a":0,"k":[17.072,7.648],"ix":2},"a":{"a":0,"k":[0,0],"ix":1},"s":{"a":0,"k":[100,100],"ix":3},"r":{"a":0,"k":0,"ix":6},"o":{"a":0,"k":100,"ix":7},"sk":{"a":0,"k":0,"ix":4},"sa":{"a":0,"k":0,"ix":5},"nm":"Transform"}],"nm":"Group 1","np":3,"cix":2,"bm":0,"ix":1,"mn":"ADBE Vector Group","hd":false}],"ip":0,"op":720,"st":0,"ct":1,"bm":0},{"ddd":0,"ind":4,"ty":4,"nm":"left eye Outlines","sr":1,"ks":{"o":{"a":1,"k":[{"i":{"x":[0.667],"y":[1]},"o":{"x":[0.333],"y":[0]},"t":308,"s":[100]},{"i":{"x":[0.667],"y":[1]},"o":{"x":[0.333],"y":[0]},"t":316,"s":[0]},{"i":{"x":[0.667],"y":[1]},"o":{"x":[0.333],"y":[0]},"t":473,"s":[0]},{"t":478,"s":[100]}],"ix":11},"r":{"a":0,"k":0,"ix":10},"p":{"a":1,"k":[{"i":{"x":0.667,"y":1},"o":{"x":0.333,"y":0},"t":0,"s":[143.257,89.927,0],"to":[-5.667,2.833,0],"ti":[0,-5,0]},{"i":{"x":0.667,"y":1},"o":{"x":0.333,"y":0},"t":33,"s":[109.257,106.927,0],"to":[0,5,0],"ti":[-11.667,0.5,0]},{"i":{"x":0.667,"y":1},"o":{"x":0.333,"y":0},"t":73,"s":[143.257,119.927,0],"to":[11.667,-0.5,0],"ti":[0,5,0]},{"i":{"x":0.667,"y":1},"o":{"x":0.333,"y":0},"t":112,"s":[179.257,103.927,0],"to":[0,-5,0],"ti":[6,2.333,0]},{"t":158,"s":[143.257,89.927,0]}],"ix":2,"l":2},"a":{"a":0,"k":[17.072,7.648,0],"ix":1,"l":2},"s":{"a":1,"k":[{"i":{"x":[0.667,0.667,0.667],"y":[1,1,1]},"o":{"x":[0.333,0.333,0.333],"y":[0,0,0]},"t":0,"s":[100,100,100]},{"i":{"x":[0.667,0.667,0.667],"y":[1,1,1]},"o":{"x":[0.333,0.333,0.333],"y":[0,0,0]},"t":33,"s":[76,94,100]},{"i":{"x":[0.667,0.667,0.667],"y":[1,1,1]},"o":{"x":[0.333,0.333,0.333],"y":[0,0,0]},"t":73,"s":[100,100,100]},{"t":158,"s":[100,100,100]}],"ix":6,"l":2}},"ao":0,"shapes":[{"ty":"gr","it":[{"ind":0,"ty":"sh","ix":1,"ks":{"a":0,"k":{"i":[[1.822,0],[0.726,0.368],[5.501,-2.192],[1.024,2.566],[-2.565,1.023],[-9.089,-4.62],[1.251,-2.462]],"o":[[-0.762,0],[-6.542,-3.326],[-2.562,1.025],[-1.023,-2.564],[8.172,-3.261],[2.462,1.251],[-0.882,1.735]],"v":[[11.11,7.398],[8.848,6.855],[-9.302,5.151],[-15.799,2.359],[-13.007,-4.137],[13.379,-2.059],[15.571,4.664]],"c":true},"ix":2},"nm":"Path 1","mn":"ADBE Vector Shape - Group","hd":false},{"ty":"mm","mm":4,"nm":"Merge Paths 1","mn":"ADBE Vector Filter - Merge","hd":false},{"ty":"fl","c":{"a":0,"k":[0.066666666667,1,0.541176470588,1],"ix":4},"o":{"a":0,"k":100,"ix":5},"r":1,"bm":0,"nm":"Fill 1","mn":"ADBE Vector Graphic - Fill","hd":false},{"ty":"tr","p":{"a":0,"k":[17.071,7.648],"ix":2},"a":{"a":0,"k":[0,0],"ix":1},"s":{"a":0,"k":[100,100],"ix":3},"r":{"a":0,"k":0,"ix":6},"o":{"a":0,"k":100,"ix":7},"sk":{"a":0,"k":0,"ix":4},"sa":{"a":0,"k":0,"ix":5},"nm":"Transform"}],"nm":"Group 1","np":3,"cix":2,"bm":0,"ix":1,"mn":"ADBE Vector Group","hd":false}],"ip":0,"op":720,"st":0,"ct":1,"bm":0},{"ddd":0,"ind":5,"ty":4,"nm":"right ear Outlines","sr":1,"ks":{"o":{"a":0,"k":100,"ix":11},"r":{"a":0,"k":0,"ix":10},"p":{"a":1,"k":[{"i":{"x":0.833,"y":0.833},"o":{"x":0.167,"y":0.167},"t":0,"s":[257.934,95.786,0],"to":[-2.5,0,0],"ti":[0,0,0]},{"i":{"x":0.833,"y":0.833},"o":{"x":0.167,"y":0.167},"t":33,"s":[242.934,95.786,0],"to":[0,0,0],"ti":[-3,0,0]},{"i":{"x":0.833,"y":0.833},"o":{"x":0.167,"y":0.167},"t":73,"s":[257.934,95.786,0],"to":[3,0,0],"ti":[0,0,0]},{"i":{"x":0.833,"y":0.833},"o":{"x":0.167,"y":0.167},"t":112,"s":[260.934,95.786,0],"to":[0,0,0],"ti":[0.5,0,0]},{"t":158,"s":[257.934,95.786,0]}],"ix":2,"l":2},"a":{"a":0,"k":[15.144,23.312,0],"ix":1,"l":2},"s":{"a":1,"k":[{"i":{"x":[0.833,0.833,0.833],"y":[0.833,0.833,0.833]},"o":{"x":[0.167,0.167,0.167],"y":[0.167,0.167,0.167]},"t":0,"s":[100,100,100]},{"i":{"x":[0.833,0.833,0.833],"y":[0.833,0.833,0.833]},"o":{"x":[0.167,0.167,0.167],"y":[0.167,0.167,0.167]},"t":73,"s":[100,100,100]},{"i":{"x":[0.833,0.833,0.833],"y":[0.833,0.833,0.833]},"o":{"x":[0.167,0.167,0.167],"y":[0.167,0.167,0.167]},"t":112,"s":[29,100,100]},{"t":158,"s":[100,100,100]}],"ix":6,"l":2}},"ao":0,"shapes":[{"ty":"gr","it":[{"ty":"gr","it":[{"ind":0,"ty":"sh","ix":1,"ks":{"a":0,"k":{"i":[[0.339,-0.477],[0,0],[0.49,0.44],[0,0],[0.216,-1.283],[0,0],[-0.998,1.402],[0,0],[-0.49,-0.44],[0,0],[-0.209,1.287],[0,0],[0.91,0]],"o":[[0,0],[-0.382,0.537],[0,0],[-0.968,-0.869],[0,0],[-0.285,1.696],[0,0],[0.382,-0.536],[0,0],[0.97,0.872],[0,0],[0.18,-1.11],[-0.473,0]],"v":[[11.804,-22.378],[1.304,-7.623],[-0.332,-7.441],[-6.45,-12.93],[-9.179,-11.975],[-14.609,20.453],[-11.689,21.66],[-0.975,6.604],[0.661,6.423],[6.774,11.905],[9.503,10.942],[14.714,-21.184],[13.096,-23.062]],"c":true},"ix":2},"nm":"Path 2","mn":"ADBE Vector Shape - Group","hd":false},{"ty":"tr","p":{"a":0,"k":[0,0],"ix":2},"a":{"a":0,"k":[0,0],"ix":1},"s":{"a":0,"k":[100,100],"ix":3},"r":{"a":0,"k":0,"ix":6},"o":{"a":0,"k":100,"ix":7},"sk":{"a":0,"k":0,"ix":4},"sa":{"a":0,"k":0,"ix":5},"nm":"Transform"}],"nm":"Group 1","np":1,"cix":2,"bm":0,"ix":1,"mn":"ADBE Vector Group","hd":false},{"ty":"fl","c":{"a":0,"k":[0.066666666667,1,0.541176470588,1],"ix":4},"o":{"a":0,"k":100,"ix":5},"r":1,"bm":0,"nm":"Fill 1","mn":"ADBE Vector Graphic - Fill","hd":false},{"ty":"tr","p":{"a":0,"k":[15.144,23.312],"ix":2},"a":{"a":0,"k":[0,0],"ix":1},"s":{"a":0,"k":[100,100],"ix":3},"r":{"a":0,"k":0,"ix":6},"o":{"a":0,"k":100,"ix":7},"sk":{"a":0,"k":0,"ix":4},"sa":{"a":0,"k":0,"ix":5},"nm":"Transform"}],"nm":"Group 1","np":2,"cix":2,"bm":0,"ix":1,"mn":"ADBE Vector Group","hd":false}],"ip":0,"op":720,"st":0,"ct":1,"bm":0},{"ddd":0,"ind":6,"ty":4,"nm":"left ear Outlines","sr":1,"ks":{"o":{"a":0,"k":100,"ix":11},"r":{"a":0,"k":0,"ix":10},"p":{"a":1,"k":[{"i":{"x":0.667,"y":1},"o":{"x":0.333,"y":0},"t":0,"s":[75.009,95.786,0],"to":[-0.5,0,0],"ti":[0,0,0]},{"i":{"x":0.667,"y":1},"o":{"x":0.333,"y":0},"t":33,"s":[72.009,95.786,0],"to":[0,0,0],"ti":[-3.167,0,0]},{"i":{"x":0.667,"y":1},"o":{"x":0.333,"y":0},"t":73,"s":[75.009,95.786,0],"to":[3.167,0,0],"ti":[0,0,0]},{"i":{"x":0.667,"y":1},"o":{"x":0.333,"y":0},"t":112,"s":[91.009,95.786,0],"to":[0,0,0],"ti":[2.667,0,0]},{"t":158,"s":[75.009,95.786,0]}],"ix":2,"l":2},"a":{"a":0,"k":[15.144,23.312,0],"ix":1,"l":2},"s":{"a":1,"k":[{"i":{"x":[0.667,0.667,0.667],"y":[1,1,1]},"o":{"x":[0.333,0.333,0.333],"y":[0,0,0]},"t":0,"s":[100,100,100]},{"i":{"x":[0.667,0.667,0.667],"y":[1,1,1]},"o":{"x":[0.333,0.333,0.333],"y":[0,0,0]},"t":33,"s":[20,100,100]},{"i":{"x":[0.667,0.667,0.667],"y":[1,1,1]},"o":{"x":[0.333,0.333,0.333],"y":[0,0,0]},"t":73,"s":[100,100,100]},{"t":158,"s":[100,100,100]}],"ix":6,"l":2}},"ao":0,"shapes":[{"ty":"gr","it":[{"ind":0,"ty":"sh","ix":1,"ks":{"a":0,"k":{"i":[[-0.18,-1.11],[0,0],[-0.97,0.872],[0,0],[-0.381,-0.536],[0,0],[0.285,1.696],[0,0],[0.967,-0.869],[0,0],[0.382,0.537],[0,0],[0.474,0]],"o":[[0,0],[0.208,1.287],[0,0],[0.491,-0.44],[0,0],[0.998,1.402],[0,0],[-0.215,-1.283],[0,0],[-0.491,0.44],[0,0],[-0.339,-0.477],[-0.91,0]],"v":[[-29.857,-44.496],[-24.646,-12.37],[-21.918,-11.407],[-15.805,-16.889],[-14.169,-16.708],[-3.455,-1.652],[-0.535,-2.859],[-5.965,-35.287],[-8.693,-36.242],[-14.811,-30.753],[-16.447,-30.935],[-26.948,-45.69],[-28.24,-46.375]],"c":true},"ix":2},"nm":"Path 2","mn":"ADBE Vector Shape - Group","hd":false},{"ty":"fl","c":{"a":0,"k":[0.066666666667,1,0.541176470588,1],"ix":4},"o":{"a":0,"k":100,"ix":5},"r":1,"bm":0,"nm":"Fill 1","mn":"ADBE Vector Graphic - Fill","hd":false},{"ty":"tr","p":{"a":0,"k":[27.644,44.312],"ix":2},"a":{"a":0,"k":[0,0],"ix":1},"s":{"a":0,"k":[100,100],"ix":3},"r":{"a":0,"k":0,"ix":6},"o":{"a":0,"k":100,"ix":7},"sk":{"a":0,"k":0,"ix":4},"sa":{"a":0,"k":0,"ix":5},"nm":"Transform"}],"nm":"Group 1","np":2,"cix":2,"bm":0,"ix":1,"mn":"ADBE Vector Group","hd":false}],"ip":0,"op":720,"st":0,"ct":1,"bm":0},{"ddd":0,"ind":7,"ty":4,"nm":"Visor Outlines","sr":1,"ks":{"o":{"a":0,"k":100,"ix":11},"r":{"a":0,"k":0,"ix":10},"p":{"a":1,"k":[{"i":{"x":0.667,"y":0.97},"o":{"x":0.333,"y":0},"t":0,"s":[165.759,93.157,0],"to":[-2.154,1.989,0],"ti":[-1.824,-2.055,0]},{"i":{"x":0.667,"y":0.537},"o":{"x":0.333,"y":0.038},"t":33,"s":[135.727,108.123,0],"to":[0.005,0.006,0],"ti":[-15.431,0.002,0]},{"i":{"x":0.667,"y":0.961},"o":{"x":0.333,"y":0.467},"t":73,"s":[166.783,115.127,0],"to":[15.062,-0.001,0],"ti":[0,0,0]},{"i":{"x":0.667,"y":1},"o":{"x":0.333,"y":0.041},"t":112,"s":[196.727,108.123,0],"to":[0,0,0],"ti":[2.167,-2,0]},{"i":{"x":0.667,"y":1},"o":{"x":0.333,"y":0},"t":158,"s":[165.759,93.157,0],"to":[-2.154,1.989,0],"ti":[0,0,0]},{"i":{"x":0.667,"y":1},"o":{"x":0.333,"y":0},"t":314,"s":[165.759,93.157,0],"to":[0,0,0],"ti":[0,0,0]},{"i":{"x":0.667,"y":0.667},"o":{"x":0.333,"y":0.333},"t":336,"s":[165.759,86.157,0],"to":[0,0,0],"ti":[0,0,0]},{"i":{"x":0.667,"y":1},"o":{"x":0.333,"y":0},"t":441,"s":[165.759,86.157,0],"to":[0,0,0],"ti":[0,0,0]},{"t":468,"s":[165.759,93.157,0]}],"ix":2,"l":2},"a":{"a":0,"k":[69.215,42.223,0],"ix":1,"l":2},"s":{"a":1,"k":[{"i":{"x":[0.833,0.833,0.833],"y":[1,1,1]},"o":{"x":[0.333,0.333,0.333],"y":[0,0,0]},"t":0,"s":[100,100,100]},{"i":{"x":[0.667,0.667,0.667],"y":[1,1,1]},"o":{"x":[0.167,0.167,0.167],"y":[0,0,0]},"t":33,"s":[78,100,100]},{"i":{"x":[0.833,0.833,0.833],"y":[1,1,1]},"o":{"x":[0.333,0.333,0.333],"y":[0,0,0]},"t":73,"s":[100,100,100]},{"i":{"x":[0.667,0.667,0.667],"y":[1,1,1]},"o":{"x":[0.167,0.167,0.167],"y":[0,0,0]},"t":112,"s":[78,100,100]},{"t":158,"s":[100,100,100]}],"ix":6,"l":2}},"ao":0,"shapes":[{"ty":"gr","it":[{"ty":"gr","it":[{"ind":0,"ty":"sh","ix":1,"ks":{"a":0,"k":{"i":[[0,-20.347],[35.41,0],[0,20.347],[-35.41,0]],"o":[[0,20.347],[-35.41,0],[0,-20.347],[35.41,0]],"v":[[64.116,0],[-0.001,36.841],[-64.116,0],[-0.001,-36.841]],"c":true},"ix":2},"nm":"Path 4","mn":"ADBE Vector Shape - Group","hd":false},{"ty":"tr","p":{"a":0,"k":[0,0],"ix":2},"a":{"a":0,"k":[0,0],"ix":1},"s":{"a":0,"k":[100,100],"ix":3},"r":{"a":0,"k":0,"ix":6},"o":{"a":0,"k":100,"ix":7},"sk":{"a":0,"k":0,"ix":4},"sa":{"a":0,"k":0,"ix":5},"nm":"Transform"}],"nm":"Group 1","np":1,"cix":2,"bm":0,"ix":1,"mn":"ADBE Vector Group","hd":false},{"ty":"gf","o":{"a":0,"k":100,"ix":10},"r":1,"bm":0,"g":{"p":3,"k":{"a":0,"k":[0,0.038,0.169,0.017,0.5,0.063,0.147,0.051,1,0.088,0.125,0.086],"ix":9}},"s":{"a":0,"k":[0,38],"ix":5},"e":{"a":0,"k":[0,9],"ix":6},"t":2,"h":{"a":0,"k":0,"ix":7},"a":{"a":0,"k":0,"ix":8},"nm":"Gradient Fill 1","mn":"ADBE Vector Graphic - G-Fill","hd":false},{"ty":"tr","p":{"a":0,"k":[69.215,42.223],"ix":2},"a":{"a":0,"k":[0,0],"ix":1},"s":{"a":0,"k":[100,100],"ix":3},"r":{"a":0,"k":0,"ix":6},"o":{"a":0,"k":100,"ix":7},"sk":{"a":0,"k":0,"ix":4},"sa":{"a":0,"k":0,"ix":5},"nm":"Transform"}],"nm":"Group 2","np":2,"cix":2,"bm":0,"ix":1,"mn":"ADBE Vector Group","hd":false},{"ind":1,"ty":"sh","ix":2,"ks":{"a":0,"k":{"i":[],"o":[],"v":[],"c":false},"ix":2},"nm":"Path 1","mn":"ADBE Vector Shape - Group","hd":false}],"ip":0,"op":720,"st":0,"ct":1,"bm":0},{"ddd":0,"ind":8,"ty":4,"nm":"head Outlines","sr":1,"ks":{"o":{"a":0,"k":100,"ix":11},"r":{"a":0,"k":0,"ix":10},"p":{"a":0,"k":[165.76,108.511,0],"ix":2,"l":2},"a":{"a":0,"k":[92.051,78.033,0],"ix":1,"l":2},"s":{"a":1,"k":[{"i":{"x":[0.667,0.667,0.667],"y":[1,1,1]},"o":{"x":[0.333,0.333,0.333],"y":[0,0,0]},"t":1,"s":[100,100,100]},{"i":{"x":[0.667,0.667,0.667],"y":[1,1,1]},"o":{"x":[0.333,0.333,0.333],"y":[0,0,0]},"t":33,"s":[100,90,100]},{"i":{"x":[0.667,0.667,0.667],"y":[1,1,1]},"o":{"x":[0.333,0.333,0.333],"y":[0,0,0]},"t":112,"s":[100,90,100]},{"t":158,"s":[100,100,100]}],"ix":6,"l":2}},"ao":0,"shapes":[{"ty":"gr","it":[{"ty":"gr","it":[{"ind":0,"ty":"sh","ix":1,"ks":{"a":0,"k":{"i":[[1.511,-25.638],[-9.33,-10.126],[-40.847,44.328],[0,10.728],[80.625,0]],"o":[[0,10.728],[40.846,44.328],[9.33,-10.126],[0,-25.638],[-80.624,0]],"v":[[-91.802,1.781],[-76.146,33.454],[76.145,33.454],[91.801,1.781],[-0.001,-77.783]],"c":true},"ix":2},"nm":"Path 2","mn":"ADBE Vector Shape - Group","hd":false},{"ty":"tr","p":{"a":0,"k":[0,0],"ix":2},"a":{"a":0,"k":[0,0],"ix":1},"s":{"a":0,"k":[100,100],"ix":3},"r":{"a":0,"k":0,"ix":6},"o":{"a":0,"k":100,"ix":7},"sk":{"a":0,"k":0,"ix":4},"sa":{"a":0,"k":0,"ix":5},"nm":"Transform"}],"nm":"Group 1","np":1,"cix":2,"bm":0,"ix":1,"mn":"ADBE Vector Group","hd":false},{"ty":"gf","o":{"a":0,"k":100,"ix":10},"r":1,"bm":0,"g":{"p":3,"k":{"a":0,"k":[0.81,1,1,1,0.905,0.9,0.9,0.9,1,0.8,0.8,0.8],"ix":9}},"s":{"a":0,"k":[0,-11],"ix":5},"e":{"a":0,"k":[89,2],"ix":6},"t":2,"h":{"a":0,"k":0,"ix":7},"a":{"a":0,"k":0,"ix":8},"nm":"Gradient Fill 1","mn":"ADBE Vector Graphic - G-Fill","hd":false},{"ty":"tr","p":{"a":0,"k":[92.051,78.033],"ix":2},"a":{"a":0,"k":[0,0],"ix":1},"s":{"a":0,"k":[100,100],"ix":3},"r":{"a":0,"k":0,"ix":6},"o":{"a":0,"k":100,"ix":7},"sk":{"a":0,"k":0,"ix":4},"sa":{"a":0,"k":0,"ix":5},"nm":"Transform"}],"nm":"Group 1","np":2,"cix":2,"bm":0,"ix":1,"mn":"ADBE Vector Group","hd":false}],"ip":0,"op":720,"st":0,"ct":1,"bm":0},{"ddd":0,"ind":9,"ty":0,"nm":"torso","refId":"comp_1","sr":1,"ks":{"o":{"a":0,"k":100,"ix":11},"r":{"a":0,"k":0,"ix":10},"p":{"a":1,"k":[{"i":{"x":0.833,"y":0.833},"o":{"x":0.167,"y":0.167},"t":0,"s":[167,199,0],"to":[0,0.167,0],"ti":[0,0,0]},{"i":{"x":0.833,"y":0.833},"o":{"x":0.167,"y":0.167},"t":106,"s":[167,200,0],"to":[0,0,0],"ti":[0,0,0]},{"i":{"x":0.833,"y":0.833},"o":{"x":0.167,"y":0.167},"t":250,"s":[167,199,0],"to":[0,0,0],"ti":[0,0,0]},{"i":{"x":0.833,"y":0.833},"o":{"x":0.167,"y":0.167},"t":366,"s":[167,200,0],"to":[0,0,0],"ti":[0,0,0]},{"i":{"x":0.833,"y":0.833},"o":{"x":0.167,"y":0.167},"t":471,"s":[167,199,0],"to":[0,0,0],"ti":[0,0,0]},{"i":{"x":0.833,"y":0.833},"o":{"x":0.167,"y":0.167},"t":580,"s":[167,200,0],"to":[0,0,0],"ti":[0,0.167,0]},{"t":720,"s":[167,199,0]}],"ix":2,"l":2},"a":{"a":0,"k":[167,199,0],"ix":1,"l":2},"s":{"a":1,"k":[{"i":{"x":[0.833,0.833,0.833],"y":[0.833,0.833,0.833]},"o":{"x":[0.167,0.167,0.167],"y":[0.167,0.167,0.167]},"t":0,"s":[100,100,100]},{"i":{"x":[0.833,0.833,0.833],"y":[0.833,0.833,0.833]},"o":{"x":[0.167,0.167,0.167],"y":[0.167,0.167,0.167]},"t":106,"s":[92,100,100]},{"i":{"x":[0.833,0.833,0.833],"y":[0.833,0.833,0.833]},"o":{"x":[0.167,0.167,0.167],"y":[0.167,0.167,0.167]},"t":250,"s":[100,100,100]},{"i":{"x":[0.833,0.833,0.833],"y":[0.833,0.833,0.833]},"o":{"x":[0.167,0.167,0.167],"y":[0.167,0.167,0.167]},"t":366,"s":[92,100,100]},{"i":{"x":[0.833,0.833,0.833],"y":[0.833,0.833,0.833]},"o":{"x":[0.167,0.167,0.167],"y":[0.167,0.167,0.167]},"t":471,"s":[100,100,100]},{"i":{"x":[0.833,0.833,0.833],"y":[0.833,0.833,0.833]},"o":{"x":[0.167,0.167,0.167],"y":[0.167,0.167,0.167]},"t":580,"s":[92,100,100]},{"t":720,"s":[100,100,100]}],"ix":6,"l":2}},"ao":0,"w":334,"h":398,"ip":0,"op":3509,"st":0,"bm":0},{"ddd":0,"ind":10,"ty":4,"nm":"right arm Outlines","sr":1,"ks":{"o":{"a":0,"k":100,"ix":11},"r":{"a":1,"k":[{"i":{"x":[0.667],"y":[1]},"o":{"x":[0.333],"y":[0]},"t":314,"s":[0]},{"i":{"x":[0.667],"y":[1]},"o":{"x":[0.333],"y":[0]},"t":335,"s":[-71]},{"i":{"x":[0.667],"y":[1]},"o":{"x":[0.333],"y":[0]},"t":360,"s":[-48]},{"i":{"x":[0.667],"y":[1]},"o":{"x":[0.333],"y":[0]},"t":385,"s":[-71]},{"t":406,"s":[0]}],"ix":10},"p":{"a":1,"k":[{"i":{"x":0.667,"y":1},"o":{"x":0.333,"y":0},"t":314,"s":[224.361,199.866,0],"to":[4,-5.5,0],"ti":[-4,2.833,0]},{"i":{"x":0.667,"y":1},"o":{"x":0.333,"y":0},"t":335,"s":[248.361,166.866,0],"to":[4,-2.833,0],"ti":[0,0,0]},{"i":{"x":0.667,"y":1},"o":{"x":0.333,"y":0},"t":360,"s":[248.361,182.866,0],"to":[0,0,0],"ti":[4,-2.833,0]},{"i":{"x":0.667,"y":1},"o":{"x":0.333,"y":0},"t":385,"s":[248.361,166.866,0],"to":[-4,2.833,0],"ti":[4,-5.5,0]},{"t":406,"s":[224.361,199.866,0]}],"ix":2,"l":2},"a":{"a":0,"k":[36.318,43.818,0],"ix":1,"l":2},"s":{"a":0,"k":[100,100,100],"ix":6,"l":2}},"ao":0,"shapes":[{"ty":"gr","it":[{"ty":"gr","it":[{"ind":0,"ty":"sh","ix":1,"ks":{"a":0,"k":{"i":[[3.749,-3.888],[-7.594,-7.321],[-1.162,-0.712],[-3.957,-2.966],[-3.298,-3.436],[-2.483,-3.983],[-0.143,-0.253],[0,0],[-0.275,-0.521],[0,0],[0,0],[0,0],[0,0],[0,0],[0,0],[0,0],[0,0],[0,0],[-5.944,2.106],[0.5,5.102],[2.17,6.37],[3.4,5.714],[4.143,5.002],[4.574,4.409],[0,0],[4.771,0]],"o":[[-7.32,7.595],[1.023,0.985],[4.333,2.619],[3.906,2.992],[3.299,3.436],[0.167,0.245],[0,0],[0.288,0.51],[0,0],[0,0],[0,0],[0,0],[0,0],[0,0],[0,0],[0,0],[0,0],[2.105,5.943],[5.048,-1.788],[-0.634,-6.46],[-2.157,-6.372],[-3.4,-5.722],[-4.174,-4.953],[0,0],[-3.706,-3.572],[-5.007,0]],"v":[[-28.748,-37.725],[-28.253,-10.717],[-24.877,-8.122],[-12.38,0.219],[-1.51,9.833],[7.196,20.934],[7.651,21.686],[8.089,22.449],[8.966,23.982],[9.773,25.557],[10.181,26.348],[10.548,27.16],[11.292,28.788],[11.966,30.46],[12.306,31.303],[12.612,32.161],[13.225,33.893],[13.445,34.514],[28.019,41.462],[35.568,29.587],[31.453,10.135],[22.994,-8.074],[11.568,-24.124],[-1.613,-38.098],[-1.739,-38.219],[-14.993,-43.568]],"c":true},"ix":2},"nm":"Path 2","mn":"ADBE Vector Shape - Group","hd":false},{"ty":"tr","p":{"a":0,"k":[-28,-32],"ix":2},"a":{"a":0,"k":[-28,-32],"ix":1},"s":{"a":0,"k":[100,100],"ix":3},"r":{"a":0,"k":0,"ix":6},"o":{"a":0,"k":100,"ix":7},"sk":{"a":0,"k":0,"ix":4},"sa":{"a":0,"k":0,"ix":5},"nm":"Transform"}],"nm":"Group 1","np":1,"cix":2,"bm":0,"ix":1,"mn":"ADBE Vector Group","hd":false},{"ty":"fl","c":{"a":0,"k":[1,1,1,1],"ix":4},"o":{"a":0,"k":100,"ix":5},"r":1,"bm":0,"nm":"Fill 1","mn":"ADBE Vector Graphic - Fill","hd":false},{"ty":"tr","p":{"a":0,"k":[36.318,43.818],"ix":2},"a":{"a":0,"k":[0,0],"ix":1},"s":{"a":0,"k":[100,100],"ix":3},"r":{"a":0,"k":0,"ix":6},"o":{"a":0,"k":100,"ix":7},"sk":{"a":0,"k":0,"ix":4},"sa":{"a":0,"k":0,"ix":5},"nm":"Transform"}],"nm":"Group 1","np":2,"cix":2,"bm":0,"ix":1,"mn":"ADBE Vector Group","hd":false}],"ip":0,"op":720,"st":0,"ct":1,"bm":0},{"ddd":0,"ind":11,"ty":4,"nm":"left arm Outlines","sr":1,"ks":{"o":{"a":0,"k":100,"ix":11},"r":{"a":1,"k":[{"i":{"x":[0.667],"y":[1]},"o":{"x":[0.333],"y":[0]},"t":0,"s":[0]},{"i":{"x":[0.667],"y":[1]},"o":{"x":[0.333],"y":[0]},"t":191,"s":[9]},{"i":{"x":[0.667],"y":[1]},"o":{"x":[0.333],"y":[0]},"t":326,"s":[0]},{"i":{"x":[0.667],"y":[1]},"o":{"x":[0.333],"y":[0]},"t":344,"s":[11.79]},{"i":{"x":[0.667],"y":[1]},"o":{"x":[0.333],"y":[0]},"t":385,"s":[1.178]},{"i":{"x":[0.667],"y":[1]},"o":{"x":[0.333],"y":[0]},"t":531,"s":[9]},{"t":720,"s":[0]}],"ix":10},"p":{"a":0,"k":[104.924,201.876,0],"ix":2,"l":2},"a":{"a":0,"k":[33.646,45.371,0],"ix":1,"l":2},"s":{"a":0,"k":[100,100,100],"ix":6,"l":2}},"ao":0,"shapes":[{"ty":"gr","it":[{"ty":"gr","it":[{"ind":0,"ty":"sh","ix":1,"ks":{"a":0,"k":{"i":[[3.778,-4.375],[0,0],[3.703,-5.314],[2.863,-6.01],[1.566,-6.544],[0.041,-6.492],[-5.191,-1.321],[-1.553,6.11],[0,0],[0,0],[0,0],[0,0],[0,0],[0,0],[0,0],[0,0],[0,0],[-0.24,0.535],[0,0],[-0.143,0.258],[-2.972,3.724],[-3.616,3.336],[-4.075,3.004],[-0.927,1.074],[7.984,6.894],[4.421,0]],"o":[[0,0],[-4.152,4.809],[-3.668,5.359],[-2.863,6.001],[-1.578,6.541],[-0.031,5.125],[6.111,1.553],[0,0],[0,0],[0,0],[0,0],[0,0],[0,0],[0,0],[0,0],[0,0],[0.225,-0.543],[0,0],[0.12,-0.267],[2.109,-4.193],[2.969,-3.722],[3.67,-3.316],[1.092,-0.816],[6.894,-7.985],[-3.61,-3.116],[-5.36,0]],"v":[[-2.415,-38.502],[-2.529,-38.369],[-14.377,-23.248],[-24.288,-6.22],[-31.047,12.686],[-33.366,32.432],[-24.762,43.568],[-10.885,35.316],[-10.721,34.676],[-10.27,32.897],[-10.044,32.012],[-9.782,31.144],[-9.265,29.417],[-8.673,27.727],[-8.381,26.885],[-8.047,26.06],[-7.387,24.418],[-6.655,22.81],[-6.288,22.011],[-5.904,21.221],[1.751,9.369],[11.697,-1.197],[23.378,-10.645],[26.502,-13.538],[24.526,-40.479],[12.053,-45.121]],"c":true},"ix":2},"nm":"Path 2","mn":"ADBE Vector Shape - Group","hd":false},{"ty":"tr","p":{"a":0,"k":[0,0],"ix":2},"a":{"a":0,"k":[0,0],"ix":1},"s":{"a":0,"k":[100,100],"ix":3},"r":{"a":0,"k":0,"ix":6},"o":{"a":0,"k":100,"ix":7},"sk":{"a":0,"k":0,"ix":4},"sa":{"a":0,"k":0,"ix":5},"nm":"Transform"}],"nm":"Group 1","np":1,"cix":2,"bm":0,"ix":1,"mn":"ADBE Vector Group","hd":false},{"ty":"fl","c":{"a":0,"k":[1,1,1,1],"ix":4},"o":{"a":0,"k":100,"ix":5},"r":1,"bm":0,"nm":"Fill 1","mn":"ADBE Vector Graphic - Fill","hd":false},{"ty":"tr","p":{"a":0,"k":[33.646,45.371],"ix":2},"a":{"a":0,"k":[0,0],"ix":1},"s":{"a":0,"k":[100,100],"ix":3},"r":{"a":0,"k":0,"ix":6},"o":{"a":0,"k":100,"ix":7},"sk":{"a":0,"k":0,"ix":4},"sa":{"a":0,"k":0,"ix":5},"nm":"Transform"}],"nm":"Group 1","np":2,"cix":2,"bm":0,"ix":1,"mn":"ADBE Vector Group","hd":false}],"ip":0,"op":720,"st":0,"ct":1,"bm":0},{"ddd":0,"ind":12,"ty":0,"nm":"flames","refId":"comp_2","sr":1,"ks":{"o":{"a":0,"k":100,"ix":11},"r":{"a":0,"k":0,"ix":10},"p":{"a":0,"k":[167,206.619,0],"ix":2,"l":2},"a":{"a":0,"k":[167,187,0],"ix":1,"l":2},"s":{"a":0,"k":[100,89.936,100],"ix":6,"l":2}},"ao":0,"tm":{"a":1,"k":[{"i":{"x":[0.833],"y":[0.833]},"o":{"x":[0.167],"y":[0.167]},"t":0,"s":[0]},{"t":48,"s":[0.4]}],"ix":2,"x":"var $bm_rt;\n$bm_rt = loopOut('cycle', 0);"},"w":334,"h":398,"ip":0,"op":729,"st":0,"bm":0}]},{"id":"comp_1","nm":"Pre-comp 1","fr":120,"layers":[{"ddd":0,"ind":1,"ty":4,"nm":"neck shadow Outlines","sr":1,"ks":{"o":{"a":0,"k":35,"ix":11},"r":{"a":0,"k":0,"ix":10},"p":{"a":0,"k":[165.802,176.142,0],"ix":2,"l":2},"a":{"a":0,"k":[58.303,17.354,0],"ix":1,"l":2},"s":{"a":0,"k":[100,100,100],"ix":6,"l":2}},"ao":0,"shapes":[{"ty":"gr","it":[{"ind":0,"ty":"sh","ix":1,"ks":{"a":0,"k":{"i":[[33.994,21.888],[0.221,-0.314],[-2.817,-2.734],[-32.255,31.393],[2.163,3.112],[0.274,0.371]],"o":[[-0.227,0.308],[-2.255,3.213],[32.282,31.337],[2.716,-2.644],[-0.264,-0.379],[-33.994,21.888]],"v":[[-56.184,-17.354],[-56.856,-16.421],[-55.874,-6.127],[55.954,-6.211],[56.919,-16.228],[56.113,-17.354]],"c":true},"ix":2},"nm":"Path 1","mn":"ADBE Vector Shape - Group","hd":false},{"ty":"fl","c":{"a":0,"k":[0.870588235294,0.870588235294,0.870588235294,1],"ix":4},"o":{"a":0,"k":100,"ix":5},"r":1,"bm":0,"nm":"Fill 1","mn":"ADBE Vector Graphic - Fill","hd":false},{"ty":"tr","p":{"a":0,"k":[58.303,17.355],"ix":2},"a":{"a":0,"k":[0,0],"ix":1},"s":{"a":0,"k":[100,100],"ix":3},"r":{"a":0,"k":0,"ix":6},"o":{"a":0,"k":100,"ix":7},"sk":{"a":0,"k":0,"ix":4},"sa":{"a":0,"k":0,"ix":5},"nm":"Transform"}],"nm":"Group 1","np":4,"cix":2,"bm":0,"ix":1,"mn":"ADBE Vector Group","hd":false}],"ip":0,"op":3511.51151151151,"st":0,"ct":1,"bm":0},{"ddd":0,"ind":2,"ty":4,"nm":"torso Outlines","sr":1,"ks":{"o":{"a":0,"k":100,"ix":11},"r":{"a":0,"k":0,"ix":10},"p":{"a":0,"k":[165.802,229.8,0],"ix":2,"l":2},"a":{"a":0,"k":[65.32,91.535,0],"ix":1,"l":2},"s":{"a":0,"k":[100,100,100],"ix":6,"l":2}},"ao":0,"shapes":[{"ty":"gr","it":[{"ind":0,"ty":"sh","ix":1,"ks":{"a":0,"k":{"i":[[0,0],[1.366,-8.275],[1.458,-13.871],[-6.663,-14.562],[-4.034,-7.606],[-0.234,-0.42]],"o":[[-2.838,4.463],[-2.054,12.437],[-1.904,18.11],[3.619,7.911],[0.235,0.443],[0,0]],"v":[[3.054,-71.385],[-3.302,-51.007],[-9.658,-4.702],[-2.74,41.606],[10.859,70.091],[11.562,71.385]],"c":false},"ix":2},"nm":"Path 1","mn":"ADBE Vector Shape - Group","hd":false},{"ty":"st","c":{"a":0,"k":[0.839215686275,0.839215686275,0.839215686275,1],"ix":3},"o":{"a":0,"k":100,"ix":4},"w":{"a":0,"k":0.659,"ix":5},"lc":2,"lj":2,"bm":0,"nm":"Stroke 1","mn":"ADBE Vector Graphic - Stroke","hd":false},{"ty":"tr","p":{"a":0,"k":[41.02,104.651],"ix":2},"a":{"a":0,"k":[0,0],"ix":1},"s":{"a":0,"k":[100,100],"ix":3},"r":{"a":0,"k":0,"ix":6},"o":{"a":0,"k":100,"ix":7},"sk":{"a":0,"k":0,"ix":4},"sa":{"a":0,"k":0,"ix":5},"nm":"Transform"}],"nm":"Group 1","np":2,"cix":2,"bm":0,"ix":1,"mn":"ADBE Vector Group","hd":false},{"ty":"gr","it":[{"ind":0,"ty":"sh","ix":1,"ks":{"a":0,"k":{"i":[[0,0],[-0.336,0.666],[-3.508,7.78],[2.123,18.026],[1.929,12.822],[2.599,4.739]],"o":[[0.337,-0.62],[3.87,-7.657],[6.458,-14.322],[-1.626,-13.806],[-1.232,-8.189],[0,0]],"v":[[-11.165,71.268],[-10.155,69.339],[2.785,42.57],[9.042,-2.847],[2.508,-50.444],[-3.243,-71.268]],"c":false},"ix":2},"nm":"Path 1","mn":"ADBE Vector Shape - Group","hd":false},{"ty":"st","c":{"a":0,"k":[0.858823529412,0.858823529412,0.858823529412,1],"ix":3},"o":{"a":0,"k":100,"ix":4},"w":{"a":0,"k":0.659,"ix":5},"lc":2,"lj":2,"bm":0,"nm":"Stroke 1","mn":"ADBE Vector Graphic - Stroke","hd":false},{"ty":"tr","p":{"a":0,"k":[90.43,104.385],"ix":2},"a":{"a":0,"k":[0,0],"ix":1},"s":{"a":0,"k":[100,100],"ix":3},"r":{"a":0,"k":0,"ix":6},"o":{"a":0,"k":100,"ix":7},"sk":{"a":0,"k":0,"ix":4},"sa":{"a":0,"k":0,"ix":5},"nm":"Transform"}],"nm":"Group 2","np":2,"cix":2,"bm":0,"ix":2,"mn":"ADBE Vector Group","hd":false},{"ty":"gr","it":[{"ty":"gr","it":[{"ind":0,"ty":"sh","ix":1,"ks":{"a":0,"k":{"i":[[0.006,-0.33],[0,0],[0.225,0.03],[0,0],[-0.496,-0.329],[0,0],[-0.009,0.451],[0,0],[-0.225,-0.03],[0,0],[0.493,0.33],[0,0],[0.106,0]],"o":[[0,0],[-0.005,0.226],[0,0],[-0.589,-0.078],[0,0],[0.376,0.248],[0,0],[0.004,-0.228],[0,0],[0.588,0.078],[0,0],[-0.1,-0.066],[-0.293,0]],"v":[[-1.511,-4.674],[-1.567,-1.836],[-1.998,-1.466],[-8.329,-2.309],[-8.711,-1.286],[0.759,4.986],[1.646,4.519],[1.702,1.683],[2.133,1.312],[8.327,2.137],[8.714,1.116],[-0.624,-5.137],[-0.939,-5.234]],"c":true},"ix":2},"nm":"Path 2","mn":"ADBE Vector Shape - Group","hd":false},{"ty":"tr","p":{"a":0,"k":[0,0],"ix":2},"a":{"a":0,"k":[0,0],"ix":1},"s":{"a":0,"k":[100,100],"ix":3},"r":{"a":0,"k":0,"ix":6},"o":{"a":0,"k":100,"ix":7},"sk":{"a":0,"k":0,"ix":4},"sa":{"a":0,"k":0,"ix":5},"nm":"Transform"}],"nm":"Group 1","np":1,"cix":2,"bm":0,"ix":1,"mn":"ADBE Vector Group","hd":false},{"ty":"fl","c":{"a":0,"k":[0.066666666667,1,0.541176470588,1],"ix":4},"o":{"a":0,"k":100,"ix":5},"r":1,"bm":0,"nm":"Fill 1","mn":"ADBE Vector Graphic - Fill","hd":false},{"ty":"tr","p":{"a":0,"k":[56.381,68.246],"ix":2},"a":{"a":0,"k":[0,0],"ix":1},"s":{"a":0,"k":[100,100],"ix":3},"r":{"a":0,"k":0,"ix":6},"o":{"a":0,"k":100,"ix":7},"sk":{"a":0,"k":0,"ix":4},"sa":{"a":0,"k":0,"ix":5},"nm":"Transform"}],"nm":"Group 3","np":2,"cix":2,"bm":0,"ix":3,"mn":"ADBE Vector Group","hd":false},{"ty":"gr","it":[{"ty":"gr","it":[{"ind":0,"ty":"sh","ix":1,"ks":{"a":0,"k":{"i":[[0.085,-0.042],[0,0],[-0.386,-0.233],[0,0],[0.139,-0.18],[0,0],[-0.53,0.264],[0,0],[0.385,0.232],[0,0],[-0.139,0.181],[0,0],[0.424,0]],"o":[[0,0],[-0.405,0.199],[0,0],[0.194,0.118],[0,0],[-0.36,0.47],[0,0],[0.402,-0.201],[0,0],[-0.195,-0.117],[0,0],[0.303,-0.395],[-0.081,0]],"v":[[5.43,-7.048],[-4.651,-2.089],[-4.695,-1.087],[-2.267,0.378],[-2.162,0.937],[-6.064,6.006],[-5.372,6.846],[4.806,1.773],[4.846,0.775],[2.415,-0.693],[2.31,-1.253],[6.121,-6.203],[5.682,-7.109]],"c":true},"ix":2},"nm":"Path 2","mn":"ADBE Vector Shape - Group","hd":false},{"ty":"tr","p":{"a":0,"k":[0,0],"ix":2},"a":{"a":0,"k":[0,0],"ix":1},"s":{"a":0,"k":[100,100],"ix":3},"r":{"a":0,"k":0,"ix":6},"o":{"a":0,"k":100,"ix":7},"sk":{"a":0,"k":0,"ix":4},"sa":{"a":0,"k":0,"ix":5},"nm":"Transform"}],"nm":"Group 1","np":1,"cix":2,"bm":0,"ix":1,"mn":"ADBE Vector Group","hd":false},{"ty":"fl","c":{"a":0,"k":[0.066666666667,1,0.541176470588,1],"ix":4},"o":{"a":0,"k":100,"ix":5},"r":1,"bm":0,"nm":"Fill 1","mn":"ADBE Vector Graphic - Fill","hd":false},{"ty":"tr","p":{"a":0,"k":[55.841,80.165],"ix":2},"a":{"a":0,"k":[0,0],"ix":1},"s":{"a":0,"k":[100,100],"ix":3},"r":{"a":0,"k":0,"ix":6},"o":{"a":0,"k":100,"ix":7},"sk":{"a":0,"k":0,"ix":4},"sa":{"a":0,"k":0,"ix":5},"nm":"Transform"}],"nm":"Group 4","np":2,"cix":2,"bm":0,"ix":4,"mn":"ADBE Vector Group","hd":false},{"ty":"gr","it":[{"ty":"gr","it":[{"ind":0,"ty":"sh","ix":1,"ks":{"a":0,"k":{"i":[[0.022,-0.334],[0,0],[-0.395,0.218],[0,0],[-0.086,-0.21],[0,0],[-0.037,0.593],[0,0],[0.395,-0.218],[0,0],[0.087,0.21],[0,0],[0.206,0]],"o":[[0,0],[-0.029,0.45],[0,0],[0.198,-0.11],[0,0],[0.227,0.549],[0,0],[0.028,-0.45],[0,0],[-0.199,0.109],[0,0],[-0.097,-0.236],[-0.27,0]],"v":[[-3.29,-8.254],[-4.037,2.968],[-3.192,3.505],[-0.707,2.135],[-0.171,2.323],[2.265,8.227],[3.343,8.048],[4.038,-3.291],[3.192,-3.826],[0.706,-2.455],[0.17,-2.644],[-2.218,-8.43],[-2.728,-8.776]],"c":true},"ix":2},"nm":"Path 2","mn":"ADBE Vector Shape - Group","hd":false},{"ty":"tr","p":{"a":0,"k":[0,0],"ix":2},"a":{"a":0,"k":[0,0],"ix":1},"s":{"a":0,"k":[100,100],"ix":3},"r":{"a":0,"k":0,"ix":6},"o":{"a":0,"k":100,"ix":7},"sk":{"a":0,"k":0,"ix":4},"sa":{"a":0,"k":0,"ix":5},"nm":"Transform"}],"nm":"Group 1","np":1,"cix":2,"bm":0,"ix":1,"mn":"ADBE Vector Group","hd":false},{"ty":"fl","c":{"a":0,"k":[0.066666666667,1,0.541176470588,1],"ix":4},"o":{"a":0,"k":100,"ix":5},"r":1,"bm":0,"nm":"Fill 1","mn":"ADBE Vector Graphic - Fill","hd":false},{"ty":"tr","p":{"a":0,"k":[65.9,86.551],"ix":2},"a":{"a":0,"k":[0,0],"ix":1},"s":{"a":0,"k":[100,100],"ix":3},"r":{"a":0,"k":0,"ix":6},"o":{"a":0,"k":100,"ix":7},"sk":{"a":0,"k":0,"ix":4},"sa":{"a":0,"k":0,"ix":5},"nm":"Transform"}],"nm":"Group 5","np":2,"cix":2,"bm":0,"ix":5,"mn":"ADBE Vector Group","hd":false},{"ty":"gr","it":[{"ty":"gr","it":[{"ind":0,"ty":"sh","ix":1,"ks":{"a":0,"k":{"i":[[0.006,-0.331],[0,0],[0.226,0.03],[0,0],[-0.493,-0.33],[0,0],[-0.009,0.452],[0,0],[-0.226,-0.03],[0,0],[0.496,0.329],[0,0],[0.106,0]],"o":[[0,0],[-0.004,0.228],[0,0],[-0.588,-0.078],[0,0],[0.375,0.251],[0,0],[0.004,-0.226],[0,0],[0.59,0.078],[0,0],[-0.099,-0.065],[-0.292,0]],"v":[[-1.647,-4.674],[-1.703,-1.835],[-2.134,-1.464],[-8.328,-2.289],[-8.714,-1.268],[0.621,4.983],[1.51,4.519],[1.566,1.684],[1.998,1.314],[8.327,2.157],[8.711,1.134],[-0.763,-5.139],[-1.076,-5.234]],"c":true},"ix":2},"nm":"Path 2","mn":"ADBE Vector Shape - Group","hd":false},{"ty":"tr","p":{"a":0,"k":[0,0],"ix":2},"a":{"a":0,"k":[0,0],"ix":1},"s":{"a":0,"k":[100,100],"ix":3},"r":{"a":0,"k":0,"ix":6},"o":{"a":0,"k":100,"ix":7},"sk":{"a":0,"k":0,"ix":4},"sa":{"a":0,"k":0,"ix":5},"nm":"Transform"}],"nm":"Group 1","np":1,"cix":2,"bm":0,"ix":1,"mn":"ADBE Vector Group","hd":false},{"ty":"fl","c":{"a":0,"k":[0.066666666667,1,0.541176470588,1],"ix":4},"o":{"a":0,"k":100,"ix":5},"r":1,"bm":0,"nm":"Fill 1","mn":"ADBE Vector Graphic - Fill","hd":false},{"ty":"tr","p":{"a":0,"k":[76.489,81.509],"ix":2},"a":{"a":0,"k":[0,0],"ix":1},"s":{"a":0,"k":[100,100],"ix":3},"r":{"a":0,"k":0,"ix":6},"o":{"a":0,"k":100,"ix":7},"sk":{"a":0,"k":0,"ix":4},"sa":{"a":0,"k":0,"ix":5},"nm":"Transform"}],"nm":"Group 6","np":2,"cix":2,"bm":0,"ix":6,"mn":"ADBE Vector Group","hd":false},{"ty":"gr","it":[{"ty":"gr","it":[{"ind":0,"ty":"sh","ix":1,"ks":{"a":0,"k":{"i":[[0.086,-0.043],[0,0],[-0.384,-0.233],[0,0],[0.139,-0.181],[0,0],[-0.533,0.261],[0,0],[0.385,0.233],[0,0],[-0.138,0.18],[0,0],[0.422,0]],"o":[[0,0],[-0.403,0.201],[0,0],[0.195,0.117],[0,0],[-0.362,0.47],[0,0],[0.405,-0.199],[0,0],[-0.196,-0.118],[0,0],[0.302,-0.393],[-0.082,0]],"v":[[5.431,-7.047],[-4.747,-1.975],[-4.788,-0.976],[-2.356,0.493],[-2.251,1.052],[-6.062,6.003],[-5.37,6.848],[4.712,1.888],[4.756,0.888],[2.327,-0.579],[2.221,-1.137],[6.122,-6.206],[5.685,-7.109]],"c":true},"ix":2},"nm":"Path 2","mn":"ADBE Vector Shape - Group","hd":false},{"ty":"tr","p":{"a":0,"k":[0,0],"ix":2},"a":{"a":0,"k":[0,0],"ix":1},"s":{"a":0,"k":[100,100],"ix":3},"r":{"a":0,"k":0,"ix":6},"o":{"a":0,"k":100,"ix":7},"sk":{"a":0,"k":0,"ix":4},"sa":{"a":0,"k":0,"ix":5},"nm":"Transform"}],"nm":"Group 1","np":1,"cix":2,"bm":0,"ix":1,"mn":"ADBE Vector Group","hd":false},{"ty":"fl","c":{"a":0,"k":[0.066666666667,1,0.541176470588,1],"ix":4},"o":{"a":0,"k":100,"ix":5},"r":1,"bm":0,"nm":"Fill 1","mn":"ADBE Vector Graphic - Fill","hd":false},{"ty":"tr","p":{"a":0,"k":[76.97,69.138],"ix":2},"a":{"a":0,"k":[0,0],"ix":1},"s":{"a":0,"k":[100,100],"ix":3},"r":{"a":0,"k":0,"ix":6},"o":{"a":0,"k":100,"ix":7},"sk":{"a":0,"k":0,"ix":4},"sa":{"a":0,"k":0,"ix":5},"nm":"Transform"}],"nm":"Group 7","np":2,"cix":2,"bm":0,"ix":7,"mn":"ADBE Vector Group","hd":false},{"ty":"gr","it":[{"ty":"gr","it":[{"ind":0,"ty":"sh","ix":1,"ks":{"a":0,"k":{"i":[[0.02,-0.336],[0,0],[-0.393,0.218],[0,0],[-0.086,-0.21],[0,0],[-0.04,0.59],[0,0],[0.394,-0.218],[0,0],[0.088,0.211],[0,0],[0.207,0]],"o":[[0,0],[-0.027,0.449],[0,0],[0.199,-0.109],[0,0],[0.225,0.546],[0,0],[0.031,-0.45],[0,0],[-0.199,0.11],[0,0],[-0.098,-0.237],[-0.272,0]],"v":[[-3.342,-8.249],[-4.039,3.092],[-3.195,3.626],[-0.707,2.254],[-0.171,2.443],[2.216,8.229],[3.289,8.053],[4.035,-3.169],[3.192,-3.706],[0.706,-2.336],[0.169,-2.525],[-2.265,-8.428],[-2.778,-8.775]],"c":true},"ix":2},"nm":"Path 2","mn":"ADBE Vector Shape - Group","hd":false},{"ty":"tr","p":{"a":0,"k":[0,0],"ix":2},"a":{"a":0,"k":[0,0],"ix":1},"s":{"a":0,"k":[100,100],"ix":3},"r":{"a":0,"k":0,"ix":6},"o":{"a":0,"k":100,"ix":7},"sk":{"a":0,"k":0,"ix":4},"sa":{"a":0,"k":0,"ix":5},"nm":"Transform"}],"nm":"Group 1","np":1,"cix":2,"bm":0,"ix":1,"mn":"ADBE Vector Group","hd":false},{"ty":"fl","c":{"a":0,"k":[0.066666666667,1,0.541176470588,1],"ix":4},"o":{"a":0,"k":100,"ix":5},"r":1,"bm":0,"nm":"Fill 1","mn":"ADBE Vector Graphic - Fill","hd":false},{"ty":"tr","p":{"a":0,"k":[66.97,62.753],"ix":2},"a":{"a":0,"k":[0,0],"ix":1},"s":{"a":0,"k":[100,100],"ix":3},"r":{"a":0,"k":0,"ix":6},"o":{"a":0,"k":100,"ix":7},"sk":{"a":0,"k":0,"ix":4},"sa":{"a":0,"k":0,"ix":5},"nm":"Transform"}],"nm":"Group 8","np":2,"cix":2,"bm":0,"ix":8,"mn":"ADBE Vector Group","hd":false},{"ty":"gr","it":[{"ty":"gr","it":[{"ind":0,"ty":"sh","ix":1,"ks":{"a":0,"k":{"i":[[0,0],[4.269,-20.329],[0,0],[-15.47,-17.392],[0,0],[-17.465,19.635],[0,0],[4.783,22.779],[0,0],[20.772,0]],"o":[[-20.772,0],[0,0],[-4.783,22.779],[0,0],[17.465,19.635],[0,0],[15.47,-17.392],[0,0],[-4.269,-20.329],[0,0]],"v":[[-6.313,-91.286],[-49.285,-56.401],[-60.287,-4.008],[-43.296,59.861],[-32.808,71.651],[32.808,71.651],[43.296,59.861],[60.287,-4.008],[49.285,-56.401],[6.313,-91.286]],"c":true},"ix":2},"nm":"Path 2","mn":"ADBE Vector Shape - Group","hd":false},{"ty":"tr","p":{"a":0,"k":[0,0],"ix":2},"a":{"a":0,"k":[0,0],"ix":1},"s":{"a":0,"k":[100,100],"ix":3},"r":{"a":0,"k":0,"ix":6},"o":{"a":0,"k":100,"ix":7},"sk":{"a":0,"k":0,"ix":4},"sa":{"a":0,"k":0,"ix":5},"nm":"Transform"}],"nm":"Group 1","np":1,"cix":2,"bm":0,"ix":1,"mn":"ADBE Vector Group","hd":false},{"ty":"gf","o":{"a":0,"k":100,"ix":10},"r":1,"bm":0,"g":{"p":3,"k":{"a":0,"k":[0.53,1,1,1,0.765,0.9,0.9,0.9,1,0.8,0.8,0.8],"ix":9}},"s":{"a":0,"k":[0,-26],"ix":5},"e":{"a":0,"k":[100,0],"ix":6},"t":2,"h":{"a":0,"k":0,"ix":7},"a":{"a":0,"k":0,"ix":8},"nm":"Gradient Fill 1","mn":"ADBE Vector Graphic - G-Fill","hd":false},{"ty":"tr","p":{"a":0,"k":[65.32,91.535],"ix":2},"a":{"a":0,"k":[0,0],"ix":1},"s":{"a":0,"k":[100,100],"ix":3},"r":{"a":0,"k":0,"ix":6},"o":{"a":0,"k":100,"ix":7},"sk":{"a":0,"k":0,"ix":4},"sa":{"a":0,"k":0,"ix":5},"nm":"Transform"}],"nm":"Group 9","np":2,"cix":2,"bm":0,"ix":9,"mn":"ADBE Vector Group","hd":false}],"ip":0,"op":3511.51151151151,"st":0,"ct":1,"bm":0}]},{"id":"comp_2","nm":"flames","fr":120,"layers":[{"ddd":0,"ind":1,"ty":4,"nm":"flame Outlines 3","sr":1,"ks":{"o":{"a":0,"k":100,"ix":11},"r":{"a":0,"k":0,"ix":10},"p":{"a":0,"k":[166.463,285.593,0],"ix":2,"l":2},"a":{"a":0,"k":[0.301,-55.656,0],"ix":1,"l":2},"s":{"a":1,"k":[{"i":{"x":[0.833,0.833,0.833],"y":[0.833,0.833,0.833]},"o":{"x":[0.167,0.167,0.167],"y":[0.167,0.167,0.167]},"t":0,"s":[81.77,55.704,100]},{"i":{"x":[0.833,0.833,0.833],"y":[0.833,0.833,0.833]},"o":{"x":[0.167,0.167,0.167],"y":[0.167,0.167,0.167]},"t":9,"s":[81.77,69.704,100]},{"i":{"x":[0.833,0.833,0.833],"y":[0.833,0.833,0.833]},"o":{"x":[0.167,0.167,0.167],"y":[0.167,0.167,0.167]},"t":20,"s":[81.77,45.704,100]},{"i":{"x":[0.833,0.833,0.833],"y":[0.833,0.833,0.833]},"o":{"x":[0.167,0.167,0.167],"y":[0.167,0.167,0.167]},"t":35,"s":[81.77,69.704,100]},{"t":48,"s":[81.77,55.704,100]}],"ix":6,"l":2}},"ao":0,"shapes":[{"ind":0,"ty":"sh","ix":1,"ks":{"a":0,"k":{"i":[[4.428,0],[3.378,-2.964],[0,-3.885],[0,0],[0,10.843],[3.345,2.935]],"o":[[-4.428,0],[-3.378,2.964],[0,14.097],[0,0],[-0.033,-3.847],[-3.378,-2.964]],"v":[[0,-22.768],[-12.233,-18.322],[-17.3,-7.587],[0,22.768],[17.3,-7.702],[12.234,-18.322]],"c":true},"ix":2},"nm":"Path 1","mn":"ADBE Vector Shape - Group","hd":false},{"ty":"gf","o":{"a":0,"k":49,"ix":10},"r":1,"bm":0,"g":{"p":3,"k":{"a":0,"k":[0,0.153,0.949,0.416,0.5,0.153,0.949,0.416,1,0.153,0.949,0.416,0,1,0.5,0.5,1,0],"ix":9}},"s":{"a":0,"k":[4,74],"ix":5},"e":{"a":0,"k":[61,0],"ix":6},"t":1,"nm":"Gradient Fill 1","mn":"ADBE Vector Graphic - G-Fill","hd":false}],"ip":0,"op":48,"st":0,"ct":1,"bm":0},{"ddd":0,"ind":2,"ty":4,"nm":"flame Outlines 2","sr":1,"ks":{"o":{"a":0,"k":100,"ix":11},"r":{"a":0,"k":0,"ix":10},"p":{"a":0,"k":[166.713,292.593,0],"ix":2,"l":2},"a":{"a":0,"k":[0.119,-22.943,0],"ix":1,"l":2},"s":{"a":1,"k":[{"i":{"x":[0.833,0.833,0.833],"y":[0.833,0.833,0.833]},"o":{"x":[0.167,0.167,0.167],"y":[0.167,0.167,0.167]},"t":0,"s":[139.105,141.341,100]},{"i":{"x":[0.833,0.833,0.833],"y":[0.833,0.833,0.833]},"o":{"x":[0.167,0.167,0.167],"y":[0.167,0.167,0.167]},"t":4,"s":[139.105,170.341,100]},{"i":{"x":[0.833,0.833,0.833],"y":[0.833,0.833,0.833]},"o":{"x":[0.167,0.167,0.167],"y":[0.167,0.167,0.167]},"t":10,"s":[139.105,134.341,100]},{"i":{"x":[0.833,0.833,0.833],"y":[0.833,0.833,0.833]},"o":{"x":[0.167,0.167,0.167],"y":[0.167,0.167,0.167]},"t":19,"s":[139.105,158.341,100]},{"i":{"x":[0.833,0.833,0.833],"y":[0.833,0.833,0.833]},"o":{"x":[0.167,0.167,0.167],"y":[0.167,0.167,0.167]},"t":24,"s":[139.105,139.341,100]},{"i":{"x":[0.833,0.833,0.833],"y":[0.833,0.833,0.833]},"o":{"x":[0.167,0.167,0.167],"y":[0.167,0.167,0.167]},"t":31,"s":[139.105,172.341,100]},{"i":{"x":[0.833,0.833,0.833],"y":[0.833,0.833,0.833]},"o":{"x":[0.167,0.167,0.167],"y":[0.167,0.167,0.167]},"t":39,"s":[139.105,150.341,100]},{"i":{"x":[0.833,0.833,0.833],"y":[0.833,0.833,0.833]},"o":{"x":[0.167,0.167,0.167],"y":[0.167,0.167,0.167]},"t":43,"s":[139.105,178.341,100]},{"t":48,"s":[139.105,178.341,100]}],"ix":6,"l":2}},"ao":0,"shapes":[{"ind":0,"ty":"sh","ix":1,"ks":{"a":0,"k":{"i":[[4.428,0],[3.378,-2.964],[0,-3.885],[0,0],[0,10.843],[3.345,2.935]],"o":[[-4.428,0],[-3.378,2.964],[0,14.097],[0,0],[-0.033,-3.847],[-3.378,-2.964]],"v":[[0,-22.768],[-12.233,-18.322],[-17.3,-7.587],[0,22.768],[17.3,-7.702],[12.234,-18.322]],"c":true},"ix":2},"nm":"Path 1","mn":"ADBE Vector Shape - Group","hd":false},{"ty":"gf","o":{"a":0,"k":49,"ix":10},"r":1,"bm":0,"g":{"p":3,"k":{"a":0,"k":[0,0.153,0.949,0.416,0.5,0.153,0.949,0.416,1,0.153,0.949,0.416,0,1,0.5,0.5,1,0],"ix":9}},"s":{"a":0,"k":[4,74],"ix":5},"e":{"a":0,"k":[61,0],"ix":6},"t":1,"nm":"Gradient Fill 1","mn":"ADBE Vector Graphic - G-Fill","hd":false}],"ip":0,"op":48,"st":0,"ct":1,"bm":0},{"ddd":0,"ind":3,"ty":4,"nm":"flame Outlines","sr":1,"ks":{"o":{"a":0,"k":100,"ix":11},"r":{"a":0,"k":0,"ix":10},"p":{"a":0,"k":[165.713,292.593,0],"ix":2,"l":2},"a":{"a":0,"k":[-0.6,-30.84,0],"ix":1,"l":2},"s":{"a":1,"k":[{"i":{"x":[0.833,0.833,0.833],"y":[0.833,0.833,0.833]},"o":{"x":[0.167,0.167,0.167],"y":[0.167,0.167,0.167]},"t":0,"s":[100,80,100]},{"i":{"x":[0.833,0.833,0.833],"y":[0.833,0.833,0.833]},"o":{"x":[0.167,0.167,0.167],"y":[0.167,0.167,0.167]},"t":7,"s":[100,115,100]},{"i":{"x":[0.833,0.833,0.833],"y":[0.833,0.833,0.833]},"o":{"x":[0.167,0.167,0.167],"y":[0.167,0.167,0.167]},"t":15,"s":[100,85,100]},{"i":{"x":[0.833,0.833,0.833],"y":[0.833,0.833,0.833]},"o":{"x":[0.167,0.167,0.167],"y":[0.167,0.167,0.167]},"t":24,"s":[100,103,100]},{"i":{"x":[0.833,0.833,0.833],"y":[0.833,0.833,0.833]},"o":{"x":[0.167,0.167,0.167],"y":[0.167,0.167,0.167]},"t":34,"s":[100,84,100]},{"i":{"x":[0.833,0.833,0.833],"y":[0.833,0.833,0.833]},"o":{"x":[0.167,0.167,0.167],"y":[0.167,0.167,0.167]},"t":42,"s":[100,122,100]},{"t":48,"s":[100,80,100]}],"ix":6,"l":2}},"ao":0,"shapes":[{"ind":0,"ty":"sh","ix":1,"ks":{"a":0,"k":{"i":[[4.428,0],[3.378,-2.964],[0,-3.885],[0,0],[0,10.843],[3.345,2.935]],"o":[[-4.428,0],[-3.378,2.964],[0,14.097],[0,0],[-0.033,-3.847],[-3.378,-2.964]],"v":[[0,-22.768],[-12.233,-18.322],[-17.3,-7.587],[0,22.768],[17.3,-7.702],[12.234,-18.322]],"c":true},"ix":2},"nm":"Path 1","mn":"ADBE Vector Shape - Group","hd":false},{"ty":"gf","o":{"a":0,"k":49,"ix":10},"r":1,"bm":0,"g":{"p":3,"k":{"a":0,"k":[0,0.153,0.949,0.416,0.5,0.153,0.949,0.416,1,0.153,0.949,0.416,0,1,0.5,0.5,1,0],"ix":9}},"s":{"a":0,"k":[4,74],"ix":5},"e":{"a":0,"k":[61,0],"ix":6},"t":1,"nm":"Gradient Fill 1","mn":"ADBE Vector Graphic - G-Fill","hd":false}],"ip":0,"op":48,"st":0,"ct":1,"bm":0}]}],"layers":[{"ddd":0,"ind":1,"ty":0,"nm":"final","refId":"comp_0","sr":1,"ks":{"o":{"a":0,"k":100,"ix":11},"r":{"a":0,"k":0,"ix":10},"p":{"a":1,"k":[{"i":{"x":0.667,"y":1},"o":{"x":0.333,"y":0},"t":0,"s":[167,215,0],"to":[0,-6.167,0],"ti":[0,0,0]},{"i":{"x":0.667,"y":1},"o":{"x":0.333,"y":0},"t":149,"s":[167,178,0],"to":[0,0,0],"ti":[0,0,0]},{"i":{"x":0.667,"y":1},"o":{"x":0.333,"y":0},"t":327,"s":[167,215,0],"to":[0,0,0],"ti":[0,0,0]},{"i":{"x":0.667,"y":1},"o":{"x":0.333,"y":0},"t":525,"s":[167,178,0],"to":[0,0,0],"ti":[0,-6.167,0]},{"t":719,"s":[167,215,0]}],"ix":2,"l":2},"a":{"a":0,"k":[167,199,0],"ix":1,"l":2},"s":{"a":0,"k":[100,100,100],"ix":6,"l":2}},"ao":0,"w":334,"h":398,"ip":0,"op":720,"st":0,"bm":0}],"markers":[]}