{"v":"5.7.1","fr":60,"ip":0,"op":600,"w":1920,"h":1080,"nm":"ORANGE ROBOT ","ddd":0,"assets":[],"layers":[{"ddd":0,"ind":1,"ty":4,"nm":"Light Bulb","parent":3,"sr":1,"ks":{"o":{"a":0,"k":100,"ix":11},"r":{"a":0,"k":0,"ix":10},"p":{"a":0,"k":[197.071,405.09,0],"ix":2},"a":{"a":0,"k":[0,0,0],"ix":1},"s":{"a":0,"k":[100,100,100],"ix":6}},"ao":0,"shapes":[{"ty":"gr","it":[{"d":1,"ty":"el","s":{"a":0,"k":[31.318,31.318],"ix":2},"p":{"a":0,"k":[0,0],"ix":3},"nm":"Ellipse Path 1","mn":"ADBE Vector Shape - Ellipse","hd":false},{"ty":"fl","c":{"a":0,"k":[0.10702938753,0.927018588197,0.928982843137,1],"ix":4},"o":{"a":0,"k":100,"ix":5},"r":1,"bm":0,"nm":"Fill 1","mn":"ADBE Vector Graphic - Fill","hd":false},{"ty":"tr","p":{"a":0,"k":[-0.88,-396.849],"ix":2},"a":{"a":0,"k":[0,0],"ix":1},"s":{"a":0,"k":[100,100],"ix":3},"r":{"a":0,"k":0,"ix":6},"o":{"a":0,"k":100,"ix":7},"sk":{"a":0,"k":0,"ix":4},"sa":{"a":0,"k":0,"ix":5},"nm":"Transform"}],"nm":"Ellipse 1","np":3,"cix":2,"bm":0,"ix":1,"mn":"ADBE Vector Group","hd":false}],"ip":0,"op":600,"st":0,"bm":0},{"ddd":0,"ind":2,"ty":4,"nm":"eyes Outlines","parent":3,"sr":1,"ks":{"o":{"a":0,"k":100,"ix":11},"r":{"a":0,"k":0,"ix":10},"p":{"a":1,"k":[{"i":{"x":0.667,"y":1},"o":{"x":0.333,"y":0},"t":59,"s":[196.018,201.633,0],"to":[0,5.167,0],"ti":[0,-5.833,0]},{"i":{"x":0.667,"y":1},"o":{"x":0.333,"y":0},"t":63,"s":[196.018,232.633,0],"to":[0,5.833,0],"ti":[0,11,0]},{"i":{"x":0.667,"y":1},"o":{"x":0.333,"y":0},"t":65,"s":[196.018,236.633,0],"to":[0,-11,0],"ti":[0,5.833,0]},{"i":{"x":0.667,"y":1},"o":{"x":0.333,"y":0},"t":69,"s":[196.018,166.633,0],"to":[0,-5.833,0],"ti":[0,-5.833,0]},{"i":{"x":0.833,"y":0.833},"o":{"x":0.333,"y":0.333},"t":72,"s":[196.018,201.633,0],"to":[0,0,0],"ti":[0,0,0]},{"i":{"x":0.667,"y":1},"o":{"x":0.333,"y":0},"t":76,"s":[196.018,201.633,0],"to":[0,5.167,0],"ti":[0,-5.833,0]},{"i":{"x":0.667,"y":1},"o":{"x":0.333,"y":0},"t":80,"s":[196.018,232.633,0],"to":[0,5.833,0],"ti":[0,11,0]},{"i":{"x":0.667,"y":1},"o":{"x":0.333,"y":0},"t":82,"s":[196.018,236.633,0],"to":[0,-11,0],"ti":[0,5.833,0]},{"i":{"x":0.667,"y":1},"o":{"x":0.333,"y":0},"t":86,"s":[196.018,166.633,0],"to":[0,-5.833,0],"ti":[0,-5.833,0]},{"i":{"x":0.833,"y":0.833},"o":{"x":0.333,"y":0.333},"t":89,"s":[196.018,201.633,0],"to":[0,0,0],"ti":[0,0,0]},{"i":{"x":0.667,"y":1},"o":{"x":0.333,"y":0},"t":410,"s":[196.018,201.633,0],"to":[0,5.167,0],"ti":[0,-5.833,0]},{"i":{"x":0.667,"y":1},"o":{"x":0.333,"y":0},"t":414,"s":[196.018,232.633,0],"to":[0,5.833,0],"ti":[0,11,0]},{"i":{"x":0.667,"y":1},"o":{"x":0.333,"y":0},"t":416,"s":[196.018,236.633,0],"to":[0,-11,0],"ti":[0,5.833,0]},{"i":{"x":0.667,"y":1},"o":{"x":0.333,"y":0},"t":420,"s":[196.018,166.633,0],"to":[0,-5.833,0],"ti":[0,-5.833,0]},{"t":423,"s":[196.018,201.633,0]}],"ix":2},"a":{"a":0,"k":[120.915,33.559,0],"ix":1},"s":{"a":0,"k":[100,100,100],"ix":6}},"ao":0,"shapes":[{"ty":"gr","it":[{"ind":0,"ty":"sh","ix":1,"ks":{"a":1,"k":[{"i":{"x":0.667,"y":1},"o":{"x":0.333,"y":0},"t":57,"s":[{"i":[[0,0],[-10.948,0],[-6.29,-7.38]],"o":[[6.29,-7.38],[10.949,0],[0,0]],"v":[[-26.99,6.059],[-0.001,-6.059],[26.99,6.059]],"c":false}]},{"i":{"x":0.667,"y":1},"o":{"x":0.333,"y":0},"t":59,"s":[{"i":[[0,0],[-10.948,0],[-6.29,-0.072]],"o":[[6.29,-0.072],[10.949,0],[0,0]],"v":[[-26.99,6.059],[-0.001,5.941],[26.99,6.059]],"c":false}]},{"i":{"x":0.667,"y":1},"o":{"x":0.333,"y":0},"t":72,"s":[{"i":[[0,0],[-10.948,0],[-6.29,-0.072]],"o":[[6.29,-0.072],[10.949,0],[0,0]],"v":[[-26.99,6.059],[-0.001,5.941],[26.99,6.059]],"c":false}]},{"i":{"x":0.667,"y":1},"o":{"x":0.333,"y":0},"t":74,"s":[{"i":[[0,0],[-10.948,0],[-6.29,-7.38]],"o":[[6.29,-7.38],[10.949,0],[0,0]],"v":[[-26.99,6.059],[-0.001,-6.059],[26.99,6.059]],"c":false}]},{"i":{"x":0.667,"y":1},"o":{"x":0.333,"y":0},"t":76,"s":[{"i":[[0,0],[-10.948,0],[-6.29,-0.072]],"o":[[6.29,-0.072],[10.949,0],[0,0]],"v":[[-26.99,6.059],[-0.001,5.941],[26.99,6.059]],"c":false}]},{"i":{"x":0.667,"y":1},"o":{"x":0.333,"y":0},"t":89,"s":[{"i":[[0,0],[-10.948,0],[-6.29,-0.072]],"o":[[6.29,-0.072],[10.949,0],[0,0]],"v":[[-26.99,6.059],[-0.001,5.941],[26.99,6.059]],"c":false}]},{"i":{"x":0.667,"y":1},"o":{"x":0.333,"y":0},"t":91,"s":[{"i":[[0,0],[-10.948,0],[-6.29,-7.38]],"o":[[6.29,-7.38],[10.949,0],[0,0]],"v":[[-26.99,6.059],[-0.001,-6.059],[26.99,6.059]],"c":false}]},{"i":{"x":0.667,"y":1},"o":{"x":0.333,"y":0},"t":408,"s":[{"i":[[0,0],[-10.948,0],[-6.29,-7.38]],"o":[[6.29,-7.38],[10.949,0],[0,0]],"v":[[-26.99,6.059],[-0.001,-6.059],[26.99,6.059]],"c":false}]},{"i":{"x":0.667,"y":1},"o":{"x":0.333,"y":0},"t":410,"s":[{"i":[[0,0],[-10.948,0],[-6.29,-0.072]],"o":[[6.29,-0.072],[10.949,0],[0,0]],"v":[[-26.99,6.059],[-0.001,5.941],[26.99,6.059]],"c":false}]},{"i":{"x":0.667,"y":1},"o":{"x":0.333,"y":0},"t":423,"s":[{"i":[[0,0],[-10.948,0],[-6.29,-0.072]],"o":[[6.29,-0.072],[10.949,0],[0,0]],"v":[[-26.99,6.059],[-0.001,5.941],[26.99,6.059]],"c":false}]},{"t":425,"s":[{"i":[[0,0],[-10.948,0],[-6.29,-7.38]],"o":[[6.29,-7.38],[10.949,0],[0,0]],"v":[[-26.99,6.059],[-0.001,-6.059],[26.99,6.059]],"c":false}]}],"ix":2},"nm":"Path 1","mn":"ADBE Vector Shape - Group","hd":false},{"ty":"st","c":{"a":0,"k":[0.513725490196,0.815686334348,0.886274569642,1],"ix":3},"o":{"a":0,"k":100,"ix":4},"w":{"a":1,"k":[{"i":{"x":[0.667],"y":[1]},"o":{"x":[0.333],"y":[0]},"t":59,"s":[9]},{"i":{"x":[0.667],"y":[1]},"o":{"x":[0.333],"y":[0]},"t":63,"s":[2]},{"i":{"x":[0.667],"y":[1]},"o":{"x":[0.333],"y":[0]},"t":72,"s":[2]},{"i":{"x":[0.667],"y":[1]},"o":{"x":[0.333],"y":[0]},"t":74,"s":[9]},{"i":{"x":[0.667],"y":[1]},"o":{"x":[0.333],"y":[0]},"t":76,"s":[9]},{"i":{"x":[0.667],"y":[1]},"o":{"x":[0.333],"y":[0]},"t":80,"s":[2]},{"i":{"x":[0.667],"y":[1]},"o":{"x":[0.333],"y":[0]},"t":89,"s":[2]},{"i":{"x":[0.667],"y":[1]},"o":{"x":[0.333],"y":[0]},"t":91,"s":[9]},{"i":{"x":[0.667],"y":[1]},"o":{"x":[0.333],"y":[0]},"t":410,"s":[9]},{"i":{"x":[0.667],"y":[1]},"o":{"x":[0.333],"y":[0]},"t":414,"s":[2]},{"i":{"x":[0.667],"y":[1]},"o":{"x":[0.333],"y":[0]},"t":423,"s":[2]},{"t":425,"s":[9]}],"ix":5},"lc":2,"lj":1,"ml":10,"bm":0,"nm":"Stroke 1","mn":"ADBE Vector Graphic - Stroke","hd":false},{"ty":"tr","p":{"a":0,"k":[59.839,28.559],"ix":2},"a":{"a":0,"k":[0,0],"ix":1},"s":{"a":0,"k":[100,90.801],"ix":3},"r":{"a":0,"k":0,"ix":6},"o":{"a":0,"k":100,"ix":7},"sk":{"a":0,"k":0,"ix":4},"sa":{"a":0,"k":0,"ix":5},"nm":"Transform"}],"nm":"Eye_L","np":2,"cix":2,"bm":0,"ix":1,"mn":"ADBE Vector Group","hd":false},{"ty":"gr","it":[{"ind":0,"ty":"sh","ix":1,"ks":{"a":1,"k":[{"i":{"x":0.667,"y":1},"o":{"x":0.333,"y":0},"t":57,"s":[{"i":[[0,0],[-10.948,0],[-6.29,-7.38]],"o":[[6.29,-7.38],[10.949,0],[0,0]],"v":[[-26.99,6.059],[-0.001,-6.059],[26.99,6.059]],"c":false}]},{"i":{"x":0.667,"y":1},"o":{"x":0.333,"y":0},"t":59,"s":[{"i":[[0,0],[-10.948,0],[-6.29,-0.072]],"o":[[6.29,-0.072],[10.949,0],[0,0]],"v":[[-26.99,6.059],[-0.001,5.941],[26.99,6.059]],"c":false}]},{"i":{"x":0.667,"y":1},"o":{"x":0.333,"y":0},"t":72,"s":[{"i":[[0,0],[-10.948,0],[-6.29,-0.072]],"o":[[6.29,-0.072],[10.949,0],[0,0]],"v":[[-26.99,6.059],[-0.001,5.941],[26.99,6.059]],"c":false}]},{"i":{"x":0.667,"y":1},"o":{"x":0.333,"y":0},"t":74,"s":[{"i":[[0,0],[-10.948,0],[-6.29,-7.38]],"o":[[6.29,-7.38],[10.949,0],[0,0]],"v":[[-26.99,6.059],[-0.001,-6.059],[26.99,6.059]],"c":false}]},{"i":{"x":0.667,"y":1},"o":{"x":0.333,"y":0},"t":76,"s":[{"i":[[0,0],[-10.948,0],[-6.29,-0.072]],"o":[[6.29,-0.072],[10.949,0],[0,0]],"v":[[-26.99,6.059],[-0.001,5.941],[26.99,6.059]],"c":false}]},{"i":{"x":0.667,"y":1},"o":{"x":0.333,"y":0},"t":89,"s":[{"i":[[0,0],[-10.948,0],[-6.29,-0.072]],"o":[[6.29,-0.072],[10.949,0],[0,0]],"v":[[-26.99,6.059],[-0.001,5.941],[26.99,6.059]],"c":false}]},{"i":{"x":0.667,"y":1},"o":{"x":0.333,"y":0},"t":91,"s":[{"i":[[0,0],[-10.948,0],[-6.29,-7.38]],"o":[[6.29,-7.38],[10.949,0],[0,0]],"v":[[-26.99,6.059],[-0.001,-6.059],[26.99,6.059]],"c":false}]},{"i":{"x":0.667,"y":1},"o":{"x":0.333,"y":0},"t":408,"s":[{"i":[[0,0],[-10.948,0],[-6.29,-7.38]],"o":[[6.29,-7.38],[10.949,0],[0,0]],"v":[[-26.99,6.059],[-0.001,-6.059],[26.99,6.059]],"c":false}]},{"i":{"x":0.667,"y":1},"o":{"x":0.333,"y":0},"t":410,"s":[{"i":[[0,0],[-10.948,0],[-6.29,-0.072]],"o":[[6.29,-0.072],[10.949,0],[0,0]],"v":[[-26.99,6.059],[-0.001,5.941],[26.99,6.059]],"c":false}]},{"i":{"x":0.667,"y":1},"o":{"x":0.333,"y":0},"t":423,"s":[{"i":[[0,0],[-10.948,0],[-6.29,-0.072]],"o":[[6.29,-0.072],[10.949,0],[0,0]],"v":[[-26.99,6.059],[-0.001,5.941],[26.99,6.059]],"c":false}]},{"t":425,"s":[{"i":[[0,0],[-10.948,0],[-6.29,-7.38]],"o":[[6.29,-7.38],[10.949,0],[0,0]],"v":[[-26.99,6.059],[-0.001,-6.059],[26.99,6.059]],"c":false}]}],"ix":2},"nm":"Path 1","mn":"ADBE Vector Shape - Group","hd":false},{"ty":"st","c":{"a":0,"k":[0.513725490196,0.815686334348,0.886274569642,1],"ix":3},"o":{"a":0,"k":100,"ix":4},"w":{"a":1,"k":[{"i":{"x":[0.667],"y":[1]},"o":{"x":[0.333],"y":[0]},"t":59,"s":[9]},{"i":{"x":[0.667],"y":[1]},"o":{"x":[0.333],"y":[0]},"t":63,"s":[2]},{"i":{"x":[0.667],"y":[1]},"o":{"x":[0.333],"y":[0]},"t":72,"s":[2]},{"i":{"x":[0.667],"y":[1]},"o":{"x":[0.333],"y":[0]},"t":74,"s":[9]},{"i":{"x":[0.667],"y":[1]},"o":{"x":[0.333],"y":[0]},"t":76,"s":[9]},{"i":{"x":[0.667],"y":[1]},"o":{"x":[0.333],"y":[0]},"t":80,"s":[2]},{"i":{"x":[0.667],"y":[1]},"o":{"x":[0.333],"y":[0]},"t":89,"s":[2]},{"i":{"x":[0.667],"y":[1]},"o":{"x":[0.333],"y":[0]},"t":91,"s":[9]},{"i":{"x":[0.667],"y":[1]},"o":{"x":[0.333],"y":[0]},"t":410,"s":[9]},{"i":{"x":[0.667],"y":[1]},"o":{"x":[0.333],"y":[0]},"t":414,"s":[2]},{"i":{"x":[0.667],"y":[1]},"o":{"x":[0.333],"y":[0]},"t":423,"s":[2]},{"t":425,"s":[9]}],"ix":5},"lc":2,"lj":1,"ml":10,"bm":0,"nm":"Stroke 1","mn":"ADBE Vector Graphic - Stroke","hd":false},{"ty":"tr","p":{"a":0,"k":[182.339,28.559],"ix":2},"a":{"a":0,"k":[0,0],"ix":1},"s":{"a":0,"k":[100,90.801],"ix":3},"r":{"a":0,"k":0,"ix":6},"o":{"a":0,"k":100,"ix":7},"sk":{"a":0,"k":0,"ix":4},"sa":{"a":0,"k":0,"ix":5},"nm":"Transform"}],"nm":"Eye_R","np":2,"cix":2,"bm":0,"ix":2,"mn":"ADBE Vector Group","hd":false}],"ip":0,"op":600,"st":0,"bm":0},{"ddd":0,"ind":3,"ty":4,"nm":"Head Outlines","sr":1,"ks":{"o":{"a":0,"k":100,"ix":11},"r":{"a":0,"k":0,"ix":10},"p":{"s":true,"x":{"a":0,"k":960,"ix":3},"y":{"a":1,"k":[{"i":{"x":[0.667],"y":[1]},"o":{"x":[0.333],"y":[0]},"t":0,"s":[316.326]},{"i":{"x":[0.667],"y":[1]},"o":{"x":[0.333],"y":[0]},"t":150,"s":[208.933]},{"i":{"x":[0.667],"y":[1]},"o":{"x":[0.333],"y":[0]},"t":300,"s":[316.326]},{"i":{"x":[0.667],"y":[1]},"o":{"x":[0.333],"y":[0]},"t":457,"s":[208.933]},{"i":{"x":[0.667],"y":[1]},"o":{"x":[0.333],"y":[0]},"t":599,"s":[316.326]},{"i":{"x":[0.667],"y":[1]},"o":{"x":[0.333],"y":[0]},"t":614,"s":[316.326]},{"i":{"x":[0.667],"y":[1]},"o":{"x":[0.167],"y":[0]},"t":722,"s":[316.326]},{"t":1200,"s":[208.933]}],"ix":4}},"a":{"a":0,"k":[196.191,155.312,0],"ix":1},"s":{"a":0,"k":[100,100,100],"ix":6}},"ao":0,"shapes":[{"ty":"gr","it":[{"ind":0,"ty":"sh","ix":1,"ks":{"a":0,"k":{"i":[[0,-4.58],[0.48,-1.22],[90.08,0],[8.01,20.6],[0,1.25],[-6,4.1],[-54.39,-3.63],[0,0],[-1.23,-1.5],[-5.82,0],[0,0],[-3.55,4.36],[-0.73,1.87],[0,0],[-18.19,12.46]],"o":[[0,1.25],[-8.01,20.6],[-90.08,0],[-0.48,-1.22],[0,-4.58],[18.19,12.46],[0,0],[0.73,1.87],[3.55,4.36],[0,0],[5.82,0],[1.23,-1.5],[0,0],[54.39,-3.63],[6,4.1]],"v":[[172.8,-13.685],[172.08,-9.975],[0,26.765],[-172.08,-9.975],[-172.8,-13.685],[-163.55,-26.765],[-47.54,-0.955],[-46.53,1.625],[-43.56,6.695],[-28.8,13.705],[28.8,13.705],[43.56,6.695],[46.53,1.625],[47.54,-0.955],[163.55,-26.765]],"c":true},"ix":2},"nm":"Path 1","mn":"ADBE Vector Shape - Group","hd":false},{"ty":"fl","c":{"a":0,"k":[0.984313785329,0.690196078431,0.231372563979,1],"ix":4},"o":{"a":0,"k":100,"ix":5},"r":1,"bm":0,"nm":"Fill 1","mn":"ADBE Vector Graphic - Fill","hd":false},{"ty":"tr","p":{"a":0,"k":[196.192,276.208],"ix":2},"a":{"a":0,"k":[0,0],"ix":1},"s":{"a":0,"k":[100,100],"ix":3},"r":{"a":0,"k":0,"ix":6},"o":{"a":0,"k":100,"ix":7},"sk":{"a":0,"k":0,"ix":4},"sa":{"a":0,"k":0,"ix":5},"nm":"Transform"}],"nm":"Group 1","np":2,"cix":2,"bm":0,"ix":1,"mn":"ADBE Vector Group","hd":false},{"ty":"gr","it":[{"ind":0,"ty":"sh","ix":1,"ks":{"a":0,"k":{"i":[[-2.439,-4.847],[2.671,-1.173],[1.358,-0.417],[11.315,-0.278],[1.374,0],[1.343,0.031],[6.761,2.099],[1.096,0.479],[0.711,1.389],[-19.573,0.386],[0.123,-2.64],[0,0],[-1.189,0],[-1.157,-0.031],[0,0],[0.124,2.516]],"o":[[-0.71,1.389],[-1.096,0.479],[-6.761,2.099],[-1.343,0.031],[-1.374,0],[-11.315,-0.278],[-1.358,-0.417],[-2.67,-1.173],[2.439,-4.847],[-0.123,2.516],[0,0],[1.158,-0.031],[1.188,0],[0,0],[-0.124,-2.64],[19.573,0.386]],"v":[[41.015,0],[35.828,3.859],[32.138,5.202],[4.091,9.015],[0,9.061],[-4.091,9.015],[-32.138,5.202],[-35.828,3.859],[-41.015,0],[-3.273,-9.061],[-3.643,-1.312],[-3.52,-1.312],[0,-1.358],[3.519,-1.312],[3.643,-1.312],[3.273,-9.061]],"c":true},"ix":2},"nm":"Path 1","mn":"ADBE Vector Shape - Group","hd":false},{"ty":"fl","c":{"a":0,"k":[0.984313785329,0.690196078431,0.231372563979,1],"ix":4},"o":{"a":0,"k":100,"ix":5},"r":1,"bm":0,"nm":"Fill 1","mn":"ADBE Vector Graphic - Fill","hd":false},{"ty":"tr","p":{"a":0,"k":[196.191,67.911],"ix":2},"a":{"a":0,"k":[0,0],"ix":1},"s":{"a":0,"k":[100,100],"ix":3},"r":{"a":0,"k":0,"ix":6},"o":{"a":0,"k":100,"ix":7},"sk":{"a":0,"k":0,"ix":4},"sa":{"a":0,"k":0,"ix":5},"nm":"Transform"}],"nm":"Group 2","np":2,"cix":2,"bm":0,"ix":2,"mn":"ADBE Vector Group","hd":false},{"ty":"gr","it":[{"ind":0,"ty":"sh","ix":1,"ks":{"a":0,"k":{"i":[[-2.439,-4.847],[2.671,-1.173],[1.358,-0.417],[11.315,-0.278],[1.374,0],[1.343,0.031],[6.761,2.099],[1.096,0.479],[0.711,1.389],[-19.573,0.386],[0,0],[0.124,-2.64],[0.046,-0.895],[-1.235,0],[-1.204,-0.031],[0.031,0.895],[0.108,2.516],[0,0]],"o":[[-0.71,1.389],[-1.096,0.479],[-6.761,2.099],[-1.343,0.031],[-1.374,0],[-11.315,-0.278],[-1.358,-0.417],[-2.67,-1.173],[2.439,-4.847],[0,0],[-0.108,2.516],[-0.031,0.895],[1.204,-0.031],[1.235,0],[-0.047,-0.895],[-0.123,-2.64],[0,0],[19.573,0.386]],"v":[[41.015,0],[35.828,3.859],[32.138,5.202],[4.091,9.015],[0,9.061],[-4.091,9.015],[-32.138,5.202],[-35.828,3.859],[-41.015,0],[-3.273,-9.061],[-3.148,-9.061],[-3.52,-1.312],[-3.643,1.374],[0,1.328],[3.643,1.374],[3.519,-1.312],[3.149,-9.061],[3.273,-9.061]],"c":true},"ix":2},"nm":"Path 1","mn":"ADBE Vector Shape - Group","hd":false},{"ty":"fl","c":{"a":0,"k":[0.372549019608,0.721568627451,0.756862804936,1],"ix":4},"o":{"a":0,"k":100,"ix":5},"r":1,"bm":0,"nm":"Fill 1","mn":"ADBE Vector Graphic - Fill","hd":false},{"ty":"tr","p":{"a":0,"k":[196.191,67.911],"ix":2},"a":{"a":0,"k":[0,0],"ix":1},"s":{"a":0,"k":[100,100],"ix":3},"r":{"a":0,"k":0,"ix":6},"o":{"a":0,"k":100,"ix":7},"sk":{"a":0,"k":0,"ix":4},"sa":{"a":0,"k":0,"ix":5},"nm":"Transform"}],"nm":"Group 3","np":2,"cix":2,"bm":0,"ix":3,"mn":"ADBE Vector Group","hd":false},{"ty":"gr","it":[{"ind":0,"ty":"sh","ix":1,"ks":{"a":0,"k":{"i":[[0,-0.448],[3.52,-1.543],[13.584,-0.339],[1.374,0],[1.343,0.031],[6.499,2.825],[0,1.899],[-0.246,0.433],[-2.67,-1.173],[-1.358,-0.416],[-11.315,-0.278],[-1.374,0],[-1.343,0.031],[-6.761,2.1],[-1.096,0.479],[-0.71,1.39]],"o":[[0,1.899],[-6.498,2.825],[-1.343,0.031],[-1.374,0],[-13.584,-0.339],[-3.519,-1.543],[0,-0.448],[0.711,1.39],[1.096,0.479],[6.761,2.1],[1.343,0.031],[1.374,0],[11.315,-0.278],[1.359,-0.416],[2.671,-1.173],[0.247,0.433]],"v":[[41.37,-4.546],[35.827,0.672],[4.09,5.828],[0,5.873],[-4.091,5.828],[-35.828,0.672],[-41.37,-4.546],[-41.015,-5.873],[-35.828,-2.015],[-32.139,-0.672],[-4.091,3.141],[0,3.188],[4.09,3.141],[32.138,-0.672],[35.827,-2.015],[41.014,-5.873]],"c":true},"ix":2},"nm":"Path 1","mn":"ADBE Vector Shape - Group","hd":false},{"ty":"fl","c":{"a":0,"k":[0.945098099054,0.352941176471,0.141176470588,1],"ix":4},"o":{"a":0,"k":100,"ix":5},"r":1,"bm":0,"nm":"Fill 1","mn":"ADBE Vector Graphic - Fill","hd":false},{"ty":"tr","p":{"a":0,"k":[196.191,73.784],"ix":2},"a":{"a":0,"k":[0,0],"ix":1},"s":{"a":0,"k":[100,100],"ix":3},"r":{"a":0,"k":0,"ix":6},"o":{"a":0,"k":100,"ix":7},"sk":{"a":0,"k":0,"ix":4},"sa":{"a":0,"k":0,"ix":5},"nm":"Transform"}],"nm":"Group 4","np":2,"cix":2,"bm":0,"ix":4,"mn":"ADBE Vector Group","hd":false},{"ty":"gr","it":[{"ind":0,"ty":"sh","ix":1,"ks":{"a":0,"k":{"i":[[-6.869,-2.146],[11.315,-0.278],[1.373,0],[1.343,0.031],[6.761,2.099],[-11.485,0.247],[-1.235,0],[-1.204,-0.031]],"o":[[-6.761,2.099],[-1.343,0.031],[-1.374,0],[-11.315,-0.278],[6.869,-2.146],[1.204,-0.031],[1.234,0],[11.484,0.247]],"v":[[32.139,0.007],[4.09,3.821],[0.001,3.866],[-4.09,3.821],[-32.139,0.007],[-3.642,-3.82],[0.001,-3.866],[3.643,-3.82]],"c":true},"ix":2},"nm":"Path 1","mn":"ADBE Vector Shape - Group","hd":false},{"ty":"fl","c":{"a":0,"k":[0.372549019608,0.721568627451,0.756862804936,1],"ix":4},"o":{"a":0,"k":100,"ix":5},"r":1,"bm":0,"nm":"Fill 1","mn":"ADBE Vector Graphic - Fill","hd":false},{"ty":"tr","p":{"a":0,"k":[196.192,73.105],"ix":2},"a":{"a":0,"k":[0,0],"ix":1},"s":{"a":0,"k":[100,100],"ix":3},"r":{"a":0,"k":0,"ix":6},"o":{"a":0,"k":100,"ix":7},"sk":{"a":0,"k":0,"ix":4},"sa":{"a":0,"k":0,"ix":5},"nm":"Transform"}],"nm":"Group 5","np":2,"cix":2,"bm":0,"ix":5,"mn":"ADBE Vector Group","hd":false},{"ty":"gr","it":[{"ind":0,"ty":"sh","ix":1,"ks":{"a":0,"k":{"i":[[-1.58,-3.14],[1.73,-0.76],[0.88,-0.27],[7.33,-0.18],[0.89,0],[0.87,0.02],[4.38,1.36],[0.71,0.31],[0.46,0.9],[-12.68,0.25],[0.08,-1.71],[0,0],[-0.77,0],[-0.75,-0.02],[0,0],[0.08,1.63]],"o":[[-0.46,0.9],[-0.71,0.31],[-4.38,1.36],[-0.87,0.02],[-0.89,0],[-7.33,-0.18],[-0.88,-0.27],[-1.73,-0.76],[1.58,-3.14],[-0.08,1.63],[0,0],[0.75,-0.02],[0.77,0],[0,0],[-0.08,-1.71],[12.68,0.25]],"v":[[26.57,0],[23.21,2.5],[20.82,3.37],[2.65,5.84],[0,5.87],[-2.65,5.84],[-20.82,3.37],[-23.21,2.5],[-26.57,0],[-2.12,-5.87],[-2.36,-0.85],[-2.28,-0.85],[0,-0.88],[2.28,-0.85],[2.36,-0.85],[2.12,-5.87]],"c":true},"ix":2},"nm":"Path 1","mn":"ADBE Vector Shape - Group","hd":false},{"ty":"fl","c":{"a":0,"k":[0.984313785329,0.690196078431,0.231372563979,1],"ix":4},"o":{"a":0,"k":100,"ix":5},"r":1,"bm":0,"nm":"Fill 1","mn":"ADBE Vector Graphic - Fill","hd":false},{"ty":"tr","p":{"a":0,"k":[196.192,34.721],"ix":2},"a":{"a":0,"k":[0,0],"ix":1},"s":{"a":0,"k":[100,100],"ix":3},"r":{"a":0,"k":0,"ix":6},"o":{"a":0,"k":100,"ix":7},"sk":{"a":0,"k":0,"ix":4},"sa":{"a":0,"k":0,"ix":5},"nm":"Transform"}],"nm":"Group 6","np":2,"cix":2,"bm":0,"ix":6,"mn":"ADBE Vector Group","hd":false},{"ty":"gr","it":[{"ind":0,"ty":"sh","ix":1,"ks":{"a":0,"k":{"i":[[-1.58,-3.14],[1.73,-0.76],[0.88,-0.27],[7.33,-0.18],[0.89,0],[0.87,0.02],[4.38,1.36],[0.71,0.31],[0.46,0.9],[-12.68,0.25],[0,0],[0.08,-1.71],[0.03,-0.58],[-0.8,0],[-0.78,-0.02],[0.02,0.58],[0.07,1.63],[0,0]],"o":[[-0.46,0.9],[-0.71,0.31],[-4.38,1.36],[-0.87,0.02],[-0.89,0],[-7.33,-0.18],[-0.88,-0.27],[-1.73,-0.76],[1.58,-3.14],[0,0],[-0.07,1.63],[-0.02,0.58],[0.78,-0.02],[0.8,0],[-0.03,-0.58],[-0.08,-1.71],[0,0],[12.68,0.25]],"v":[[26.57,0],[23.21,2.5],[20.82,3.37],[2.65,5.84],[0,5.87],[-2.65,5.84],[-20.82,3.37],[-23.21,2.5],[-26.57,0],[-2.12,-5.87],[-2.04,-5.87],[-2.28,-0.85],[-2.36,0.89],[0,0.86],[2.36,0.89],[2.28,-0.85],[2.04,-5.87],[2.12,-5.87]],"c":true},"ix":2},"nm":"Path 1","mn":"ADBE Vector Shape - Group","hd":false},{"ty":"fl","c":{"a":0,"k":[0.372549019608,0.721568627451,0.756862804936,1],"ix":4},"o":{"a":0,"k":100,"ix":5},"r":1,"bm":0,"nm":"Fill 1","mn":"ADBE Vector Graphic - Fill","hd":false},{"ty":"tr","p":{"a":0,"k":[196.192,34.721],"ix":2},"a":{"a":0,"k":[0,0],"ix":1},"s":{"a":0,"k":[100,100],"ix":3},"r":{"a":0,"k":0,"ix":6},"o":{"a":0,"k":100,"ix":7},"sk":{"a":0,"k":0,"ix":4},"sa":{"a":0,"k":0,"ix":5},"nm":"Transform"}],"nm":"Group 7","np":2,"cix":2,"bm":0,"ix":7,"mn":"ADBE Vector Group","hd":false},{"ty":"gr","it":[{"ind":0,"ty":"sh","ix":1,"ks":{"a":0,"k":{"i":[[0,-0.29],[2.28,-1],[8.8,-0.22],[0.89,0],[0.87,0.02],[4.21,1.83],[0,1.23],[-0.16,0.28],[-1.73,-0.76],[-0.88,-0.27],[-7.33,-0.18],[-0.89,0],[-0.87,0.02],[-4.38,1.36],[-0.71,0.31],[-0.46,0.9]],"o":[[0,1.23],[-4.21,1.83],[-0.87,0.02],[-0.89,0],[-8.8,-0.22],[-2.28,-1],[0,-0.29],[0.46,0.9],[0.71,0.31],[4.38,1.36],[0.87,0.02],[0.89,0],[7.33,-0.18],[0.88,-0.27],[1.73,-0.76],[0.16,0.28]],"v":[[26.8,-2.945],[23.21,0.435],[2.65,3.775],[0,3.805],[-2.65,3.775],[-23.21,0.435],[-26.8,-2.945],[-26.57,-3.805],[-23.21,-1.305],[-20.82,-0.435],[-2.65,2.035],[0,2.065],[2.65,2.035],[20.82,-0.435],[23.21,-1.305],[26.57,-3.805]],"c":true},"ix":2},"nm":"Path 1","mn":"ADBE Vector Shape - Group","hd":false},{"ty":"fl","c":{"a":0,"k":[0.945098099054,0.352941176471,0.141176470588,1],"ix":4},"o":{"a":0,"k":100,"ix":5},"r":1,"bm":0,"nm":"Fill 1","mn":"ADBE Vector Graphic - Fill","hd":false},{"ty":"tr","p":{"a":0,"k":[196.192,38.526],"ix":2},"a":{"a":0,"k":[0,0],"ix":1},"s":{"a":0,"k":[100,100],"ix":3},"r":{"a":0,"k":0,"ix":6},"o":{"a":0,"k":100,"ix":7},"sk":{"a":0,"k":0,"ix":4},"sa":{"a":0,"k":0,"ix":5},"nm":"Transform"}],"nm":"Group 8","np":2,"cix":2,"bm":0,"ix":8,"mn":"ADBE Vector Group","hd":false},{"ty":"gr","it":[{"ind":0,"ty":"sh","ix":1,"ks":{"a":0,"k":{"i":[[-4.45,-1.39],[7.33,-0.18],[0.89,0],[0.87,0.02],[4.38,1.36],[-7.44,0.16],[-0.8,0],[-0.78,-0.02]],"o":[[-4.38,1.36],[-0.87,0.02],[-0.89,0],[-7.33,-0.18],[4.45,-1.39],[0.78,-0.02],[0.8,0],[7.44,0.16]],"v":[[20.82,0.005],[2.65,2.475],[0,2.505],[-2.65,2.475],[-20.82,0.005],[-2.36,-2.475],[0,-2.505],[2.36,-2.475]],"c":true},"ix":2},"nm":"Path 1","mn":"ADBE Vector Shape - Group","hd":false},{"ty":"fl","c":{"a":0,"k":[0.372549019608,0.721568627451,0.756862804936,1],"ix":4},"o":{"a":0,"k":100,"ix":5},"r":1,"bm":0,"nm":"Fill 1","mn":"ADBE Vector Graphic - Fill","hd":false},{"ty":"tr","p":{"a":0,"k":[196.192,38.086],"ix":2},"a":{"a":0,"k":[0,0],"ix":1},"s":{"a":0,"k":[100,100],"ix":3},"r":{"a":0,"k":0,"ix":6},"o":{"a":0,"k":100,"ix":7},"sk":{"a":0,"k":0,"ix":4},"sa":{"a":0,"k":0,"ix":5},"nm":"Transform"}],"nm":"Group 9","np":2,"cix":2,"bm":0,"ix":9,"mn":"ADBE Vector Group","hd":false},{"ty":"gr","it":[{"ind":0,"ty":"sh","ix":1,"ks":{"a":0,"k":{"i":[[0,-4.922],[4.922,0],[0,4.922],[-4.923,0]],"o":[[0,4.922],[-4.923,0],[0,-4.922],[4.922,0]],"v":[[8.913,0],[0,8.912],[-8.913,0],[0,-8.912]],"c":true},"ix":2},"nm":"Path 1","mn":"ADBE Vector Shape - Group","hd":false},{"ty":"fl","c":{"a":0,"k":[0.968627510819,0.576470588235,0.117647066303,1],"ix":4},"o":{"a":0,"k":100,"ix":5},"r":1,"bm":0,"nm":"Fill 1","mn":"ADBE Vector Graphic - Fill","hd":false},{"ty":"tr","p":{"a":0,"k":[196.192,9.162],"ix":2},"a":{"a":0,"k":[0,0],"ix":1},"s":{"a":0,"k":[100,100],"ix":3},"r":{"a":0,"k":0,"ix":6},"o":{"a":0,"k":100,"ix":7},"sk":{"a":0,"k":0,"ix":4},"sa":{"a":0,"k":0,"ix":5},"nm":"Transform"}],"nm":"Group 10","np":2,"cix":2,"bm":0,"ix":10,"mn":"ADBE Vector Group","hd":false},{"ty":"gr","it":[{"ind":0,"ty":"sh","ix":1,"ks":{"a":0,"k":{"i":[[0,0],[3.72,0],[0,0],[-0.54,15.52],[-0.08,2.31],[-0.09,2.26],[-0.08,2.26],[-1.07,0],[-1.04,-0.02],[-0.08,-2.23],[-0.08,-2.2],[-0.08,-2.18]],"o":[[0,0],[-3.72,0],[0,0],[0.08,-2.18],[0.08,-2.2],[0.08,-2.23],[1.04,-0.02],[1.07,0],[0.08,2.26],[0.09,2.26],[0.08,2.31],[0.54,15.52]],"v":[[4.8,22.065],[0,25.545],[-4.8,22.065],[-3.91,-5.325],[-3.67,-12.075],[-3.42,-18.775],[-3.17,-25.515],[0,-25.545],[3.17,-25.515],[3.42,-18.775],[3.67,-12.075],[3.91,-5.325]],"c":true},"ix":2},"nm":"Path 1","mn":"ADBE Vector Shape - Group","hd":false},{"ty":"fl","c":{"a":0,"k":[0,0.007843137255,0.133333333333,1],"ix":4},"o":{"a":0,"k":100,"ix":5},"r":1,"bm":0,"nm":"Fill 1","mn":"ADBE Vector Graphic - Fill","hd":false},{"ty":"tr","p":{"a":0,"k":[196.192,86.205],"ix":2},"a":{"a":0,"k":[0,0],"ix":1},"s":{"a":0,"k":[100,100],"ix":3},"r":{"a":0,"k":0,"ix":6},"o":{"a":0,"k":100,"ix":7},"sk":{"a":0,"k":0,"ix":4},"sa":{"a":0,"k":0,"ix":5},"nm":"Transform"}],"nm":"Group 11","np":2,"cix":2,"bm":0,"ix":11,"mn":"ADBE Vector Group","hd":false},{"ty":"gr","it":[{"ind":0,"ty":"sh","ix":1,"ks":{"a":0,"k":{"i":[[-0.1,-2.27],[0.89,0],[0.87,0.02],[-0.09,2.18],[-0.8,0],[-0.78,-0.02]],"o":[[-0.87,0.02],[-0.89,0],[0.1,-2.27],[0.78,-0.02],[0.8,0],[0.09,2.18]],"v":[[2.65,3.345],[0,3.375],[-2.65,3.345],[-2.36,-3.345],[0,-3.375],[2.36,-3.345]],"c":true},"ix":2},"nm":"Path 1","mn":"ADBE Vector Shape - Group","hd":false},{"ty":"fl","c":{"a":0,"k":[0.03137254902,0.137254901961,0.149019607843,1],"ix":4},"o":{"a":0,"k":100,"ix":5},"r":1,"bm":0,"nm":"Fill 1","mn":"ADBE Vector Graphic - Fill","hd":false},{"ty":"tr","p":{"a":0,"k":[196.192,44.475],"ix":2},"a":{"a":0,"k":[0,0],"ix":1},"s":{"a":0,"k":[100,100],"ix":3},"r":{"a":0,"k":0,"ix":6},"o":{"a":0,"k":100,"ix":7},"sk":{"a":0,"k":0,"ix":4},"sa":{"a":0,"k":0,"ix":5},"nm":"Transform"}],"nm":"Group 12","np":2,"cix":2,"bm":0,"ix":12,"mn":"ADBE Vector Group","hd":false},{"ty":"gr","it":[{"ind":0,"ty":"sh","ix":1,"ks":{"a":0,"k":{"i":[[-0.11,-2.32],[0.8,0],[0.78,-0.02],[-0.1,2.18],[-0.61,0],[-0.71,-14.44]],"o":[[-0.78,-0.02],[-0.8,0],[0.11,-2.32],[0.71,-14.44],[0.61,0],[0.1,2.18]],"v":[[2.36,15.985],[0,15.955],[-2.36,15.985],[-2.04,9.225],[0,-15.985],[2.04,9.225]],"c":true},"ix":2},"nm":"Path 1","mn":"ADBE Vector Shape - Group","hd":false},{"ty":"fl","c":{"a":0,"k":[0,0.007843137255,0.133333333333,1],"ix":4},"o":{"a":0,"k":100,"ix":5},"r":1,"bm":0,"nm":"Fill 1","mn":"ADBE Vector Graphic - Fill","hd":false},{"ty":"tr","p":{"a":0,"k":[196.192,25.145],"ix":2},"a":{"a":0,"k":[0,0],"ix":1},"s":{"a":0,"k":[100,100],"ix":3},"r":{"a":0,"k":0,"ix":6},"o":{"a":0,"k":100,"ix":7},"sk":{"a":0,"k":0,"ix":4},"sa":{"a":0,"k":0,"ix":5},"nm":"Transform"}],"nm":"Group 13","np":2,"cix":2,"bm":0,"ix":13,"mn":"ADBE Vector Group","hd":false},{"ty":"gr","it":[{"ind":0,"ty":"sh","ix":1,"ks":{"a":0,"k":{"i":[[-0.09,-2.05],[1.07,0],[1.04,-0.02],[-0.07,2.04],[-0.09,2.22],[-0.89,0],[-0.87,0.02],[-0.1,-2.26]],"o":[[-1.04,-0.02],[-1.07,0],[0.09,-2.05],[0.1,-2.26],[0.87,0.02],[0.89,0],[0.09,2.22],[0.07,2.04]],"v":[[3.17,6.435],[0,6.405],[-3.17,6.435],[-2.93,0.295],[-2.65,-6.435],[0,-6.405],[2.65,-6.435],[2.93,0.295]],"c":true},"ix":2},"nm":"Path 1","mn":"ADBE Vector Shape - Group","hd":false},{"ty":"fl","c":{"a":0,"k":[0,0.007843137255,0.133333333333,1],"ix":4},"o":{"a":0,"k":100,"ix":5},"r":1,"bm":0,"nm":"Fill 1","mn":"ADBE Vector Graphic - Fill","hd":false},{"ty":"tr","p":{"a":0,"k":[196.192,54.255],"ix":2},"a":{"a":0,"k":[0,0],"ix":1},"s":{"a":0,"k":[100,100],"ix":3},"r":{"a":0,"k":0,"ix":6},"o":{"a":0,"k":100,"ix":7},"sk":{"a":0,"k":0,"ix":4},"sa":{"a":0,"k":0,"ix":5},"nm":"Transform"}],"nm":"Group 14","np":2,"cix":2,"bm":0,"ix":14,"mn":"ADBE Vector Group","hd":false},{"ty":"gr","it":[{"ind":0,"ty":"sh","ix":1,"ks":{"a":0,"k":{"i":[[-12.03,-1.31],[0,0],[6.46,0],[0,0],[2.36,6.01],[0,0],[-14.65,0]],"o":[[0,0],[-2.36,6.01],[0,0],[-6.46,0],[0,0],[12.03,-1.31],[14.65,0]],"v":[[39.95,-5.955],[38.39,-1.965],[23.76,8.005],[-23.76,8.005],[-38.39,-1.965],[-39.95,-5.955],[0,-8.005]],"c":true},"ix":2},"nm":"Path 1","mn":"ADBE Vector Shape - Group","hd":false},{"ty":"fl","c":{"a":0,"k":[0.105882360421,0.078431372549,0.392156892664,1],"ix":4},"o":{"a":0,"k":100,"ix":5},"r":1,"bm":0,"nm":"Fill 1","mn":"ADBE Vector Graphic - Fill","hd":false},{"ty":"tr","p":{"a":0,"k":[196.192,113.708],"ix":2},"a":{"a":0,"k":[0,0],"ix":1},"s":{"a":0,"k":[100,100],"ix":3},"r":{"a":0,"k":0,"ix":6},"o":{"a":0,"k":100,"ix":7},"sk":{"a":0,"k":0,"ix":4},"sa":{"a":0,"k":0,"ix":5},"nm":"Transform"}],"nm":"Group 15","np":2,"cix":2,"bm":0,"ix":15,"mn":"ADBE Vector Group","hd":false},{"ty":"gr","it":[{"ind":0,"ty":"sh","ix":1,"ks":{"a":0,"k":{"i":[[-0.03,-1.35],[0.01,-0.01],[26.56,-1.25],[7.22,3.22],[25.64,-0.12],[9.67,-4.33],[8.52,0.4],[0.33,26.51],[-0.01,0.02],[-0.14,1.33],[-0.01,0.08],[-70.39,0],[-4.59,-40.76],[-0.01,-0.08]],"o":[[0.01,0.02],[-0.33,26.51],[-8.52,0.4],[-9.67,-4.33],[-25.64,-0.12],[-7.22,3.22],[-26.56,-1.25],[-0.01,-0.01],[0.03,-1.35],[0.01,-0.08],[4.59,-40.76],[70.39,0],[0.01,0.08],[0.14,1.33]],"v":[[132.87,13.815],[132.87,13.865],[83.16,63.015],[59.33,58.555],[0,45.565],[-59.33,58.555],[-83.16,63.015],[-132.87,13.865],[-132.87,13.815],[-132.61,9.795],[-132.58,9.565],[0,-63.415],[132.58,9.565],[132.61,9.795]],"c":true},"ix":2},"nm":"Path 1","mn":"ADBE Vector Shape - Group","hd":false},{"ty":"fl","c":{"a":0,"k":[0.105882360421,0.078431372549,0.392156892664,1],"ix":4},"o":{"a":0,"k":100,"ix":5},"r":1,"bm":0,"nm":"Fill 1","mn":"ADBE Vector Graphic - Fill","hd":false},{"ty":"tr","p":{"a":0,"k":[197.107,199.587],"ix":2},"a":{"a":0,"k":[0,0],"ix":1},"s":{"a":0,"k":[100,100],"ix":3},"r":{"a":0,"k":0,"ix":6},"o":{"a":0,"k":100,"ix":7},"sk":{"a":0,"k":0,"ix":4},"sa":{"a":0,"k":0,"ix":5},"nm":"Transform"}],"nm":"Group 16","np":2,"cix":2,"bm":0,"ix":16,"mn":"ADBE Vector Group","hd":false},{"ty":"gr","it":[{"ind":0,"ty":"sh","ix":1,"ks":{"a":0,"k":{"i":[[10.157,-3.555],[49.199,-2.289],[21.766,0],[0.321,0.01],[0.321,0],[16.36,0.759],[14.267,4.996],[-1.617,10.644],[-195.942,0],[0,0]],"o":[[-14.267,4.996],[-16.361,0.759],[-0.321,0],[-0.322,0.01],[-21.766,0],[-49.199,-2.289],[-10.157,-3.555],[0,0],[195.941,0],[1.617,10.644]],"v":[[147.948,79.739],[57.984,92.224],[0.974,93.422],[0.001,93.412],[-0.973,93.422],[-57.982,92.224],[-147.947,79.739],[-162.613,55.188],[0.001,-93.422],[162.613,55.188]],"c":true},"ix":2},"nm":"Path 1","mn":"ADBE Vector Shape - Group","hd":false},{"ty":"fl","c":{"a":0,"k":[0.968627510819,0.576470588235,0.117647066303,1],"ix":4},"o":{"a":0,"k":100,"ix":5},"r":1,"bm":0,"nm":"Fill 1","mn":"ADBE Vector Graphic - Fill","hd":false},{"ty":"tr","p":{"a":0,"k":[196.191,201.633],"ix":2},"a":{"a":0,"k":[0,0],"ix":1},"s":{"a":0,"k":[100,100],"ix":3},"r":{"a":0,"k":0,"ix":6},"o":{"a":0,"k":100,"ix":7},"sk":{"a":0,"k":0,"ix":4},"sa":{"a":0,"k":0,"ix":5},"nm":"Transform"}],"nm":"Group 17","np":2,"cix":2,"bm":0,"ix":17,"mn":"ADBE Vector Group","hd":false},{"ty":"gr","it":[{"ind":0,"ty":"sh","ix":1,"ks":{"a":0,"k":{"i":[[0,0.18],[-0.18,1.13],[0.03,-1.35]],"o":[[0,-1.18],[-0.14,1.33],[-0.01,-0.18]],"v":[[-0.135,1.46],[0.135,-2.01],[-0.125,2.01]],"c":true},"ix":2},"nm":"Path 1","mn":"ADBE Vector Shape - Group","hd":false},{"ty":"fl","c":{"a":0,"k":[0.058823533152,0.203921583587,0.227450995352,1],"ix":4},"o":{"a":0,"k":100,"ix":5},"r":1,"bm":0,"nm":"Fill 1","mn":"ADBE Vector Graphic - Fill","hd":false},{"ty":"tr","p":{"a":0,"k":[63.447,171.036],"ix":2},"a":{"a":0,"k":[0,0],"ix":1},"s":{"a":0,"k":[100,100],"ix":3},"r":{"a":0,"k":0,"ix":6},"o":{"a":0,"k":100,"ix":7},"sk":{"a":0,"k":0,"ix":4},"sa":{"a":0,"k":0,"ix":5},"nm":"Transform"}],"nm":"Group 18","np":2,"cix":2,"bm":0,"ix":18,"mn":"ADBE Vector Group","hd":false},{"ty":"gr","it":[{"ind":0,"ty":"sh","ix":1,"ks":{"a":0,"k":{"i":[[0,-1.24],[95.43,0],[0,22.34],[-0.48,1.22],[-4.37,2.99],[-56.25,-3.41],[-5.82,0],[0,0],[-3.55,4.36],[-18.63,12.76],[-1.25,-3.26]],"o":[[0,22.34],[-95.43,0],[0,-1.24],[1.25,-3.26],[18.63,12.76],[3.55,4.36],[0,0],[5.82,0],[56.25,-3.41],[4.37,2.99],[0.48,1.22]],"v":[[172.8,-13.685],[0,26.765],[-172.8,-13.685],[-172.08,-17.375],[-163.55,-26.765],[-43.56,-0.705],[-28.8,6.305],[28.8,6.305],[43.56,-0.705],[163.55,-26.765],[172.08,-17.375]],"c":true},"ix":2},"nm":"Path 1","mn":"ADBE Vector Shape - Group","hd":false},{"ty":"fl","c":{"a":0,"k":[0.945098099054,0.352941176471,0.141176470588,1],"ix":4},"o":{"a":0,"k":100,"ix":5},"r":1,"bm":0,"nm":"Fill 1","mn":"ADBE Vector Graphic - Fill","hd":false},{"ty":"tr","p":{"a":0,"k":[196.192,283.608],"ix":2},"a":{"a":0,"k":[0,0],"ix":1},"s":{"a":0,"k":[100,100],"ix":3},"r":{"a":0,"k":0,"ix":6},"o":{"a":0,"k":100,"ix":7},"sk":{"a":0,"k":0,"ix":4},"sa":{"a":0,"k":0,"ix":5},"nm":"Transform"}],"nm":"Group 19","np":2,"cix":2,"bm":0,"ix":19,"mn":"ADBE Vector Group","hd":false}],"ip":0,"op":600,"st":0,"bm":0},{"ddd":0,"ind":4,"ty":4,"nm":"Body Outlines","sr":1,"ks":{"o":{"a":0,"k":100,"ix":11},"r":{"a":0,"k":0,"ix":10},"p":{"s":true,"x":{"a":0,"k":960,"ix":3},"y":{"a":1,"k":[{"i":{"x":[0.667],"y":[1]},"o":{"x":[0.333],"y":[0]},"t":0,"s":[588.842]},{"i":{"x":[0.667],"y":[1]},"o":{"x":[0.333],"y":[0]},"t":149.969,"s":[508.842]},{"i":{"x":[0.667],"y":[1]},"o":{"x":[0.333],"y":[0]},"t":299.938,"s":[588.842]},{"i":{"x":[0.667],"y":[1]},"o":{"x":[0.333],"y":[0]},"t":449.904,"s":[508.842]},{"t":599.873046875,"s":[588.842]}],"ix":4}},"a":{"a":0,"k":[285.116,209.167,0],"ix":1},"s":{"a":0,"k":[100,100,100],"ix":6}},"ao":0,"shapes":[{"ty":"gr","it":[{"ind":0,"ty":"sh","ix":1,"ks":{"a":0,"k":{"i":[[0,-13.975],[74.778,0],[0,13.975],[-74.779,0]],"o":[[0,13.975],[-74.779,0],[0,-13.975],[74.778,0]],"v":[[135.398,0],[0,25.304],[-135.398,0],[0,-25.304]],"c":true},"ix":2},"nm":"Path 1","mn":"ADBE Vector Shape - Group","hd":false},{"ty":"fl","c":{"a":0,"k":[0.486274539723,0.125490196078,0.039215686275,1],"ix":4},"o":{"a":0,"k":100,"ix":5},"r":1,"bm":0,"nm":"Fill 1","mn":"ADBE Vector Graphic - Fill","hd":false},{"ty":"tr","p":{"a":0,"k":[285.117,91.384],"ix":2},"a":{"a":0,"k":[0,0],"ix":1},"s":{"a":0,"k":[100,100],"ix":3},"r":{"a":0,"k":0,"ix":6},"o":{"a":0,"k":100,"ix":7},"sk":{"a":0,"k":0,"ix":4},"sa":{"a":0,"k":0,"ix":5},"nm":"Transform"}],"nm":"Group 1","np":2,"cix":2,"bm":0,"ix":1,"mn":"ADBE Vector Group","hd":false},{"ty":"gr","it":[{"ind":0,"ty":"sh","ix":1,"ks":{"a":0,"k":{"i":[[0,-1.18],[0.01,-0.18],[0.14,1.33]],"o":[[0,0.18],[-0.03,-1.35],[0.18,1.13]],"v":[[0.135,1.46],[0.125,2.01],[-0.135,-2.01]],"c":true},"ix":2},"nm":"Path 1","mn":"ADBE Vector Shape - Group","hd":false},{"ty":"fl","c":{"a":0,"k":[0.058823533152,0.203921583587,0.227450995352,1],"ix":4},"o":{"a":0,"k":100,"ix":5},"r":1,"bm":0,"nm":"Fill 1","mn":"ADBE Vector Graphic - Fill","hd":false},{"ty":"tr","p":{"a":0,"k":[417.861,2.26],"ix":2},"a":{"a":0,"k":[0,0],"ix":1},"s":{"a":0,"k":[100,100],"ix":3},"r":{"a":0,"k":0,"ix":6},"o":{"a":0,"k":100,"ix":7},"sk":{"a":0,"k":0,"ix":4},"sa":{"a":0,"k":0,"ix":5},"nm":"Transform"}],"nm":"Group 2","np":2,"cix":2,"bm":0,"ix":2,"mn":"ADBE Vector Group","hd":false},{"ty":"gr","it":[{"ind":0,"ty":"sh","ix":1,"ks":{"a":0,"k":{"i":[[5.4,-7.475],[0,0],[9.259,8.108],[7.877,-6.899],[0,0],[7.208,9.976],[0,0],[-5.607,7.323],[0,0],[-6.501,0],[0,0],[-3.953,-5.163],[0,0]],"o":[[0,0],[-7.207,9.976],[-7.878,-6.899],[0,0],[-9.259,8.108],[0,0],[-5.401,-7.476],[0,0],[3.952,-5.161],[0,0],[6.502,0],[0,0],[5.606,7.323]],"v":[[70.688,1.551],[44.458,37.859],[13.765,41.341],[-13.758,41.341],[-13.759,41.342],[-44.452,37.861],[-70.686,1.553],[-70.339,-23.38],[-56.645,-41.262],[-40.061,-49.45],[40.066,-49.45],[56.652,-41.26],[70.341,-23.379]],"c":true},"ix":2},"nm":"Path 1","mn":"ADBE Vector Shape - Group","hd":false},{"ty":"fl","c":{"a":0,"k":[0.737254901961,0.247058838489,0.098039223166,1],"ix":4},"o":{"a":0,"k":100,"ix":5},"r":1,"bm":0,"nm":"Fill 1","mn":"ADBE Vector Graphic - Fill","hd":false},{"ty":"tr","p":{"a":0,"k":[280.317,179.517],"ix":2},"a":{"a":0,"k":[0,0],"ix":1},"s":{"a":0,"k":[100,100],"ix":3},"r":{"a":0,"k":0,"ix":6},"o":{"a":0,"k":100,"ix":7},"sk":{"a":0,"k":0,"ix":4},"sa":{"a":0,"k":0,"ix":5},"nm":"Transform"}],"nm":"Group 3","np":2,"cix":2,"bm":0,"ix":3,"mn":"ADBE Vector Group","hd":false},{"ty":"gr","it":[{"ind":0,"ty":"sh","ix":1,"ks":{"a":0,"k":{"i":[[6.053,-8.378],[0,0],[10.377,9.088],[8.829,-7.732],[0,0],[8.079,11.18],[0,0],[-6.285,8.208],[0,0],[-7.287,0],[0,0],[-4.43,-5.787],[0,0]],"o":[[0,0],[-8.078,11.182],[-8.83,-7.732],[0,0],[-10.377,9.088],[0,0],[-6.054,-8.379],[0,0],[4.43,-5.785],[0,0],[7.287,0],[0,0],[6.283,8.207]],"v":[[79.228,1.738],[49.828,42.433],[15.427,46.335],[-15.422,46.335],[-15.423,46.337],[-49.824,42.436],[-79.227,1.74],[-78.837,-26.205],[-63.49,-46.247],[-44.902,-55.424],[44.906,-55.424],[63.495,-46.244],[78.839,-26.203]],"c":true},"ix":2},"nm":"Path 1","mn":"ADBE Vector Shape - Group","hd":false},{"ty":"fl","c":{"a":0,"k":[0.945098099054,0.352941176471,0.141176470588,1],"ix":4},"o":{"a":0,"k":100,"ix":5},"r":1,"bm":0,"nm":"Fill 1","mn":"ADBE Vector Graphic - Fill","hd":false},{"ty":"tr","p":{"a":0,"k":[280.317,185.492],"ix":2},"a":{"a":0,"k":[0,0],"ix":1},"s":{"a":0,"k":[100,100],"ix":3},"r":{"a":0,"k":0,"ix":6},"o":{"a":0,"k":100,"ix":7},"sk":{"a":0,"k":0,"ix":4},"sa":{"a":0,"k":0,"ix":5},"nm":"Transform"}],"nm":"Group 4","np":2,"cix":2,"bm":0,"ix":4,"mn":"ADBE Vector Group","hd":false},{"ty":"gr","it":[{"ind":0,"ty":"sh","ix":1,"ks":{"a":0,"k":{"i":[[-4.966,34.079],[9.835,6.7],[167.366,0.748],[0,0],[0,0],[1.033,-0.003],[1.045,0.001],[0,0],[0,0],[4.273,-2.91],[0.102,-11.22],[-161.18,-0.879],[0,0],[-1.295,0.003],[-1.312,0],[0,0]],"o":[[-0.102,-11.22],[-4.273,-2.91],[0,0],[0,0],[-1.044,0.001],[-1.033,-0.003],[0,0],[0,0],[-167.366,0.748],[-9.835,6.7],[4.966,34.079],[0,0],[1.312,0],[1.295,0.003],[0,0],[161.18,-0.879]],"v":[[202.08,-4.12],[186.904,-32.98],[3.886,-59.251],[3.886,-59.27],[3.111,-59.27],[0,-59.264],[-3.112,-59.27],[-3.886,-59.27],[-3.886,-59.251],[-186.904,-32.98],[-202.08,-4.12],[-3.886,59.249],[-3.886,59.27],[0,59.26],[3.886,59.27],[3.886,59.249]],"c":true},"ix":2},"nm":"Path 1","mn":"ADBE Vector Shape - Group","hd":false},{"ty":"fl","c":{"a":0,"k":[0.976470648074,0.709803921569,0.439215716194,1],"ix":4},"o":{"a":0,"k":100,"ix":5},"r":1,"bm":0,"nm":"Fill 1","mn":"ADBE Vector Graphic - Fill","hd":false},{"ty":"tr","p":{"a":0,"k":[285.116,124.581],"ix":2},"a":{"a":0,"k":[0,0],"ix":1},"s":{"a":0,"k":[100,100],"ix":3},"r":{"a":0,"k":0,"ix":6},"o":{"a":0,"k":100,"ix":7},"sk":{"a":0,"k":0,"ix":4},"sa":{"a":0,"k":0,"ix":5},"nm":"Transform"}],"nm":"Group 5","np":2,"cix":2,"bm":0,"ix":5,"mn":"ADBE Vector Group","hd":false},{"ty":"gr","it":[{"ind":0,"ty":"sh","ix":1,"ks":{"a":0,"k":{"i":[[0,-3.34],[63.522,0],[0,16.51],[-3.886,3],[-50.692,0],[-15.334,11.83]],"o":[[0,16.51],[-63.533,0],[0,-3.34],[15.324,11.83],[50.681,0],[3.886,3]],"v":[[115.027,-10.17],[0,19.72],[-115.027,-10.17],[-109.04,-19.72],[0,0.63],[109.039,-19.72]],"c":true},"ix":2},"nm":"Path 1","mn":"ADBE Vector Shape - Group","hd":false},{"ty":"fl","c":{"a":0,"k":[0.800000059838,0.800000059838,0.800000059838,1],"ix":4},"o":{"a":0,"k":100,"ix":5},"r":1,"bm":0,"nm":"Fill 1","mn":"ADBE Vector Graphic - Fill","hd":false},{"ty":"tr","p":{"a":0,"k":[285.117,282.66],"ix":2},"a":{"a":0,"k":[0,0],"ix":1},"s":{"a":0,"k":[100,100],"ix":3},"r":{"a":0,"k":0,"ix":6},"o":{"a":0,"k":100,"ix":7},"sk":{"a":0,"k":0,"ix":4},"sa":{"a":0,"k":0,"ix":5},"nm":"Transform"}],"nm":"Group 6","np":2,"cix":2,"bm":0,"ix":6,"mn":"ADBE Vector Group","hd":false},{"ty":"gr","it":[{"ind":0,"ty":"sh","ix":1,"ks":{"a":0,"k":{"i":[[-0.1,-11.22],[3.88,-6.18],[0,0],[1.47,0.1],[43.23,70.35],[0,0],[-0.08,6.9],[-9.65,6.7],[-170.77,0.14],[0,0],[-4.25,-2.95]],"o":[[0.08,6.9],[0,0],[-43.23,70.35],[-1.47,0.1],[0,0],[-3.88,-6.18],[0.1,-11.22],[4.25,-2.95],[0,0],[170.77,0.14],[9.65,6.7]],"v":[[202.08,-66.265],[196.44,-46.175],[135.49,51.065],[0,115.505],[-135.49,51.065],[-196.44,-46.175],[-202.08,-66.265],[-187.19,-95.125],[-0.76,-121.415],[0.76,-121.415],[187.19,-95.125]],"c":true},"ix":2},"nm":"Path 1","mn":"ADBE Vector Shape - Group","hd":false},{"ty":"fl","c":{"a":0,"k":[0.968627510819,0.576470588235,0.117647066303,1],"ix":4},"o":{"a":0,"k":100,"ix":5},"r":1,"bm":0,"nm":"Fill 1","mn":"ADBE Vector Graphic - Fill","hd":false},{"ty":"tr","p":{"a":0,"k":[285.116,186.726],"ix":2},"a":{"a":0,"k":[0,0],"ix":1},"s":{"a":0,"k":[100,100],"ix":3},"r":{"a":0,"k":0,"ix":6},"o":{"a":0,"k":100,"ix":7},"sk":{"a":0,"k":0,"ix":4},"sa":{"a":0,"k":0,"ix":5},"nm":"Transform"}],"nm":"Group 7","np":2,"cix":2,"bm":0,"ix":7,"mn":"ADBE Vector Group","hd":false},{"ty":"gr","it":[{"ind":0,"ty":"sh","ix":1,"ks":{"a":0,"k":{"i":[[0,-13.458],[0.335,-0.76],[0,0],[0,0],[51.987,-1.56],[3.861,10.659],[0,0],[0,0],[0,0.76],[-64.891,1.66]],"o":[[0,0.76],[0,0],[0,0],[-3.86,10.659],[-51.987,-1.56],[0,0],[0,0],[-0.335,-0.76],[0,-13.458],[64.891,1.66]],"v":[[115.027,-30.997],[114.533,-28.717],[114.269,-28.177],[96.305,36.376],[0,57.213],[-96.306,36.376],[-114.269,-28.177],[-114.534,-28.717],[-115.027,-30.997],[0,-57.213]],"c":true},"ix":2},"nm":"Path 1","mn":"ADBE Vector Shape - Group","hd":false},{"ty":"fl","c":{"a":0,"k":[0.701960784314,0.701960784314,0.701960784314,1],"ix":4},"o":{"a":0,"k":100,"ix":5},"r":1,"bm":0,"nm":"Fill 1","mn":"ADBE Vector Graphic - Fill","hd":false},{"ty":"tr","p":{"a":0,"k":[285.117,304.981],"ix":2},"a":{"a":0,"k":[0,0],"ix":1},"s":{"a":0,"k":[100,100],"ix":3},"r":{"a":0,"k":0,"ix":6},"o":{"a":0,"k":100,"ix":7},"sk":{"a":0,"k":0,"ix":4},"sa":{"a":0,"k":0,"ix":5},"nm":"Transform"}],"nm":"Group 8","np":2,"cix":2,"bm":0,"ix":8,"mn":"ADBE Vector Group","hd":false},{"ty":"gr","it":[{"ind":0,"ty":"sh","ix":1,"ks":{"a":0,"k":{"i":[[0,-10.021],[0.241,-0.565],[0,0],[0,0],[37.394,-1.161],[2.777,7.936],[0,0],[0,0],[0,0.566],[-46.676,1.236]],"o":[[0,0.566],[0,0],[0,0],[-2.777,7.936],[-37.394,-1.161],[0,0],[0,0],[-0.241,-0.565],[0,-10.021],[46.675,1.236]],"v":[[82.739,-22.782],[82.383,-21.085],[82.193,-20.683],[69.272,54.207],[0,69.722],[-69.271,54.207],[-82.193,-20.683],[-82.383,-21.085],[-82.739,-22.782],[0,-69.722]],"c":true},"ix":2},"nm":"Path 1","mn":"ADBE Vector Shape - Group","hd":false},{"ty":"fl","c":{"a":0,"k":[0.6,0.6,0.6,1],"ix":4},"o":{"a":0,"k":100,"ix":5},"r":1,"bm":0,"nm":"Fill 1","mn":"ADBE Vector Graphic - Fill","hd":false},{"ty":"tr","p":{"a":0,"k":[287.003,348.362],"ix":2},"a":{"a":0,"k":[0,0],"ix":1},"s":{"a":0,"k":[100,100],"ix":3},"r":{"a":0,"k":0,"ix":6},"o":{"a":0,"k":100,"ix":7},"sk":{"a":0,"k":0,"ix":4},"sa":{"a":0,"k":0,"ix":5},"nm":"Transform"}],"nm":"Group 9","np":2,"cix":2,"bm":0,"ix":9,"mn":"ADBE Vector Group","hd":false},{"ty":"gr","it":[{"ind":0,"ty":"sh","ix":1,"ks":{"a":0,"k":{"i":[[0,-26.62],[9.773,0],[0,26.62],[-9.773,0]],"o":[[0,26.62],[-9.773,0],[0,-26.62],[9.773,0]],"v":[[19.795,-0.152],[-1.369,48.048],[-19.795,-0.152],[-1.369,-48.048]],"c":true},"ix":2},"nm":"Path 1","mn":"ADBE Vector Shape - Group","hd":false},{"ty":"fl","c":{"a":0,"k":[0.737254901961,0.247058838489,0.098039223166,1],"ix":4},"o":{"a":0,"k":100,"ix":5},"r":1,"bm":0,"nm":"Fill 1","mn":"ADBE Vector Graphic - Fill","hd":false},{"ty":"tr","p":{"a":0,"k":[87.991,123.028],"ix":2},"a":{"a":0,"k":[0,0],"ix":1},"s":{"a":0,"k":[100,100],"ix":3},"r":{"a":0,"k":0,"ix":6},"o":{"a":0,"k":100,"ix":7},"sk":{"a":0,"k":0,"ix":4},"sa":{"a":0,"k":0,"ix":5},"nm":"Transform"}],"nm":"Group 10","np":2,"cix":2,"bm":0,"ix":10,"mn":"ADBE Vector Group","hd":false},{"ty":"gr","it":[{"ind":0,"ty":"sh","ix":1,"ks":{"a":0,"k":{"i":[[0,-26.541],[11.692,0],[0.778,0.194],[0,0],[0,0],[0,0],[0,15.947],[-6.372,0.744],[0,0],[0,0],[0,0],[-0.766,0]],"o":[[0,26.541],[-0.801,0],[0,0],[0,0],[0,0],[-6.372,-0.744],[0,-15.947],[0,0],[0,0],[0,0],[0.743,-0.183],[11.692,0]],"v":[[53.768,0],[32.604,48.048],[30.247,47.751],[29.904,47.659],[-42.328,29.744],[-42.328,29.71],[-53.768,0],[-42.328,-29.71],[-42.328,-29.744],[30.339,-47.808],[30.339,-47.774],[32.604,-48.048]],"c":true},"ix":2},"nm":"Path 1","mn":"ADBE Vector Shape - Group","hd":false},{"ty":"fl","c":{"a":0,"k":[0.945098099054,0.352941176471,0.141176470588,1],"ix":4},"o":{"a":0,"k":100,"ix":5},"r":1,"bm":0,"nm":"Fill 1","mn":"ADBE Vector Graphic - Fill","hd":false},{"ty":"tr","p":{"a":0,"k":[54.018,123.028],"ix":2},"a":{"a":0,"k":[0,0],"ix":1},"s":{"a":0,"k":[100,100],"ix":3},"r":{"a":0,"k":0,"ix":6},"o":{"a":0,"k":100,"ix":7},"sk":{"a":0,"k":0,"ix":4},"sa":{"a":0,"k":0,"ix":5},"nm":"Transform"}],"nm":"Group 11","np":2,"cix":2,"bm":0,"ix":11,"mn":"ADBE Vector Group","hd":false},{"ty":"gr","it":[{"ind":0,"ty":"sh","ix":1,"ks":{"a":0,"k":{"i":[[0,-26.62],[-9.773,0],[0,26.62],[9.773,0]],"o":[[0,26.62],[9.773,0],[0,-26.62],[-9.773,0]],"v":[[-19.795,-0.152],[1.369,48.048],[19.795,-0.152],[1.369,-48.048]],"c":true},"ix":2},"nm":"Path 1","mn":"ADBE Vector Shape - Group","hd":false},{"ty":"fl","c":{"a":0,"k":[0.737254901961,0.247058838489,0.098039223166,1],"ix":4},"o":{"a":0,"k":100,"ix":5},"r":1,"bm":0,"nm":"Fill 1","mn":"ADBE Vector Graphic - Fill","hd":false},{"ty":"tr","p":{"a":0,"k":[482.242,123.028],"ix":2},"a":{"a":0,"k":[0,0],"ix":1},"s":{"a":0,"k":[100,100],"ix":3},"r":{"a":0,"k":0,"ix":6},"o":{"a":0,"k":100,"ix":7},"sk":{"a":0,"k":0,"ix":4},"sa":{"a":0,"k":0,"ix":5},"nm":"Transform"}],"nm":"Group 12","np":2,"cix":2,"bm":0,"ix":12,"mn":"ADBE Vector Group","hd":false},{"ty":"gr","it":[{"ind":0,"ty":"sh","ix":1,"ks":{"a":0,"k":{"i":[[0,-26.541],[-11.692,0],[-0.778,0.194],[0,0],[0,0],[0,0],[0,15.947],[6.372,0.744],[0,0],[0,0],[0,0],[0.767,0]],"o":[[0,26.541],[0.801,0],[0,0],[0,0],[0,0],[6.372,-0.744],[0,-15.947],[0,0],[0,0],[0,0],[-0.743,-0.183],[-11.692,0]],"v":[[-53.768,0],[-32.604,48.048],[-30.247,47.751],[-29.904,47.659],[42.328,29.744],[42.328,29.71],[53.768,0],[42.328,-29.71],[42.328,-29.744],[-30.339,-47.808],[-30.339,-47.774],[-32.604,-48.048]],"c":true},"ix":2},"nm":"Path 1","mn":"ADBE Vector Shape - Group","hd":false},{"ty":"fl","c":{"a":0,"k":[0.945098099054,0.352941176471,0.141176470588,1],"ix":4},"o":{"a":0,"k":100,"ix":5},"r":1,"bm":0,"nm":"Fill 1","mn":"ADBE Vector Graphic - Fill","hd":false},{"ty":"tr","p":{"a":0,"k":[516.215,123.028],"ix":2},"a":{"a":0,"k":[0,0],"ix":1},"s":{"a":0,"k":[100,100],"ix":3},"r":{"a":0,"k":0,"ix":6},"o":{"a":0,"k":100,"ix":7},"sk":{"a":0,"k":0,"ix":4},"sa":{"a":0,"k":0,"ix":5},"nm":"Transform"}],"nm":"Group 13","np":2,"cix":2,"bm":0,"ix":13,"mn":"ADBE Vector Group","hd":false}],"ip":0,"op":600,"st":0,"bm":0},{"ddd":0,"ind":5,"ty":4,"nm":"R_Wrist","parent":11,"sr":1,"ks":{"o":{"a":0,"k":100,"ix":11},"r":{"a":0,"k":0,"ix":10},"p":{"a":0,"k":[0,-333.08,0],"ix":2},"a":{"a":0,"k":[437.363,40.354,0],"ix":1},"s":{"a":0,"k":[-100,100,100],"ix":6}},"ao":0,"shapes":[{"ty":"gr","it":[{"ind":0,"ty":"sh","ix":1,"ks":{"a":0,"k":{"i":[[-3.749,-12.632],[-12.632,3.749],[3.749,12.632],[12.632,-3.749]],"o":[[3.749,12.632],[12.632,-3.749],[-3.749,-12.632],[-12.632,3.749]],"v":[[-22.872,6.788],[6.788,22.872],[22.872,-6.788],[-6.788,-22.872]],"c":true},"ix":2},"nm":"Path 1","mn":"ADBE Vector Shape - Group","hd":false},{"ty":"fl","c":{"a":0,"k":[0.984313785329,0.690196078431,0.231372563979,1],"ix":4},"o":{"a":0,"k":100,"ix":5},"r":1,"bm":0,"nm":"Fill 1","mn":"ADBE Vector Graphic - Fill","hd":false},{"ty":"tr","p":{"a":0,"k":[834.372,40.354],"ix":2},"a":{"a":0,"k":[0,0],"ix":1},"s":{"a":0,"k":[100,100],"ix":3},"r":{"a":0,"k":0,"ix":6},"o":{"a":0,"k":100,"ix":7},"sk":{"a":0,"k":0,"ix":4},"sa":{"a":0,"k":0,"ix":5},"nm":"Transform"}],"nm":"Group 3","np":2,"cix":2,"bm":0,"ix":1,"mn":"ADBE Vector Group","hd":false},{"ty":"gr","it":[{"ind":0,"ty":"sh","ix":1,"ks":{"a":0,"k":{"i":[[-5.648,-19.029],[-19.029,5.648],[5.648,19.029],[19.029,-5.648]],"o":[[5.648,19.029],[19.03,-5.648],[-5.648,-19.03],[-19.03,5.648]],"v":[[-34.456,10.226],[10.226,34.456],[34.456,-10.226],[-10.226,-34.456]],"c":true},"ix":2},"nm":"Path 1","mn":"ADBE Vector Shape - Group","hd":false},{"ty":"fl","c":{"a":0,"k":[0.945098099054,0.352941176471,0.141176470588,1],"ix":4},"o":{"a":0,"k":100,"ix":5},"r":1,"bm":0,"nm":"Fill 1","mn":"ADBE Vector Graphic - Fill","hd":false},{"ty":"tr","p":{"a":0,"k":[834.372,40.354],"ix":2},"a":{"a":0,"k":[0,0],"ix":1},"s":{"a":0,"k":[100,100],"ix":3},"r":{"a":0,"k":0,"ix":6},"o":{"a":0,"k":100,"ix":7},"sk":{"a":0,"k":0,"ix":4},"sa":{"a":0,"k":0,"ix":5},"nm":"Transform"}],"nm":"Group 4","np":2,"cix":2,"bm":0,"ix":2,"mn":"ADBE Vector Group","hd":false}],"ip":0,"op":600,"st":0,"bm":0},{"ddd":0,"ind":6,"ty":4,"nm":"L_Wrist","parent":12,"sr":1,"ks":{"o":{"a":0,"k":100,"ix":11},"r":{"a":0,"k":0,"ix":10},"p":{"a":0,"k":[0,-333.08,0],"ix":2},"a":{"a":0,"k":[437.363,40.354,0],"ix":1},"s":{"a":0,"k":[100,100,100],"ix":6}},"ao":0,"shapes":[{"ty":"gr","it":[{"ind":0,"ty":"sh","ix":1,"ks":{"a":0,"k":{"i":[[3.749,-12.632],[12.632,3.749],[-3.749,12.632],[-12.632,-3.749]],"o":[[-3.749,12.632],[-12.632,-3.749],[3.749,-12.632],[12.632,3.749]],"v":[[22.872,6.788],[-6.788,22.872],[-22.872,-6.788],[6.788,-22.872]],"c":true},"ix":2},"nm":"Path 1","mn":"ADBE Vector Shape - Group","hd":false},{"ty":"fl","c":{"a":0,"k":[0.984313785329,0.690196078431,0.231372563979,1],"ix":4},"o":{"a":0,"k":100,"ix":5},"r":1,"bm":0,"nm":"Fill 1","mn":"ADBE Vector Graphic - Fill","hd":false},{"ty":"tr","p":{"a":0,"k":[40.354,40.354],"ix":2},"a":{"a":0,"k":[0,0],"ix":1},"s":{"a":0,"k":[100,100],"ix":3},"r":{"a":0,"k":0,"ix":6},"o":{"a":0,"k":100,"ix":7},"sk":{"a":0,"k":0,"ix":4},"sa":{"a":0,"k":0,"ix":5},"nm":"Transform"}],"nm":"Group 1","np":2,"cix":2,"bm":0,"ix":1,"mn":"ADBE Vector Group","hd":false},{"ty":"gr","it":[{"ind":0,"ty":"sh","ix":1,"ks":{"a":0,"k":{"i":[[5.648,-19.029],[19.029,5.648],[-5.648,19.029],[-19.029,-5.648]],"o":[[-5.648,19.029],[-19.03,-5.648],[5.648,-19.03],[19.03,5.648]],"v":[[34.456,10.226],[-10.226,34.456],[-34.456,-10.226],[10.226,-34.456]],"c":true},"ix":2},"nm":"Path 1","mn":"ADBE Vector Shape - Group","hd":false},{"ty":"fl","c":{"a":0,"k":[0.945098099054,0.352941176471,0.141176470588,1],"ix":4},"o":{"a":0,"k":100,"ix":5},"r":1,"bm":0,"nm":"Fill 1","mn":"ADBE Vector Graphic - Fill","hd":false},{"ty":"tr","p":{"a":0,"k":[40.354,40.354],"ix":2},"a":{"a":0,"k":[0,0],"ix":1},"s":{"a":0,"k":[100,100],"ix":3},"r":{"a":0,"k":0,"ix":6},"o":{"a":0,"k":100,"ix":7},"sk":{"a":0,"k":0,"ix":4},"sa":{"a":0,"k":0,"ix":5},"nm":"Transform"}],"nm":"Group 2","np":2,"cix":2,"bm":0,"ix":2,"mn":"ADBE Vector Group","hd":false}],"ip":0,"op":600,"st":0,"bm":0},{"ddd":0,"ind":7,"ty":4,"nm":"Fingers_A Outlines","parent":6,"sr":1,"ks":{"o":{"a":0,"k":100,"ix":11},"r":{"a":1,"k":[{"i":{"x":[0.667],"y":[1]},"o":{"x":[0.333],"y":[0]},"t":10,"s":[0]},{"i":{"x":[0.667],"y":[1]},"o":{"x":[0.333],"y":[0]},"t":18,"s":[23]},{"i":{"x":[0.667],"y":[1]},"o":{"x":[0.333],"y":[0]},"t":28,"s":[23]},{"i":{"x":[0.667],"y":[1]},"o":{"x":[0.333],"y":[0]},"t":36,"s":[0]},{"i":{"x":[0.667],"y":[1]},"o":{"x":[0.333],"y":[0]},"t":90,"s":[0]},{"i":{"x":[0.667],"y":[1]},"o":{"x":[0.333],"y":[0]},"t":98,"s":[23]},{"i":{"x":[0.667],"y":[1]},"o":{"x":[0.333],"y":[0]},"t":108,"s":[23]},{"i":{"x":[0.667],"y":[1]},"o":{"x":[0.333],"y":[0]},"t":116,"s":[0]},{"i":{"x":[0.667],"y":[1]},"o":{"x":[0.333],"y":[0]},"t":131,"s":[0]},{"i":{"x":[0.667],"y":[1]},"o":{"x":[0.333],"y":[0]},"t":139,"s":[23]},{"i":{"x":[0.667],"y":[1]},"o":{"x":[0.333],"y":[0]},"t":149,"s":[23]},{"i":{"x":[0.667],"y":[1]},"o":{"x":[0.333],"y":[0]},"t":157,"s":[0]},{"i":{"x":[0.667],"y":[1]},"o":{"x":[0.333],"y":[0]},"t":336,"s":[0]},{"i":{"x":[0.667],"y":[1]},"o":{"x":[0.333],"y":[0]},"t":344,"s":[23]},{"i":{"x":[0.667],"y":[1]},"o":{"x":[0.333],"y":[0]},"t":354,"s":[23]},{"i":{"x":[0.667],"y":[1]},"o":{"x":[0.333],"y":[0]},"t":362,"s":[0]},{"i":{"x":[0.667],"y":[1]},"o":{"x":[0.333],"y":[0]},"t":416,"s":[0]},{"i":{"x":[0.667],"y":[1]},"o":{"x":[0.333],"y":[0]},"t":424,"s":[23]},{"i":{"x":[0.667],"y":[1]},"o":{"x":[0.333],"y":[0]},"t":434,"s":[23]},{"i":{"x":[0.667],"y":[1]},"o":{"x":[0.333],"y":[0]},"t":442,"s":[0]},{"i":{"x":[0.667],"y":[1]},"o":{"x":[0.333],"y":[0]},"t":457,"s":[0]},{"i":{"x":[0.667],"y":[1]},"o":{"x":[0.333],"y":[0]},"t":465,"s":[23]},{"i":{"x":[0.667],"y":[1]},"o":{"x":[0.333],"y":[0]},"t":475,"s":[23]},{"t":483,"s":[0]}],"ix":10},"p":{"a":0,"k":[40.101,43.029,0],"ix":2},"a":{"a":0,"k":[91.379,118.636,0],"ix":1},"s":{"a":0,"k":[100,100,100],"ix":6}},"ao":0,"shapes":[{"ty":"gr","it":[{"ind":0,"ty":"sh","ix":1,"ks":{"a":0,"k":{"i":[[4.257,-14.344],[-14.343,-4.257],[-4.257,14.344],[14.344,4.257]],"o":[[-4.257,14.344],[14.344,4.257],[4.257,-14.344],[-14.343,-4.257]],"v":[[-25.971,-7.708],[-7.708,25.971],[25.972,7.708],[7.708,-25.971]],"c":true},"ix":2},"nm":"Path 1","mn":"ADBE Vector Shape - Group","hd":false},{"ty":"fl","c":{"a":0,"k":[0.945098099054,0.352941176471,0.141176470588,1],"ix":4},"o":{"a":0,"k":100,"ix":5},"r":1,"bm":0,"nm":"Fill 1","mn":"ADBE Vector Graphic - Fill","hd":false},{"ty":"tr","p":{"a":0,"k":[30.478,58.488],"ix":2},"a":{"a":0,"k":[0,0],"ix":1},"s":{"a":0,"k":[100,100],"ix":3},"r":{"a":0,"k":0,"ix":6},"o":{"a":0,"k":100,"ix":7},"sk":{"a":0,"k":0,"ix":4},"sa":{"a":0,"k":0,"ix":5},"nm":"Transform"}],"nm":"Group 1","np":2,"cix":2,"bm":0,"ix":1,"mn":"ADBE Vector Group","hd":false},{"ty":"gr","it":[{"ind":0,"ty":"sh","ix":1,"ks":{"a":0,"k":{"i":[[3.813,4.058],[0,0],[4.719,-5.626],[0,0],[0,0],[0,0]],"o":[[0,0],[-5.029,-5.352],[0,0],[0,0],[0,0],[2.955,-4.72]],"v":[[28.966,-23.667],[28.871,-23.767],[10.55,-23.251],[-33.376,29.119],[8.256,26.627],[30.422,-8.77]],"c":true},"ix":2},"nm":"Path 1","mn":"ADBE Vector Shape - Group","hd":false},{"ty":"fl","c":{"a":0,"k":[0.968627510819,0.576470588235,0.117647066303,1],"ix":4},"o":{"a":0,"k":100,"ix":5},"r":1,"bm":0,"nm":"Fill 1","mn":"ADBE Vector Graphic - Fill","hd":false},{"ty":"tr","p":{"a":0,"k":[40.059,29.369],"ix":2},"a":{"a":0,"k":[0,0],"ix":1},"s":{"a":0,"k":[100,100],"ix":3},"r":{"a":0,"k":0,"ix":6},"o":{"a":0,"k":100,"ix":7},"sk":{"a":0,"k":0,"ix":4},"sa":{"a":0,"k":0,"ix":5},"nm":"Transform"}],"nm":"Group 2","np":2,"cix":2,"bm":0,"ix":2,"mn":"ADBE Vector Group","hd":false},{"ty":"gr","it":[{"ind":0,"ty":"sh","ix":1,"ks":{"a":0,"k":{"i":[[0,0],[0,0],[0,0],[0,0]],"o":[[0,0],[0,0],[0,0],[0,0]],"v":[[12.631,34.013],[39.912,-3.675],[1.719,-34.013],[-39.912,-31.522]],"c":true},"ix":2},"nm":"Path 1","mn":"ADBE Vector Shape - Group","hd":false},{"ty":"fl","c":{"a":0,"k":[0.968627510819,0.576470588235,0.117647066303,1],"ix":4},"o":{"a":0,"k":100,"ix":5},"r":1,"bm":0,"nm":"Fill 1","mn":"ADBE Vector Graphic - Fill","hd":false},{"ty":"tr","p":{"a":0,"k":[46.595,90.01],"ix":2},"a":{"a":0,"k":[0,0],"ix":1},"s":{"a":0,"k":[100,100],"ix":3},"r":{"a":0,"k":0,"ix":6},"o":{"a":0,"k":100,"ix":7},"sk":{"a":0,"k":0,"ix":4},"sa":{"a":0,"k":0,"ix":5},"nm":"Transform"}],"nm":"Group 3","np":2,"cix":2,"bm":0,"ix":3,"mn":"ADBE Vector Group","hd":false}],"ip":0,"op":600,"st":0,"bm":0},{"ddd":0,"ind":8,"ty":4,"nm":"Fingers_B Outlines","parent":6,"sr":1,"ks":{"o":{"a":0,"k":100,"ix":11},"r":{"a":1,"k":[{"i":{"x":[0.667],"y":[1]},"o":{"x":[0.333],"y":[0]},"t":10,"s":[0]},{"i":{"x":[0.667],"y":[1]},"o":{"x":[0.333],"y":[0]},"t":18,"s":[-23]},{"i":{"x":[0.667],"y":[1]},"o":{"x":[0.333],"y":[0]},"t":28,"s":[-23]},{"i":{"x":[0.667],"y":[1]},"o":{"x":[0.333],"y":[0]},"t":36,"s":[0]},{"i":{"x":[0.667],"y":[1]},"o":{"x":[0.333],"y":[0]},"t":90,"s":[0]},{"i":{"x":[0.667],"y":[1]},"o":{"x":[0.333],"y":[0]},"t":98,"s":[-23]},{"i":{"x":[0.667],"y":[1]},"o":{"x":[0.333],"y":[0]},"t":108,"s":[-23]},{"i":{"x":[0.667],"y":[1]},"o":{"x":[0.333],"y":[0]},"t":116,"s":[0]},{"i":{"x":[0.667],"y":[1]},"o":{"x":[0.333],"y":[0]},"t":131,"s":[0]},{"i":{"x":[0.667],"y":[1]},"o":{"x":[0.333],"y":[0]},"t":139,"s":[-23]},{"i":{"x":[0.667],"y":[1]},"o":{"x":[0.333],"y":[0]},"t":149,"s":[-23]},{"i":{"x":[0.667],"y":[1]},"o":{"x":[0.333],"y":[0]},"t":157,"s":[0]},{"i":{"x":[0.667],"y":[1]},"o":{"x":[0.333],"y":[0]},"t":336,"s":[0]},{"i":{"x":[0.667],"y":[1]},"o":{"x":[0.333],"y":[0]},"t":344,"s":[-23]},{"i":{"x":[0.667],"y":[1]},"o":{"x":[0.333],"y":[0]},"t":354,"s":[-23]},{"i":{"x":[0.667],"y":[1]},"o":{"x":[0.333],"y":[0]},"t":362,"s":[0]},{"i":{"x":[0.667],"y":[1]},"o":{"x":[0.333],"y":[0]},"t":416,"s":[0]},{"i":{"x":[0.667],"y":[1]},"o":{"x":[0.333],"y":[0]},"t":424,"s":[-23]},{"i":{"x":[0.667],"y":[1]},"o":{"x":[0.333],"y":[0]},"t":434,"s":[-23]},{"i":{"x":[0.667],"y":[1]},"o":{"x":[0.333],"y":[0]},"t":442,"s":[0]},{"i":{"x":[0.667],"y":[1]},"o":{"x":[0.333],"y":[0]},"t":457,"s":[0]},{"i":{"x":[0.667],"y":[1]},"o":{"x":[0.333],"y":[0]},"t":465,"s":[-23]},{"i":{"x":[0.667],"y":[1]},"o":{"x":[0.333],"y":[0]},"t":475,"s":[-23]},{"t":483,"s":[0]}],"ix":10},"p":{"a":0,"k":[41.503,41.146,0],"ix":2},"a":{"a":0,"k":[-19.057,82.892,0],"ix":1},"s":{"a":0,"k":[100,100,100],"ix":6}},"ao":0,"shapes":[{"ty":"gr","it":[{"ind":0,"ty":"sh","ix":1,"ks":{"a":0,"k":{"i":[[4.257,-14.344],[14.343,4.257],[-4.257,14.344],[-14.344,-4.257]],"o":[[-4.257,14.344],[-14.344,-4.257],[4.257,-14.344],[14.343,4.257]],"v":[[25.972,7.708],[-7.707,25.971],[-25.972,-7.708],[7.709,-25.971]],"c":true},"ix":2},"nm":"Path 1","mn":"ADBE Vector Shape - Group","hd":false},{"ty":"fl","c":{"a":0,"k":[0.945098099054,0.352941176471,0.141176470588,1],"ix":4},"o":{"a":0,"k":100,"ix":5},"r":1,"bm":0,"nm":"Fill 1","mn":"ADBE Vector Graphic - Fill","hd":false},{"ty":"tr","p":{"a":0,"k":[58.407,67.94],"ix":2},"a":{"a":0,"k":[0,0],"ix":1},"s":{"a":0,"k":[100,100],"ix":3},"r":{"a":0,"k":0,"ix":6},"o":{"a":0,"k":100,"ix":7},"sk":{"a":0,"k":0,"ix":4},"sa":{"a":0,"k":0,"ix":5},"nm":"Transform"}],"nm":"Group 1","np":2,"cix":2,"bm":0,"ix":1,"mn":"ADBE Vector Group","hd":false},{"ty":"gr","it":[{"ind":0,"ty":"sh","ix":1,"ks":{"a":0,"k":{"i":[[-5.41,1.321],[0,0],[-0.885,-7.29],[0,0],[0,0],[0,0]],"o":[[0,0],[7.134,-1.742],[0,0],[0,0],[0,0],[0.098,-5.568]],"v":[[-6.686,-38.237],[-6.552,-38.27],[8.521,-27.842],[16.766,40.012],[-16.766,15.212],[-16.033,-26.546]],"c":true},"ix":2},"nm":"Path 1","mn":"ADBE Vector Shape - Group","hd":false},{"ty":"fl","c":{"a":0,"k":[0.968627510819,0.576470588235,0.117647066303,1],"ix":4},"o":{"a":0,"k":100,"ix":5},"r":1,"bm":0,"nm":"Fill 1","mn":"ADBE Vector Graphic - Fill","hd":false},{"ty":"tr","p":{"a":0,"k":[65.576,40.262],"ix":2},"a":{"a":0,"k":[0,0],"ix":1},"s":{"a":0,"k":[100,100],"ix":3},"r":{"a":0,"k":0,"ix":6},"o":{"a":0,"k":100,"ix":7},"sk":{"a":0,"k":0,"ix":4},"sa":{"a":0,"k":0,"ix":5},"nm":"Transform"}],"nm":"Group 2","np":2,"cix":2,"bm":0,"ix":2,"mn":"ADBE Vector Group","hd":false},{"ty":"gr","it":[{"ind":0,"ty":"sh","ix":1,"ks":{"a":0,"k":{"i":[[0,0],[0,0],[0,0],[0,0]],"o":[[0,0],[0,0],[0,0],[0,0]],"v":[[-38.741,25.53],[-41.046,-20.939],[7.513,-25.53],[41.046,-0.729]],"c":true},"ix":2},"nm":"Path 1","mn":"ADBE Vector Shape - Group","hd":false},{"ty":"fl","c":{"a":0,"k":[0.968627510819,0.576470588235,0.117647066303,1],"ix":4},"o":{"a":0,"k":100,"ix":5},"r":1,"bm":0,"nm":"Fill 1","mn":"ADBE Vector Graphic - Fill","hd":false},{"ty":"tr","p":{"a":0,"k":[41.296,81.004],"ix":2},"a":{"a":0,"k":[0,0],"ix":1},"s":{"a":0,"k":[100,100],"ix":3},"r":{"a":0,"k":0,"ix":6},"o":{"a":0,"k":100,"ix":7},"sk":{"a":0,"k":0,"ix":4},"sa":{"a":0,"k":0,"ix":5},"nm":"Transform"}],"nm":"Group 3","np":2,"cix":2,"bm":0,"ix":3,"mn":"ADBE Vector Group","hd":false}],"ip":0,"op":600,"st":0,"bm":0},{"ddd":0,"ind":9,"ty":4,"nm":"Fingers_C Outlines","parent":5,"sr":1,"ks":{"o":{"a":0,"k":100,"ix":11},"r":{"a":1,"k":[{"i":{"x":[0.667],"y":[1]},"o":{"x":[0.333],"y":[0]},"t":10,"s":[0]},{"i":{"x":[0.667],"y":[1]},"o":{"x":[0.333],"y":[0]},"t":18,"s":[23]},{"i":{"x":[0.667],"y":[1]},"o":{"x":[0.333],"y":[0]},"t":28,"s":[23]},{"i":{"x":[0.667],"y":[1]},"o":{"x":[0.333],"y":[0]},"t":36,"s":[0]},{"i":{"x":[0.667],"y":[1]},"o":{"x":[0.333],"y":[0]},"t":90,"s":[0]},{"i":{"x":[0.667],"y":[1]},"o":{"x":[0.333],"y":[0]},"t":98,"s":[23]},{"i":{"x":[0.667],"y":[1]},"o":{"x":[0.333],"y":[0]},"t":108,"s":[23]},{"i":{"x":[0.667],"y":[1]},"o":{"x":[0.333],"y":[0]},"t":116,"s":[0]},{"i":{"x":[0.667],"y":[1]},"o":{"x":[0.333],"y":[0]},"t":131,"s":[0]},{"i":{"x":[0.667],"y":[1]},"o":{"x":[0.333],"y":[0]},"t":139,"s":[23]},{"i":{"x":[0.667],"y":[1]},"o":{"x":[0.333],"y":[0]},"t":149,"s":[23]},{"i":{"x":[0.667],"y":[1]},"o":{"x":[0.333],"y":[0]},"t":157,"s":[0]},{"i":{"x":[0.667],"y":[1]},"o":{"x":[0.333],"y":[0]},"t":336,"s":[0]},{"i":{"x":[0.667],"y":[1]},"o":{"x":[0.333],"y":[0]},"t":344,"s":[23]},{"i":{"x":[0.667],"y":[1]},"o":{"x":[0.333],"y":[0]},"t":354,"s":[23]},{"i":{"x":[0.667],"y":[1]},"o":{"x":[0.333],"y":[0]},"t":362,"s":[0]},{"i":{"x":[0.667],"y":[1]},"o":{"x":[0.333],"y":[0]},"t":416,"s":[0]},{"i":{"x":[0.667],"y":[1]},"o":{"x":[0.333],"y":[0]},"t":424,"s":[23]},{"i":{"x":[0.667],"y":[1]},"o":{"x":[0.333],"y":[0]},"t":434,"s":[23]},{"i":{"x":[0.667],"y":[1]},"o":{"x":[0.333],"y":[0]},"t":442,"s":[0]},{"i":{"x":[0.667],"y":[1]},"o":{"x":[0.333],"y":[0]},"t":457,"s":[0]},{"i":{"x":[0.667],"y":[1]},"o":{"x":[0.333],"y":[0]},"t":465,"s":[23]},{"i":{"x":[0.667],"y":[1]},"o":{"x":[0.333],"y":[0]},"t":475,"s":[23]},{"t":483,"s":[0]}],"ix":10},"p":{"a":0,"k":[833.723,41.146,0],"ix":2},"a":{"a":0,"k":[108.443,82.892,0],"ix":1},"s":{"a":0,"k":[100,100,100],"ix":6}},"ao":0,"shapes":[{"ty":"gr","it":[{"ind":0,"ty":"sh","ix":1,"ks":{"a":0,"k":{"i":[[-4.257,-14.344],[-14.343,4.257],[4.257,14.344],[14.344,-4.257]],"o":[[4.257,14.344],[14.344,-4.257],[-4.257,-14.344],[-14.343,4.257]],"v":[[-25.971,7.708],[7.708,25.971],[25.972,-7.708],[-7.708,-25.971]],"c":true},"ix":2},"nm":"Path 1","mn":"ADBE Vector Shape - Group","hd":false},{"ty":"fl","c":{"a":0,"k":[0.945098099054,0.352941176471,0.141176470588,1],"ix":4},"o":{"a":0,"k":100,"ix":5},"r":1,"bm":0,"nm":"Fill 1","mn":"ADBE Vector Graphic - Fill","hd":false},{"ty":"tr","p":{"a":0,"k":[30.478,67.94],"ix":2},"a":{"a":0,"k":[0,0],"ix":1},"s":{"a":0,"k":[100,100],"ix":3},"r":{"a":0,"k":0,"ix":6},"o":{"a":0,"k":100,"ix":7},"sk":{"a":0,"k":0,"ix":4},"sa":{"a":0,"k":0,"ix":5},"nm":"Transform"}],"nm":"Group 1","np":2,"cix":2,"bm":0,"ix":1,"mn":"ADBE Vector Group","hd":false},{"ty":"gr","it":[{"ind":0,"ty":"sh","ix":1,"ks":{"a":0,"k":{"i":[[5.41,1.321],[0,0],[0.885,-7.29],[0,0],[0,0],[0,0]],"o":[[0,0],[-7.134,-1.742],[0,0],[0,0],[0,0],[-0.098,-5.568]],"v":[[6.686,-38.237],[6.552,-38.27],[-8.521,-27.842],[-16.766,40.012],[16.766,15.212],[16.033,-26.546]],"c":true},"ix":2},"nm":"Path 1","mn":"ADBE Vector Shape - Group","hd":false},{"ty":"fl","c":{"a":0,"k":[0.968627510819,0.576470588235,0.117647066303,1],"ix":4},"o":{"a":0,"k":100,"ix":5},"r":1,"bm":0,"nm":"Fill 1","mn":"ADBE Vector Graphic - Fill","hd":false},{"ty":"tr","p":{"a":0,"k":[23.31,40.262],"ix":2},"a":{"a":0,"k":[0,0],"ix":1},"s":{"a":0,"k":[100,100],"ix":3},"r":{"a":0,"k":0,"ix":6},"o":{"a":0,"k":100,"ix":7},"sk":{"a":0,"k":0,"ix":4},"sa":{"a":0,"k":0,"ix":5},"nm":"Transform"}],"nm":"Group 2","np":2,"cix":2,"bm":0,"ix":2,"mn":"ADBE Vector Group","hd":false},{"ty":"gr","it":[{"ind":0,"ty":"sh","ix":1,"ks":{"a":0,"k":{"i":[[0,0],[0,0],[0,0],[0,0]],"o":[[0,0],[0,0],[0,0],[0,0]],"v":[[38.741,25.53],[41.046,-20.939],[-7.513,-25.53],[-41.046,-0.729]],"c":true},"ix":2},"nm":"Path 1","mn":"ADBE Vector Shape - Group","hd":false},{"ty":"fl","c":{"a":0,"k":[0.968627510819,0.576470588235,0.117647066303,1],"ix":4},"o":{"a":0,"k":100,"ix":5},"r":1,"bm":0,"nm":"Fill 1","mn":"ADBE Vector Graphic - Fill","hd":false},{"ty":"tr","p":{"a":0,"k":[47.589,81.004],"ix":2},"a":{"a":0,"k":[0,0],"ix":1},"s":{"a":0,"k":[100,100],"ix":3},"r":{"a":0,"k":0,"ix":6},"o":{"a":0,"k":100,"ix":7},"sk":{"a":0,"k":0,"ix":4},"sa":{"a":0,"k":0,"ix":5},"nm":"Transform"}],"nm":"Group 3","np":2,"cix":2,"bm":0,"ix":3,"mn":"ADBE Vector Group","hd":false}],"ip":0,"op":600,"st":0,"bm":0},{"ddd":0,"ind":10,"ty":4,"nm":"Fingers_D Outlines","parent":5,"sr":1,"ks":{"o":{"a":0,"k":100,"ix":11},"r":{"a":1,"k":[{"i":{"x":[0.667],"y":[1]},"o":{"x":[0.333],"y":[0]},"t":10,"s":[0]},{"i":{"x":[0.667],"y":[1]},"o":{"x":[0.333],"y":[0]},"t":18,"s":[-23]},{"i":{"x":[0.667],"y":[1]},"o":{"x":[0.333],"y":[0]},"t":28,"s":[-23]},{"i":{"x":[0.667],"y":[1]},"o":{"x":[0.333],"y":[0]},"t":36,"s":[0]},{"i":{"x":[0.667],"y":[1]},"o":{"x":[0.333],"y":[0]},"t":90,"s":[0]},{"i":{"x":[0.667],"y":[1]},"o":{"x":[0.333],"y":[0]},"t":98,"s":[-23]},{"i":{"x":[0.667],"y":[1]},"o":{"x":[0.333],"y":[0]},"t":108,"s":[-23]},{"i":{"x":[0.667],"y":[1]},"o":{"x":[0.333],"y":[0]},"t":116,"s":[0]},{"i":{"x":[0.667],"y":[1]},"o":{"x":[0.333],"y":[0]},"t":131,"s":[0]},{"i":{"x":[0.667],"y":[1]},"o":{"x":[0.333],"y":[0]},"t":139,"s":[-23]},{"i":{"x":[0.667],"y":[1]},"o":{"x":[0.333],"y":[0]},"t":149,"s":[-23]},{"i":{"x":[0.667],"y":[1]},"o":{"x":[0.333],"y":[0]},"t":157,"s":[0]},{"i":{"x":[0.667],"y":[1]},"o":{"x":[0.333],"y":[0]},"t":336,"s":[0]},{"i":{"x":[0.667],"y":[1]},"o":{"x":[0.333],"y":[0]},"t":344,"s":[-23]},{"i":{"x":[0.667],"y":[1]},"o":{"x":[0.333],"y":[0]},"t":354,"s":[-23]},{"i":{"x":[0.667],"y":[1]},"o":{"x":[0.333],"y":[0]},"t":362,"s":[0]},{"i":{"x":[0.667],"y":[1]},"o":{"x":[0.333],"y":[0]},"t":416,"s":[0]},{"i":{"x":[0.667],"y":[1]},"o":{"x":[0.333],"y":[0]},"t":424,"s":[-23]},{"i":{"x":[0.667],"y":[1]},"o":{"x":[0.333],"y":[0]},"t":434,"s":[-23]},{"i":{"x":[0.667],"y":[1]},"o":{"x":[0.333],"y":[0]},"t":442,"s":[0]},{"i":{"x":[0.667],"y":[1]},"o":{"x":[0.333],"y":[0]},"t":457,"s":[0]},{"i":{"x":[0.667],"y":[1]},"o":{"x":[0.333],"y":[0]},"t":465,"s":[-23]},{"i":{"x":[0.667],"y":[1]},"o":{"x":[0.333],"y":[0]},"t":475,"s":[-23]},{"t":483,"s":[0]}],"ix":10},"p":{"a":0,"k":[836.559,40.773,0],"ix":2},"a":{"a":0,"k":[-2.686,116.38,0],"ix":1},"s":{"a":0,"k":[100,100,100],"ix":6}},"ao":0,"shapes":[{"ty":"gr","it":[{"ind":0,"ty":"sh","ix":1,"ks":{"a":0,"k":{"i":[[-4.257,-14.344],[14.343,-4.257],[4.257,14.344],[-14.344,4.257]],"o":[[4.257,14.344],[-14.344,4.257],[-4.257,-14.344],[14.343,-4.257]],"v":[[25.972,-7.708],[7.708,25.971],[-25.972,7.708],[-7.708,-25.971]],"c":true},"ix":2},"nm":"Path 1","mn":"ADBE Vector Shape - Group","hd":false},{"ty":"fl","c":{"a":0,"k":[0.945098099054,0.352941176471,0.141176470588,1],"ix":4},"o":{"a":0,"k":100,"ix":5},"r":1,"bm":0,"nm":"Fill 1","mn":"ADBE Vector Graphic - Fill","hd":false},{"ty":"tr","p":{"a":0,"k":[56.279,58.488],"ix":2},"a":{"a":0,"k":[0,0],"ix":1},"s":{"a":0,"k":[100,100],"ix":3},"r":{"a":0,"k":0,"ix":6},"o":{"a":0,"k":100,"ix":7},"sk":{"a":0,"k":0,"ix":4},"sa":{"a":0,"k":0,"ix":5},"nm":"Transform"}],"nm":"Group 1","np":2,"cix":2,"bm":0,"ix":1,"mn":"ADBE Vector Group","hd":false},{"ty":"gr","it":[{"ind":0,"ty":"sh","ix":1,"ks":{"a":0,"k":{"i":[[-3.813,4.058],[0,0],[-4.719,-5.626],[0,0],[0,0],[0,0]],"o":[[0,0],[5.029,-5.352],[0,0],[0,0],[0,0],[-2.955,-4.72]],"v":[[-28.965,-23.667],[-28.871,-23.767],[-10.55,-23.251],[33.376,29.119],[-8.256,26.627],[-30.422,-8.77]],"c":true},"ix":2},"nm":"Path 1","mn":"ADBE Vector Shape - Group","hd":false},{"ty":"fl","c":{"a":0,"k":[0.968627510819,0.576470588235,0.117647066303,1],"ix":4},"o":{"a":0,"k":100,"ix":5},"r":1,"bm":0,"nm":"Fill 1","mn":"ADBE Vector Graphic - Fill","hd":false},{"ty":"tr","p":{"a":0,"k":[46.699,29.369],"ix":2},"a":{"a":0,"k":[0,0],"ix":1},"s":{"a":0,"k":[100,100],"ix":3},"r":{"a":0,"k":0,"ix":6},"o":{"a":0,"k":100,"ix":7},"sk":{"a":0,"k":0,"ix":4},"sa":{"a":0,"k":0,"ix":5},"nm":"Transform"}],"nm":"Group 2","np":2,"cix":2,"bm":0,"ix":2,"mn":"ADBE Vector Group","hd":false},{"ty":"gr","it":[{"ind":0,"ty":"sh","ix":1,"ks":{"a":0,"k":{"i":[[0,0],[0,0],[0,0],[0,0]],"o":[[0,0],[0,0],[0,0],[0,0]],"v":[[-12.63,34.013],[-39.913,-3.675],[-1.72,-34.013],[39.913,-31.522]],"c":true},"ix":2},"nm":"Path 1","mn":"ADBE Vector Shape - Group","hd":false},{"ty":"fl","c":{"a":0,"k":[0.968627510819,0.576470588235,0.117647066303,1],"ix":4},"o":{"a":0,"k":100,"ix":5},"r":1,"bm":0,"nm":"Fill 1","mn":"ADBE Vector Graphic - Fill","hd":false},{"ty":"tr","p":{"a":0,"k":[40.162,90.01],"ix":2},"a":{"a":0,"k":[0,0],"ix":1},"s":{"a":0,"k":[100,100],"ix":3},"r":{"a":0,"k":0,"ix":6},"o":{"a":0,"k":100,"ix":7},"sk":{"a":0,"k":0,"ix":4},"sa":{"a":0,"k":0,"ix":5},"nm":"Transform"}],"nm":"Group 3","np":2,"cix":2,"bm":0,"ix":3,"mn":"ADBE Vector Group","hd":false}],"ip":0,"op":600,"st":0,"bm":0},{"ddd":0,"ind":11,"ty":4,"nm":"R_Arm","parent":4,"sr":1,"ks":{"o":{"a":0,"k":100,"ix":11},"r":{"a":1,"k":[{"i":{"x":[0.667],"y":[1]},"o":{"x":[0.333],"y":[0]},"t":0,"s":[0]},{"i":{"x":[0.667],"y":[1]},"o":{"x":[0.333],"y":[0]},"t":200,"s":[20]},{"i":{"x":[0.667],"y":[1]},"o":{"x":[0.333],"y":[0]},"t":400,"s":[0]},{"i":{"x":[0.833],"y":[1]},"o":{"x":[0.333],"y":[0]},"t":599,"s":[0]},{"t":720,"s":[0]}],"ix":10},"p":{"a":1,"k":[{"i":{"x":0.667,"y":1},"o":{"x":0.333,"y":0},"t":0,"s":[543.116,128.768,0],"to":[0,0.205,0],"ti":[0,0,0]},{"i":{"x":0.667,"y":1},"o":{"x":0.333,"y":0},"t":200,"s":[543.116,130,0],"to":[0,0,0],"ti":[0,0.205,0]},{"i":{"x":0.667,"y":0.667},"o":{"x":0.333,"y":0.333},"t":400,"s":[543.116,128.768,0],"to":[0,0,0],"ti":[0,0,0]},{"i":{"x":0.833,"y":0.833},"o":{"x":0.333,"y":0.333},"t":599,"s":[543.116,128.768,0],"to":[0,0,0],"ti":[0,0,0]},{"t":720,"s":[543.116,128.768,0]}],"ix":2},"a":{"a":0,"k":[-258,-96,0],"ix":1},"s":{"a":0,"k":[-100,100,100],"ix":6}},"ao":0,"shapes":[{"ty":"gr","it":[{"ind":0,"ty":"sh","ix":1,"ks":{"a":0,"k":{"i":[[0,0],[-235,32.463]],"o":[[0,0],[313.328,-43.283]],"v":[[-397,-332],[-255,-101]],"c":false},"ix":2},"nm":"Path 1","mn":"ADBE Vector Shape - Group","hd":false},{"ty":"st","c":{"a":0,"k":[0.6,0.6,0.6,1],"ix":3},"o":{"a":0,"k":100,"ix":4},"w":{"a":0,"k":30,"ix":5},"lc":1,"lj":1,"ml":4,"bm":0,"nm":"Stroke 1","mn":"ADBE Vector Graphic - Stroke","hd":false},{"ty":"tr","p":{"a":0,"k":[0,0],"ix":2},"a":{"a":0,"k":[0,0],"ix":1},"s":{"a":0,"k":[100,100],"ix":3},"r":{"a":0,"k":0,"ix":6},"o":{"a":0,"k":100,"ix":7},"sk":{"a":0,"k":0,"ix":4},"sa":{"a":0,"k":0,"ix":5},"nm":"Transform"}],"nm":"Shape 1","np":3,"cix":2,"bm":0,"ix":1,"mn":"ADBE Vector Group","hd":false}],"ip":0,"op":600,"st":0,"bm":0},{"ddd":0,"ind":12,"ty":4,"nm":"L_Arm","parent":4,"sr":1,"ks":{"o":{"a":0,"k":100,"ix":11},"r":{"a":1,"k":[{"i":{"x":[0.667],"y":[1]},"o":{"x":[0.333],"y":[0]},"t":0,"s":[0]},{"i":{"x":[0.667],"y":[1]},"o":{"x":[0.333],"y":[0]},"t":200,"s":[-20]},{"i":{"x":[0.667],"y":[1]},"o":{"x":[0.333],"y":[0]},"t":400,"s":[0]},{"i":{"x":[0.833],"y":[1]},"o":{"x":[0.333],"y":[0]},"t":599,"s":[0]},{"t":720,"s":[0]}],"ix":10},"p":{"a":1,"k":[{"i":{"x":0.667,"y":1},"o":{"x":0.333,"y":0},"t":0,"s":[31.116,130.768,0],"to":[0,-0.128,0],"ti":[0,0,0]},{"i":{"x":0.667,"y":1},"o":{"x":0.333,"y":0},"t":200,"s":[31.116,130,0],"to":[0,0,0],"ti":[0,-0.128,0]},{"i":{"x":0.667,"y":0.667},"o":{"x":0.333,"y":0.333},"t":400,"s":[31.116,130.768,0],"to":[0,0,0],"ti":[0,0,0]},{"i":{"x":0.833,"y":0.833},"o":{"x":0.333,"y":0.333},"t":599,"s":[31.116,130.768,0],"to":[0,0,0],"ti":[0,0,0]},{"t":720,"s":[31.116,130.768,0]}],"ix":2},"a":{"a":0,"k":[-254,-94,0],"ix":1},"s":{"a":0,"k":[100,100,100],"ix":6}},"ao":0,"shapes":[{"ty":"gr","it":[{"ind":0,"ty":"sh","ix":1,"ks":{"a":0,"k":{"i":[[0,0],[-235,32.463]],"o":[[0,0],[313.328,-43.283]],"v":[[-397,-332],[-255,-101]],"c":false},"ix":2},"nm":"Path 1","mn":"ADBE Vector Shape - Group","hd":false},{"ty":"st","c":{"a":0,"k":[0.6,0.6,0.6,1],"ix":3},"o":{"a":0,"k":100,"ix":4},"w":{"a":0,"k":30,"ix":5},"lc":1,"lj":1,"ml":4,"bm":0,"nm":"Stroke 1","mn":"ADBE Vector Graphic - Stroke","hd":false},{"ty":"tr","p":{"a":0,"k":[0,0],"ix":2},"a":{"a":0,"k":[0,0],"ix":1},"s":{"a":0,"k":[100,100],"ix":3},"r":{"a":0,"k":0,"ix":6},"o":{"a":0,"k":100,"ix":7},"sk":{"a":0,"k":0,"ix":4},"sa":{"a":0,"k":0,"ix":5},"nm":"Transform"}],"nm":"Shape 1","np":3,"cix":2,"bm":0,"ix":1,"mn":"ADBE Vector Group","hd":false}],"ip":0,"op":600,"st":0,"bm":0},{"ddd":0,"ind":13,"ty":4,"nm":"Flame Outlines","parent":4,"sr":1,"ks":{"o":{"a":0,"k":100,"ix":11},"r":{"a":0,"k":0,"ix":10},"p":{"a":0,"k":[285.116,305.392,0],"ix":2},"a":{"a":0,"k":[54.684,46.042,0],"ix":1},"s":{"a":1,"k":[{"i":{"x":[0.667,0.667,0.667],"y":[1,1,1]},"o":{"x":[0.333,0.333,0.333],"y":[0,0,0]},"t":1,"s":[87.74,87.74,100]},{"i":{"x":[0.667,0.667,0.667],"y":[1,1,1]},"o":{"x":[0.333,0.333,0.333],"y":[0,0,0]},"t":9.936,"s":[87.74,92.658,100]},{"i":{"x":[0.667,0.667,0.667],"y":[1,1,1]},"o":{"x":[0.333,0.333,0.333],"y":[0,0,0]},"t":19.375,"s":[87.74,87.74,100]},{"i":{"x":[0.667,0.667,0.667],"y":[1,1,1]},"o":{"x":[0.333,0.333,0.333],"y":[0,0,0]},"t":28.809,"s":[87.74,100.705,100]},{"i":{"x":[0.667,0.667,0.667],"y":[1,1,1]},"o":{"x":[0.333,0.333,0.333],"y":[0,0,0]},"t":38.246,"s":[87.74,81.113,100]},{"i":{"x":[0.667,0.667,0.667],"y":[1,1,1]},"o":{"x":[0.333,0.333,0.333],"y":[0,0,0]},"t":47.271,"s":[87.74,87.74,100]},{"i":{"x":[0.667,0.667,0.667],"y":[1,1,1]},"o":{"x":[0.333,0.333,0.333],"y":[0,0,0]},"t":56.299,"s":[87.74,95.43,100]},{"i":{"x":[0.667,0.667,0.667],"y":[1,1,1]},"o":{"x":[0.333,0.333,0.333],"y":[0,0,0]},"t":66.145,"s":[87.74,87.74,100]},{"i":{"x":[0.667,0.667,0.667],"y":[1,1,1]},"o":{"x":[0.333,0.333,0.333],"y":[0,0,0]},"t":75.992,"s":[87.74,98.549,100]},{"i":{"x":[0.667,0.667,0.667],"y":[1,1,1]},"o":{"x":[0.333,0.333,0.333],"y":[0,0,0]},"t":85.426,"s":[87.74,81.113,100]},{"i":{"x":[0.667,0.667,0.667],"y":[1,1,1]},"o":{"x":[0.333,0.333,0.333],"y":[0,0,0]},"t":94.041,"s":[87.74,87.74,100]},{"i":{"x":[0.667,0.667,0.667],"y":[1,1,1]},"o":{"x":[0.333,0.333,0.333],"y":[0,0,0]},"t":102.248,"s":[87.74,95.43,100]},{"i":{"x":[0.667,0.667,0.667],"y":[1,1,1]},"o":{"x":[0.333,0.333,0.333],"y":[0,0,0]},"t":112.914,"s":[87.74,87.74,100]},{"i":{"x":[0.667,0.667,0.667],"y":[1,1,1]},"o":{"x":[0.333,0.333,0.333],"y":[0,0,0]},"t":121.943,"s":[87.74,105.435,100]},{"i":{"x":[0.667,0.667,0.667],"y":[1,1,1]},"o":{"x":[0.333,0.333,0.333],"y":[0,0,0]},"t":131.787,"s":[87.74,83.269,100]},{"i":{"x":[0.667,0.667,0.667],"y":[1,1,1]},"o":{"x":[0.333,0.333,0.333],"y":[0,0,0]},"t":140.816,"s":[87.74,87.74,100]},{"i":{"x":[0.667,0.667,0.667],"y":[1,1,1]},"o":{"x":[0.333,0.333,0.333],"y":[0,0,0]},"t":150.25,"s":[87.74,92.658,100]},{"i":{"x":[0.667,0.667,0.667],"y":[1,1,1]},"o":{"x":[0.333,0.333,0.333],"y":[0,0,0]},"t":159.686,"s":[87.74,87.74,100]},{"i":{"x":[0.667,0.667,0.667],"y":[1,1,1]},"o":{"x":[0.333,0.333,0.333],"y":[0,0,0]},"t":169.123,"s":[87.74,100.705,100]},{"i":{"x":[0.667,0.667,0.667],"y":[1,1,1]},"o":{"x":[0.333,0.333,0.333],"y":[0,0,0]},"t":179.381,"s":[87.74,77.827,100]},{"i":{"x":[0.667,0.667,0.667],"y":[1,1,1]},"o":{"x":[0.333,0.333,0.333],"y":[0,0,0]},"t":187.584,"s":[87.74,87.74,100]},{"i":{"x":[0.667,0.667,0.667],"y":[1,1,1]},"o":{"x":[0.333,0.333,0.333],"y":[0,0,0]},"t":197.02,"s":[87.74,92.658,100]},{"i":{"x":[0.667,0.667,0.667],"y":[1,1,1]},"o":{"x":[0.333,0.333,0.333],"y":[0,0,0]},"t":206.459,"s":[87.74,87.74,100]},{"i":{"x":[0.667,0.667,0.667],"y":[1,1,1]},"o":{"x":[0.333,0.333,0.333],"y":[0,0,0]},"t":216.305,"s":[87.74,103.569,100]},{"i":{"x":[0.667,0.667,0.667],"y":[1,1,1]},"o":{"x":[0.333,0.333,0.333],"y":[0,0,0]},"t":226.148,"s":[87.74,81.113,100]},{"i":{"x":[0.667,0.667,0.667],"y":[1,1,1]},"o":{"x":[0.333,0.333,0.333],"y":[0,0,0]},"t":234.355,"s":[87.74,87.74,100]},{"i":{"x":[0.667,0.667,0.667],"y":[1,1,1]},"o":{"x":[0.333,0.333,0.333],"y":[0,0,0]},"t":243.791,"s":[87.74,92.658,100]},{"i":{"x":[0.667,0.667,0.667],"y":[1,1,1]},"o":{"x":[0.333,0.333,0.333],"y":[0,0,0]},"t":253.229,"s":[87.74,87.74,100]},{"i":{"x":[0.667,0.667,0.667],"y":[1,1,1]},"o":{"x":[0.333,0.333,0.333],"y":[0,0,0]},"t":263.076,"s":[87.74,98.549,100]},{"i":{"x":[0.667,0.667,0.667],"y":[1,1,1]},"o":{"x":[0.333,0.333,0.333],"y":[0,0,0]},"t":272.1,"s":[87.74,84.707,100]},{"i":{"x":[0.667,0.667,0.667],"y":[1,1,1]},"o":{"x":[0.333,0.333,0.333],"y":[0,0,0]},"t":281.127,"s":[87.74,87.74,100]},{"i":{"x":[0.667,0.667,0.667],"y":[1,1,1]},"o":{"x":[0.333,0.333,0.333],"y":[0,0,0]},"t":290.562,"s":[87.74,92.658,100]},{"i":{"x":[0.667,0.667,0.667],"y":[1,1,1]},"o":{"x":[0.333,0.333,0.333],"y":[0,0,0]},"t":300,"s":[87.74,87.74,100]},{"i":{"x":[0.667,0.667,0.667],"y":[1,1,1]},"o":{"x":[0.333,0.333,0.333],"y":[0,0,0]},"t":308.936,"s":[87.74,92.658,100]},{"i":{"x":[0.667,0.667,0.667],"y":[1,1,1]},"o":{"x":[0.333,0.333,0.333],"y":[0,0,0]},"t":318.375,"s":[87.74,87.74,100]},{"i":{"x":[0.667,0.667,0.667],"y":[1,1,1]},"o":{"x":[0.333,0.333,0.333],"y":[0,0,0]},"t":327.809,"s":[87.74,100.705,100]},{"i":{"x":[0.667,0.667,0.667],"y":[1,1,1]},"o":{"x":[0.333,0.333,0.333],"y":[0,0,0]},"t":337.246,"s":[87.74,81.113,100]},{"i":{"x":[0.667,0.667,0.667],"y":[1,1,1]},"o":{"x":[0.333,0.333,0.333],"y":[0,0,0]},"t":346.271,"s":[87.74,87.74,100]},{"i":{"x":[0.667,0.667,0.667],"y":[1,1,1]},"o":{"x":[0.333,0.333,0.333],"y":[0,0,0]},"t":355.299,"s":[87.74,95.43,100]},{"i":{"x":[0.667,0.667,0.667],"y":[1,1,1]},"o":{"x":[0.333,0.333,0.333],"y":[0,0,0]},"t":365.145,"s":[87.74,87.74,100]},{"i":{"x":[0.667,0.667,0.667],"y":[1,1,1]},"o":{"x":[0.333,0.333,0.333],"y":[0,0,0]},"t":374.992,"s":[87.74,98.549,100]},{"i":{"x":[0.667,0.667,0.667],"y":[1,1,1]},"o":{"x":[0.333,0.333,0.333],"y":[0,0,0]},"t":384.426,"s":[87.74,81.113,100]},{"i":{"x":[0.667,0.667,0.667],"y":[1,1,1]},"o":{"x":[0.333,0.333,0.333],"y":[0,0,0]},"t":393.041,"s":[87.74,87.74,100]},{"i":{"x":[0.667,0.667,0.667],"y":[1,1,1]},"o":{"x":[0.333,0.333,0.333],"y":[0,0,0]},"t":401.248,"s":[87.74,95.43,100]},{"i":{"x":[0.667,0.667,0.667],"y":[1,1,1]},"o":{"x":[0.333,0.333,0.333],"y":[0,0,0]},"t":411.914,"s":[87.74,87.74,100]},{"i":{"x":[0.667,0.667,0.667],"y":[1,1,1]},"o":{"x":[0.333,0.333,0.333],"y":[0,0,0]},"t":420.943,"s":[87.74,105.435,100]},{"i":{"x":[0.667,0.667,0.667],"y":[1,1,1]},"o":{"x":[0.333,0.333,0.333],"y":[0,0,0]},"t":430.787,"s":[87.74,83.269,100]},{"i":{"x":[0.667,0.667,0.667],"y":[1,1,1]},"o":{"x":[0.333,0.333,0.333],"y":[0,0,0]},"t":439.816,"s":[87.74,87.74,100]},{"i":{"x":[0.667,0.667,0.667],"y":[1,1,1]},"o":{"x":[0.333,0.333,0.333],"y":[0,0,0]},"t":449.25,"s":[87.74,92.658,100]},{"i":{"x":[0.667,0.667,0.667],"y":[1,1,1]},"o":{"x":[0.333,0.333,0.333],"y":[0,0,0]},"t":458.686,"s":[87.74,87.74,100]},{"i":{"x":[0.667,0.667,0.667],"y":[1,1,1]},"o":{"x":[0.333,0.333,0.333],"y":[0,0,0]},"t":468.123,"s":[87.74,100.705,100]},{"i":{"x":[0.667,0.667,0.667],"y":[1,1,1]},"o":{"x":[0.333,0.333,0.333],"y":[0,0,0]},"t":478.381,"s":[87.74,77.827,100]},{"i":{"x":[0.667,0.667,0.667],"y":[1,1,1]},"o":{"x":[0.333,0.333,0.333],"y":[0,0,0]},"t":486.584,"s":[87.74,87.74,100]},{"i":{"x":[0.667,0.667,0.667],"y":[1,1,1]},"o":{"x":[0.333,0.333,0.333],"y":[0,0,0]},"t":496.02,"s":[87.74,92.658,100]},{"i":{"x":[0.667,0.667,0.667],"y":[1,1,1]},"o":{"x":[0.333,0.333,0.333],"y":[0,0,0]},"t":505.459,"s":[87.74,87.74,100]},{"i":{"x":[0.667,0.667,0.667],"y":[1,1,1]},"o":{"x":[0.333,0.333,0.333],"y":[0,0,0]},"t":515.305,"s":[87.74,103.569,100]},{"i":{"x":[0.667,0.667,0.667],"y":[1,1,1]},"o":{"x":[0.333,0.333,0.333],"y":[0,0,0]},"t":525.148,"s":[87.74,81.113,100]},{"i":{"x":[0.667,0.667,0.667],"y":[1,1,1]},"o":{"x":[0.333,0.333,0.333],"y":[0,0,0]},"t":533.355,"s":[87.74,87.74,100]},{"i":{"x":[0.667,0.667,0.667],"y":[1,1,1]},"o":{"x":[0.333,0.333,0.333],"y":[0,0,0]},"t":542.791,"s":[87.74,92.658,100]},{"i":{"x":[0.667,0.667,0.667],"y":[1,1,1]},"o":{"x":[0.333,0.333,0.333],"y":[0,0,0]},"t":552.229,"s":[87.74,87.74,100]},{"i":{"x":[0.667,0.667,0.667],"y":[1,1,1]},"o":{"x":[0.333,0.333,0.333],"y":[0,0,0]},"t":562.076,"s":[87.74,98.549,100]},{"i":{"x":[0.667,0.667,0.667],"y":[1,1,1]},"o":{"x":[0.333,0.333,0.333],"y":[0,0,0]},"t":571.1,"s":[87.74,84.707,100]},{"i":{"x":[0.667,0.667,0.667],"y":[1,1,1]},"o":{"x":[0.333,0.333,0.333],"y":[0,0,0]},"t":580.127,"s":[87.74,87.74,100]},{"i":{"x":[0.667,0.667,0.667],"y":[1,1,1]},"o":{"x":[0.333,0.333,0.333],"y":[0,0,0]},"t":589.562,"s":[87.74,92.658,100]},{"t":599,"s":[87.74,87.74,100]}],"ix":6}},"ao":0,"shapes":[{"ty":"gr","it":[{"ind":0,"ty":"sh","ix":1,"ks":{"a":0,"k":{"i":[[0,-113.435],[0,0],[0,113.435],[-22.445,0]],"o":[[0,113.435],[0,0],[0,-113.435],[22.445,0]],"v":[[40.64,-45.979],[0,159.414],[-40.64,-45.979],[0,-138.933]],"c":true},"ix":2},"nm":"Path 1","mn":"ADBE Vector Shape - Group","hd":false},{"ty":"fl","c":{"a":0,"k":[0.458823559331,1,0.901960844152,1],"ix":4},"o":{"a":0,"k":100,"ix":5},"r":1,"bm":0,"nm":"Fill 1","mn":"ADBE Vector Graphic - Fill","hd":false},{"ty":"tr","p":{"a":0,"k":[54.684,159.664],"ix":2},"a":{"a":0,"k":[0,0],"ix":1},"s":{"a":0,"k":[100,100],"ix":3},"r":{"a":0,"k":0,"ix":6},"o":{"a":0,"k":100,"ix":7},"sk":{"a":0,"k":0,"ix":4},"sa":{"a":0,"k":0,"ix":5},"nm":"Transform"}],"nm":"Group 1","np":2,"cix":2,"bm":0,"ix":1,"mn":"ADBE Vector Group","hd":false},{"ty":"gr","it":[{"ind":0,"ty":"sh","ix":1,"ks":{"a":0,"k":{"i":[[0,-121.682],[0,0],[0,121.682],[-30.063,0]],"o":[[0,121.682],[0,0],[0,-121.682],[30.062,0]],"v":[[54.434,-49.321],[0,171.003],[-54.434,-49.321],[0,-149.032]],"c":true},"ix":2},"nm":"Path 1","mn":"ADBE Vector Shape - Group","hd":false},{"ty":"fl","c":{"a":0,"k":[0.035294117647,0.603921568627,1,1],"ix":4},"o":{"a":0,"k":100,"ix":5},"r":1,"bm":0,"nm":"Fill 1","mn":"ADBE Vector Graphic - Fill","hd":false},{"ty":"tr","p":{"a":0,"k":[54.683,196.83],"ix":2},"a":{"a":0,"k":[0,0],"ix":1},"s":{"a":0,"k":[100,100],"ix":3},"r":{"a":0,"k":0,"ix":6},"o":{"a":0,"k":100,"ix":7},"sk":{"a":0,"k":0,"ix":4},"sa":{"a":0,"k":0,"ix":5},"nm":"Transform"}],"nm":"Group 2","np":2,"cix":2,"bm":0,"ix":2,"mn":"ADBE Vector Group","hd":false}],"ip":0,"op":600,"st":0,"bm":0},{"ddd":0,"ind":14,"ty":4,"nm":"Shadow","sr":1,"ks":{"o":{"a":1,"k":[{"i":{"x":[0.667],"y":[1]},"o":{"x":[0.333],"y":[0]},"t":0,"s":[20]},{"i":{"x":[0.667],"y":[1]},"o":{"x":[0.333],"y":[0]},"t":150,"s":[8]},{"i":{"x":[0.667],"y":[1]},"o":{"x":[0.333],"y":[0]},"t":300,"s":[20]},{"i":{"x":[0.667],"y":[1]},"o":{"x":[0.333],"y":[0]},"t":450,"s":[8]},{"t":600,"s":[20]}],"ix":11},"r":{"a":0,"k":0,"ix":10},"p":{"a":0,"k":[960.578,1028,0],"ix":2},"a":{"a":0,"k":[176,488,0],"ix":1},"s":{"a":1,"k":[{"i":{"x":[0.667,0.667,0.667],"y":[1,1,1]},"o":{"x":[0.333,0.333,0.333],"y":[0,0,0]},"t":0,"s":[80,80,100]},{"i":{"x":[0.667,0.667,0.667],"y":[1,1,1]},"o":{"x":[0.333,0.333,0.333],"y":[0,0,0]},"t":150,"s":[69,69,100]},{"i":{"x":[0.667,0.667,0.667],"y":[1,1,1]},"o":{"x":[0.333,0.333,0.333],"y":[0,0,0]},"t":300,"s":[80,80,100]},{"i":{"x":[0.667,0.667,0.667],"y":[1,1,1]},"o":{"x":[0.333,0.333,0.333],"y":[0,0,0]},"t":450,"s":[69,69,100]},{"t":600,"s":[80,80,100]}],"ix":6}},"ao":0,"shapes":[{"ty":"gr","it":[{"ind":0,"ty":"sh","ix":1,"ks":{"a":0,"k":{"i":[[92.465,0],[0,-12.47],[-92.465,0],[0,12.47]],"o":[[-92.465,0],[0,12.47],[92.465,0],[0,-12.47]],"v":[[0,-22.578],[-167.422,0],[0,22.578],[167.422,0]],"c":true},"ix":2},"nm":"Path 1","mn":"ADBE Vector Shape - Group","hd":false},{"ty":"fl","c":{"a":0,"k":[0.176470588235,0.176470588235,0.176470588235,1],"ix":4},"o":{"a":0,"k":100,"ix":5},"r":1,"bm":0,"nm":"Fill 1","mn":"ADBE Vector Graphic - Fill","hd":false},{"ty":"tr","p":{"a":0,"k":[175.422,490.578],"ix":2},"a":{"a":0,"k":[0,0],"ix":1},"s":{"a":0,"k":[100,100],"ix":3},"r":{"a":0,"k":0,"ix":6},"o":{"a":0,"k":100,"ix":7},"sk":{"a":0,"k":0,"ix":4},"sa":{"a":0,"k":0,"ix":5},"nm":"Transform"}],"nm":"Ellipse 1","np":3,"cix":2,"bm":0,"ix":1,"mn":"ADBE Vector Group","hd":false}],"ip":0,"op":600,"st":0,"bm":0}],"markers":[]}