{"v":"5.7.3","fr":30,"ip":10,"op":89,"w":2200,"h":2200,"nm":"Emoji enjoying music","ddd":0,"assets":[],"layers":[{"ddd":0,"ind":1,"ty":4,"nm":"Expression","parent":2,"sr":1,"ks":{"o":{"a":0,"k":100,"ix":11},"r":{"a":0,"k":0,"ix":10},"p":{"a":1,"k":[{"i":{"x":0.833,"y":1},"o":{"x":0.278,"y":0.923},"t":3.8,"s":[184.531,262.528,0],"to":[0.33,-2.865,0],"ti":[0.992,13.862,0]},{"i":{"x":0.667,"y":1},"o":{"x":0.278,"y":0.411},"t":10.04,"s":[186.509,245.34,0],"to":[-0.992,-13.862,0],"ti":[0.003,6.333,0]},{"i":{"x":0.667,"y":0.948},"o":{"x":0.333,"y":0},"t":20.6,"s":[178.577,179.353,0],"to":[-0.003,-5.856,0],"ti":[0.02,-4.613,0]},{"i":{"x":0.667,"y":1},"o":{"x":0.333,"y":0.116},"t":29,"s":[251.603,207.764,0],"to":[-0.002,0.376,0],"ti":[10.936,-1.762,0]},{"i":{"x":0.667,"y":1},"o":{"x":0.167,"y":0},"t":39.8,"s":[252.447,164.79,0],"to":[-10.936,1.762,0],"ti":[-1.115,-9.056,0]},{"i":{"x":0.667,"y":1},"o":{"x":0.167,"y":0},"t":50.6,"s":[185.986,218.334,0],"to":[1.115,9.056,0],"ti":[-10.518,11.334,0]},{"i":{"x":0.667,"y":1},"o":{"x":0.167,"y":0},"t":63.8,"s":[259.137,219.123,0],"to":[10.518,-11.334,0],"ti":[12.105,-4.37,0]},{"i":{"x":0.667,"y":1},"o":{"x":0.167,"y":0},"t":77,"s":[249.094,150.33,0],"to":[-12.105,4.37,0],"ti":[10.434,-8.168,0]},{"i":{"x":0.667,"y":1},"o":{"x":0.167,"y":0},"t":88,"s":[186.509,245.341,0],"to":[-10.434,8.168,0],"ti":[0.003,9.333,0]},{"i":{"x":0.667,"y":1},"o":{"x":0.167,"y":0},"t":102.2,"s":[186.492,199.34,0],"to":[-0.003,-9.333,0],"ti":[0,1.667,0]},{"t":117.400390625,"s":[186.492,189.34,0]}],"ix":2},"a":{"a":0,"k":[71.195,70.47,0],"ix":1},"s":{"a":0,"k":[100,100,100],"ix":6}},"ao":0,"shapes":[{"ty":"gr","it":[{"ind":0,"ty":"sh","ix":1,"ks":{"a":0,"k":{"i":[[6.253,2.317],[9.205,0.043],[6.135,-2.288],[-6.58,-29.085],[-0.671,-2.145],[-23.918,0],[-0.788,-0.015],[-9.365,-3.312],[-0.539,2.364]],"o":[[-6.157,-2.281],[-9.122,-0.043],[-6.251,2.33],[0.502,2.218],[11.529,-4.123],[0.785,0],[26.752,0.512],[0.731,-2.295],[6.628,-29.066]],"v":[[46.675,-25.533],[1.58,-28.761],[-46.645,-25.513],[-62.274,21.793],[-60.505,28.336],[-2.36,17.391],[0.003,17.413],[60.311,28.804],[62.226,21.815]],"c":true},"ix":2},"nm":"Path 1","mn":"ADBE Vector Shape - Group","hd":false},{"ty":"mm","mm":4,"nm":"Merge Paths 1","mn":"ADBE Vector Filter - Merge","hd":false},{"ty":"fl","c":{"a":0,"k":[0.113725490196,0.062745098039,0.023529411765,1],"ix":4},"o":{"a":0,"k":100,"ix":5},"r":1,"bm":0,"nm":"Fill 1","mn":"ADBE Vector Graphic - Fill","hd":false},{"ty":"tr","p":{"a":0,"k":[69.104,64.487],"ix":2},"a":{"a":0,"k":[0,0],"ix":1},"s":{"a":0,"k":[100,100],"ix":3},"r":{"a":0,"k":0,"ix":6},"o":{"a":0,"k":100,"ix":7},"sk":{"a":0,"k":0,"ix":4},"sa":{"a":0,"k":0,"ix":5},"nm":"Transform"}],"nm":"Group 1","np":3,"cix":2,"bm":0,"ix":1,"mn":"ADBE Vector Group","hd":false},{"ty":"gr","it":[{"ind":0,"ty":"sh","ix":1,"ks":{"a":0,"k":{"i":[[-8.407,26.304],[26.607,0.51],[11.652,-4.182],[-31.226,-0.594]],"o":[[-9.798,-3.48],[-24.877,-0.477],[8.271,26.367],[31.056,0.591]],"v":[[59.585,-18.471],[0.088,-29.132],[-61.134,-18.598],[0.013,29.018]],"c":true},"ix":2},"nm":"Path 1","mn":"ADBE Vector Shape - Group","hd":false},{"ty":"mm","mm":4,"nm":"Merge Paths 1","mn":"ADBE Vector Filter - Merge","hd":false},{"ty":"fl","c":{"a":0,"k":[0.913725490196,0,0.003921568627,1],"ix":4},"o":{"a":0,"k":100,"ix":5},"r":1,"bm":0,"nm":"Fill 1","mn":"ADBE Vector Graphic - Fill","hd":false},{"ty":"tr","p":{"a":0,"k":[70.007,111.08],"ix":2},"a":{"a":0,"k":[0,0],"ix":1},"s":{"a":0,"k":[100,100],"ix":3},"r":{"a":0,"k":0,"ix":6},"o":{"a":0,"k":100,"ix":7},"sk":{"a":0,"k":0,"ix":4},"sa":{"a":0,"k":0,"ix":5},"nm":"Transform"}],"nm":"Group 2","np":3,"cix":2,"bm":0,"ix":2,"mn":"ADBE Vector Group","hd":false},{"ty":"gr","it":[{"ind":0,"ty":"sh","ix":1,"ks":{"a":0,"k":{"i":[[0,-5.803],[5.803,0],[0,5.803],[-5.802,0]],"o":[[0,5.803],[-5.802,0],[0,-5.803],[5.803,0]],"v":[[10.507,-0.001],[-0.001,10.506],[-10.507,-0.001],[-0.001,-10.506]],"c":true},"ix":2},"nm":"Path 1","mn":"ADBE Vector Shape - Group","hd":false},{"ty":"mm","mm":4,"nm":"Merge Paths 1","mn":"ADBE Vector Filter - Merge","hd":false},{"ty":"fl","c":{"a":0,"k":[0.113725490196,0.062745098039,0.023529411765,1],"ix":4},"o":{"a":0,"k":100,"ix":5},"r":1,"bm":0,"nm":"Fill 1","mn":"ADBE Vector Graphic - Fill","hd":false},{"ty":"tr","p":{"a":0,"k":[131.634,10.757],"ix":2},"a":{"a":0,"k":[0,0],"ix":1},"s":{"a":0,"k":[100,100],"ix":3},"r":{"a":0,"k":0,"ix":6},"o":{"a":0,"k":100,"ix":7},"sk":{"a":0,"k":0,"ix":4},"sa":{"a":0,"k":0,"ix":5},"nm":"Transform"}],"nm":"Group 3","np":3,"cix":2,"bm":0,"ix":3,"mn":"ADBE Vector Group","hd":false},{"ty":"gr","it":[{"ind":0,"ty":"sh","ix":1,"ks":{"a":0,"k":{"i":[[0,-5.803],[5.803,0],[0,5.803],[-5.803,0]],"o":[[0,5.803],[-5.803,0],[0,-5.803],[5.803,0]],"v":[[10.507,-0.001],[-0.001,10.506],[-10.507,-0.001],[-0.001,-10.506]],"c":true},"ix":2},"nm":"Path 1","mn":"ADBE Vector Shape - Group","hd":false},{"ty":"mm","mm":4,"nm":"Merge Paths 1","mn":"ADBE Vector Filter - Merge","hd":false},{"ty":"fl","c":{"a":0,"k":[0.113725490196,0.062745098039,0.023529411765,1],"ix":4},"o":{"a":0,"k":100,"ix":5},"r":1,"bm":0,"nm":"Fill 1","mn":"ADBE Vector Graphic - Fill","hd":false},{"ty":"tr","p":{"a":0,"k":[15.336,10.757],"ix":2},"a":{"a":0,"k":[0,0],"ix":1},"s":{"a":0,"k":[100,100],"ix":3},"r":{"a":0,"k":0,"ix":6},"o":{"a":0,"k":100,"ix":7},"sk":{"a":0,"k":0,"ix":4},"sa":{"a":0,"k":0,"ix":5},"nm":"Transform"}],"nm":"Group 4","np":3,"cix":2,"bm":0,"ix":4,"mn":"ADBE Vector Group","hd":false}],"ip":-1,"op":120.2,"st":-1,"bm":0},{"ddd":0,"ind":2,"ty":4,"nm":"Body","sr":1,"ks":{"o":{"a":0,"k":100,"ix":11},"r":{"a":1,"k":[{"i":{"x":[0.457],"y":[1]},"o":{"x":[0.677],"y":[0]},"t":3.8,"s":[-25]},{"i":{"x":[0.833],"y":[1]},"o":{"x":[0.167],"y":[0]},"t":9.8,"s":[12]},{"i":{"x":[0.616],"y":[0.996]},"o":{"x":[0.28],"y":[0]},"t":14.6,"s":[-9]},{"i":{"x":[0.562],"y":[1]},"o":{"x":[0.194],"y":[0]},"t":20.121,"s":[0]},{"i":{"x":[0.656],"y":[0.951]},"o":{"x":[0.311],"y":[0]},"t":37.4,"s":[15]},{"i":{"x":[0.686],"y":[0.959]},"o":{"x":[0.343],"y":[-0.047]},"t":59,"s":[-10]},{"i":{"x":[0.72],"y":[2.402]},"o":{"x":[0.377],"y":[0.414]},"t":75.8,"s":[10]},{"i":{"x":[0.757],"y":[1]},"o":{"x":[0.414],"y":[0.462]},"t":88,"s":[11.709]},{"i":{"x":[0.833],"y":[0.833]},"o":{"x":[0.333],"y":[0]},"t":106.601,"s":[0]},{"i":{"x":[0.833],"y":[0.833]},"o":{"x":[0.333],"y":[0]},"t":110.2,"s":[-17]},{"t":115,"s":[65]}],"ix":10},"p":{"a":1,"k":[{"i":{"x":0.667,"y":1},"o":{"x":0.333,"y":0},"t":10,"s":[1132.734,1060.077,0],"to":[0,0,0],"ti":[15.234,3.577,0]},{"i":{"x":0.667,"y":1},"o":{"x":0.333,"y":0},"t":24.2,"s":[1074.234,1091.577,0],"to":[-12.234,4.673,0],"ti":[16.59,5.077,0]},{"i":{"x":0.667,"y":1},"o":{"x":0.333,"y":0},"t":33.8,"s":[1090.589,1003.077,0],"to":[-16.59,-5.077,0],"ti":[-7.564,-11.989,0]},{"i":{"x":0.667,"y":1},"o":{"x":0.333,"y":0},"t":44.6,"s":[1054.436,1088.761,0],"to":[7.564,11.989,0],"ti":[-9.096,-7.494,0]},{"i":{"x":0.667,"y":1},"o":{"x":0.333,"y":0},"t":55.4,"s":[1151.904,993.506,0],"to":[9.096,7.494,0],"ti":[13.734,6.577,0]},{"i":{"x":0.667,"y":1},"o":{"x":0.333,"y":0},"t":65,"s":[1086.234,1088.577,0],"to":[-13.734,-6.577,0],"ti":[10.59,2.077,0]},{"i":{"x":0.667,"y":1},"o":{"x":0.333,"y":0},"t":74.6,"s":[1116.089,988.077,0],"to":[-10.59,-2.077,0],"ti":[-8.314,-12.739,0]},{"i":{"x":0.667,"y":1},"o":{"x":0.333,"y":0},"t":88,"s":[1132.734,1060.077,0],"to":[8.314,12.739,0],"ti":[-11.346,-10.494,0]},{"i":{"x":0.833,"y":0.833},"o":{"x":0.333,"y":0},"t":96.2,"s":[1162.404,1007.006,0],"to":[11.346,10.494,0],"ti":[0,0,0]},{"i":{"x":0.833,"y":0.833},"o":{"x":0.167,"y":0.167},"t":103,"s":[1132.734,1060.077,0],"to":[0,0,0],"ti":[19.266,-69.577,0]},{"i":{"x":0.828,"y":0.941},"o":{"x":0.333,"y":0},"t":110.2,"s":[1125.234,1138.077,0],"to":[-19.266,69.577,0],"ti":[131,138,0]},{"t":115,"s":[853.734,1108.077,0]}],"ix":2},"a":{"a":0,"k":[211.484,189.499,0],"ix":1},"s":{"a":1,"k":[{"i":{"x":[0.833,0.833,0.833],"y":[1,1,1]},"o":{"x":[0.167,0.167,0.167],"y":[0,0,0]},"t":0.2,"s":[0,0,100]},{"i":{"x":[0.667,0.667,0.667],"y":[1,1,1]},"o":{"x":[0.167,0.167,0.167],"y":[0.167,0.167,0]},"t":6.2,"s":[354,354,100]},{"i":{"x":[0.592,0.592,0.592],"y":[1,1,1]},"o":{"x":[0.252,0.252,0.252],"y":[0,0,0]},"t":10,"s":[285,285,100]},{"i":{"x":[0.84,0.84,0.84],"y":[1,1,1]},"o":{"x":[0.258,0.258,0.258],"y":[0,0,0]},"t":19.4,"s":[300,300,100]},{"i":{"x":[0.833,0.833,0.833],"y":[0.833,0.833,0.167]},"o":{"x":[0.333,0.333,0.333],"y":[0,0,0]},"t":88,"s":[285,285,100]},{"i":{"x":[0.828,0.828,0.833],"y":[0.867,0.867,1]},"o":{"x":[0.333,0.333,0.333],"y":[0,0,0]},"t":110.2,"s":[306,306,100]},{"t":115,"s":[0,0,100]}],"ix":6}},"ao":0,"shapes":[{"ty":"gr","it":[{"ty":"gr","it":[{"ind":0,"ty":"sh","ix":1,"ks":{"a":0,"k":{"i":[[0,0],[0,0],[0,0],[0,0]],"o":[[0,0],[0,0],[0,0],[0,0]],"v":[[-7.286,-50.39],[-5.915,49.966],[5.285,47.242],[5.283,-46.877]],"c":true},"ix":2},"nm":"Path 1","mn":"ADBE Vector Shape - Group","hd":false},{"ty":"mm","mm":4,"nm":"Merge Paths 1","mn":"ADBE Vector Filter - Merge","hd":false},{"ty":"fl","c":{"a":0,"k":[0.177256744983,0.38144716749,0.7129411286,1],"ix":4},"o":{"a":0,"k":100,"ix":5},"r":1,"bm":0,"nm":"Fill 1","mn":"ADBE Vector Graphic - Fill","hd":false},{"ty":"tr","p":{"a":0,"k":[47.954,209.431],"ix":2},"a":{"a":0,"k":[0,0],"ix":1},"s":{"a":0,"k":[100,100],"ix":3},"r":{"a":0,"k":0,"ix":6},"o":{"a":0,"k":100,"ix":7},"sk":{"a":0,"k":0,"ix":4},"sa":{"a":0,"k":0,"ix":5},"nm":"Transform"}],"nm":"Group 1","np":3,"cix":2,"bm":0,"ix":1,"mn":"ADBE Vector Group","hd":false},{"ty":"gr","it":[{"ind":0,"ty":"sh","ix":1,"ks":{"a":0,"k":{"i":[[0,0],[0,0],[0,2.787],[0,0],[-3.17,1.627],[0,0]],"o":[[0,0],[-2.915,-1.654],[0,0],[0,-2.933],[0,0],[0,0]],"v":[[8.859,50.236],[-4.222,42.818],[-8.858,35.758],[-8.859,-36.452],[-3.785,-43.749],[8.858,-50.236]],"c":true},"ix":2},"nm":"Path 1","mn":"ADBE Vector Shape - Group","hd":false},{"ty":"mm","mm":4,"nm":"Merge Paths 1","mn":"ADBE Vector Filter - Merge","hd":false},{"ty":"fl","c":{"a":0,"k":[0.177256744983,0.38144716749,0.7129411286,1],"ix":4},"o":{"a":0,"k":100,"ix":5},"r":1,"bm":0,"nm":"Fill 1","mn":"ADBE Vector Graphic - Fill","hd":false},{"ty":"tr","p":{"a":0,"k":[33.811,209.43],"ix":2},"a":{"a":0,"k":[0,0],"ix":1},"s":{"a":0,"k":[100,100],"ix":3},"r":{"a":0,"k":0,"ix":6},"o":{"a":0,"k":100,"ix":7},"sk":{"a":0,"k":0,"ix":4},"sa":{"a":0,"k":0,"ix":5},"nm":"Transform"}],"nm":"Group 2","np":3,"cix":2,"bm":0,"ix":2,"mn":"ADBE Vector Group","hd":false},{"ty":"gr","it":[{"ind":0,"ty":"sh","ix":1,"ks":{"a":0,"k":{"i":[[0,0],[0,0],[0,-2.236],[0,0],[-2.736,-0.752],[0,0]],"o":[[0,0],[-2.736,0.752],[0,0],[-0.001,2.236],[0,0],[0,0]],"v":[[7.143,-38.36],[0.21,-36.659],[-4.352,-31.676],[-4.351,31.676],[0.211,36.659],[6.629,38.333]],"c":true},"ix":2},"nm":"Path 1","mn":"ADBE Vector Shape - Group","hd":false},{"ty":"mm","mm":4,"nm":"Merge Paths 1","mn":"ADBE Vector Filter - Merge","hd":false},{"ty":"fl","c":{"a":0,"k":[0.177256744983,0.38144716749,0.7129411286,1],"ix":4},"o":{"a":0,"k":100,"ix":5},"r":1,"bm":0,"nm":"Fill 1","mn":"ADBE Vector Graphic - Fill","hd":false},{"ty":"tr","p":{"a":0,"k":[20.602,208.952],"ix":2},"a":{"a":0,"k":[0,0],"ix":1},"s":{"a":0,"k":[100,100],"ix":3},"r":{"a":0,"k":0,"ix":6},"o":{"a":0,"k":100,"ix":7},"sk":{"a":0,"k":0,"ix":4},"sa":{"a":0,"k":0,"ix":5},"nm":"Transform"}],"nm":"Group 3","np":3,"cix":2,"bm":0,"ix":3,"mn":"ADBE Vector Group","hd":false},{"ty":"gr","it":[{"ind":0,"ty":"sh","ix":1,"ks":{"a":0,"k":{"i":[[0,0],[0,0],[0,0],[0,0]],"o":[[0,0],[0,0],[0,0],[0,0]],"v":[[9.005,-51.325],[5.701,50.262],[-5.285,47.242],[-5.284,-46.877]],"c":true},"ix":2},"nm":"Path 1","mn":"ADBE Vector Shape - Group","hd":false},{"ty":"mm","mm":4,"nm":"Merge Paths 1","mn":"ADBE Vector Filter - Merge","hd":false},{"ty":"fl","c":{"a":0,"k":[0.177256744983,0.38144716749,0.7129411286,1],"ix":4},"o":{"a":0,"k":100,"ix":5},"r":1,"bm":0,"nm":"Fill 1","mn":"ADBE Vector Graphic - Fill","hd":false},{"ty":"tr","p":{"a":0,"k":[375.014,209.431],"ix":2},"a":{"a":0,"k":[0,0],"ix":1},"s":{"a":0,"k":[100,100],"ix":3},"r":{"a":0,"k":0,"ix":6},"o":{"a":0,"k":100,"ix":7},"sk":{"a":0,"k":0,"ix":4},"sa":{"a":0,"k":0,"ix":5},"nm":"Transform"}],"nm":"Group 4","np":3,"cix":2,"bm":0,"ix":4,"mn":"ADBE Vector Group","hd":false},{"ty":"gr","it":[{"ind":0,"ty":"sh","ix":1,"ks":{"a":0,"k":{"i":[[0,0],[0,0],[0,2.787],[0,0],[3.17,1.627],[0,0]],"o":[[0,0],[2.915,-1.654],[0,0],[0,-2.933],[0,0],[0,0]],"v":[[-8.859,50.236],[4.223,42.818],[8.858,35.758],[8.859,-36.452],[3.785,-43.749],[-8.858,-50.236]],"c":true},"ix":2},"nm":"Path 1","mn":"ADBE Vector Shape - Group","hd":false},{"ty":"mm","mm":4,"nm":"Merge Paths 1","mn":"ADBE Vector Filter - Merge","hd":false},{"ty":"fl","c":{"a":0,"k":[0.177256744983,0.38144716749,0.7129411286,1],"ix":4},"o":{"a":0,"k":100,"ix":5},"r":1,"bm":0,"nm":"Fill 1","mn":"ADBE Vector Graphic - Fill","hd":false},{"ty":"tr","p":{"a":0,"k":[389.156,209.43],"ix":2},"a":{"a":0,"k":[0,0],"ix":1},"s":{"a":0,"k":[100,100],"ix":3},"r":{"a":0,"k":0,"ix":6},"o":{"a":0,"k":100,"ix":7},"sk":{"a":0,"k":0,"ix":4},"sa":{"a":0,"k":0,"ix":5},"nm":"Transform"}],"nm":"Group 5","np":3,"cix":2,"bm":0,"ix":5,"mn":"ADBE Vector Group","hd":false},{"ty":"gr","it":[{"ind":0,"ty":"sh","ix":1,"ks":{"a":0,"k":{"i":[[0,0],[0,0],[0,-2.236],[0,0],[2.736,-0.752],[0,0]],"o":[[0,0],[2.735,0.752],[0,0],[0,2.236],[0,0],[0,0]],"v":[[-6.41,-38.636],[-0.21,-36.659],[4.352,-31.676],[4.351,31.676],[-0.211,36.659],[-6.406,37.972]],"c":true},"ix":2},"nm":"Path 1","mn":"ADBE Vector Shape - Group","hd":false},{"ty":"mm","mm":4,"nm":"Merge Paths 1","mn":"ADBE Vector Filter - Merge","hd":false},{"ty":"fl","c":{"a":0,"k":[0.177256744983,0.38144716749,0.7129411286,1],"ix":4},"o":{"a":0,"k":100,"ix":5},"r":1,"bm":0,"nm":"Fill 1","mn":"ADBE Vector Graphic - Fill","hd":false},{"ty":"tr","p":{"a":0,"k":[402.367,208.952],"ix":2},"a":{"a":0,"k":[0,0],"ix":1},"s":{"a":0,"k":[100,100],"ix":3},"r":{"a":0,"k":0,"ix":6},"o":{"a":0,"k":100,"ix":7},"sk":{"a":0,"k":0,"ix":4},"sa":{"a":0,"k":0,"ix":5},"nm":"Transform"}],"nm":"Group 6","np":3,"cix":2,"bm":0,"ix":6,"mn":"ADBE Vector Group","hd":false},{"ty":"gr","it":[{"ind":0,"ty":"sh","ix":1,"ks":{"a":0,"k":{"i":[[0,0],[86.933,0],[11.514,-87.042],[0,0],[-33.508,29.888],[-45.158,0],[-33.828,-30.173],[-5.894,-44.56]],"o":[[-11.514,-87.042],[-86.932,0],[0,0],[5.894,-44.56],[33.828,-30.173],[45.159,0],[33.509,29.888],[0,0]],"v":[[172.686,81.84],[0,-70.84],[-172.685,81.84],[-183.59,80.399],[-122.487,-35.05],[0,-81.84],[122.487,-35.05],[183.59,80.399]],"c":true},"ix":2},"nm":"Path 1","mn":"ADBE Vector Shape - Group","hd":false},{"ty":"mm","mm":4,"nm":"Merge Paths 1","mn":"ADBE Vector Filter - Merge","hd":false},{"ty":"fl","c":{"a":0,"k":[0.177256744983,0.38144716749,0.7129411286,1],"ix":4},"o":{"a":0,"k":100,"ix":5},"r":1,"bm":0,"nm":"Fill 1","mn":"ADBE Vector Graphic - Fill","hd":false},{"ty":"tr","p":{"a":0,"k":[211.551,92.591],"ix":2},"a":{"a":0,"k":[0,0],"ix":1},"s":{"a":0,"k":[100,100],"ix":3},"r":{"a":0,"k":0,"ix":6},"o":{"a":0,"k":100,"ix":7},"sk":{"a":0,"k":0,"ix":4},"sa":{"a":0,"k":0,"ix":5},"nm":"Transform"}],"nm":"Group 8","np":3,"cix":2,"bm":0,"ix":7,"mn":"ADBE Vector Group","hd":false},{"ty":"tr","p":{"a":0,"k":[211.484,135.209],"ix":2},"a":{"a":0,"k":[211.484,135.209],"ix":1},"s":{"a":0,"k":[100,100],"ix":3},"r":{"a":0,"k":0,"ix":6},"o":{"a":0,"k":100,"ix":7},"sk":{"a":0,"k":0,"ix":4},"sa":{"a":0,"k":0,"ix":5},"nm":"Transform"}],"nm":"Group 11","np":7,"cix":2,"bm":0,"ix":1,"mn":"ADBE Vector Group","hd":false},{"ty":"gr","it":[{"ind":0,"ty":"sh","ix":1,"ks":{"a":0,"k":{"i":[[0,-90.875],[90.875,0],[0,90.875],[-90.875,0]],"o":[[0,90.875],[-90.875,0],[0,-90.875],[90.875,0]],"v":[[164.544,0],[0,164.544],[-164.544,0],[0,-164.544]],"c":true},"ix":2},"nm":"Path 1","mn":"ADBE Vector Shape - Group","hd":false},{"ty":"mm","mm":4,"nm":"Merge Paths 1","mn":"ADBE Vector Filter - Merge","hd":false},{"ty":"fl","c":{"a":0,"k":[0.992156862745,0.83137254902,0.011764705882,1],"ix":4},"o":{"a":0,"k":100,"ix":5},"r":1,"bm":0,"nm":"Fill 1","mn":"ADBE Vector Graphic - Fill","hd":false},{"ty":"tr","p":{"a":0,"k":[211.551,198.204],"ix":2},"a":{"a":0,"k":[0,0],"ix":1},"s":{"a":0,"k":[100,100],"ix":3},"r":{"a":0,"k":0,"ix":6},"o":{"a":0,"k":100,"ix":7},"sk":{"a":0,"k":0,"ix":4},"sa":{"a":0,"k":0,"ix":5},"nm":"Transform"}],"nm":"Group 7","np":3,"cix":2,"bm":0,"ix":2,"mn":"ADBE Vector Group","hd":false},{"ty":"gr","it":[{"ind":0,"ty":"sh","ix":1,"ks":{"a":0,"k":{"i":[[0,0],[0,0],[0,0],[0,-3.21],[0,0],[0,0]],"o":[[0,0],[0,0],[-2.064,2.005],[0,0],[0,0],[0,0]],"v":[[174.246,55.687],[186.101,55.688],[182.593,42.924],[179.234,51.129],[179.234,18.557],[174.247,18.557]],"c":true},"ix":2},"nm":"Path 1","mn":"ADBE Vector Shape - Group","hd":false},{"ind":1,"ty":"sh","ix":2,"ks":{"a":0,"k":{"i":[[0,0],[0,0],[0,0],[0,0],[0,0],[2.063,2.005]],"o":[[0,0],[0,0],[0,0],[0,0],[0,-3.209],[0,0]],"v":[[-186.101,55.689],[-174.246,55.689],[-174.246,33.843],[-179.233,33.843],[-179.233,51.128],[-182.592,42.925]],"c":true},"ix":2},"nm":"Path 2","mn":"ADBE Vector Shape - Group","hd":false},{"ind":2,"ty":"sh","ix":3,"ks":{"a":0,"k":{"i":[[0,0],[0,0],[-66.123,0],[-18.156,63.293],[0,0],[0,0],[78.188,0],[14.953,-77.545]],"o":[[0,0],[18.027,63.533],[65.922,0],[0,0],[0,0],[-14.927,-77.586],[-78.154,0],[0,0]],"v":[[-161.784,-17.374],[-142.853,49.344],[0.067,157.249],[142.866,49.751],[161.998,-16.94],[160.765,-23.351],[0.067,-157.249],[-160.618,-23.42]],"c":true},"ix":2},"nm":"Path 3","mn":"ADBE Vector Shape - Group","hd":false},{"ind":3,"ty":"sh","ix":4,"ks":{"a":0,"k":{"i":[[39.992,0],[31.733,24.336],[12.26,26.038],[0,0],[0,0],[1.92,2.232],[0,8.894],[0,0],[-8.92,3.081],[-2.295,1.385],[-90.866,0],[-20.682,-88.658],[-1.664,-1.862],[0,-9.024],[0,0],[8.706,-3.171],[2.74,-1.554],[0,0],[0,0],[23.053,-17.63]],"o":[[-40.085,0],[-22.977,-17.62],[0,0],[0,0],[-2.74,-1.553],[-8.705,-3.171],[0,0],[0,-9.024],[1.704,-1.907],[20.717,-88.603],[90.911,0],[2.231,1.366],[8.921,3.082],[0,0],[0,8.894],[-1.92,2.233],[0,0],[0,0],[-12.297,26.101],[-31.693,24.235]],"v":[[0.066,189.249],[-109.711,152.05],[-163.441,85.275],[-170.888,87.385],[-189.787,76.667],[-196.808,70.936],[-211.233,51.129],[-211.234,-12.223],[-196.428,-32.164],[-190.406,-37.138],[0.066,-189.249],[190.56,-37.043],[196.426,-32.165],[211.234,-12.223],[211.234,51.129],[196.807,70.936],[189.786,76.668],[170.887,87.384],[163.556,85.308],[109.643,152.203]],"c":true},"ix":2},"nm":"Path 4","mn":"ADBE Vector Shape - Group","hd":false},{"ty":"mm","mm":1,"nm":"Merge Paths 1","mn":"ADBE Vector Filter - Merge","hd":false},{"ty":"mm","mm":4,"nm":"Merge Paths 2","mn":"ADBE Vector Filter - Merge","hd":false},{"ty":"fl","c":{"a":0,"k":[0.113725490196,0.062745098039,0.023529411765,1],"ix":4},"o":{"a":0,"k":100,"ix":5},"r":1,"bm":0,"nm":"Fill 1","mn":"ADBE Vector Graphic - Fill","hd":false},{"ty":"tr","p":{"a":0,"k":[211.485,189.499],"ix":2},"a":{"a":0,"k":[0,0],"ix":1},"s":{"a":0,"k":[100,100],"ix":3},"r":{"a":0,"k":0,"ix":6},"o":{"a":0,"k":100,"ix":7},"sk":{"a":0,"k":0,"ix":4},"sa":{"a":0,"k":0,"ix":5},"nm":"Transform"}],"nm":"Group 9","np":7,"cix":2,"bm":0,"ix":3,"mn":"ADBE Vector Group","hd":false},{"ty":"gr","it":[{"ind":0,"ty":"sh","ix":1,"ks":{"a":0,"k":{"i":[[2.736,0.752],[0,0],[0,0],[0,0],[3.17,1.627],[0,0],[87.459,0],[16.131,-83.654],[0,0],[0,-2.933],[0,0],[0,0],[0,0],[0,-2.235],[0,0],[-2.737,-0.752],[0,0],[0,0],[-2.915,-1.653],[0,0],[0,0],[0,0],[-75.27,0],[-19.726,68.764],[0,0],[0,0],[0,0],[0,2.787],[0,0],[0,0],[0,2.237],[0,0]],"o":[[0,0],[0,0],[0,0],[0,-2.933],[0,0],[-16.101,-83.692],[-87.433,0],[0,0],[-3.171,1.627],[0,0],[0,0],[0,0],[-2.737,0.752],[0,0],[0,2.237],[0,0],[0,0],[0,2.787],[0,0],[0,0],[0,0],[19.577,68.997],[75.105,0],[0,0],[0,0],[0,0],[2.915,-1.653],[0,0],[0,0],[2.736,-0.752],[0,0],[0,-2.235]],"v":[[190.673,-17.206],[186.531,-18.344],[186.531,18.557],[186.531,-16.521],[181.458,-23.819],[176.476,-26.374],[0.068,-173.249],[-176.328,-26.45],[-181.456,-23.819],[-186.531,-16.521],[-186.53,33.842],[-186.531,-18.344],[-190.671,-17.206],[-195.234,-12.224],[-195.233,51.128],[-190.67,56.111],[-186.53,57.25],[-186.53,55.689],[-181.894,62.749],[-168.813,70.167],[-158.245,67.174],[-158.245,53.711],[0.068,173.249],[158.247,54.163],[158.246,67.174],[168.814,70.167],[181.895,62.749],[186.531,55.689],[186.531,57.25],[190.671,56.111],[195.234,51.128],[195.234,-12.224]],"c":true},"ix":2},"nm":"Path 1","mn":"ADBE Vector Shape - Group","hd":false},{"ty":"mm","mm":4,"nm":"Merge Paths 1","mn":"ADBE Vector Filter - Merge","hd":false},{"ty":"fl","c":{"a":0,"k":[0.113725490196,0.062745098039,0.023529411765,1],"ix":4},"o":{"a":0,"k":100,"ix":5},"r":1,"bm":0,"nm":"Fill 1","mn":"ADBE Vector Graphic - Fill","hd":false},{"ty":"tr","p":{"a":0,"k":[211.484,189.499],"ix":2},"a":{"a":0,"k":[0,0],"ix":1},"s":{"a":0,"k":[100,100],"ix":3},"r":{"a":0,"k":0,"ix":6},"o":{"a":0,"k":100,"ix":7},"sk":{"a":0,"k":0,"ix":4},"sa":{"a":0,"k":0,"ix":5},"nm":"Transform"}],"nm":"Group 10","np":3,"cix":2,"bm":0,"ix":4,"mn":"ADBE Vector Group","hd":false}],"ip":-1,"op":120.2,"st":-1,"bm":0}],"markers":[]}