{"v":"5.8.1","fr":60,"ip":0,"op":112,"w":1024,"h":1024,"nm":"emoji_sun","ddd":0,"assets":[],"layers":[{"ddd":0,"ind":1,"ty":3,"nm":"Null ALL","sr":1,"ks":{"o":{"a":0,"k":0,"ix":11},"r":{"a":0,"k":0,"ix":10},"p":{"s":true,"x":{"a":0,"k":512,"ix":3},"y":{"a":1,"k":[{"i":{"x":[0.842],"y":[0.522]},"o":{"x":[0.495],"y":[0]},"t":0,"s":[412]},{"i":{"x":[0.767],"y":[0.767]},"o":{"x":[0.34],"y":[0.155]},"t":37,"s":[524.344]},{"i":{"x":[0.5],"y":[1]},"o":{"x":[0.222],"y":[0.51]},"t":40,"s":[584.972]},{"i":{"x":[0.767],"y":[0.605]},"o":{"x":[0.511],"y":[0]},"t":49,"s":[664]},{"i":{"x":[0.588],"y":[0.75]},"o":{"x":[0.315],"y":[0.305]},"t":56,"s":[602.428]},{"i":{"x":[0.376],"y":[1]},"o":{"x":[0.086],"y":[0.292]},"t":59,"s":[556.15]},{"t":111,"s":[412]}],"ix":4}},"a":{"a":0,"k":[0,0,0],"ix":1,"l":2},"s":{"a":1,"k":[{"i":{"x":[0.833,0.833,0.833],"y":[0.833,0.833,1]},"o":{"x":[1,1,0.167],"y":[0,0,0]},"t":0,"s":[80,80,100]},{"i":{"x":[0.5,0.5,0.667],"y":[1,1,1]},"o":{"x":[0.167,0.167,0.167],"y":[0.167,0.167,0]},"t":40,"s":[75,82,100]},{"i":{"x":[0.833,0.833,0.833],"y":[0.833,0.833,1]},"o":{"x":[0.5,0.5,0.333],"y":[0,0,0]},"t":49,"s":[90,65,100]},{"i":{"x":[0.667,0.667,0.667],"y":[1,1,1]},"o":{"x":[0.167,0.167,0.167],"y":[0.167,0.167,0]},"t":59,"s":[75,90,100]},{"i":{"x":[0.667,0.667,0.667],"y":[1,1,1]},"o":{"x":[0.167,0.167,0.167],"y":[0,0,0]},"t":100,"s":[80,80,100]},{"t":111,"s":[80,80,100]}],"ix":6,"l":2}},"ao":0,"ip":0,"op":112,"st":0,"bm":0},{"ddd":0,"ind":2,"ty":3,"nm":"Null Face","parent":1,"sr":1,"ks":{"o":{"a":0,"k":0,"ix":11},"r":{"a":0,"k":0,"ix":10},"p":{"s":true,"x":{"a":1,"k":[{"i":{"x":[0.667],"y":[1]},"o":{"x":[0.333],"y":[0]},"t":54,"s":[0]},{"i":{"x":[0.667],"y":[1]},"o":{"x":[0.333],"y":[0]},"t":64,"s":[36.355]},{"i":{"x":[0.667],"y":[1]},"o":{"x":[0.333],"y":[0]},"t":76,"s":[-30.055]},{"i":{"x":[0.667],"y":[1]},"o":{"x":[0.333],"y":[0]},"t":89,"s":[28.762]},{"i":{"x":[0.667],"y":[1]},"o":{"x":[0.333],"y":[0]},"t":100,"s":[-15.032]},{"t":111,"s":[0]}],"ix":3},"y":{"a":1,"k":[{"i":{"x":[0.796],"y":[1.759]},"o":{"x":[0.49],"y":[-0.569]},"t":0,"s":[0]},{"i":{"x":[0.476],"y":[1]},"o":{"x":[0.6],"y":[0.233]},"t":27,"s":[-11.708]},{"i":{"x":[0.833],"y":[0.833]},"o":{"x":[0.333],"y":[0]},"t":49,"s":[79.675]},{"i":{"x":[0.667],"y":[1]},"o":{"x":[0.167],"y":[0.167]},"t":59,"s":[0]},{"i":{"x":[0.408],"y":[0.873]},"o":{"x":[0.496],"y":[0]},"t":70,"s":[-80.423]},{"t":111,"s":[0]}],"ix":4}},"a":{"a":0,"k":[0,0,0],"ix":1,"l":2},"s":{"a":0,"k":[100,100,100],"ix":6,"l":2}},"ao":0,"ip":0,"op":112,"st":0,"bm":0},{"ddd":0,"ind":3,"ty":4,"nm":"mouth ","parent":2,"sr":1,"ks":{"o":{"a":0,"k":100,"ix":11},"r":{"a":0,"k":0,"ix":10},"p":{"s":true,"x":{"a":0,"k":-3.859,"ix":3},"y":{"a":1,"k":[{"i":{"x":[0.667],"y":[1]},"o":{"x":[0.167],"y":[0.167]},"t":56,"s":[121.361]},{"i":{"x":[0.667],"y":[1]},"o":{"x":[0.333],"y":[0]},"t":61,"s":[76.642]},{"t":110,"s":[121.361]}],"ix":4}},"a":{"a":0,"k":[122.201,40.887,0],"ix":1,"l":2},"s":{"a":0,"k":[100,100,100],"ix":6,"l":2}},"ao":0,"shapes":[{"ty":"gr","it":[{"ind":0,"ty":"sh","ix":1,"ks":{"a":1,"k":[{"i":{"x":0.833,"y":0.833},"o":{"x":0.167,"y":0.167},"t":0,"s":[{"i":[[8.394,-5.488],[52.542,0],[12.832,10.572],[5.488,-4.116],[-3.874,-5.973],[-64.083,-1.13],[-14.851,23.002],[3.793,3.874]],"o":[[-13.72,8.959],[-52.541,0],[-5.892,-4.924],[-5.488,4.117],[14.851,23.002],[64.082,-1.13],[3.228,-5.004],[-4.924,-5.165]],"v":[[95.64,-30.71],[0.242,-0.687],[-96.527,-31.759],[-115.413,-36.521],[-118.077,-18.038],[0.162,40.637],[118.4,-18.038],[118.158,-34.1]],"c":true}]},{"i":{"x":0.667,"y":1},"o":{"x":0.167,"y":0.167},"t":49,"s":[{"i":[[8.394,-5.488],[52.542,0],[12.832,10.572],[5.488,-4.116],[-3.874,-5.973],[-64.083,-1.13],[-14.851,23.002],[3.793,3.874]],"o":[[-13.72,8.959],[-52.541,0],[-5.892,-4.924],[-5.488,4.117],[14.851,23.002],[64.082,-1.13],[3.228,-5.004],[-4.924,-5.165]],"v":[[95.64,-30.71],[0.242,-0.687],[-96.527,-31.759],[-115.413,-36.521],[-118.077,-18.038],[0.162,40.637],[118.4,-18.038],[118.158,-34.1]],"c":true}]},{"i":{"x":0.667,"y":1},"o":{"x":0.333,"y":0},"t":61,"s":[{"i":[[8.394,-5.488],[52.542,0],[12.832,10.572],[5.488,-4.116],[-5.914,-20.581],[-64.083,-1.349],[-13.88,45.184],[3.793,3.874]],"o":[[-13.72,8.959],[-52.541,0],[-5.892,-4.924],[-5.488,4.117],[13.08,45.521],[64.082,-1.349],[5.609,-18.26],[-4.924,-5.165]],"v":[[95.823,-51.821],[0.425,-27.354],[-96.344,-52.87],[-115.23,-57.632],[-117.894,-20.114],[0.162,62.36],[118.582,-20.114],[118.34,-55.211]],"c":true}]},{"t":110,"s":[{"i":[[8.394,-5.488],[52.542,0],[12.832,10.572],[5.488,-4.116],[-3.874,-5.973],[-64.083,-1.13],[-14.851,23.002],[3.793,3.874]],"o":[[-13.72,8.959],[-52.541,0],[-5.892,-4.924],[-5.488,4.117],[14.851,23.002],[64.082,-1.13],[3.228,-5.004],[-4.924,-5.165]],"v":[[95.64,-30.71],[0.242,-0.687],[-96.527,-31.759],[-115.413,-36.521],[-118.077,-18.038],[0.162,40.637],[118.4,-18.038],[118.158,-34.1]],"c":true}]}],"ix":2},"nm":"Path 1","mn":"ADBE Vector Shape - Group","hd":false},{"ty":"fl","c":{"a":0,"k":[0.365000017952,0.250999989229,0.216000007181,1],"ix":4},"o":{"a":0,"k":100,"ix":5},"r":1,"bm":0,"nm":"Fill 1","mn":"ADBE Vector Graphic - Fill","hd":false},{"ty":"tr","p":{"a":0,"k":[122.201,40.887],"ix":2},"a":{"a":0,"k":[0,0],"ix":1},"s":{"a":0,"k":[100,100],"ix":3},"r":{"a":0,"k":0,"ix":6},"o":{"a":0,"k":100,"ix":7},"sk":{"a":0,"k":0,"ix":4},"sa":{"a":0,"k":0,"ix":5},"nm":"Transform"}],"nm":"Group 1","np":2,"cix":2,"bm":0,"ix":1,"mn":"ADBE Vector Group","hd":false}],"ip":0,"op":112,"st":0,"bm":0},{"ddd":0,"ind":4,"ty":4,"nm":"eye closed L","parent":2,"sr":1,"ks":{"o":{"a":0,"k":100,"ix":11},"r":{"a":0,"k":0,"ix":10},"p":{"a":0,"k":[-140.84,-107.338,0],"ix":2,"l":2},"a":{"a":0,"k":[132.286,6.863,0],"ix":1,"l":2},"s":{"a":0,"k":[120,120,100],"ix":6,"l":2}},"ao":0,"shapes":[{"ty":"gr","it":[{"ind":0,"ty":"sh","ix":1,"ks":{"a":1,"k":[{"t":49,"s":[{"i":[[0,0],[-29.178,0],[0,0]],"o":[[0,0],[29.178,0],[0,0]],"v":[[91.908,23.727],[132.408,34.715],[172.664,23.727]],"c":false}],"h":1},{"t":56,"s":[{"i":[[0,0],[-33.714,0],[0,0]],"o":[[0,0],[33.714,0],[0,0]],"v":[[91.908,23.727],[132.286,-10],[172.664,23.727]],"c":false}],"h":1}],"ix":2},"nm":"Path 2","mn":"ADBE Vector Shape - Group","hd":false},{"ty":"st","c":{"a":0,"k":[0.364705882353,0.250980392157,0.215686289469,1],"ix":3},"o":{"a":0,"k":100,"ix":4},"w":{"a":0,"k":17,"ix":5},"lc":2,"lj":2,"bm":0,"nm":"Stroke 1","mn":"ADBE Vector Graphic - Stroke","hd":false},{"ty":"tr","p":{"a":0,"k":[0,0],"ix":2},"a":{"a":0,"k":[0,0],"ix":1},"s":{"a":0,"k":[100,100],"ix":3},"r":{"a":0,"k":0,"ix":6},"o":{"a":0,"k":100,"ix":7},"sk":{"a":0,"k":0,"ix":4},"sa":{"a":0,"k":0,"ix":5},"nm":"Transform"}],"nm":"Shape 1","np":3,"cix":2,"bm":0,"ix":1,"mn":"ADBE Vector Group","hd":false}],"ip":40,"op":74,"st":0,"bm":0},{"ddd":0,"ind":5,"ty":4,"nm":"eye closed R","parent":2,"sr":1,"ks":{"o":{"a":0,"k":100,"ix":11},"r":{"a":0,"k":0,"ix":10},"p":{"a":0,"k":[137.983,-107.338,0],"ix":2,"l":2},"a":{"a":0,"k":[132.286,6.863,0],"ix":1,"l":2},"s":{"a":0,"k":[120,120,100],"ix":6,"l":2}},"ao":0,"shapes":[{"ty":"gr","it":[{"ind":0,"ty":"sh","ix":1,"ks":{"a":1,"k":[{"t":49,"s":[{"i":[[0,0],[-29.178,0],[0,0]],"o":[[0,0],[29.178,0],[0,0]],"v":[[91.908,23.727],[132.408,34.715],[172.664,23.727]],"c":false}],"h":1},{"t":56,"s":[{"i":[[0,0],[-33.714,0],[0,0]],"o":[[0,0],[33.714,0],[0,0]],"v":[[91.908,23.727],[132.286,-10],[172.664,23.727]],"c":false}],"h":1}],"ix":2},"nm":"Path 2","mn":"ADBE Vector Shape - Group","hd":false},{"ty":"st","c":{"a":0,"k":[0.364705882353,0.250980392157,0.215686289469,1],"ix":3},"o":{"a":0,"k":100,"ix":4},"w":{"a":0,"k":17,"ix":5},"lc":2,"lj":2,"bm":0,"nm":"Stroke 1","mn":"ADBE Vector Graphic - Stroke","hd":false},{"ty":"tr","p":{"a":0,"k":[0,0],"ix":2},"a":{"a":0,"k":[0,0],"ix":1},"s":{"a":0,"k":[100,100],"ix":3},"r":{"a":0,"k":0,"ix":6},"o":{"a":0,"k":100,"ix":7},"sk":{"a":0,"k":0,"ix":4},"sa":{"a":0,"k":0,"ix":5},"nm":"Transform"}],"nm":"Shape 1","np":3,"cix":2,"bm":0,"ix":1,"mn":"ADBE Vector Group","hd":false}],"ip":40,"op":74,"st":0,"bm":0},{"ddd":0,"ind":6,"ty":4,"nm":"eyes ","parent":2,"sr":1,"ks":{"o":{"a":1,"k":[{"t":0,"s":[100],"h":1},{"t":40,"s":[0],"h":1},{"t":74,"s":[100],"h":1}],"ix":11},"r":{"a":0,"k":0,"ix":10},"p":{"a":0,"k":[-3.536,-81.904,0],"ix":2,"l":2},"a":{"a":0,"k":[181.441,50.047,0],"ix":1,"l":2},"s":{"a":1,"k":[{"i":{"x":[0.667,0.667,0.667],"y":[1,1,1]},"o":{"x":[0.167,0.167,0.167],"y":[0,0.167,0]},"t":56,"s":[100,100,100]},{"i":{"x":[0.667,0.667,0.667],"y":[1,1,1]},"o":{"x":[0.333,0.333,0.333],"y":[0,0,0]},"t":74,"s":[100,70,100]},{"t":110,"s":[100,100,100]}],"ix":6,"l":2}},"ao":0,"shapes":[{"ty":"gr","it":[{"ind":0,"ty":"sh","ix":1,"ks":{"a":0,"k":{"i":[[-23.401,0],[0,-27.502],[23.401,0],[0,27.502]],"o":[[23.401,0],[0,27.502],[-23.401,0],[0,-27.502]],"v":[[0,-49.797],[42.372,0],[0,49.797],[-42.372,0]],"c":true},"ix":2},"nm":"Path 1","mn":"ADBE Vector Shape - Group","hd":false},{"ty":"fl","c":{"a":0,"k":[0.365000017952,0.250999989229,0.216000007181,1],"ix":4},"o":{"a":0,"k":100,"ix":5},"r":1,"bm":0,"nm":"Fill 1","mn":"ADBE Vector Graphic - Fill","hd":false},{"ty":"tr","p":{"a":0,"k":[320.26,50.047],"ix":2},"a":{"a":0,"k":[0,0],"ix":1},"s":{"a":0,"k":[100,100],"ix":3},"r":{"a":0,"k":0,"ix":6},"o":{"a":0,"k":100,"ix":7},"sk":{"a":0,"k":0,"ix":4},"sa":{"a":0,"k":0,"ix":5},"nm":"Transform"}],"nm":"Group 1","np":2,"cix":2,"bm":0,"ix":1,"mn":"ADBE Vector Group","hd":false},{"ty":"gr","it":[{"ind":0,"ty":"sh","ix":1,"ks":{"a":0,"k":{"i":[[-23.401,0],[0,-27.502],[23.401,0],[0,27.502]],"o":[[23.401,0],[0,27.502],[-23.401,0],[0,-27.502]],"v":[[0,-49.797],[42.372,0],[0,49.797],[-42.372,0]],"c":true},"ix":2},"nm":"Path 1","mn":"ADBE Vector Shape - Group","hd":false},{"ty":"fl","c":{"a":0,"k":[0.365000017952,0.250999989229,0.216000007181,1],"ix":4},"o":{"a":0,"k":100,"ix":5},"r":1,"bm":0,"nm":"Fill 1","mn":"ADBE Vector Graphic - Fill","hd":false},{"ty":"tr","p":{"a":0,"k":[42.622,50.047],"ix":2},"a":{"a":0,"k":[0,0],"ix":1},"s":{"a":0,"k":[100,100],"ix":3},"r":{"a":0,"k":0,"ix":6},"o":{"a":0,"k":100,"ix":7},"sk":{"a":0,"k":0,"ix":4},"sa":{"a":0,"k":0,"ix":5},"nm":"Transform"}],"nm":"Group 2","np":2,"cix":2,"bm":0,"ix":2,"mn":"ADBE Vector Group","hd":false}],"ip":0,"op":112,"st":0,"bm":0},{"ddd":0,"ind":7,"ty":4,"nm":"nose ","parent":2,"sr":1,"ks":{"o":{"a":0,"k":100,"ix":11},"r":{"a":0,"k":0,"ix":10},"p":{"a":0,"k":[0.071,-108.359,0],"ix":2,"l":2},"a":{"a":0,"k":[56.318,53.454,0],"ix":1,"l":2},"s":{"a":1,"k":[{"i":{"x":[0.667,0.667,0.667],"y":[1,1,1]},"o":{"x":[0.167,0.167,0.167],"y":[0,0.167,0]},"t":56,"s":[100,100,100]},{"i":{"x":[0.667,0.667,0.667],"y":[1,1,1]},"o":{"x":[0.333,0.333,0.333],"y":[0,0,0]},"t":61,"s":[100,70,100]},{"t":110,"s":[100,100,100]}],"ix":6,"l":2}},"ao":0,"shapes":[{"ty":"gr","it":[{"ind":0,"ty":"sh","ix":1,"ks":{"a":0,"k":{"i":[[31.557,32.364],[-12.349,-3.471],[-6.456,12.752],[19.047,42.452],[-28.813,2.502],[7.264,-4.681],[-22.841,-34.221],[20.096,-27.763]],"o":[[-11.219,-11.461],[15.576,4.358],[12.268,-24.536],[-19.854,-44.39],[23.083,-1.937],[-14.124,9.201],[38.901,58.191],[-12.994,17.917]],"v":[[-49.877,85.107],[-38.416,71.064],[8.475,60.572],[-13.64,-20.298],[20.258,-115.535],[28.41,-101.814],[22.196,-27.804],[41.001,85.672]],"c":true},"ix":2},"nm":"Path 1","mn":"ADBE Vector Shape - Group","hd":false},{"ty":"fl","c":{"a":0,"k":[0.870999983245,0.451000019148,0.128999986836,1],"ix":4},"o":{"a":0,"k":100,"ix":5},"r":1,"bm":0,"nm":"Fill 1","mn":"ADBE Vector Graphic - Fill","hd":false},{"ty":"tr","p":{"a":0,"k":[61.346,117.722],"ix":2},"a":{"a":0,"k":[0,0],"ix":1},"s":{"a":0,"k":[100,100],"ix":3},"r":{"a":0,"k":0,"ix":6},"o":{"a":0,"k":100,"ix":7},"sk":{"a":0,"k":0,"ix":4},"sa":{"a":0,"k":0,"ix":5},"nm":"Transform"}],"nm":"Group 1","np":2,"cix":2,"bm":0,"ix":1,"mn":"ADBE Vector Group","hd":false}],"ip":0,"op":112,"st":0,"bm":0},{"ddd":0,"ind":8,"ty":4,"nm":"blush","parent":2,"sr":1,"ks":{"o":{"a":0,"k":65,"ix":11},"r":{"a":0,"k":0,"ix":10},"p":{"s":true,"x":{"a":0,"k":-3.535,"ix":3},"y":{"a":1,"k":[{"i":{"x":[0.667],"y":[1]},"o":{"x":[0.167],"y":[0.167]},"t":56,"s":[-3.536]},{"i":{"x":[0.667],"y":[1]},"o":{"x":[0.333],"y":[0]},"t":61,"s":[-48.255]},{"t":110,"s":[-3.536]}],"ix":4}},"a":{"a":0,"k":[342.939,342.939,0],"ix":1,"l":2},"s":{"a":0,"k":[100,100,100],"ix":6,"l":2}},"ao":0,"shapes":[{"ty":"gr","it":[{"ind":0,"ty":"sh","ix":1,"ks":{"a":0,"k":{"i":[[-13.156,-31.719],[-40.919,16.868],[13.155,31.718],[40.919,-16.868]],"o":[[13.156,31.719],[40.838,-16.868],[-13.156,-31.719],[-40.839,16.868]],"v":[[-74.01,30.589],[23.809,57.465],[74.01,-30.588],[-23.809,-57.464]],"c":true},"ix":2},"nm":"Path 1","mn":"ADBE Vector Shape - Group","hd":false},{"ty":"gf","o":{"a":0,"k":100,"ix":10},"r":1,"bm":0,"g":{"p":3,"k":{"a":0,"k":[0,0.937,0.424,0,0.5,0.937,0.424,0,1,0.937,0.424,0,0,1,0.5,0.5,1,0],"ix":9}},"s":{"a":0,"k":[-16.5,-44.5],"ix":5},"e":{"a":0,"k":[35,41],"ix":6},"t":2,"h":{"a":0,"k":0,"ix":7},"a":{"a":0,"k":0,"ix":8},"nm":"Gradient Fill 1","mn":"ADBE Vector Graphic - G-Fill","hd":false},{"ty":"tr","p":{"a":0,"k":[526.874,376.03],"ix":2},"a":{"a":0,"k":[0,0],"ix":1},"s":{"a":0,"k":[100,100],"ix":3},"r":{"a":0,"k":0,"ix":6},"o":{"a":0,"k":100,"ix":7},"sk":{"a":0,"k":0,"ix":4},"sa":{"a":0,"k":0,"ix":5},"nm":"Transform"}],"nm":"Group 1","np":2,"cix":2,"bm":0,"ix":1,"mn":"ADBE Vector Group","hd":false},{"ty":"gr","it":[{"ind":0,"ty":"sh","ix":1,"ks":{"a":0,"k":{"i":[[13.155,-31.719],[40.919,16.868],[-13.155,31.718],[-40.919,-16.868]],"o":[[-13.156,31.719],[-40.839,-16.868],[13.156,-31.719],[40.839,16.868]],"v":[[74.01,30.589],[-23.809,57.465],[-74.01,-30.588],[23.809,-57.464]],"c":true},"ix":2},"nm":"Path 1","mn":"ADBE Vector Shape - Group","hd":false},{"ty":"gf","o":{"a":0,"k":100,"ix":10},"r":1,"bm":0,"g":{"p":3,"k":{"a":0,"k":[0,0.937,0.424,0,0.5,0.937,0.424,0,1,0.937,0.424,0,0,1,0.5,0.5,1,0],"ix":9}},"s":{"a":0,"k":[13,-42],"ix":5},"e":{"a":0,"k":[-32,46.5],"ix":6},"t":2,"h":{"a":0,"k":0,"ix":7},"a":{"a":0,"k":0,"ix":8},"nm":"Gradient Fill 1","mn":"ADBE Vector Graphic - G-Fill","hd":false},{"ty":"tr","p":{"a":0,"k":[159.004,376.03],"ix":2},"a":{"a":0,"k":[0,0],"ix":1},"s":{"a":0,"k":[100,100],"ix":3},"r":{"a":0,"k":0,"ix":6},"o":{"a":0,"k":100,"ix":7},"sk":{"a":0,"k":0,"ix":4},"sa":{"a":0,"k":0,"ix":5},"nm":"Transform"}],"nm":"Group 2","np":2,"cix":2,"bm":0,"ix":2,"mn":"ADBE Vector Group","hd":false}],"ip":0,"op":112,"st":0,"bm":0},{"ddd":0,"ind":9,"ty":4,"nm":"circle ","parent":1,"sr":1,"ks":{"o":{"a":0,"k":100,"ix":11},"r":{"a":0,"k":0,"ix":10},"p":{"a":0,"k":[-3.535,-3.536,0],"ix":2,"l":2},"a":{"a":0,"k":[342.939,342.939,0],"ix":1,"l":2},"s":{"a":0,"k":[100,100,100],"ix":6,"l":2}},"ao":0,"shapes":[{"ty":"gr","it":[{"ind":0,"ty":"sh","ix":1,"ks":{"a":0,"k":{"i":[[-189.262,0],[0,-189.262],[189.262,0],[0,189.262]],"o":[[189.262,0],[0,189.262],[-189.262,0],[0,-189.262]],"v":[[0,-342.689],[342.689,0],[0,342.689],[-342.689,0]],"c":true},"ix":2},"nm":"Path 1","mn":"ADBE Vector Shape - Group","hd":false},{"ty":"gf","o":{"a":0,"k":100,"ix":10},"r":1,"bm":0,"g":{"p":5,"k":{"a":0,"k":[0.7,1,0.714,0.016,0.775,0.998,0.745,0.061,0.85,0.996,0.776,0.106,0.925,0.994,0.812,0.157,1,0.992,0.847,0.208],"ix":9}},"s":{"a":0,"k":[0,306],"ix":5},"e":{"a":0,"k":[-6,-272],"ix":6},"t":2,"h":{"a":0,"k":0,"ix":7},"a":{"a":0,"k":0,"ix":8},"nm":"Gradient Fill 1","mn":"ADBE Vector Graphic - G-Fill","hd":false},{"ty":"tr","p":{"a":0,"k":[342.939,342.939],"ix":2},"a":{"a":0,"k":[0,0],"ix":1},"s":{"a":0,"k":[100,100],"ix":3},"r":{"a":0,"k":0,"ix":6},"o":{"a":0,"k":100,"ix":7},"sk":{"a":0,"k":0,"ix":4},"sa":{"a":0,"k":0,"ix":5},"nm":"Transform"}],"nm":"Group 3","np":2,"cix":2,"bm":0,"ix":1,"mn":"ADBE Vector Group","hd":false}],"ip":0,"op":112,"st":0,"bm":0},{"ddd":0,"ind":10,"ty":4,"nm":"rays ","parent":1,"sr":1,"ks":{"o":{"a":0,"k":100,"ix":11},"r":{"a":1,"k":[{"i":{"x":[0.847],"y":[0.887]},"o":{"x":[0.804],"y":[0.682]},"t":0,"s":[0]},{"i":{"x":[0.745],"y":[0.491]},"o":{"x":[0.295],"y":[0.588]},"t":43,"s":[91.903]},{"i":{"x":[0.108],"y":[0.331]},"o":{"x":[0.113],"y":[0.074]},"t":53,"s":[99.836]},{"t":111,"s":[240]}],"ix":10},"p":{"a":0,"k":[-3.535,-3.536,0],"ix":2,"l":2},"a":{"a":0,"k":[508.715,508.714,0],"ix":1,"l":2},"s":{"a":0,"k":[100,100,100],"ix":6,"l":2}},"ao":0,"shapes":[{"ty":"gr","it":[{"ind":0,"ty":"sh","ix":1,"ks":{"a":0,"k":{"i":[[0,0],[0,0],[-0.162,0.807],[0,0],[0,0],[0,0],[0,0],[0,0],[0,0],[0,0],[0,0],[0,0],[0,0],[0,0],[0.161,-0.081],[0,0],[0,0],[0.323,-0.322],[0,0],[0,0],[0,0],[0,0],[0,0],[0,0],[0,0],[0,0],[0,0],[0,0],[0,0],[0,0],[0,0],[0,0],[0,0],[0,0],[0,0],[0,0]],"o":[[0,0],[0.162,-0.807],[0,0],[0,0],[0,0],[0,0],[0,0],[0,0],[0,0],[0,0],[0,0],[0,0],[0,0],[-0.161,0.08],[0,0],[0,0],[-0.323,0.323],[0,0],[0,0],[0,0],[0,0],[0,0],[0,0],[0,0],[0,0],[0,0],[0,0],[0,0],[0,0],[0,0],[0,0],[0,0],[0,0],[0,0],[0,0],[0,0]],"v":[[508.383,136.317],[355.924,1.049],[356.409,-1.372],[508.465,-136.075],[308.065,-177.155],[307.499,-178.124],[372.066,-372.228],[178.205,-307.5],[177.236,-308.145],[136.075,-508.464],[0.081,-354.876],[-0.08,-354.876],[-136.317,-508.384],[-177.317,-307.58],[-177.801,-307.338],[-372.068,-372.228],[-307.5,-178.124],[-308.388,-177.075],[-508.385,-136.317],[-355.038,-0.161],[-355.119,0.242],[-508.465,136.075],[-307.581,177.317],[-307.419,177.64],[-372.148,372.229],[-178.043,307.42],[-177.236,308.065],[-136.075,508.464],[-0.162,355.038],[0.241,355.038],[136.398,508.384],[177.316,307.743],[177.882,307.42],[372.309,372.148],[307.581,178.205],[308.145,177.237]],"c":true},"ix":2},"nm":"Path 1","mn":"ADBE Vector Shape - Group","hd":false},{"ty":"gf","o":{"a":0,"k":100,"ix":10},"r":1,"bm":0,"g":{"p":5,"k":{"a":0,"k":[0.55,1,0.714,0.016,0.625,0.998,0.745,0.061,0.7,0.996,0.776,0.106,0.76,0.994,0.812,0.157,0.82,0.992,0.847,0.208],"ix":9}},"s":{"a":0,"k":[0,0],"ix":5},"e":{"a":0,"k":[602,0],"ix":6},"t":2,"h":{"a":0,"k":0,"ix":7},"a":{"a":0,"k":0,"ix":8},"nm":"Gradient Fill 1","mn":"ADBE Vector Graphic - G-Fill","hd":false},{"ty":"tr","p":{"a":0,"k":[508.715,508.714],"ix":2},"a":{"a":0,"k":[0,0],"ix":1},"s":{"a":0,"k":[100,100],"ix":3},"r":{"a":0,"k":0,"ix":6},"o":{"a":0,"k":100,"ix":7},"sk":{"a":0,"k":0,"ix":4},"sa":{"a":0,"k":0,"ix":5},"nm":"Transform"}],"nm":"Group 1","np":2,"cix":2,"bm":0,"ix":1,"mn":"ADBE Vector Group","hd":false}],"ip":0,"op":112,"st":0,"bm":0}],"markers":[{"tm":29,"cm":"rest","dr":0}]}