{"v":"5.6.10","fr":60,"ip":0,"op":120,"w":800,"h":800,"nm":"Ã¥ÂÂÃ¦ÂÂ 1","ddd":0,"assets":[],"layers":[{"ddd":0,"ind":1,"ty":4,"nm":"Ã¦ÂÂÃ©Â¾ÂÃ§ÂÂ¼","sr":1,"ks":{"o":{"a":0,"k":100,"ix":11},"r":{"a":0,"k":0,"ix":10},"p":{"a":1,"k":[{"i":{"x":0,"y":0.949},"o":{"x":0,"y":0},"t":26,"s":[400,404,0],"to":[0,-15.333,0],"ti":[-28.667,15.333,0]},{"i":{"x":0,"y":0.998},"o":{"x":0.167,"y":0},"t":56,"s":[400,312,0],"to":[28.667,-15.333,0],"ti":[-28.667,0,0]},{"i":{"x":0,"y":0},"o":{"x":0.167,"y":0.167},"t":58,"s":[572,312,0],"to":[0,0,0],"ti":[0,0,0]},{"i":{"x":0,"y":0.958},"o":{"x":0.167,"y":0},"t":62,"s":[572,312,0],"to":[0,2.667,0],"ti":[0,-2.667,0]},{"t":66,"s":[572,328,0]}],"ix":2},"a":{"a":0,"k":[0,0,0],"ix":1},"s":{"a":0,"k":[100,100,100],"ix":6}},"ao":0,"hasMask":true,"masksProperties":[{"inv":false,"mode":"f","pt":{"a":1,"k":[{"i":{"x":0.833,"y":0.833},"o":{"x":0.167,"y":0.167},"t":56,"s":[{"i":[[-6.039,0],[0,0],[0,6.039],[0,0],[6.039,0],[0,0],[0,-6.039],[0,0]],"o":[[0,0],[6.039,0],[0,0],[0,-6.039],[0,0],[-6.039,0],[0,0],[0,6.039]],"v":[[66.885,15.747],[66.885,15.747],[77.82,4.812],[77.82,-3.812],[66.885,-14.747],[66.885,-14.747],[55.949,-3.812],[55.949,4.812]],"c":true}]},{"i":{"x":0.833,"y":0.833},"o":{"x":0.167,"y":0.167},"t":57,"s":[{"i":[[-6.039,0],[0,0],[0,6.039],[0,0],[6.039,0],[0,0],[0,-6.039],[0,0]],"o":[[0,0],[6.039,0],[0,0],[0,-6.039],[0,0],[-6.039,0],[0,0],[0,6.039]],"v":[[-22.615,15.747],[-22.615,15.747],[-11.68,4.812],[-11.68,-3.812],[-22.615,-14.747],[-22.615,-14.747],[-33.551,-3.812],[-33.551,4.812]],"c":true}]},{"t":58,"s":[{"i":[[0,0],[0,0],[0,0],[0,0],[0,0],[0,0],[0,0],[0,0]],"o":[[0,0],[0,0],[0,0],[0,0],[0,0],[0,0],[0,0],[0,0]],"v":[[0,0],[0,0],[0,0],[0,0],[0,0],[0,0],[0,0],[0,0]],"c":true}]}],"ix":1},"o":{"a":0,"k":100,"ix":3},"x":{"a":0,"k":0,"ix":4},"nm":"Ã¨ÂÂÃ§ÂÂ 4"},{"inv":false,"mode":"f","pt":{"a":0,"k":{"i":[[-6.039,0],[0,0],[0,6.039],[0,0],[6.039,0],[0,0],[0,-6.039],[0,0]],"o":[[0,0],[6.039,0],[0,0],[0,-6.039],[0,0],[-6.039,0],[0,0],[0,6.039]],"v":[[-66.635,15.747],[-66.635,15.747],[-55.7,4.812],[-55.7,-3.812],[-66.635,-14.747],[-66.635,-14.747],[-77.57,-3.812],[-77.57,4.812]],"c":true},"ix":1},"o":{"a":0,"k":100,"ix":3},"x":{"a":0,"k":0,"ix":4},"nm":"Ã¨ÂÂÃ§ÂÂ 5"}],"shapes":[{"d":1,"ty":"el","s":{"a":0,"k":[219,219],"ix":2},"p":{"a":0,"k":[0,0],"ix":3},"nm":"Ã¦Â¤Â­Ã¥ÂÂÃ¨Â·Â¯Ã¥Â¾Â 1","mn":"ADBE Vector Shape - Ellipse","hd":false},{"ty":"fl","c":{"a":0,"k":[0,0,0,1],"ix":4},"o":{"a":0,"k":100,"ix":5},"r":1,"bm":0,"nm":"Ã¥Â¡Â«Ã¥ÂÂ 1","mn":"ADBE Vector Graphic - Fill","hd":false}],"ip":0,"op":120,"st":0,"bm":0},{"ddd":0,"ind":2,"ty":4,"nm":"Ã¦ÂÂÃ¨Â¾Â¹","sr":1,"ks":{"o":{"a":0,"k":100,"ix":11},"r":{"a":0,"k":0,"ix":10},"p":{"a":1,"k":[{"i":{"x":0.833,"y":0.833},"o":{"x":0.167,"y":0.167},"t":62,"s":[400,392,0],"to":[0,2.667,0],"ti":[0,-2.667,0]},{"t":66,"s":[400,408,0]}],"ix":2},"a":{"a":0,"k":[0,0,0],"ix":1},"s":{"a":0,"k":[100,100,100],"ix":6}},"ao":0,"shapes":[{"ind":0,"ty":"sh","ix":1,"ks":{"a":1,"k":[{"i":{"x":0.833,"y":1},"o":{"x":0.167,"y":0},"t":0,"s":[{"i":[[9.669,-4.125],[-26.831,20.375],[32.179,9.5]],"o":[[25.794,-11.625],[0.606,-0.46],[-25.203,-7.441]],"v":[[-51.169,57],[50.581,57],[3.071,61]],"c":true}]},{"i":{"x":0.833,"y":1},"o":{"x":0.167,"y":0},"t":13,"s":[{"i":[[9.419,5.125],[-29.831,-14.75],[27.679,-11.5]],"o":[[41.669,21.875],[0.682,0.337],[-24.268,10.083]],"v":[[-51.169,57],[50.581,57],[4.946,59.5]],"c":true}]},{"i":{"x":0.667,"y":1},"o":{"x":0.167,"y":0},"t":25,"s":[{"i":[[8.169,-2.75],[-16.581,14.75],[32.804,5.125]],"o":[[9.419,-11.625],[0.568,-0.505],[-31.647,-4.944]],"v":[[-51.169,57],[50.581,57],[4.946,59.5]],"c":true}]},{"i":{"x":0,"y":1},"o":{"x":0,"y":0},"t":26,"s":[{"i":[[0,0],[-0.53,0],[32.03,0]],"o":[[0,0],[0.76,0],[-32.031,0]],"v":[[-51.169,57],[50.581,57],[2.446,57]],"c":true}]},{"i":{"x":0.667,"y":1},"o":{"x":0.333,"y":0},"t":56,"s":[{"i":[[0,87.831],[-0.835,-65.295],[50.491,0]],"o":[[0,-62.429],[1.199,93.676],[-50.491,0]],"v":[[-135.392,1.844],[136.92,1.844],[2.719,100.788]],"c":true}]},{"t":58,"s":[{"i":[[7.142,85.406],[-9.975,-109.202],[25.281,-11.288]],"o":[[-9.46,-113.128],[4.33,47.406],[-23.469,13.962]],"v":[[19.358,61.594],[194.92,11.844],[138.469,116.538]],"c":true}]}],"ix":2},"nm":"Ã¨Â·Â¯Ã¥Â¾Â 1","mn":"ADBE Vector Shape - Group","hd":false},{"ty":"st","c":{"a":0,"k":[0,0,0,1],"ix":3},"o":{"a":0,"k":100,"ix":4},"w":{"a":0,"k":10,"ix":5},"lc":2,"lj":2,"bm":0,"nm":"Ã¦ÂÂÃ¨Â¾Â¹ 1","mn":"ADBE Vector Graphic - Stroke","hd":false}],"ip":0,"op":120,"st":0,"bm":0},{"ddd":0,"ind":3,"ty":4,"nm":"Ã¥ÂÂ³Ã¦ÂÂ","sr":1,"ks":{"o":{"a":0,"k":100,"ix":11},"r":{"a":0,"k":0,"ix":10},"p":{"a":1,"k":[{"i":{"x":0.833,"y":0.833},"o":{"x":0.167,"y":0.167},"t":36,"s":[448,567.5,0],"to":[-3,0,0],"ti":[3,0,0]},{"i":{"x":0.833,"y":0.833},"o":{"x":0.167,"y":0.167},"t":38,"s":[430,567.5,0],"to":[0,0,0],"ti":[0,0,0]},{"i":{"x":0.833,"y":0.833},"o":{"x":0.167,"y":0.167},"t":62,"s":[430,567.5,0],"to":[0,2.667,0],"ti":[0,-2.667,0]},{"t":66,"s":[430,583.5,0]}],"ix":2},"a":{"a":0,"k":[0,0,0],"ix":1},"s":{"a":0,"k":[100,100,100],"ix":6}},"ao":0,"hasMask":true,"masksProperties":[{"inv":false,"mode":"a","pt":{"a":1,"k":[{"i":{"x":0.833,"y":0.833},"o":{"x":0.167,"y":0.167},"t":55,"s":[{"i":[[10.682,0],[0,-6.541],[-3.062,10.233],[2.126,6.397]],"o":[[-10.682,0],[0,6.541],[1.592,-5.322],[-2.063,-6.207]],"v":[[-4.467,-61.116],[-27.558,8.103],[80.158,42.197],[73.999,-40.272]],"c":true}]},{"i":{"x":0.833,"y":0.833},"o":{"x":0.167,"y":0.167},"t":56,"s":[{"i":[[10.682,0],[0,-6.541],[-3.062,10.233],[2.126,6.397]],"o":[[-10.682,0],[0,6.541],[1.592,-5.322],[-2.063,-6.207]],"v":[[15.908,-49.116],[-27.558,8.103],[46.408,27.822],[40.874,-4.772]],"c":true}]},{"t":59,"s":[{"i":[[10.682,0],[0,-6.541],[-3.062,10.233],[2.126,6.397]],"o":[[-10.682,0],[0,6.541],[1.592,-5.322],[-2.063,-6.207]],"v":[[35.908,-58.366],[-27.558,8.103],[58.408,32.572],[57.499,-6.397]],"c":true}]}],"ix":1},"o":{"a":0,"k":100,"ix":3},"x":{"a":0,"k":0,"ix":4},"nm":"Ã¨ÂÂÃ§ÂÂ 1"}],"shapes":[{"ind":0,"ty":"sh","ix":1,"ks":{"a":1,"k":[{"i":{"x":0.833,"y":0.833},"o":{"x":0.167,"y":0.167},"t":0,"s":[{"i":[[0,0],[-11.685,-8.449],[0,0]],"o":[[0,0],[11.685,8.449],[0,0]],"v":[[0.584,-14.741],[42.562,-24.708],[25.124,3.042]],"c":false}]},{"i":{"x":0.833,"y":0.833},"o":{"x":0.167,"y":0.167},"t":4,"s":[{"i":[[0,0],[-11.685,-8.449],[0,0]],"o":[[0,0],[11.685,8.449],[0,0]],"v":[[0.584,-14.741],[39.514,-14.898],[25.124,3.042]],"c":false}]},{"i":{"x":0.833,"y":0.833},"o":{"x":0.167,"y":0.167},"t":9,"s":[{"i":[[0,0],[-11.685,-8.449],[0,0]],"o":[[0,0],[11.685,8.449],[0,0]],"v":[[0.584,-14.741],[31.569,-28.53],[25.124,3.042]],"c":false}]},{"i":{"x":0.833,"y":0.833},"o":{"x":0.167,"y":0.167},"t":14,"s":[{"i":[[0,0],[-11.685,-8.449],[0,0]],"o":[[0,0],[11.685,8.449],[0,0]],"v":[[0.584,-14.741],[39.514,-14.898],[25.124,3.042]],"c":false}]},{"i":{"x":0.833,"y":0.833},"o":{"x":0.167,"y":0.167},"t":19,"s":[{"i":[[0,0],[-11.685,-8.449],[0,0]],"o":[[0,0],[11.685,8.449],[0,0]],"v":[[0.584,-14.741],[31.569,-28.53],[25.124,3.042]],"c":false}]},{"i":{"x":0.833,"y":0.833},"o":{"x":0.167,"y":0.167},"t":24,"s":[{"i":[[0,0],[-11.685,-8.449],[0,0]],"o":[[0,0],[11.685,8.449],[0,0]],"v":[[0.584,-14.741],[39.514,-14.898],[25.124,3.042]],"c":false}]},{"i":{"x":0.833,"y":0.833},"o":{"x":0.167,"y":0.167},"t":29,"s":[{"i":[[0,0],[-11.685,-8.449],[0,0]],"o":[[0,0],[11.685,8.449],[0,0]],"v":[[0.584,-14.741],[31.569,-28.53],[25.124,3.042]],"c":false}]},{"i":{"x":0.833,"y":0.833},"o":{"x":0.167,"y":0.167},"t":34,"s":[{"i":[[0,0],[-11.685,-8.449],[0,0]],"o":[[0,0],[11.685,8.449],[0,0]],"v":[[0.584,-14.741],[39.514,-14.898],[25.124,3.042]],"c":false}]},{"i":{"x":0.833,"y":0.833},"o":{"x":0.167,"y":0.167},"t":38,"s":[{"i":[[0,0],[-11.685,-8.449],[0,0]],"o":[[0,0],[11.685,8.449],[0,0]],"v":[[0.584,-14.741],[-10.188,5.792],[25.124,3.042]],"c":false}]},{"i":{"x":0.833,"y":0.833},"o":{"x":0.167,"y":0.167},"t":56,"s":[{"i":[[0,0],[-11.685,-8.449],[0,0]],"o":[[0,0],[11.685,8.449],[0,0]],"v":[[0.584,-14.741],[-10.188,5.792],[25.124,3.042]],"c":false}]},{"t":59,"s":[{"i":[[0,0],[-11.685,-8.449],[0,0]],"o":[[0,0],[11.685,8.449],[0,0]],"v":[[78.959,-14.741],[68.187,5.792],[103.499,3.042]],"c":false}]}],"ix":2},"nm":"Ã¨Â·Â¯Ã¥Â¾Â 1","mn":"ADBE Vector Shape - Group","hd":false},{"ty":"st","c":{"a":0,"k":[0,0,0,1],"ix":3},"o":{"a":0,"k":100,"ix":4},"w":{"a":0,"k":10,"ix":5},"lc":2,"lj":2,"bm":0,"nm":"Ã¦ÂÂÃ¨Â¾Â¹ 1","mn":"ADBE Vector Graphic - Stroke","hd":false},{"ty":"fl","c":{"a":0,"k":[0.098039224744,0.760784387589,0.333333343267,1],"ix":4},"o":{"a":0,"k":100,"ix":5},"r":1,"bm":0,"nm":"Ã¥Â¡Â«Ã¥ÂÂ 1","mn":"ADBE Vector Graphic - Fill","hd":false}],"ip":0,"op":120,"st":0,"bm":0},{"ddd":0,"ind":4,"ty":4,"nm":"Ã¥Â·Â¦Ã¦ÂÂ","sr":1,"ks":{"o":{"a":0,"k":100,"ix":11},"r":{"a":0,"k":0,"ix":10},"p":{"a":1,"k":[{"i":{"x":0.833,"y":0.833},"o":{"x":0.167,"y":0.167},"t":36,"s":[344,567.5,0],"to":[3.5,0,0],"ti":[-3.5,0,0]},{"i":{"x":0.833,"y":0.833},"o":{"x":0.167,"y":0.167},"t":38,"s":[365,567.5,0],"to":[0,0,0],"ti":[0,0,0]},{"i":{"x":0.833,"y":0.833},"o":{"x":0.167,"y":0.167},"t":62,"s":[365,567.5,0],"to":[0,2.667,0],"ti":[0,-2.667,0]},{"t":66,"s":[365,583.5,0]}],"ix":2},"a":{"a":0,"k":[0,0,0],"ix":1},"s":{"a":0,"k":[100,100,100],"ix":6}},"ao":0,"shapes":[{"ind":0,"ty":"sh","ix":1,"ks":{"a":1,"k":[{"i":{"x":0.833,"y":0.833},"o":{"x":0.167,"y":0.167},"t":0,"s":[{"i":[[0,0],[4.461,-10.882],[0,0]],"o":[[0,0],[-4.461,10.882],[0,0]],"v":[[4.821,-16.003],[-27.817,-24.379],[-20.144,1.92]],"c":false}]},{"i":{"x":0.833,"y":0.833},"o":{"x":0.167,"y":0.167},"t":6,"s":[{"i":[[0,0],[4.461,-10.882],[0,0]],"o":[[0,0],[-4.461,10.882],[0,0]],"v":[[4.821,-16.003],[-33.46,-19.486],[-20.144,1.92]],"c":false}]},{"i":{"x":0.833,"y":0.833},"o":{"x":0.167,"y":0.167},"t":11,"s":[{"i":[[0,0],[4.461,-10.882],[0,0]],"o":[[0,0],[-4.461,10.882],[0,0]],"v":[[4.821,-16.003],[-32.124,-26.984],[-20.144,1.92]],"c":false}]},{"i":{"x":0.833,"y":0.833},"o":{"x":0.167,"y":0.167},"t":17,"s":[{"i":[[0,0],[4.461,-10.882],[0,0]],"o":[[0,0],[-4.461,10.882],[0,0]],"v":[[4.821,-16.003],[-33.938,-15.366],[-20.144,1.92]],"c":false}]},{"i":{"x":0.833,"y":0.833},"o":{"x":0.167,"y":0.167},"t":24,"s":[{"i":[[0,0],[4.461,-10.882],[0,0]],"o":[[0,0],[-4.461,10.882],[0,0]],"v":[[4.821,-16.003],[-32.124,-26.984],[-20.144,1.92]],"c":false}]},{"i":{"x":0.833,"y":0.833},"o":{"x":0.167,"y":0.167},"t":31,"s":[{"i":[[0,0],[4.461,-10.882],[0,0]],"o":[[0,0],[-4.461,10.882],[0,0]],"v":[[4.821,-16.003],[-33.46,-19.486],[-20.144,1.92]],"c":false}]},{"i":{"x":0.833,"y":0.833},"o":{"x":0.167,"y":0.167},"t":38,"s":[{"i":[[0,0],[4.461,-10.882],[0,0]],"o":[[0,0],[-4.461,10.882],[0,0]],"v":[[4.821,-16.003],[18.683,2.621],[-20.144,1.92]],"c":false}]},{"i":{"x":0.833,"y":0.833},"o":{"x":0.167,"y":0.167},"t":56,"s":[{"i":[[0,0],[4.461,-10.882],[0,0]],"o":[[0,0],[-4.461,10.882],[0,0]],"v":[[4.821,-16.003],[18.683,2.621],[-20.144,1.92]],"c":false}]},{"t":59,"s":[{"i":[[0,0],[4.461,-10.882],[0,0]],"o":[[0,0],[-4.461,10.882],[0,0]],"v":[[108.321,-10.003],[115.683,22.121],[74.356,-1.58]],"c":false}]}],"ix":2},"nm":"Ã¨Â·Â¯Ã¥Â¾Â 1","mn":"ADBE Vector Shape - Group","hd":false},{"ty":"st","c":{"a":0,"k":[0,0,0,1],"ix":3},"o":{"a":0,"k":100,"ix":4},"w":{"a":0,"k":10,"ix":5},"lc":2,"lj":2,"bm":0,"nm":"Ã¦ÂÂÃ¨Â¾Â¹ 1","mn":"ADBE Vector Graphic - Stroke","hd":false},{"ty":"fl","c":{"a":0,"k":[0.098039224744,0.760784387589,0.333333343267,1],"ix":4},"o":{"a":0,"k":100,"ix":5},"r":1,"bm":0,"nm":"Ã¥Â¡Â«Ã¥ÂÂ 1","mn":"ADBE Vector Graphic - Fill","hd":false}],"ip":0,"op":120,"st":0,"bm":0},{"ddd":0,"ind":5,"ty":4,"nm":"Ã¦ÂÂÃ©Â¾ÂÃ¥Â¤Â´","sr":1,"ks":{"o":{"a":0,"k":100,"ix":11},"r":{"a":0,"k":0,"ix":10},"p":{"a":1,"k":[{"i":{"x":0.833,"y":0.833},"o":{"x":0.167,"y":0.167},"t":62,"s":[400,392,0],"to":[0,2.667,0],"ti":[0,-2.667,0]},{"t":66,"s":[400,408,0]}],"ix":2},"a":{"a":0,"k":[0,0,0],"ix":1},"s":{"a":0,"k":[100,100,100],"ix":6}},"ao":0,"hasMask":true,"masksProperties":[{"inv":false,"mode":"s","pt":{"a":1,"k":[{"i":{"x":0,"y":1},"o":{"x":0,"y":0},"t":26,"s":[{"i":[[0,0],[-21.32,0],[-0.53,0],[32.03,0]],"o":[[0,0],[21.32,0],[0.76,0],[-32.031,0]],"v":[[-52.892,56.5],[4.61,56.5],[52.858,56.5],[2.723,56.5]],"c":true}]},{"i":{"x":0.667,"y":1},"o":{"x":0.333,"y":0},"t":56,"s":[{"i":[[0,0],[-115.72,0],[-0.53,0],[146.804,5.25]],"o":[[0,0],[106.78,0],[0.76,0],[-153.446,-6]],"v":[[-132.892,-2.75],[4.72,-45.25],[137.108,-3],[2.696,103]],"c":true}]},{"t":59,"s":[{"i":[[0,0],[-75.28,0],[-0.53,0],[78.696,0]],"o":[[0,0],[75.28,0],[0.76,0],[-100.196,0]],"v":[[27.108,19.75],[128.72,-49.75],[195.108,31.5],[94.196,127]],"c":true}]}],"ix":1},"o":{"a":0,"k":100,"ix":3},"x":{"a":0,"k":0,"ix":4},"nm":"Ã¨ÂÂÃ§ÂÂ 3"}],"shapes":[{"ind":0,"ty":"sh","ix":1,"ks":{"a":1,"k":[{"i":{"x":0.833,"y":0.833},"o":{"x":0.167,"y":0.167},"t":56,"s":[{"i":[[0,-81.89],[-137.109,0],[0,74.5],[90.502,0]],"o":[[0,81.89],[137.109,0],[0,-90],[-90.503,0]],"v":[[-163.869,0],[0,148.275],[165.369,8],[0,-148.274]],"c":true}]},{"t":59,"s":[{"i":[[0,-81.89],[-137.109,0],[0,81.89],[90.503,0]],"o":[[0,81.89],[137.109,0],[0,-81.89],[-90.503,0]],"v":[[-163.869,0],[0,148.275],[194.869,8],[0,-148.274]],"c":true}]}],"ix":2},"nm":"Ã¨Â·Â¯Ã¥Â¾Â 1","mn":"ADBE Vector Shape - Group","hd":false},{"ty":"st","c":{"a":0,"k":[0,0,0,1],"ix":3},"o":{"a":0,"k":100,"ix":4},"w":{"a":0,"k":10,"ix":5},"lc":2,"lj":2,"bm":0,"nm":"Ã¦ÂÂÃ¨Â¾Â¹ 1","mn":"ADBE Vector Graphic - Stroke","hd":false},{"ty":"fl","c":{"a":0,"k":[0.098039217293,0.760784327984,0.333333343267,1],"ix":4},"o":{"a":0,"k":100,"ix":5},"r":1,"bm":0,"nm":"Ã¥Â¡Â«Ã¥ÂÂ 1","mn":"ADBE Vector Graphic - Fill","hd":false}],"ip":0,"op":120,"st":0,"bm":0},{"ddd":0,"ind":6,"ty":4,"nm":"Ã§ÂÂÃ©Â½Â¿ 2","sr":1,"ks":{"o":{"a":0,"k":100,"ix":11},"r":{"a":0,"k":0,"ix":10},"p":{"a":1,"k":[{"i":{"x":0.205,"y":1},"o":{"x":0,"y":0},"t":27,"s":[404,463,0],"to":[0,5.333,0],"ti":[0,-5.333,0]},{"i":{"x":0.205,"y":0.205},"o":{"x":0.333,"y":0.333},"t":40,"s":[404,495,0],"to":[0,0,0],"ti":[0,0,0]},{"i":{"x":0.205,"y":1},"o":{"x":0.333,"y":0},"t":62,"s":[404,495,0],"to":[0,2.667,0],"ti":[0,-2.667,0]},{"t":66,"s":[404,511,0]}],"ix":2},"a":{"a":0,"k":[0,0,0],"ix":1},"s":{"a":0,"k":[100,100,100],"ix":6}},"ao":0,"shapes":[{"ind":0,"ty":"sh","ix":1,"ks":{"a":1,"k":[{"i":{"x":0.833,"y":0.833},"o":{"x":0.167,"y":0.167},"t":56,"s":[{"i":[[0,0],[-7.845,-1.063],[0,0],[-16.831,-0.377],[0,0],[-16.831,0.029],[0,0],[-11.386,-0.68],[0,0],[-11.433,1.417],[0,0],[-7.603,0.383],[0,0],[0,0]],"o":[[0,0],[7.845,1.063],[0,0],[16.831,0.378],[0,0],[16.831,-0.029],[0,0],[11.386,0.68],[0,0],[11.433,-1.417],[0,0],[7.603,-0.383],[0,0],[0,0]],"v":[[-94.894,8.097],[-71.521,-18.378],[-63.205,-4.115],[-43.38,-20.173],[-29.914,-1.4],[-15.658,-20.121],[2.163,-1.4],[17.51,-20.121],[34.928,-3.457],[43.7,-18.732],[59.172,-6.938],[68.321,-20.121],[94.894,9.252],[-25.064,20.8]],"c":true}]},{"t":59,"s":[{"i":[[0,0],[-7.845,-1.063],[0,0],[-16.831,-0.378],[0,0],[-15.449,-6.679],[0,0],[-11.386,-0.68],[0,0],[-11.433,1.417],[0,0],[-7.603,0.383],[0,0],[0,0]],"o":[[0,0],[7.845,1.063],[0,0],[16.831,0.378],[0,0],[14.158,6.121],[0,0],[11.386,0.68],[0,0],[11.433,-1.417],[0,0],[7.603,-0.383],[0,0],[0,0]],"v":[[-57.894,25.097],[-34.521,-1.378],[-26.205,12.885],[-6.38,-3.173],[10.586,-17.4],[38.842,-22.121],[35.163,9.6],[59.385,-3.496],[69.428,20.543],[85.45,6.268],[101.672,21.062],[113.696,2.754],[128.394,17.377],[82.061,32.925]],"c":true}]}],"ix":2},"nm":"Ã¨Â·Â¯Ã¥Â¾Â 1","mn":"ADBE Vector Shape - Group","hd":false},{"ty":"st","c":{"a":0,"k":[0,0,0,1],"ix":3},"o":{"a":0,"k":100,"ix":4},"w":{"a":0,"k":10,"ix":5},"lc":2,"lj":2,"bm":0,"nm":"Ã¦ÂÂÃ¨Â¾Â¹ 1","mn":"ADBE Vector Graphic - Stroke","hd":false},{"ty":"fl","c":{"a":0,"k":[0.098039217293,0.760784327984,0.333333343267,1],"ix":4},"o":{"a":0,"k":100,"ix":5},"r":1,"bm":0,"nm":"Ã¥Â¡Â«Ã¥ÂÂ 1","mn":"ADBE Vector Graphic - Fill","hd":false}],"ip":0,"op":120,"st":0,"bm":0},{"ddd":0,"ind":7,"ty":4,"nm":"Ã§ÂÂÃ©Â½Â¿","sr":1,"ks":{"o":{"a":0,"k":100,"ix":11},"r":{"a":0,"k":0,"ix":10},"p":{"a":1,"k":[{"i":{"x":0,"y":1},"o":{"x":0,"y":0},"t":27,"s":[401,432,0],"to":[0,-15,0],"ti":[0,15,0]},{"i":{"x":0,"y":0},"o":{"x":0.333,"y":0.333},"t":40,"s":[401,342,0],"to":[0,0,0],"ti":[0,0,0]},{"i":{"x":0,"y":1},"o":{"x":0.333,"y":0},"t":62,"s":[401,342,0],"to":[0,2.667,0],"ti":[0,-2.667,0]},{"t":66,"s":[401,358,0]}],"ix":2},"a":{"a":0,"k":[0,0,0],"ix":1},"s":{"a":0,"k":[100,100,100],"ix":6}},"ao":0,"shapes":[{"ind":0,"ty":"sh","ix":1,"ks":{"a":1,"k":[{"i":{"x":0.833,"y":0.833},"o":{"x":0.167,"y":0.167},"t":56,"s":[{"i":[[0,0],[6.931,0.95],[0,0],[7.845,1.485],[0,0],[16.831,0.528],[0,0],[16.831,-0.04],[0,0],[11.386,0.95],[0,0],[11.433,-1.98],[0,0],[7.603,-0.535],[0,0],[5.374,-0.043],[0,0],[0,0],[0,0],[0,0]],"o":[[0,0],[-6.931,-0.95],[0,0],[-7.845,-1.485],[0,0],[-16.831,-0.528],[0,0],[-16.831,0.04],[0,0],[-11.386,-0.95],[0,0],[-11.433,1.98],[0,0],[-7.603,0.535],[0,0],[-9.922,0.079],[0,0],[0,0],[0,0],[0,0]],"v":[[109.362,14.774],[90.509,27.884],[82.587,11.256],[67.167,25.448],[58.85,5.517],[39.025,27.956],[25.559,1.722],[11.303,27.884],[-6.518,1.722],[-21.864,27.884],[-38.283,4.596],[-48.054,25.943],[-63.527,9.461],[-72.675,27.884],[-84.652,15.906],[-93.152,29.223],[-109.362,10.814],[-99.249,-13.165],[20.709,-29.302],[106.876,2.677]],"c":true}]},{"t":59,"s":[{"i":[[0,0],[6.931,0.95],[0,0],[8.083,0.177],[0,0],[11.6,-1.331],[0,0],[14.322,-1.634],[0,0],[18.114,-6.134],[0,0],[11.433,-1.98],[0,0],[7.603,-0.535],[0,0],[5.374,-0.043],[0,0],[0,0],[0,0],[0,0]],"o":[[0,0],[-6.931,-0.95],[0,0],[-7.982,-0.175],[0,0],[-9.097,1.044],[0,0],[-10.644,1.214],[0,0],[-15.818,5.356],[0,0],[-11.433,1.98],[0,0],[-7.603,0.535],[0,0],[-9.922,0.079],[0,0],[0,0],[0,0],[0,0]],"v":[[173.862,19.274],[160.509,24.009],[149.837,3.006],[139.667,17.573],[125.35,2.017],[115.4,20.081],[96.309,0.972],[89.928,27.384],[72.982,9.722],[64.636,41.384],[34.717,13.096],[24.946,34.443],[9.473,17.961],[0.325,36.384],[-11.652,24.406],[-20.152,37.723],[-36.362,19.314],[-26.249,-4.665],[93.709,-20.802],[168.251,11.802]],"c":true}]}],"ix":2},"nm":"Ã¨Â·Â¯Ã¥Â¾Â 1","mn":"ADBE Vector Shape - Group","hd":false},{"ty":"st","c":{"a":0,"k":[0,0,0,1],"ix":3},"o":{"a":0,"k":100,"ix":4},"w":{"a":0,"k":10,"ix":5},"lc":2,"lj":2,"bm":0,"nm":"Ã¦ÂÂÃ¨Â¾Â¹ 1","mn":"ADBE Vector Graphic - Stroke","hd":false},{"ty":"fl","c":{"a":0,"k":[0.098039217293,0.760784327984,0.333333343267,1],"ix":4},"o":{"a":0,"k":100,"ix":5},"r":1,"bm":0,"nm":"Ã¥Â¡Â«Ã¥ÂÂ 1","mn":"ADBE Vector Graphic - Fill","hd":false}],"ip":0,"op":120,"st":0,"bm":0},{"ddd":0,"ind":8,"ty":4,"nm":"Ã¥ÂÂ³Ã¨ÂÂ","sr":1,"ks":{"o":{"a":0,"k":100,"ix":11},"r":{"a":0,"k":0,"ix":10,"x":"var $bm_rt;\n$bm_rt = wiggle(effect('\\u6ed1\\u5757\\u63a7\\u5236')('\\u6ed1\\u5757'), effect('\\u6ed1\\u5757\\u63a7\\u5236')('\\u6ed1\\u5757'));"},"p":{"a":0,"k":[451.875,629,0],"ix":2},"a":{"a":0,"k":[0,0,0],"ix":1},"s":{"a":0,"k":[100,100,100],"ix":6}},"ao":0,"hasMask":true,"masksProperties":[{"inv":false,"mode":"a","pt":{"a":1,"k":[{"i":{"x":0.833,"y":0.833},"o":{"x":0.167,"y":0.167},"t":56,"s":[{"i":[[0,0],[0,0],[-18.935,5.478],[-11.993,30.799]],"o":[[0,0],[0,0],[18.935,-5.478],[9.207,-23.643]],"v":[[-22.31,-57.076],[-56.238,19.076],[5.815,39.728],[43.993,-14.174]],"c":true}]},{"t":59,"s":[{"i":[[0,0],[0,0],[0,0],[-11.993,30.799]],"o":[[0,0],[0,0],[0,0],[9.207,-23.643]],"v":[[32.565,-81.451],[-56.238,19.076],[-14.81,22.353],[33.118,-18.174]],"c":true}]}],"ix":1},"o":{"a":0,"k":100,"ix":3},"x":{"a":0,"k":0,"ix":4},"nm":"Ã¨ÂÂÃ§ÂÂ 1"}],"ef":[{"ty":5,"nm":"Ã¦Â»ÂÃ¥ÂÂÃ¦ÂÂ§Ã¥ÂÂ¶","np":3,"mn":"ADBE Slider Control","ix":1,"en":1,"ef":[{"ty":0,"nm":"Ã¦Â»ÂÃ¥ÂÂ","mn":"ADBE Slider Control-0001","ix":1,"v":{"a":1,"k":[{"i":{"x":[0.833],"y":[0.833]},"o":{"x":[0.167],"y":[0.167]},"t":0,"s":[-7]},{"i":{"x":[0.833],"y":[0.833]},"o":{"x":[0.167],"y":[0.167]},"t":33,"s":[-7]},{"t":35,"s":[0]}],"ix":1}}]}],"shapes":[{"ind":0,"ty":"sh","ix":1,"ks":{"a":1,"k":[{"i":{"x":0.833,"y":0.833},"o":{"x":0.167,"y":0.167},"t":56,"s":[{"i":[[0,0],[5.761,3.276],[0,0],[5.761,0],[-32.829,-10.882],[6.401,4.519]],"o":[[0,0],[-5.761,-3.276],[0,0],[-5.761,0],[32.829,10.882],[-6.401,-4.519]],"v":[[17.786,-19.806],[11.385,-33.851],[-5.441,-22.404],[-12.299,-32.006],[-5.441,26.245],[31.869,-19.806]],"c":true}]},{"t":59,"s":[{"i":[[0,0],[5.761,3.276],[0,0],[5.761,0],[-32.829,-10.882],[6.401,4.519]],"o":[[0,0],[-5.761,-3.276],[0,0],[-5.761,0],[32.829,10.882],[-6.401,-4.519]],"v":[[78.411,-19.806],[72.01,-33.851],[55.184,-22.404],[48.326,-32.006],[55.184,26.245],[92.494,-19.806]],"c":true}]}],"ix":2},"nm":"Ã¨Â·Â¯Ã¥Â¾Â 1","mn":"ADBE Vector Shape - Group","hd":false},{"ty":"st","c":{"a":0,"k":[0,0,0,1],"ix":3},"o":{"a":0,"k":100,"ix":4},"w":{"a":0,"k":10,"ix":5},"lc":2,"lj":2,"bm":0,"nm":"Ã¦ÂÂÃ¨Â¾Â¹ 1","mn":"ADBE Vector Graphic - Stroke","hd":false},{"ty":"fl","c":{"a":0,"k":[0.098039217293,0.760784327984,0.333333343267,1],"ix":4},"o":{"a":0,"k":100,"ix":5},"r":1,"bm":0,"nm":"Ã¥Â¡Â«Ã¥ÂÂ 1","mn":"ADBE Vector Graphic - Fill","hd":false}],"ip":0,"op":120,"st":0,"bm":0},{"ddd":0,"ind":9,"ty":4,"nm":"Ã¥Â·Â¦Ã¨ÂÂ","sr":1,"ks":{"o":{"a":0,"k":100,"ix":11},"r":{"a":0,"k":0,"ix":10,"x":"var $bm_rt;\n$bm_rt = wiggle(effect('\\u6ed1\\u5757\\u63a7\\u5236')('\\u6ed1\\u5757'), effect('\\u6ed1\\u5757\\u63a7\\u5236')('\\u6ed1\\u5757'));"},"p":{"a":0,"k":[375.875,629,0],"ix":2},"a":{"a":0,"k":[0,0,0],"ix":1},"s":{"a":0,"k":[100,100,100],"ix":6}},"ao":0,"ef":[{"ty":5,"nm":"Ã¦Â»ÂÃ¥ÂÂÃ¦ÂÂ§Ã¥ÂÂ¶","np":3,"mn":"ADBE Slider Control","ix":1,"en":1,"ef":[{"ty":0,"nm":"Ã¦Â»ÂÃ¥ÂÂ","mn":"ADBE Slider Control-0001","ix":1,"v":{"a":1,"k":[{"i":{"x":[0.833],"y":[0.833]},"o":{"x":[0.167],"y":[0.167]},"t":0,"s":[6]},{"i":{"x":[0.833],"y":[0.833]},"o":{"x":[0.167],"y":[0.167]},"t":33,"s":[6]},{"t":35,"s":[0]}],"ix":1}}]}],"shapes":[{"ind":0,"ty":"sh","ix":1,"ks":{"a":1,"k":[{"i":{"x":0.833,"y":0.833},"o":{"x":0.167,"y":0.167},"t":56,"s":[{"i":[[0,0],[6.624,0.214],[0,0],[5.097,-2.685],[-34.117,5.672],[7.769,1.014]],"o":[[0,0],[-6.624,-0.213],[0,0],[-5.097,2.685],[34.117,-5.673],[-7.769,-1.014]],"v":[[1.186,-23.792],[-11.023,-33.235],[-20.575,-15.266],[-31.118,-20.564],[2.098,27.776],[13.646,-30.356]],"c":true}]},{"i":{"x":0.833,"y":0.833},"o":{"x":0.167,"y":0.167},"t":59,"s":[{"i":[[0,0],[0.82,6.711],[0,0],[5.374,5.971],[-6.059,-34.05],[-2.402,7.458]],"o":[[0,0],[-0.804,-6.578],[0,0],[-5.725,-6.361],[6.198,34.831],[2.402,-7.458]],"v":[[62.936,11.091],[77.18,-4.586],[60.483,-12.977],[64.1,-26.889],[12.302,1.544],[71.265,21.907]],"c":true}]},{"i":{"x":0.833,"y":0.833},"o":{"x":0.167,"y":0.167},"t":63,"s":[{"i":[[0,0],[0.82,6.711],[0,0],[5.374,5.971],[-6.059,-34.05],[-2.402,7.458]],"o":[[0,0],[-0.804,-6.578],[0,0],[-5.725,-6.361],[6.198,34.831],[2.402,-7.458]],"v":[[62.936,11.091],[77.18,-4.586],[60.483,-12.977],[64.1,-26.889],[12.302,1.544],[71.265,21.907]],"c":true}]},{"t":66,"s":[{"i":[[-7.585,4.843],[7.859,11.709],[0,0],[32.336,0],[-0.067,-31.987],[-15.996,0]],"o":[[8.687,-5.547],[-7.859,-11.709],[0,0],[-27.414,0],[0.033,15.929],[15.996,0]],"v":[[87.011,62.234],[91.69,35.721],[65.451,24.205],[33.789,-14.828],[9.442,42.987],[34.186,65.669]],"c":true}]}],"ix":2},"nm":"Ã¨Â·Â¯Ã¥Â¾Â 1","mn":"ADBE Vector Shape - Group","hd":false},{"ty":"st","c":{"a":0,"k":[0,0,0,1],"ix":3},"o":{"a":0,"k":100,"ix":4},"w":{"a":0,"k":10,"ix":5},"lc":2,"lj":2,"bm":0,"nm":"Ã¦ÂÂÃ¨Â¾Â¹ 1","mn":"ADBE Vector Graphic - Stroke","hd":false},{"ty":"fl","c":{"a":0,"k":[0.098039217293,0.760784327984,0.333333343267,1],"ix":4},"o":{"a":0,"k":100,"ix":5},"r":1,"bm":0,"nm":"Ã¥Â¡Â«Ã¥ÂÂ 1","mn":"ADBE Vector Graphic - Fill","hd":false}],"ip":0,"op":120,"st":0,"bm":0},{"ddd":0,"ind":10,"ty":4,"nm":"Ã¨ÂºÂ«","sr":1,"ks":{"o":{"a":0,"k":100,"ix":11},"r":{"a":0,"k":0,"ix":10},"p":{"a":1,"k":[{"i":{"x":0.833,"y":0.833},"o":{"x":0.167,"y":0.167},"t":62,"s":[400,591,0],"to":[0,2.667,0],"ti":[0,-2.667,0]},{"t":66,"s":[400,607,0]}],"ix":2},"a":{"a":0,"k":[0,0,0],"ix":1},"s":{"a":0,"k":[100,100,100],"ix":6}},"ao":0,"shapes":[{"ind":0,"ty":"sh","ix":1,"ks":{"a":1,"k":[{"i":{"x":0.833,"y":0.833},"o":{"x":0.167,"y":0.167},"t":56,"s":[{"i":[[0,0],[135.624,0],[0,0]],"o":[[0,0],[-135.624,0],[0,0]],"v":[[60.891,-64.011],[0,64.011],[-62.011,-62.091]],"c":true}]},{"t":58,"s":[{"i":[[0,0],[135.624,0],[0,0]],"o":[[0,0],[-97,0],[0,0]],"v":[[81.891,-64.011],[5,64.023],[-41.011,-62.091]],"c":true}]}],"ix":2},"nm":"Ã¨Â·Â¯Ã¥Â¾Â 1","mn":"ADBE Vector Shape - Group","hd":false},{"ty":"st","c":{"a":0,"k":[0,0,0,1],"ix":3},"o":{"a":0,"k":100,"ix":4},"w":{"a":0,"k":10,"ix":5},"lc":2,"lj":2,"bm":0,"nm":"Ã¦ÂÂÃ¨Â¾Â¹ 1","mn":"ADBE Vector Graphic - Stroke","hd":false},{"ty":"fl","c":{"a":0,"k":[0.098039217293,0.760784327984,0.333333343267,1],"ix":4},"o":{"a":0,"k":100,"ix":5},"r":1,"bm":0,"nm":"Ã¥Â¡Â«Ã¥ÂÂ 1","mn":"ADBE Vector Graphic - Fill","hd":false}],"ip":0,"op":120,"st":0,"bm":0},{"ddd":0,"ind":11,"ty":4,"nm":"Ã¥Â°Â¾","sr":1,"ks":{"o":{"a":0,"k":100,"ix":11},"r":{"a":0,"k":10,"ix":10},"p":{"a":0,"k":[312,619,0],"ix":2},"a":{"a":0,"k":[0,0,0],"ix":1},"s":{"a":0,"k":[100,100,100],"ix":6}},"ao":0,"shapes":[{"ind":0,"ty":"sh","ix":1,"ks":{"a":1,"k":[{"i":{"x":0.833,"y":0.833},"o":{"x":0.167,"y":0.167},"t":56,"s":[{"i":[[0,0],[0.64,-16.643],[-49.289,3.841]],"o":[[0,0],[-0.64,16.643],[0,0]],"v":[[12.482,-26.245],[-45.768,-5.121],[46.408,22.404]],"c":true}]},{"i":{"x":0.833,"y":0.833},"o":{"x":0.167,"y":0.167},"t":59,"s":[{"i":[[0,0],[3.883,-16.196],[-104.053,19.239]],"o":[[0,0],[-4.574,19.075],[0,0]],"v":[[35.133,-30.239],[-44.26,-19.603],[98.66,19.283]],"c":true}]},{"i":{"x":0.833,"y":0.833},"o":{"x":0.167,"y":0.167},"t":63,"s":[{"i":[[0,0],[3.883,-16.196],[-104.053,19.239]],"o":[[0,0],[-4.574,19.075],[0,0]],"v":[[35.133,-30.239],[-44.26,-19.603],[98.66,19.283]],"c":true}]},{"t":66,"s":[{"i":[[20.353,-42.262],[8.152,-14.524],[-55.752,103.126]],"o":[[-41.513,86.197],[-7.585,13.513],[0,0]],"v":[[33.972,-13.787],[-52.552,42.785],[92.057,16.386]],"c":true}]}],"ix":2},"nm":"Ã¨Â·Â¯Ã¥Â¾Â 1","mn":"ADBE Vector Shape - Group","hd":false},{"ty":"st","c":{"a":0,"k":[0,0,0,1],"ix":3},"o":{"a":0,"k":100,"ix":4},"w":{"a":0,"k":10,"ix":5},"lc":2,"lj":2,"bm":0,"nm":"Ã¦ÂÂÃ¨Â¾Â¹ 1","mn":"ADBE Vector Graphic - Stroke","hd":false},{"ty":"fl","c":{"a":0,"k":[0.098039217293,0.760784327984,0.333333343267,1],"ix":4},"o":{"a":0,"k":100,"ix":5},"r":1,"bm":0,"nm":"Ã¥Â¡Â«Ã¥ÂÂ 1","mn":"ADBE Vector Graphic - Fill","hd":false}],"ip":0,"op":120,"st":0,"bm":0},{"ddd":0,"ind":12,"ty":4,"nm":"Ã¨ÂÂ 6","sr":1,"ks":{"o":{"a":0,"k":100,"ix":11},"r":{"a":0,"k":-54,"ix":10},"p":{"a":1,"k":[{"i":{"x":0.833,"y":0.833},"o":{"x":0.167,"y":0.167},"t":62,"s":[317.75,585.5,0],"to":[0,2.667,0],"ti":[0,-2.667,0]},{"t":66,"s":[317.75,601.5,0]}],"ix":2},"a":{"a":0,"k":[0,0,0],"ix":1},"s":{"a":0,"k":[100,100,100],"ix":6}},"ao":0,"shapes":[{"ind":0,"ty":"sh","ix":1,"ks":{"a":1,"k":[{"i":{"x":0.833,"y":0.833},"o":{"x":0.167,"y":0.167},"t":0,"s":[{"i":[[0,0],[-9.868,0.302],[0,0]],"o":[[0,0],[9.868,-0.302],[0,0]],"v":[[-8.48,2.44],[4.599,-22.034],[26.395,-1.78]],"c":true}]},{"i":{"x":0.833,"y":0.833},"o":{"x":0.167,"y":0.167},"t":56,"s":[{"i":[[0,0],[-9.868,0.302],[0,0]],"o":[[0,0],[9.868,-0.302],[0,0]],"v":[[-8.48,2.44],[4.599,-22.034],[26.395,-1.78]],"c":true}]},{"t":59,"s":[{"i":[[0,0],[-9.868,0.302],[0,0]],"o":[[0,0],[9.868,-0.302],[0,0]],"v":[[1.799,31.899],[9.372,-8.66],[23.245,14.724]],"c":true}]}],"ix":2},"nm":"Ã¨Â·Â¯Ã¥Â¾Â 1","mn":"ADBE Vector Shape - Group","hd":false},{"ty":"st","c":{"a":0,"k":[0,0,0,1],"ix":3},"o":{"a":0,"k":100,"ix":4},"w":{"a":0,"k":10,"ix":5},"lc":2,"lj":2,"bm":0,"nm":"Ã¦ÂÂÃ¨Â¾Â¹ 1","mn":"ADBE Vector Graphic - Stroke","hd":false},{"ty":"fl","c":{"a":0,"k":[0.098039217293,0.760784327984,0.333333343267,1],"ix":4},"o":{"a":0,"k":100,"ix":5},"r":1,"bm":0,"nm":"Ã¥Â¡Â«Ã¥ÂÂ 1","mn":"ADBE Vector Graphic - Fill","hd":false}],"ip":0,"op":120,"st":0,"bm":0},{"ddd":0,"ind":13,"ty":4,"nm":"Ã¨ÂÂ 5","sr":1,"ks":{"o":{"a":0,"k":100,"ix":11},"r":{"a":0,"k":-54,"ix":10},"p":{"a":1,"k":[{"i":{"x":0.833,"y":0.833},"o":{"x":0.167,"y":0.167},"t":62,"s":[327,554.75,0],"to":[0,2.667,0],"ti":[0,-2.667,0]},{"t":66,"s":[327,570.75,0]}],"ix":2},"a":{"a":0,"k":[0,0,0],"ix":1},"s":{"a":0,"k":[100,100,100],"ix":6}},"ao":0,"shapes":[{"ind":0,"ty":"sh","ix":1,"ks":{"a":1,"k":[{"i":{"x":0.833,"y":0.833},"o":{"x":0.167,"y":0.167},"t":0,"s":[{"i":[[0,0],[-9.868,0.302],[0,0]],"o":[[0,0],[9.868,-0.302],[0,0]],"v":[[-8.48,2.44],[4.599,-22.034],[26.395,-1.78]],"c":true}]},{"i":{"x":0.833,"y":0.833},"o":{"x":0.167,"y":0.167},"t":56,"s":[{"i":[[0,0],[-9.868,0.302],[0,0]],"o":[[0,0],[9.868,-0.302],[0,0]],"v":[[-8.48,2.44],[4.599,-22.034],[26.395,-1.78]],"c":true}]},{"t":59,"s":[{"i":[[0,0],[-9.868,0.302],[0,0]],"o":[[0,0],[9.868,-0.302],[0,0]],"v":[[-1.937,22.717],[8.471,-8.623],[27.675,12.741]],"c":true}]}],"ix":2},"nm":"Ã¨Â·Â¯Ã¥Â¾Â 1","mn":"ADBE Vector Shape - Group","hd":false},{"ty":"st","c":{"a":0,"k":[0,0,0,1],"ix":3},"o":{"a":0,"k":100,"ix":4},"w":{"a":0,"k":10,"ix":5},"lc":2,"lj":2,"bm":0,"nm":"Ã¦ÂÂÃ¨Â¾Â¹ 1","mn":"ADBE Vector Graphic - Stroke","hd":false},{"ty":"fl","c":{"a":0,"k":[0.098039217293,0.760784327984,0.333333343267,1],"ix":4},"o":{"a":0,"k":100,"ix":5},"r":1,"bm":0,"nm":"Ã¥Â¡Â«Ã¥ÂÂ 1","mn":"ADBE Vector Graphic - Fill","hd":false}],"ip":0,"op":120,"st":0,"bm":0},{"ddd":0,"ind":14,"ty":4,"nm":"Ã¨ÂÂ 4","sr":1,"ks":{"o":{"a":0,"k":100,"ix":11},"r":{"a":0,"k":-106,"ix":10},"p":{"a":1,"k":[{"i":{"x":0.833,"y":0.833},"o":{"x":0.167,"y":0.167},"t":62,"s":[244,469,0],"to":[0,2.667,0],"ti":[0,-2.667,0]},{"t":66,"s":[244,485,0]}],"ix":2},"a":{"a":0,"k":[0,0,0],"ix":1},"s":{"a":1,"k":[{"i":{"x":[0.833,0.833,0.833],"y":[0.833,0.833,0.833]},"o":{"x":[0.167,0.167,0.167],"y":[0.167,0.167,0.167]},"t":56,"s":[100,100,100]},{"t":59,"s":[113,113,100]}],"ix":6}},"ao":0,"shapes":[{"ind":0,"ty":"sh","ix":1,"ks":{"a":0,"k":{"i":[[0,0],[-22.278,0.681],[0,0]],"o":[[0,0],[22.278,-0.681],[0,0]],"v":[[-37.447,31.156],[-7.919,-24.094],[41.287,21.629]],"c":true},"ix":2},"nm":"Ã¨Â·Â¯Ã¥Â¾Â 1","mn":"ADBE Vector Shape - Group","hd":false},{"ty":"st","c":{"a":0,"k":[0,0,0,1],"ix":3},"o":{"a":0,"k":100,"ix":4},"w":{"a":0,"k":10,"ix":5},"lc":2,"lj":2,"bm":0,"nm":"Ã¦ÂÂÃ¨Â¾Â¹ 1","mn":"ADBE Vector Graphic - Stroke","hd":false},{"ty":"fl","c":{"a":0,"k":[0.098039217293,0.760784327984,0.333333343267,1],"ix":4},"o":{"a":0,"k":100,"ix":5},"r":1,"bm":0,"nm":"Ã¥Â¡Â«Ã¥ÂÂ 1","mn":"ADBE Vector Graphic - Fill","hd":false}],"ip":0,"op":120,"st":0,"bm":0},{"ddd":0,"ind":15,"ty":4,"nm":"Ã¨ÂÂ 3","sr":1,"ks":{"o":{"a":0,"k":100,"ix":11},"r":{"a":0,"k":-63,"ix":10},"p":{"a":1,"k":[{"i":{"x":0.833,"y":0.833},"o":{"x":0.167,"y":0.167},"t":62,"s":[231,363,0],"to":[0,2.667,0],"ti":[0,-2.667,0]},{"t":66,"s":[231,379,0]}],"ix":2},"a":{"a":0,"k":[0,0,0],"ix":1},"s":{"a":1,"k":[{"i":{"x":[0.833,0.833,0.833],"y":[0.833,0.833,0.833]},"o":{"x":[0.167,0.167,0.167],"y":[0.167,0.167,0.167]},"t":56,"s":[100,100,100]},{"t":59,"s":[113,113,100]}],"ix":6}},"ao":0,"shapes":[{"ind":0,"ty":"sh","ix":1,"ks":{"a":0,"k":{"i":[[0,0],[-22.278,0.681],[0,0]],"o":[[0,0],[22.278,-0.681],[0,0]],"v":[[-37.447,31.156],[-7.919,-24.094],[41.287,21.629]],"c":true},"ix":2},"nm":"Ã¨Â·Â¯Ã¥Â¾Â 1","mn":"ADBE Vector Shape - Group","hd":false},{"ty":"st","c":{"a":0,"k":[0,0,0,1],"ix":3},"o":{"a":0,"k":100,"ix":4},"w":{"a":0,"k":10,"ix":5},"lc":2,"lj":2,"bm":0,"nm":"Ã¦ÂÂÃ¨Â¾Â¹ 1","mn":"ADBE Vector Graphic - Stroke","hd":false},{"ty":"fl","c":{"a":0,"k":[0.098039217293,0.760784327984,0.333333343267,1],"ix":4},"o":{"a":0,"k":100,"ix":5},"r":1,"bm":0,"nm":"Ã¥Â¡Â«Ã¥ÂÂ 1","mn":"ADBE Vector Graphic - Fill","hd":false}],"ip":0,"op":120,"st":0,"bm":0},{"ddd":0,"ind":16,"ty":4,"nm":"Ã¨ÂÂ 2","sr":1,"ks":{"o":{"a":0,"k":100,"ix":11},"r":{"a":0,"k":-23,"ix":10},"p":{"a":1,"k":[{"i":{"x":0.833,"y":0.833},"o":{"x":0.167,"y":0.167},"t":62,"s":[285,278,0],"to":[0,2.667,0],"ti":[0,-2.667,0]},{"t":66,"s":[285,294,0]}],"ix":2},"a":{"a":0,"k":[0,0,0],"ix":1},"s":{"a":1,"k":[{"i":{"x":[0.833,0.833,0.833],"y":[0.833,0.833,0.833]},"o":{"x":[0.167,0.167,0.167],"y":[0.167,0.167,0.167]},"t":56,"s":[100,100,100]},{"t":59,"s":[113,113,100]}],"ix":6}},"ao":0,"shapes":[{"ind":0,"ty":"sh","ix":1,"ks":{"a":0,"k":{"i":[[0,0],[-22.278,0.681],[0,0]],"o":[[0,0],[22.278,-0.681],[0,0]],"v":[[-37.447,31.156],[-7.919,-24.094],[41.287,21.629]],"c":true},"ix":2},"nm":"Ã¨Â·Â¯Ã¥Â¾Â 1","mn":"ADBE Vector Shape - Group","hd":false},{"ty":"st","c":{"a":0,"k":[0,0,0,1],"ix":3},"o":{"a":0,"k":100,"ix":4},"w":{"a":0,"k":10,"ix":5},"lc":2,"lj":2,"bm":0,"nm":"Ã¦ÂÂÃ¨Â¾Â¹ 1","mn":"ADBE Vector Graphic - Stroke","hd":false},{"ty":"fl","c":{"a":0,"k":[0.098039217293,0.760784327984,0.333333343267,1],"ix":4},"o":{"a":0,"k":100,"ix":5},"r":1,"bm":0,"nm":"Ã¥Â¡Â«Ã¥ÂÂ 1","mn":"ADBE Vector Graphic - Fill","hd":false}],"ip":0,"op":120,"st":0,"bm":0},{"ddd":0,"ind":17,"ty":4,"nm":"Ã¨ÂÂ","sr":1,"ks":{"o":{"a":0,"k":100,"ix":11},"r":{"a":0,"k":0,"ix":10},"p":{"a":1,"k":[{"i":{"x":0.833,"y":0.833},"o":{"x":0.167,"y":0.167},"t":62,"s":[382,231,0],"to":[0,2.667,0],"ti":[0,-2.667,0]},{"t":66,"s":[382,247,0]}],"ix":2},"a":{"a":0,"k":[0,0,0],"ix":1},"s":{"a":1,"k":[{"i":{"x":[0.833,0.833,0.833],"y":[0.833,0.833,0.833]},"o":{"x":[0.167,0.167,0.167],"y":[0.167,0.167,0.167]},"t":56,"s":[100,100,100]},{"t":59,"s":[113,113,100]}],"ix":6}},"ao":0,"shapes":[{"ind":0,"ty":"sh","ix":1,"ks":{"a":0,"k":{"i":[[0,0],[-28.521,4.077],[0,0]],"o":[[0,0],[28.521,-4.077],[0,0]],"v":[[-37.447,31.156],[-3.521,-27.923],[41.287,21.629]],"c":true},"ix":2},"nm":"Ã¨Â·Â¯Ã¥Â¾Â 1","mn":"ADBE Vector Shape - Group","hd":false},{"ty":"st","c":{"a":0,"k":[0,0,0,1],"ix":3},"o":{"a":0,"k":100,"ix":4},"w":{"a":0,"k":10,"ix":5},"lc":2,"lj":2,"bm":0,"nm":"Ã¦ÂÂÃ¨Â¾Â¹ 1","mn":"ADBE Vector Graphic - Stroke","hd":false},{"ty":"fl","c":{"a":0,"k":[0.098039217293,0.760784327984,0.333333343267,1],"ix":4},"o":{"a":0,"k":100,"ix":5},"r":1,"bm":0,"nm":"Ã¥Â¡Â«Ã¥ÂÂ 1","mn":"ADBE Vector Graphic - Fill","hd":false}],"ip":0,"op":120,"st":0,"bm":0},{"ddd":0,"ind":18,"ty":4,"nm":"Ã¥ÂÂ´","sr":1,"ks":{"o":{"a":0,"k":100,"ix":11},"r":{"a":0,"k":0,"ix":10},"p":{"a":1,"k":[{"i":{"x":0,"y":1},"o":{"x":0,"y":0},"t":31,"s":[400,472,0],"to":[0,-3.667,0],"ti":[0,3.667,0]},{"i":{"x":0,"y":0},"o":{"x":0.333,"y":0.333},"t":55,"s":[400,450,0],"to":[0,0,0],"ti":[0,0,0]},{"i":{"x":0,"y":1},"o":{"x":0.333,"y":0},"t":56,"s":[400,450,0],"to":[31.167,0,0],"ti":[-31.167,0,0]},{"i":{"x":0,"y":0},"o":{"x":0.333,"y":0.333},"t":59,"s":[587,450,0],"to":[0,0,0],"ti":[0,0,0]},{"i":{"x":0,"y":1},"o":{"x":0.333,"y":0},"t":62,"s":[587,450,0],"to":[0,2.667,0],"ti":[0,-2.667,0]},{"t":66,"s":[587,466,0]}],"ix":2},"a":{"a":0,"k":[0,0,0],"ix":1},"s":{"a":0,"k":[100,100,100],"ix":6}},"ao":0,"shapes":[{"ind":0,"ty":"sh","ix":1,"ks":{"a":1,"k":[{"i":{"x":0.833,"y":0.833},"o":{"x":0.167,"y":0.167},"t":57,"s":[{"i":[[0,0],[-11.44,0],[0,0]],"o":[[0,0],[11.44,0],[0,0]],"v":[[-20.715,-2.589],[0,2.589],[20.715,-2.589]],"c":false}]},{"t":58,"s":[{"i":[[0,0],[-11.44,0],[0,0]],"o":[[0,0],[3.5,0],[0,0]],"v":[[-20.715,-2.589],[-2.438,2.616],[-0.785,2.911]],"c":false}]}],"ix":2},"nm":"Ã¨Â·Â¯Ã¥Â¾Â 1","mn":"ADBE Vector Shape - Group","hd":false},{"ty":"st","c":{"a":0,"k":[0,0,0,1],"ix":3},"o":{"a":0,"k":100,"ix":4},"w":{"a":0,"k":10,"ix":5},"lc":2,"lj":2,"bm":0,"nm":"Ã¦ÂÂÃ¨Â¾Â¹ 1","mn":"ADBE Vector Graphic - Stroke","hd":false}],"ip":0,"op":120,"st":0,"bm":0},{"ddd":0,"ind":19,"ty":4,"nm":"Ã§ÂÂ¼Ã§ÂÂ","sr":1,"ks":{"o":{"a":0,"k":100,"ix":11},"r":{"a":0,"k":0,"ix":10},"p":{"a":1,"k":[{"i":{"x":0,"y":1},"o":{"x":0,"y":0},"t":31,"s":[400,456,0],"to":[0,-3.667,0],"ti":[0,3.667,0]},{"i":{"x":0,"y":0},"o":{"x":0.333,"y":0.333},"t":55,"s":[400,434,0],"to":[0,0,0],"ti":[0,0,0]},{"i":{"x":0,"y":1},"o":{"x":0.333,"y":0},"t":56,"s":[400,434,0],"to":[31.75,0,0],"ti":[-31.75,-2.667,0]},{"i":{"x":0,"y":1},"o":{"x":0.167,"y":0},"t":59,"s":[590.5,434,0],"to":[31.75,2.667,0],"ti":[0,-2.667,0]},{"t":66,"s":[590.5,450,0]}],"ix":2},"a":{"a":0,"k":[0,0,0],"ix":1},"s":{"a":1,"k":[{"i":{"x":[0.833,0.833,0.833],"y":[0.833,0.833,0.833]},"o":{"x":[0.167,0.167,0.167],"y":[0.167,0.167,0.167]},"t":31,"s":[100,0,100]},{"t":42,"s":[100,100,100]}],"ix":6}},"ao":0,"hasMask":true,"masksProperties":[{"inv":false,"mode":"f","pt":{"a":1,"k":[{"i":{"x":0.833,"y":0.833},"o":{"x":0.167,"y":0.167},"t":56,"s":[{"i":[[0,-10.501],[-10.501,0],[0,10.501],[10.501,0]],"o":[[0,10.501],[10.501,0],[0,-10.501],[-10.501,0]],"v":[[65.534,-1.425],[84.548,17.589],[103.562,-1.425],[84.548,-20.439]],"c":true}]},{"t":59,"s":[{"i":[[0,-10.501],[-10.501,0],[0,10.501],[10.501,0]],"o":[[0,10.501],[10.501,0],[0,-10.501],[-10.501,0]],"v":[[-0.466,-1.425],[18.548,17.589],[37.562,-1.425],[18.548,-20.439]],"c":true}]}],"ix":1},"o":{"a":0,"k":100,"ix":3},"x":{"a":0,"k":0,"ix":4},"nm":"Ã¨ÂÂÃ§ÂÂ 1"},{"inv":false,"mode":"f","pt":{"a":0,"k":{"i":[[0,-10.501],[-10.501,0],[0,10.501],[10.501,0]],"o":[[0,10.501],[10.501,0],[0,-10.501],[-10.501,0]],"v":[[-102.562,-1.425],[-83.548,17.589],[-64.534,-1.425],[-83.548,-20.439]],"c":true},"ix":1},"o":{"a":0,"k":100,"ix":3},"x":{"a":0,"k":0,"ix":4},"nm":"Ã¨ÂÂÃ§ÂÂ 2"}],"shapes":[{"ind":0,"ty":"sh","ix":1,"ks":{"a":1,"k":[{"i":{"x":0.833,"y":0.833},"o":{"x":0.167,"y":0.167},"t":56,"s":[{"i":[[-60.475,0],[0,-60.475],[60.475,0],[0,60.475]],"o":[[60.475,0],[0,60.475],[-60.475,0],[0,-60.475]],"v":[[0,-109.5],[109.5,0],[0,109.5],[-109.5,0]],"c":true}]},{"i":{"x":0.833,"y":0.833},"o":{"x":0.167,"y":0.167},"t":57,"s":[{"i":[[-51.417,-16.827],[-1.968,-47.833],[70.199,-70.667],[0,60.475]],"o":[[39.032,61],[-3.968,31.667],[-59.527,6.108],[0,-60.475]],"v":[[-10.167,-102],[31.333,-19.167],[-51.333,93.667],[-109.5,0]],"c":true}]},{"t":59,"s":[{"i":[[-33.301,-50.48],[5.172,-63.85],[48.746,-15.5],[0,60.475]],"o":[[-0.254,3],[-2.754,34],[-57.632,18.325],[0,-60.475]],"v":[[-30.5,-87],[-0.5,-8],[-85,86],[-109.5,0]],"c":true}]}],"ix":2},"nm":"Ã¨Â·Â¯Ã¥Â¾Â 1","mn":"ADBE Vector Shape - Group","hd":false},{"ty":"fl","c":{"a":0,"k":[0,0,0,1],"ix":4},"o":{"a":0,"k":100,"ix":5},"r":1,"bm":0,"nm":"Ã¥Â¡Â«Ã¥ÂÂ 1","mn":"ADBE Vector Graphic - Fill","hd":false}],"ip":0,"op":120,"st":0,"bm":0},{"ddd":0,"ind":20,"ty":1,"nm":"Ã§ÂÂ½Ã¨ÂÂ² Ã§ÂºÂ¯Ã¨ÂÂ² 1","sr":1,"ks":{"o":{"a":0,"k":100,"ix":11},"r":{"a":0,"k":0,"ix":10},"p":{"a":0,"k":[400,400,0],"ix":2},"a":{"a":0,"k":[400,400,0],"ix":1},"s":{"a":0,"k":[100,100,100],"ix":6}},"ao":0,"sw":800,"sh":800,"sc":"#ffffff","ip":0,"op":120,"st":0,"bm":0}],"markers":[]}