{"v":"4.8.0","meta":{"g":"LottieFiles AE 1.1.0","a":"","k":"","d":"","tc":""},"fr":25,"ip":0,"op":125,"w":3840,"h":2160,"nm":"Jumper 2","ddd":1,"assets":[{"id":"comp_0","layers":[{"ddd":0,"ind":1,"ty":0,"nm":"Glasses","refId":"comp_1","sr":1,"ks":{"o":{"a":0,"k":100,"ix":11},"r":{"a":0,"k":0,"ix":10},"p":{"a":1,"k":[{"i":{"x":0.667,"y":1},"o":{"x":0.333,"y":0},"t":0,"s":[700,846.615,0],"to":[0,0,0],"ti":[0,0,0]},{"i":{"x":0.833,"y":0.833},"o":{"x":0.167,"y":0.167},"t":4,"s":[700,871,0],"to":[0,0,0],"ti":[0,0,0]},{"i":{"x":0.667,"y":1},"o":{"x":0.333,"y":0},"t":29,"s":[700,871,0],"to":[0,0,0],"ti":[0,0,0]},{"i":{"x":0.667,"y":1},"o":{"x":0.333,"y":0},"t":34,"s":[700,895.385,0],"to":[0,0,0],"ti":[0,0,0]},{"i":{"x":0.667,"y":1},"o":{"x":0.333,"y":0},"t":39,"s":[700,846.615,0],"to":[0,0,0],"ti":[0,0,0]},{"i":{"x":0.833,"y":0.833},"o":{"x":0.167,"y":0.167},"t":43,"s":[700,871,0],"to":[0,0,0],"ti":[0,0,0]},{"i":{"x":0.667,"y":1},"o":{"x":0.333,"y":0},"t":73,"s":[700,871,0],"to":[0,0,0],"ti":[0,0,0]},{"i":{"x":0.667,"y":1},"o":{"x":0.333,"y":0},"t":78,"s":[700,895.385,0],"to":[0,0,0],"ti":[0,0,0]},{"i":{"x":0.667,"y":1},"o":{"x":0.333,"y":0},"t":83,"s":[700,846.615,0],"to":[0,0,0],"ti":[0,0,0]},{"i":{"x":0.833,"y":0.833},"o":{"x":0.167,"y":0.167},"t":87,"s":[700,871,0],"to":[0,0,0],"ti":[0,0,0]},{"i":{"x":0.667,"y":1},"o":{"x":0.333,"y":0},"t":119,"s":[700,871,0],"to":[0,0,0],"ti":[0,0,0]},{"t":124,"s":[700,895.385,0]}],"ix":2},"a":{"a":0,"k":[550,350,0],"ix":1},"s":{"a":0,"k":[100,100,100],"ix":6}},"ao":0,"w":1100,"h":700,"ip":0,"op":125,"st":0,"bm":0},{"ddd":0,"ind":2,"ty":0,"nm":"Mouth","refId":"comp_3","sr":1,"ks":{"o":{"a":0,"k":100,"ix":11},"r":{"a":0,"k":0,"ix":10},"p":{"a":0,"k":[700,1351,0],"ix":2},"a":{"a":0,"k":[300,200,0],"ix":1},"s":{"a":0,"k":[70,70,100],"ix":6}},"ao":0,"w":600,"h":400,"ip":0,"op":125,"st":0,"bm":0},{"ddd":0,"ind":3,"ty":0,"nm":"Key","refId":"comp_4","sr":1,"ks":{"o":{"a":0,"k":100,"ix":11},"r":{"a":0,"k":0,"ix":10},"p":{"a":0,"k":[700,231,0],"ix":2},"a":{"a":0,"k":[500,333.5,0],"ix":1},"s":{"a":0,"k":[63.2,63.2,100],"ix":6}},"ao":0,"w":1000,"h":667,"ip":0,"op":125,"st":0,"bm":0},{"ddd":0,"ind":4,"ty":1,"nm":"Dark Gray Solid 34","sr":1,"ks":{"o":{"a":0,"k":100,"ix":11},"r":{"a":0,"k":0,"ix":10},"p":{"a":0,"k":[700,850,0],"ix":2},"a":{"a":0,"k":[700,850,0],"ix":1},"s":{"a":0,"k":[100,100,100],"ix":6}},"ao":0,"hasMask":true,"masksProperties":[{"inv":false,"mode":"a","pt":{"a":0,"k":{"i":[[62.285,139.48],[17.5,0],[0,0],[0,0]],"o":[[-22.715,0],[-57,126.98],[0,0],[0,0]],"v":[[1265.715,821.52],[134.5,821.02],[72.5,1032],[1328.215,1031]],"c":true},"ix":1},"o":{"a":0,"k":100,"ix":3},"x":{"a":0,"k":0,"ix":4},"nm":"Mask 1"},{"inv":false,"mode":"a","pt":{"a":0,"k":{"i":[[11.046,0],[0,0],[0,-11.046],[0,0],[0,0],[0,0]],"o":[[0,0],[-11.046,0],[0,0],[0,0],[0,0],[0,-11.046]],"v":[[800.824,384.246],[598,384.246],[578,404.246],[577.824,443.75],[820.648,443.75],[820.824,404.246]],"c":true},"ix":1},"o":{"a":0,"k":100,"ix":3},"x":{"a":0,"k":0,"ix":4},"nm":"Mask 2"}],"ef":[{"ty":21,"nm":"Fill","np":9,"mn":"ADBE Fill","ix":1,"en":1,"ef":[{"ty":10,"nm":"Fill Mask","mn":"ADBE Fill-0001","ix":1,"v":{"a":0,"k":0,"ix":1}},{"ty":7,"nm":"All Masks","mn":"ADBE Fill-0007","ix":2,"v":{"a":0,"k":0,"ix":2}},{"ty":2,"nm":"Color","mn":"ADBE Fill-0002","ix":3,"v":{"a":0,"k":[0.20000000298,0.40000000596,0.600000023842,1],"ix":3}},{"ty":7,"nm":"Invert","mn":"ADBE Fill-0006","ix":4,"v":{"a":0,"k":0,"ix":4}},{"ty":0,"nm":"Horizontal Feather","mn":"ADBE Fill-0003","ix":5,"v":{"a":0,"k":0,"ix":5}},{"ty":0,"nm":"Vertical Feather","mn":"ADBE Fill-0004","ix":6,"v":{"a":0,"k":0,"ix":6}},{"ty":0,"nm":"Opacity","mn":"ADBE Fill-0005","ix":7,"v":{"a":0,"k":1,"ix":7}}]}],"sw":1400,"sh":1700,"sc":"#111111","ip":0,"op":125,"st":0,"bm":0},{"ddd":0,"ind":5,"ty":1,"nm":"Dark Gray Solid 34","sr":1,"ks":{"o":{"a":0,"k":100,"ix":11},"r":{"a":0,"k":0,"ix":10},"p":{"a":0,"k":[700,850,0],"ix":2},"a":{"a":0,"k":[700,850,0],"ix":1},"s":{"a":0,"k":[100,100,100],"ix":6}},"ao":0,"hasMask":true,"masksProperties":[{"inv":false,"mode":"a","pt":{"a":0,"k":{"i":[[40.432,-14.865],[-18.451,-50.188],[-40.432,14.865],[18.451,50.188]],"o":[[-40.432,14.865],[18.451,50.188],[40.432,-14.865],[-18.451,-50.188]],"v":[[212.591,1156.947],[172.791,1274.735],[279.409,1338.694],[319.209,1220.906]],"c":true},"ix":1},"o":{"a":0,"k":100,"ix":3},"x":{"a":0,"k":0,"ix":4},"nm":"Mask 1"},{"inv":false,"mode":"a","pt":{"a":0,"k":{"i":[[-41.906,-14.865],[19.123,-50.188],[41.906,14.865],[-19.123,50.188]],"o":[[41.906,14.865],[-19.123,50.188],[-41.906,-14.865],[19.123,-50.188]],"v":[[1182.626,1157.029],[1223.877,1274.817],[1113.374,1338.776],[1072.123,1220.988]],"c":true},"ix":1},"o":{"a":0,"k":100,"ix":3},"x":{"a":0,"k":0,"ix":4},"nm":"Mask 2"},{"inv":false,"mode":"a","pt":{"a":0,"k":{"i":[[9.113,0],[0,-38.384],[-9.113,0],[0,38.384]],"o":[[-9.113,0],[0,38.384],[9.113,0],[0,-38.384]],"v":[[673,290],[656.5,359.5],[673,429],[689.5,359.5]],"c":true},"ix":1},"o":{"a":0,"k":100,"ix":3},"x":{"a":0,"k":0,"ix":4},"nm":"Mask 3"},{"inv":false,"mode":"a","pt":{"a":0,"k":{"i":[[3.728,0],[0,-36.727],[-3.728,0],[0,36.727]],"o":[[-3.728,0],[0,36.727],[3.728,0],[0,-36.727]],"v":[[738.25,300],[731.5,366.5],[738.25,433],[745,366.5]],"c":true},"ix":1},"o":{"a":0,"k":100,"ix":3},"x":{"a":0,"k":0,"ix":4},"nm":"Mask 4"}],"ef":[{"ty":21,"nm":"Fill","np":9,"mn":"ADBE Fill","ix":1,"en":1,"ef":[{"ty":10,"nm":"Fill Mask","mn":"ADBE Fill-0001","ix":1,"v":{"a":0,"k":0,"ix":1}},{"ty":7,"nm":"All Masks","mn":"ADBE Fill-0007","ix":2,"v":{"a":0,"k":0,"ix":2}},{"ty":2,"nm":"Color","mn":"ADBE Fill-0002","ix":3,"v":{"a":0,"k":[0.996078431606,0.949019610882,0.78823530674,1],"ix":3}},{"ty":7,"nm":"Invert","mn":"ADBE Fill-0006","ix":4,"v":{"a":0,"k":0,"ix":4}},{"ty":0,"nm":"Horizontal Feather","mn":"ADBE Fill-0003","ix":5,"v":{"a":0,"k":0,"ix":5}},{"ty":0,"nm":"Vertical Feather","mn":"ADBE Fill-0004","ix":6,"v":{"a":0,"k":0,"ix":6}},{"ty":0,"nm":"Opacity","mn":"ADBE Fill-0005","ix":7,"v":{"a":0,"k":1,"ix":7}}]}],"sw":1400,"sh":1700,"sc":"#111111","ip":0,"op":125,"st":0,"bm":0},{"ddd":0,"ind":7,"ty":1,"nm":"Dark Gray Solid 33","sr":1,"ks":{"o":{"a":0,"k":100,"ix":11},"r":{"a":0,"k":0,"ix":10},"p":{"a":0,"k":[700,850,0],"ix":2},"a":{"a":0,"k":[700,850,0],"ix":1},"s":{"a":0,"k":[100,100,100],"ix":6}},"ao":0,"hasMask":true,"masksProperties":[{"inv":false,"mode":"a","pt":{"a":0,"k":{"i":[[65.299,0],[37.911,-1.012],[2.651,-18.527],[0,-234.034],[-113.977,-113.248],[-12.645,-18.834],[-170.605,-3.213],[-45.038,-2.107],[-12.624,11.128],[3.095,53.076],[0,174.507],[193.785,100.493],[36.73,24.154]],"o":[[-63.615,0],[-88.089,19.988],[-191.701,102.357],[0,172.215],[-3.31,50.366],[24.084,35.873],[94.88,1.787],[22.354,1.046],[20.955,-18.472],[117.169,-115.102],[0,-234.265],[-0.674,-44.844],[-17.206,-11.314]],"v":[[874.605,444],[472.089,444.012],[407.349,582.527],[86,1119.607],[270.692,1562.307],[287.916,1658.127],[584.605,1676.213],[965.038,1678.107],[1101.624,1669.872],[1128.905,1563.924],[1319.211,1113.606],[992.674,580.844],[962.27,458.846]],"c":true},"ix":1},"o":{"a":0,"k":100,"ix":3},"x":{"a":0,"k":0,"ix":4},"nm":"Mask 1"},{"inv":false,"mode":"a","pt":{"a":0,"k":{"i":[[0,0],[0,0],[0,0],[0,0]],"o":[[0,0],[0,0],[0,0],[0,0]],"v":[[754.014,286.053],[646.667,286.053],[646.667,405.667],[754.014,405.666]],"c":true},"ix":1},"o":{"a":0,"k":100,"ix":3},"x":{"a":0,"k":0,"ix":4},"nm":"Mask 2"}],"ef":[{"ty":21,"nm":"Fill","np":9,"mn":"ADBE Fill","ix":1,"en":1,"ef":[{"ty":10,"nm":"Fill Mask","mn":"ADBE Fill-0001","ix":1,"v":{"a":0,"k":0,"ix":1}},{"ty":7,"nm":"All Masks","mn":"ADBE Fill-0007","ix":2,"v":{"a":0,"k":0,"ix":2}},{"ty":2,"nm":"Color","mn":"ADBE Fill-0002","ix":3,"v":{"a":0,"k":[0.992156863213,0.874509811401,0.568627476692,1],"ix":3}},{"ty":7,"nm":"Invert","mn":"ADBE Fill-0006","ix":4,"v":{"a":0,"k":0,"ix":4}},{"ty":0,"nm":"Horizontal Feather","mn":"ADBE Fill-0003","ix":5,"v":{"a":0,"k":0,"ix":5}},{"ty":0,"nm":"Vertical Feather","mn":"ADBE Fill-0004","ix":6,"v":{"a":0,"k":0,"ix":6}},{"ty":0,"nm":"Opacity","mn":"ADBE Fill-0005","ix":7,"v":{"a":0,"k":1,"ix":7}}]}],"sw":1400,"sh":1700,"sc":"#111111","ip":0,"op":125,"st":0,"bm":0}]},{"id":"comp_1","layers":[{"ddd":0,"ind":1,"ty":1,"nm":"Dark Gray Solid 34","sr":1,"ks":{"o":{"a":0,"k":100,"ix":11},"r":{"a":0,"k":0,"ix":10},"p":{"a":0,"k":[550,350,0],"ix":2},"a":{"a":0,"k":[700,850,0],"ix":1},"s":{"a":0,"k":[100,100,100],"ix":6}},"ao":0,"hasMask":true,"masksProperties":[{"inv":false,"mode":"a","pt":{"a":1,"k":[{"i":{"x":0.667,"y":1},"o":{"x":0.333,"y":0},"t":0,"s":[{"i":[[11.046,0],[0,0],[0,-11.046],[0,0],[-11.046,0],[0,0],[0,11.046],[0,0]],"o":[[0,0],[-11.046,0],[0,0],[0,11.046],[0,0],[11.046,0],[0,0],[0,-11.046]],"v":[[557.076,655.467],[416.514,655.467],[396.514,675.467],[396.514,676.088],[416.514,696.088],[557.076,696.088],[577.076,676.088],[577.076,675.467]],"c":true}]},{"i":{"x":0.667,"y":1},"o":{"x":0.333,"y":0},"t":3,"s":[{"i":[[11.046,0],[0,0],[0,-11.046],[0,0],[-11.046,0],[0,0],[0,11.046],[0,0]],"o":[[0,0],[-11.046,0],[0,0],[0,11.046],[0,0],[11.046,0],[0,0],[0,-11.046]],"v":[[557.076,595.221],[416.514,595.221],[396.514,615.221],[396.514,615.842],[416.514,635.842],[557.076,635.842],[577.076,615.842],[577.076,615.221]],"c":true}]},{"i":{"x":0.667,"y":1},"o":{"x":0.333,"y":0},"t":7,"s":[{"i":[[11.046,0],[0,0],[0,-11.046],[0,0],[-11.046,0],[0,0],[0,11.046],[0,0]],"o":[[0,0],[-11.046,0],[0,0],[0,11.046],[0,0],[11.046,0],[0,0],[0,-11.046]],"v":[[557.562,611],[417,611],[397,631],[397,631.621],[417,651.621],[557.562,651.621],[577.562,631.621],[577.562,631]],"c":true}]},{"i":{"x":0.667,"y":1},"o":{"x":0.333,"y":0},"t":34,"s":[{"i":[[11.046,0],[0,0],[0,-11.046],[0,0],[-11.046,0],[0,0],[0,11.046],[0,0]],"o":[[0,0],[-11.046,0],[0,0],[0,11.046],[0,0],[11.046,0],[0,0],[0,-11.046]],"v":[[557.562,611],[417,611],[397,631],[397,631.621],[417,651.621],[557.562,651.621],[577.562,631.621],[577.562,631]],"c":true}]},{"i":{"x":0.667,"y":1},"o":{"x":0.333,"y":0},"t":39,"s":[{"i":[[11.046,0],[0,0],[0,-11.046],[0,0],[-11.046,0],[0,0],[0,11.046],[0,0]],"o":[[0,0],[-11.046,0],[0,0],[0,11.046],[0,0],[11.046,0],[0,0],[0,-11.046]],"v":[[557.076,655.467],[416.514,655.467],[396.514,675.467],[396.514,676.088],[416.514,696.088],[557.076,696.088],[577.076,676.088],[577.076,675.467]],"c":true}]},{"i":{"x":0.667,"y":1},"o":{"x":0.333,"y":0},"t":43,"s":[{"i":[[11.046,0],[0,0],[0,-11.046],[0,0],[-11.046,0],[0,0],[0,11.046],[0,0]],"o":[[0,0],[-11.046,0],[0,0],[0,11.046],[0,0],[11.046,0],[0,0],[0,-11.046]],"v":[[557.076,595.221],[416.514,595.221],[396.514,615.221],[396.514,615.842],[416.514,635.842],[557.076,635.842],[577.076,615.842],[577.076,615.221]],"c":true}]},{"i":{"x":0.667,"y":1},"o":{"x":0.333,"y":0},"t":47,"s":[{"i":[[11.046,0],[0,0],[0,-11.046],[0,0],[-11.046,0],[0,0],[0,11.046],[0,0]],"o":[[0,0],[-11.046,0],[0,0],[0,11.046],[0,0],[11.046,0],[0,0],[0,-11.046]],"v":[[557.562,611],[417,611],[397,631],[397,631.621],[417,651.621],[557.562,651.621],[577.562,631.621],[577.562,631]],"c":true}]},{"i":{"x":0.667,"y":1},"o":{"x":0.333,"y":0},"t":76,"s":[{"i":[[11.046,0],[0,0],[0,-11.046],[0,0],[-11.046,0],[0,0],[0,11.046],[0,0]],"o":[[0,0],[-11.046,0],[0,0],[0,11.046],[0,0],[11.046,0],[0,0],[0,-11.046]],"v":[[557.562,611],[417,611],[397,631],[397,631.621],[417,651.621],[557.562,651.621],[577.562,631.621],[577.562,631]],"c":true}]},{"i":{"x":0.667,"y":1},"o":{"x":0.333,"y":0},"t":81,"s":[{"i":[[11.046,0],[0,0],[0,-11.046],[0,0],[-11.046,0],[0,0],[0,11.046],[0,0]],"o":[[0,0],[-11.046,0],[0,0],[0,11.046],[0,0],[11.046,0],[0,0],[0,-11.046]],"v":[[557.076,655.467],[416.514,655.467],[396.514,675.467],[396.514,676.088],[416.514,696.088],[557.076,696.088],[577.076,676.088],[577.076,675.467]],"c":true}]},{"i":{"x":0.667,"y":1},"o":{"x":0.333,"y":0},"t":85,"s":[{"i":[[11.046,0],[0,0],[0,-11.046],[0,0],[-11.046,0],[0,0],[0,11.046],[0,0]],"o":[[0,0],[-11.046,0],[0,0],[0,11.046],[0,0],[11.046,0],[0,0],[0,-11.046]],"v":[[557.076,595.221],[416.514,595.221],[396.514,615.221],[396.514,615.842],[416.514,635.842],[557.076,635.842],[577.076,615.842],[577.076,615.221]],"c":true}]},{"i":{"x":0.833,"y":1},"o":{"x":0.333,"y":0},"t":89,"s":[{"i":[[11.046,0],[0,0],[0,-11.046],[0,0],[-11.046,0],[0,0],[0,11.046],[0,0]],"o":[[0,0],[-11.046,0],[0,0],[0,11.046],[0,0],[11.046,0],[0,0],[0,-11.046]],"v":[[557.562,611],[417,611],[397,631],[397,631.621],[417,651.621],[557.562,651.621],[577.562,631.621],[577.562,631]],"c":true}]},{"i":{"x":0.667,"y":1},"o":{"x":0.167,"y":0},"t":119,"s":[{"i":[[11.046,0],[0,0],[0,-11.046],[0,0],[-11.046,0],[0,0],[0,11.046],[0,0]],"o":[[0,0],[-11.046,0],[0,0],[0,11.046],[0,0],[11.046,0],[0,0],[0,-11.046]],"v":[[557.562,611],[417,611],[397,631],[397,631.621],[417,651.621],[557.562,651.621],[577.562,631.621],[577.562,631]],"c":true}]},{"t":124,"s":[{"i":[[11.046,0],[0,0],[0,-11.046],[0,0],[-11.046,0],[0,0],[0,11.046],[0,0]],"o":[[0,0],[-11.046,0],[0,0],[0,11.046],[0,0],[11.046,0],[0,0],[0,-11.046]],"v":[[557.076,655.467],[416.514,655.467],[396.514,675.467],[396.514,676.088],[416.514,696.088],[557.076,696.088],[577.076,676.088],[577.076,675.467]],"c":true}]}],"ix":1},"o":{"a":0,"k":100,"ix":3},"x":{"a":0,"k":0,"ix":4},"nm":"Mask 1"},{"inv":false,"mode":"a","pt":{"a":1,"k":[{"i":{"x":0.667,"y":1},"o":{"x":0.333,"y":0},"t":0,"s":[{"i":[[11.046,0],[0,0],[0,-11.046],[0,0],[-11.046,0],[0,0],[0,11.046],[0,0]],"o":[[0,0],[-11.046,0],[0,0],[0,11.046],[0,0],[11.046,0],[0,0],[0,-11.046]],"v":[[1001.076,655.088],[860.514,655.088],[840.514,675.088],[840.514,675.709],[860.514,695.709],[1001.076,695.709],[1021.076,675.709],[1021.076,675.088]],"c":true}]},{"i":{"x":0.667,"y":1},"o":{"x":0.333,"y":0},"t":3,"s":[{"i":[[11.046,0],[0,0],[0,-11.046],[0,0],[-11.046,0],[0,0],[0,11.046],[0,0]],"o":[[0,0],[-11.046,0],[0,0],[0,11.046],[0,0],[11.046,0],[0,0],[0,-11.046]],"v":[[1001.076,594.842],[860.514,594.842],[840.514,614.842],[840.514,615.463],[860.514,635.463],[1001.076,635.463],[1021.076,615.463],[1021.076,614.842]],"c":true}]},{"i":{"x":0.667,"y":1},"o":{"x":0.333,"y":0},"t":7,"s":[{"i":[[11.046,0],[0,0],[0,-11.046],[0,0],[-11.046,0],[0,0],[0,11.046],[0,0]],"o":[[0,0],[-11.046,0],[0,0],[0,11.046],[0,0],[11.046,0],[0,0],[0,-11.046]],"v":[[1001.563,610.621],[861,610.621],[841,630.621],[841,631.242],[861,651.242],[1001.563,651.242],[1021.563,631.242],[1021.563,630.621]],"c":true}]},{"i":{"x":0.667,"y":1},"o":{"x":0.333,"y":0},"t":34,"s":[{"i":[[11.046,0],[0,0],[0,-11.046],[0,0],[-11.046,0],[0,0],[0,11.046],[0,0]],"o":[[0,0],[-11.046,0],[0,0],[0,11.046],[0,0],[11.046,0],[0,0],[0,-11.046]],"v":[[1001.563,610.621],[861,610.621],[841,630.621],[841,631.242],[861,651.242],[1001.563,651.242],[1021.563,631.242],[1021.563,630.621]],"c":true}]},{"i":{"x":0.667,"y":1},"o":{"x":0.333,"y":0},"t":39,"s":[{"i":[[11.046,0],[0,0],[0,-11.046],[0,0],[-11.046,0],[0,0],[0,11.046],[0,0]],"o":[[0,0],[-11.046,0],[0,0],[0,11.046],[0,0],[11.046,0],[0,0],[0,-11.046]],"v":[[1001.076,655.088],[860.514,655.088],[840.514,675.088],[840.514,675.709],[860.514,695.709],[1001.076,695.709],[1021.076,675.709],[1021.076,675.088]],"c":true}]},{"i":{"x":0.667,"y":1},"o":{"x":0.333,"y":0},"t":43,"s":[{"i":[[11.046,0],[0,0],[0,-11.046],[0,0],[-11.046,0],[0,0],[0,11.046],[0,0]],"o":[[0,0],[-11.046,0],[0,0],[0,11.046],[0,0],[11.046,0],[0,0],[0,-11.046]],"v":[[1001.076,594.842],[860.514,594.842],[840.514,614.842],[840.514,615.463],[860.514,635.463],[1001.076,635.463],[1021.076,615.463],[1021.076,614.842]],"c":true}]},{"i":{"x":0.667,"y":1},"o":{"x":0.333,"y":0},"t":47,"s":[{"i":[[11.046,0],[0,0],[0,-11.046],[0,0],[-11.046,0],[0,0],[0,11.046],[0,0]],"o":[[0,0],[-11.046,0],[0,0],[0,11.046],[0,0],[11.046,0],[0,0],[0,-11.046]],"v":[[1001.563,610.621],[861,610.621],[841,630.621],[841,631.242],[861,651.242],[1001.563,651.242],[1021.563,631.242],[1021.563,630.621]],"c":true}]},{"i":{"x":0.667,"y":1},"o":{"x":0.333,"y":0},"t":76,"s":[{"i":[[11.046,0],[0,0],[0,-11.046],[0,0],[-11.046,0],[0,0],[0,11.046],[0,0]],"o":[[0,0],[-11.046,0],[0,0],[0,11.046],[0,0],[11.046,0],[0,0],[0,-11.046]],"v":[[1001.563,610.621],[861,610.621],[841,630.621],[841,631.242],[861,651.242],[1001.563,651.242],[1021.563,631.242],[1021.563,630.621]],"c":true}]},{"i":{"x":0.667,"y":1},"o":{"x":0.333,"y":0},"t":81,"s":[{"i":[[11.046,0],[0,0],[0,-11.046],[0,0],[-11.046,0],[0,0],[0,11.046],[0,0]],"o":[[0,0],[-11.046,0],[0,0],[0,11.046],[0,0],[11.046,0],[0,0],[0,-11.046]],"v":[[1001.076,655.088],[860.514,655.088],[840.514,675.088],[840.514,675.709],[860.514,695.709],[1001.076,695.709],[1021.076,675.709],[1021.076,675.088]],"c":true}]},{"i":{"x":0.667,"y":1},"o":{"x":0.333,"y":0},"t":85,"s":[{"i":[[11.046,0],[0,0],[0,-11.046],[0,0],[-11.046,0],[0,0],[0,11.046],[0,0]],"o":[[0,0],[-11.046,0],[0,0],[0,11.046],[0,0],[11.046,0],[0,0],[0,-11.046]],"v":[[1001.076,594.842],[860.514,594.842],[840.514,614.842],[840.514,615.463],[860.514,635.463],[1001.076,635.463],[1021.076,615.463],[1021.076,614.842]],"c":true}]},{"i":{"x":0.833,"y":1},"o":{"x":0.333,"y":0},"t":89,"s":[{"i":[[11.046,0],[0,0],[0,-11.046],[0,0],[-11.046,0],[0,0],[0,11.046],[0,0]],"o":[[0,0],[-11.046,0],[0,0],[0,11.046],[0,0],[11.046,0],[0,0],[0,-11.046]],"v":[[1001.563,610.621],[861,610.621],[841,630.621],[841,631.242],[861,651.242],[1001.563,651.242],[1021.563,631.242],[1021.563,630.621]],"c":true}]},{"i":{"x":0.667,"y":1},"o":{"x":0.167,"y":0},"t":119,"s":[{"i":[[11.046,0],[0,0],[0,-11.046],[0,0],[-11.046,0],[0,0],[0,11.046],[0,0]],"o":[[0,0],[-11.046,0],[0,0],[0,11.046],[0,0],[11.046,0],[0,0],[0,-11.046]],"v":[[1001.563,610.621],[861,610.621],[841,630.621],[841,631.242],[861,651.242],[1001.563,651.242],[1021.563,631.242],[1021.563,630.621]],"c":true}]},{"t":124,"s":[{"i":[[11.046,0],[0,0],[0,-11.046],[0,0],[-11.046,0],[0,0],[0,11.046],[0,0]],"o":[[0,0],[-11.046,0],[0,0],[0,11.046],[0,0],[11.046,0],[0,0],[0,-11.046]],"v":[[1001.076,655.088],[860.514,655.088],[840.514,675.088],[840.514,675.709],[860.514,695.709],[1001.076,695.709],[1021.076,675.709],[1021.076,675.088]],"c":true}]}],"ix":1},"o":{"a":0,"k":100,"ix":3},"x":{"a":0,"k":0,"ix":4},"nm":"Mask 2"}],"ef":[{"ty":21,"nm":"Fill","np":9,"mn":"ADBE Fill","ix":1,"en":1,"ef":[{"ty":10,"nm":"Fill Mask","mn":"ADBE Fill-0001","ix":1,"v":{"a":0,"k":0,"ix":1}},{"ty":7,"nm":"All Masks","mn":"ADBE Fill-0007","ix":2,"v":{"a":0,"k":0,"ix":2}},{"ty":2,"nm":"Color","mn":"ADBE Fill-0002","ix":3,"v":{"a":0,"k":[0.20000000298,0.40000000596,0.600000023842,1],"ix":3}},{"ty":7,"nm":"Invert","mn":"ADBE Fill-0006","ix":4,"v":{"a":0,"k":0,"ix":4}},{"ty":0,"nm":"Horizontal Feather","mn":"ADBE Fill-0003","ix":5,"v":{"a":0,"k":0,"ix":5}},{"ty":0,"nm":"Vertical Feather","mn":"ADBE Fill-0004","ix":6,"v":{"a":0,"k":0,"ix":6}},{"ty":0,"nm":"Opacity","mn":"ADBE Fill-0005","ix":7,"v":{"a":0,"k":1,"ix":7}}]}],"sw":1400,"sh":1700,"sc":"#111111","ip":0,"op":125,"st":0,"bm":0},{"ddd":0,"ind":2,"ty":1,"nm":"Dark Gray Solid 33","sr":1,"ks":{"o":{"a":0,"k":50,"ix":11},"r":{"a":0,"k":0,"ix":10},"p":{"a":0,"k":[550,350,0],"ix":2},"a":{"a":0,"k":[700,850,0],"ix":1},"s":{"a":0,"k":[100,100,100],"ix":6}},"ao":0,"hasMask":true,"masksProperties":[{"inv":false,"mode":"a","pt":{"a":0,"k":{"i":[[0,0],[0,0],[-2,-162.847],[0,0],[-44.519,0],[-109.121,-0.989],[-40.885,0],[0,0],[0,164.85]],"o":[[0,0],[0,0],[2.004,163.141],[0,0],[55.422,0],[100.056,0.907],[25.44,0],[0,0],[0,-179.209]],"v":[[953.878,724],[454.169,724],[277,913.847],[445.084,1102],[578.076,1103],[690.121,1017.989],[802.806,1102],[951.152,1102],[1123.516,919.15]],"c":true},"ix":1},"o":{"a":0,"k":100,"ix":3},"x":{"a":0,"k":0,"ix":4},"nm":"Mask 1"},{"inv":true,"mode":"s","pt":{"a":1,"k":[{"i":{"x":0.833,"y":1},"o":{"x":0.333,"y":0},"t":2,"s":[{"i":[[0,0],[0,0],[0,0],[0,0]],"o":[[0,0],[0,0],[0,0],[0,0]],"v":[[1204.645,674.008],[1226.438,440.281],[165.088,528.53],[169.517,722.355]],"c":true}]},{"i":{"x":0.833,"y":1},"o":{"x":0.167,"y":0},"t":12,"s":[{"i":[[0,0],[0,0],[0,0],[0,0]],"o":[[0,0],[0,0],[0,0],[0,0]],"v":[[1217.186,1323.845],[1238.978,1090.117],[177.629,1178.367],[182.057,1372.192]],"c":true}]},{"i":{"x":0.833,"y":1},"o":{"x":0.167,"y":0},"t":18,"s":[{"i":[[0,0],[0,0],[0,0],[0,0]],"o":[[0,0],[0,0],[0,0],[0,0]],"v":[[1191.454,1453.372],[1263.815,1230.061],[208.845,1084.153],[182.195,1416.766]],"c":true}]},{"i":{"x":0.833,"y":1},"o":{"x":0.167,"y":0},"t":28,"s":[{"i":[[0,0],[0,0],[0,0],[0,0]],"o":[[0,0],[0,0],[0,0],[0,0]],"v":[[1194.874,723.73],[1267.235,500.42],[212.265,354.512],[185.615,687.125]],"c":true}]},{"i":{"x":0.833,"y":1},"o":{"x":0.167,"y":0},"t":46,"s":[{"i":[[0,0],[0,0],[0,0],[0,0]],"o":[[0,0],[0,0],[0,0],[0,0]],"v":[[1194.874,723.73],[1267.235,500.42],[212.265,354.512],[185.615,687.125]],"c":true}]},{"i":{"x":0.833,"y":1},"o":{"x":0.333,"y":0},"t":47,"s":[{"i":[[0,0],[0,0],[0,0],[0,0]],"o":[[0,0],[0,0],[0,0],[0,0]],"v":[[1204.645,674.008],[1226.438,440.281],[165.088,528.53],[169.517,722.355]],"c":true}]},{"i":{"x":0.833,"y":1},"o":{"x":0.167,"y":0},"t":57,"s":[{"i":[[0,0],[0,0],[0,0],[0,0]],"o":[[0,0],[0,0],[0,0],[0,0]],"v":[[1217.186,1323.845],[1238.978,1090.117],[177.629,1178.367],[182.057,1372.192]],"c":true}]},{"i":{"x":0.833,"y":1},"o":{"x":0.167,"y":0},"t":63,"s":[{"i":[[0,0],[0,0],[0,0],[0,0]],"o":[[0,0],[0,0],[0,0],[0,0]],"v":[[1191.454,1453.372],[1263.815,1230.061],[208.845,1084.153],[182.195,1416.766]],"c":true}]},{"i":{"x":0.833,"y":1},"o":{"x":0.167,"y":0},"t":73,"s":[{"i":[[0,0],[0,0],[0,0],[0,0]],"o":[[0,0],[0,0],[0,0],[0,0]],"v":[[1194.874,723.73],[1267.235,500.42],[212.265,354.512],[185.615,687.125]],"c":true}]},{"i":{"x":0.833,"y":1},"o":{"x":0.167,"y":0},"t":86,"s":[{"i":[[0,0],[0,0],[0,0],[0,0]],"o":[[0,0],[0,0],[0,0],[0,0]],"v":[[1194.874,723.73],[1267.235,500.42],[212.265,354.512],[185.615,687.125]],"c":true}]},{"i":{"x":0.833,"y":1},"o":{"x":0.333,"y":0},"t":87,"s":[{"i":[[0,0],[0,0],[0,0],[0,0]],"o":[[0,0],[0,0],[0,0],[0,0]],"v":[[1204.645,674.008],[1226.438,440.281],[165.088,528.53],[169.517,722.355]],"c":true}]},{"i":{"x":0.833,"y":1},"o":{"x":0.167,"y":0},"t":97,"s":[{"i":[[0,0],[0,0],[0,0],[0,0]],"o":[[0,0],[0,0],[0,0],[0,0]],"v":[[1217.186,1323.845],[1238.978,1090.117],[177.629,1178.367],[182.057,1372.192]],"c":true}]},{"i":{"x":0.833,"y":1},"o":{"x":0.167,"y":0},"t":103,"s":[{"i":[[0,0],[0,0],[0,0],[0,0]],"o":[[0,0],[0,0],[0,0],[0,0]],"v":[[1191.454,1453.372],[1263.815,1230.061],[208.845,1084.153],[182.195,1416.766]],"c":true}]},{"t":113,"s":[{"i":[[0,0],[0,0],[0,0],[0,0]],"o":[[0,0],[0,0],[0,0],[0,0]],"v":[[1194.874,723.73],[1267.235,500.42],[212.265,354.512],[185.615,687.125]],"c":true}]}],"ix":1},"o":{"a":0,"k":100,"ix":3},"x":{"a":0,"k":0,"ix":4},"nm":"Mask 2"}],"ef":[{"ty":21,"nm":"Fill","np":9,"mn":"ADBE Fill","ix":1,"en":1,"ef":[{"ty":10,"nm":"Fill Mask","mn":"ADBE Fill-0001","ix":1,"v":{"a":0,"k":0,"ix":1}},{"ty":7,"nm":"All Masks","mn":"ADBE Fill-0007","ix":2,"v":{"a":0,"k":0,"ix":2}},{"ty":2,"nm":"Color","mn":"ADBE Fill-0002","ix":3,"v":{"a":0,"k":[0.940533101559,0.940533101559,0.940533101559,1],"ix":3}},{"ty":7,"nm":"Invert","mn":"ADBE Fill-0006","ix":4,"v":{"a":0,"k":0,"ix":4}},{"ty":0,"nm":"Horizontal Feather","mn":"ADBE Fill-0003","ix":5,"v":{"a":0,"k":0,"ix":5}},{"ty":0,"nm":"Vertical Feather","mn":"ADBE Fill-0004","ix":6,"v":{"a":0,"k":0,"ix":6}},{"ty":0,"nm":"Opacity","mn":"ADBE Fill-0005","ix":7,"v":{"a":0,"k":1,"ix":7}}]}],"sw":1400,"sh":1700,"sc":"#111111","ip":0,"op":125,"st":0,"bm":0},{"ddd":0,"ind":3,"ty":0,"nm":"Eye","refId":"comp_2","sr":1,"ks":{"o":{"a":0,"k":100,"ix":11},"r":{"a":0,"k":0,"ix":10},"p":{"a":0,"k":[768.242,409.204,0],"ix":2},"a":{"a":0,"k":[250,250,0],"ix":1},"s":{"a":0,"k":[60.066,60.531,100],"ix":6}},"ao":0,"w":500,"h":500,"ip":0,"op":125,"st":0,"bm":0},{"ddd":0,"ind":4,"ty":0,"nm":"Eye","refId":"comp_2","sr":1,"ks":{"o":{"a":0,"k":100,"ix":11},"r":{"a":0,"k":0,"ix":10},"p":{"a":0,"k":[322.471,409.204,0],"ix":2},"a":{"a":0,"k":[250,250,0],"ix":1},"s":{"a":0,"k":[60.066,60.531,100],"ix":6}},"ao":0,"w":500,"h":500,"ip":0,"op":125,"st":0,"bm":0},{"ddd":0,"ind":5,"ty":1,"nm":"Dark Gray Solid 33","sr":1,"ks":{"o":{"a":0,"k":100,"ix":11},"r":{"a":0,"k":0,"ix":10},"p":{"a":0,"k":[550,350,0],"ix":2},"a":{"a":0,"k":[700,850,0],"ix":1},"s":{"a":0,"k":[100,100,100],"ix":6}},"ao":0,"hasMask":true,"masksProperties":[{"inv":false,"mode":"a","pt":{"a":0,"k":{"i":[[86.433,0],[0,-86.433],[-86.433,0],[0,86.433]],"o":[[-86.433,0],[0,86.433],[86.433,0],[0,-86.433]],"v":[[465.5,756.359],[309,912.859],[465.5,1069.359],[622,912.859]],"c":true},"ix":1},"o":{"a":0,"k":100,"ix":3},"x":{"a":0,"k":0,"ix":4},"nm":"Mask 1"},{"inv":false,"mode":"a","pt":{"a":0,"k":{"i":[[86.432,0],[0,-86.433],[-86.432,0],[0,86.433]],"o":[[-86.432,0],[0,86.433],[86.432,0],[0,-86.433]],"v":[[925.5,756.719],[769,913.219],[925.5,1069.719],[1082,913.219]],"c":true},"ix":1},"o":{"a":0,"k":100,"ix":3},"x":{"a":0,"k":0,"ix":4},"nm":"Mask 2"}],"ef":[{"ty":21,"nm":"Fill","np":9,"mn":"ADBE Fill","ix":1,"en":1,"ef":[{"ty":10,"nm":"Fill Mask","mn":"ADBE Fill-0001","ix":1,"v":{"a":0,"k":0,"ix":1}},{"ty":7,"nm":"All Masks","mn":"ADBE Fill-0007","ix":2,"v":{"a":0,"k":0,"ix":2}},{"ty":2,"nm":"Color","mn":"ADBE Fill-0002","ix":3,"v":{"a":0,"k":[0.858823537827,0.752941191196,0.490196079016,1],"ix":3}},{"ty":7,"nm":"Invert","mn":"ADBE Fill-0006","ix":4,"v":{"a":0,"k":0,"ix":4}},{"ty":0,"nm":"Horizontal Feather","mn":"ADBE Fill-0003","ix":5,"v":{"a":0,"k":0,"ix":5}},{"ty":0,"nm":"Vertical Feather","mn":"ADBE Fill-0004","ix":6,"v":{"a":0,"k":0,"ix":6}},{"ty":0,"nm":"Opacity","mn":"ADBE Fill-0005","ix":7,"v":{"a":0,"k":1,"ix":7}}]}],"sw":1400,"sh":1700,"sc":"#111111","ip":0,"op":125,"st":0,"bm":0},{"ddd":0,"ind":6,"ty":1,"nm":"Dark Gray Solid 33","sr":1,"ks":{"o":{"a":0,"k":100,"ix":11},"r":{"a":0,"k":0,"ix":10},"p":{"a":0,"k":[550,350,0],"ix":2},"a":{"a":0,"k":[700,850,0],"ix":1},"s":{"a":0,"k":[100,100,100],"ix":6}},"ao":0,"hasMask":true,"masksProperties":[{"inv":false,"mode":"a","pt":{"a":0,"k":{"i":[[0,0],[0,0],[-2,-162.847],[0,0],[-44.519,0],[-109.121,-0.989],[-40.885,0],[0,0],[0,164.85]],"o":[[0,0],[0,0],[2.004,163.141],[0,0],[55.422,0],[100.056,0.907],[25.44,0],[0,0],[0,-179.209]],"v":[[953.878,724],[454.169,724],[277,913.847],[445.084,1102],[578.076,1103],[690.121,1017.989],[802.806,1102],[951.152,1102],[1123.516,919.15]],"c":true},"ix":1},"o":{"a":0,"k":100,"ix":3},"x":{"a":0,"k":0,"ix":4},"nm":"Mask 1"}],"ef":[{"ty":21,"nm":"Fill","np":9,"mn":"ADBE Fill","ix":1,"en":1,"ef":[{"ty":10,"nm":"Fill Mask","mn":"ADBE Fill-0001","ix":1,"v":{"a":0,"k":0,"ix":1}},{"ty":7,"nm":"All Masks","mn":"ADBE Fill-0007","ix":2,"v":{"a":0,"k":0,"ix":2}},{"ty":2,"nm":"Color","mn":"ADBE Fill-0002","ix":3,"v":{"a":0,"k":[0.921568632126,0.807843148708,0.525490224361,1],"ix":3}},{"ty":7,"nm":"Invert","mn":"ADBE Fill-0006","ix":4,"v":{"a":0,"k":0,"ix":4}},{"ty":0,"nm":"Horizontal Feather","mn":"ADBE Fill-0003","ix":5,"v":{"a":0,"k":0,"ix":5}},{"ty":0,"nm":"Vertical Feather","mn":"ADBE Fill-0004","ix":6,"v":{"a":0,"k":0,"ix":6}},{"ty":0,"nm":"Opacity","mn":"ADBE Fill-0005","ix":7,"v":{"a":0,"k":1,"ix":7}}]}],"sw":1400,"sh":1700,"sc":"#111111","ip":0,"op":125,"st":0,"bm":0},{"ddd":0,"ind":7,"ty":1,"nm":"Dark Gray Solid 33","sr":1,"ks":{"o":{"a":0,"k":100,"ix":11},"r":{"a":0,"k":0,"ix":10},"p":{"a":0,"k":[550,350,0],"ix":2},"a":{"a":0,"k":[700,850,0],"ix":1},"s":{"a":0,"k":[100,100,100],"ix":6}},"ao":0,"hasMask":true,"masksProperties":[{"inv":false,"mode":"a","pt":{"a":0,"k":{"i":[[0,0],[0,0],[0,-213],[0,0],[-49,0],[-49,0],[-45,0],[0,0],[0,219]],"o":[[0,0],[0,0],[0,213],[0,0],[61,0],[49,0],[28,0],[0,0],[0,-219]],"v":[[979,680],[429,680],[234,912],[419,1141.93],[605,1141.93],[692,1053.93],[772,1141.93],[976,1141.93],[1174.516,919]],"c":true},"ix":1},"o":{"a":0,"k":100,"ix":3},"x":{"a":0,"k":0,"ix":4},"nm":"Mask 1"}],"ef":[{"ty":21,"nm":"Fill","np":9,"mn":"ADBE Fill","ix":1,"en":1,"ef":[{"ty":10,"nm":"Fill Mask","mn":"ADBE Fill-0001","ix":1,"v":{"a":0,"k":0,"ix":1}},{"ty":7,"nm":"All Masks","mn":"ADBE Fill-0007","ix":2,"v":{"a":0,"k":0,"ix":2}},{"ty":2,"nm":"Color","mn":"ADBE Fill-0002","ix":3,"v":{"a":0,"k":[0.368627458811,0.474509805441,0.686274528503,1],"ix":3}},{"ty":7,"nm":"Invert","mn":"ADBE Fill-0006","ix":4,"v":{"a":0,"k":0,"ix":4}},{"ty":0,"nm":"Horizontal Feather","mn":"ADBE Fill-0003","ix":5,"v":{"a":0,"k":0,"ix":5}},{"ty":0,"nm":"Vertical Feather","mn":"ADBE Fill-0004","ix":6,"v":{"a":0,"k":0,"ix":6}},{"ty":0,"nm":"Opacity","mn":"ADBE Fill-0005","ix":7,"v":{"a":0,"k":1,"ix":7}}]}],"sw":1400,"sh":1700,"sc":"#111111","ip":0,"op":125,"st":0,"bm":0}]},{"id":"comp_2","layers":[{"ddd":0,"ind":1,"ty":1,"nm":"Dark Gray Solid 35","sr":1,"ks":{"o":{"a":0,"k":100,"ix":11},"r":{"a":0,"k":0,"ix":10},"p":{"a":0,"k":[250,250,0],"ix":2},"a":{"a":0,"k":[250,250,0],"ix":1},"s":{"a":0,"k":[100,100,100],"ix":6}},"ao":0,"hasMask":true,"masksProperties":[{"inv":true,"mode":"s","pt":{"a":0,"k":{"i":[[120.669,0],[0,-120.669],[-120.669,0],[0,120.669]],"o":[[-120.669,0],[0,120.669],[120.669,0],[0,-120.669]],"v":[[250,31.509],[31.509,250],[250,468.491],[468.491,250]],"c":true},"ix":1},"o":{"a":0,"k":100,"ix":3},"x":{"a":0,"k":0,"ix":4},"nm":"Mask 1"},{"inv":true,"mode":"s","pt":{"a":1,"k":[{"i":{"x":0.833,"y":1},"o":{"x":0.167,"y":0},"t":0,"s":[{"i":[[0,0],[-72.229,3.038],[-52.961,65.323],[41.846,-35.258],[111.758,69.58],[0,0],[0,0],[0,0]],"o":[[0,0],[22.234,45.383],[73.3,-90.408],[-35.755,30.126],[-32.379,-28.14],[0,0],[0,0],[0,0]],"v":[[-14.747,13.343],[42.098,338.982],[462.57,338.586],[461.651,342.838],[42.151,341.658],[-33.006,488.062],[570.225,478.23],[556.18,14.045]],"c":true}]},{"i":{"x":0.667,"y":1},"o":{"x":0.167,"y":0},"t":3,"s":[{"i":[[0,0],[-72.229,3.038],[-165.339,-196.892],[16.211,-24.425],[28.307,33.841],[0,0],[0,0],[0,0]],"o":[[0,0],[57.25,-175.301],[74.847,89.131],[-112.302,160.419],[-28.307,-33.841],[0,0],[0,0],[0,0]],"v":[[-14.747,13.343],[15.225,194.845],[473.971,141.518],[490.967,377.04],[76.353,424.72],[-33.006,488.062],[570.225,478.231],[556.18,14.045]],"c":true}]},{"i":{"x":0.667,"y":1},"o":{"x":0.333,"y":0},"t":34,"s":[{"i":[[0,0],[-72.229,3.038],[-165.339,-196.892],[16.211,-24.425],[28.307,33.841],[0,0],[0,0],[0,0]],"o":[[0,0],[57.25,-175.301],[74.847,89.131],[-112.302,160.419],[-28.307,-33.841],[0,0],[0,0],[0,0]],"v":[[-14.747,13.343],[15.225,194.845],[473.971,141.518],[490.967,377.04],[76.353,424.72],[-33.006,488.062],[570.225,478.231],[556.18,14.045]],"c":true}]},{"i":{"x":0.667,"y":1},"o":{"x":0.333,"y":0},"t":39,"s":[{"i":[[0,0],[-72.229,3.038],[-52.961,65.323],[41.846,-35.258],[111.758,69.58],[0,0],[0,0],[0,0]],"o":[[0,0],[22.234,45.383],[73.3,-90.408],[-35.755,30.126],[-32.379,-28.14],[0,0],[0,0],[0,0]],"v":[[-14.747,13.343],[42.098,338.982],[462.57,338.586],[461.651,342.838],[42.151,341.658],[-33.006,488.062],[570.225,478.23],[556.18,14.045]],"c":true}]},{"i":{"x":0.667,"y":1},"o":{"x":0.333,"y":0},"t":43,"s":[{"i":[[0,0],[-72.229,3.038],[-165.339,-196.892],[16.211,-24.425],[28.307,33.841],[0,0],[0,0],[0,0]],"o":[[0,0],[57.25,-175.301],[74.847,89.131],[-112.302,160.419],[-28.307,-33.841],[0,0],[0,0],[0,0]],"v":[[-14.747,13.343],[15.225,194.845],[473.971,141.518],[490.967,377.04],[76.353,424.72],[-33.006,488.062],[570.225,478.231],[556.18,14.045]],"c":true}]},{"i":{"x":0.667,"y":1},"o":{"x":0.333,"y":0},"t":76,"s":[{"i":[[0,0],[-72.229,3.038],[-165.339,-196.892],[16.211,-24.425],[28.307,33.841],[0,0],[0,0],[0,0]],"o":[[0,0],[57.25,-175.301],[74.847,89.131],[-112.302,160.419],[-28.307,-33.841],[0,0],[0,0],[0,0]],"v":[[-14.747,13.343],[15.225,194.845],[473.971,141.518],[490.967,377.04],[76.353,424.72],[-33.006,488.062],[570.225,478.231],[556.18,14.045]],"c":true}]},{"i":{"x":0.667,"y":1},"o":{"x":0.333,"y":0},"t":81,"s":[{"i":[[0,0],[-72.229,3.038],[-52.961,65.323],[41.846,-35.258],[111.758,69.58],[0,0],[0,0],[0,0]],"o":[[0,0],[22.234,45.383],[73.3,-90.408],[-35.755,30.126],[-32.379,-28.14],[0,0],[0,0],[0,0]],"v":[[-14.747,13.343],[42.098,338.982],[462.57,338.586],[461.651,342.838],[42.151,341.658],[-33.006,488.062],[570.225,478.23],[556.18,14.045]],"c":true}]},{"i":{"x":0.667,"y":1},"o":{"x":0.167,"y":0},"t":85,"s":[{"i":[[0,0],[-72.229,3.038],[-165.339,-196.892],[16.211,-24.425],[28.307,33.841],[0,0],[0,0],[0,0]],"o":[[0,0],[57.25,-175.301],[74.847,89.131],[-112.302,160.419],[-28.307,-33.841],[0,0],[0,0],[0,0]],"v":[[-14.747,13.343],[15.225,194.845],[473.971,141.518],[490.967,377.04],[76.353,424.72],[-33.006,488.062],[570.225,478.231],[556.18,14.045]],"c":true}]},{"i":{"x":0.667,"y":1},"o":{"x":0.333,"y":0},"t":119,"s":[{"i":[[0,0],[-72.229,3.038],[-165.339,-196.892],[16.211,-24.425],[28.307,33.841],[0,0],[0,0],[0,0]],"o":[[0,0],[57.25,-175.301],[74.847,89.131],[-112.302,160.419],[-28.307,-33.841],[0,0],[0,0],[0,0]],"v":[[-14.747,13.343],[15.225,194.845],[473.971,141.518],[490.967,377.04],[76.353,424.72],[-33.006,488.062],[570.225,478.231],[556.18,14.045]],"c":true}]},{"t":124,"s":[{"i":[[0,0],[-72.229,3.038],[-52.961,65.323],[41.846,-35.258],[111.758,69.58],[0,0],[0,0],[0,0]],"o":[[0,0],[22.234,45.383],[73.3,-90.408],[-35.755,30.126],[-32.379,-28.14],[0,0],[0,0],[0,0]],"v":[[-14.747,13.343],[42.098,338.982],[462.57,338.586],[461.651,342.838],[42.151,341.658],[-33.006,488.062],[570.225,478.23],[556.18,14.045]],"c":true}]}],"ix":1},"o":{"a":0,"k":100,"ix":3},"x":{"a":0,"k":0,"ix":4},"nm":"Mask 2"}],"ef":[{"ty":21,"nm":"Fill","np":9,"mn":"ADBE Fill","ix":1,"en":1,"ef":[{"ty":10,"nm":"Fill Mask","mn":"ADBE Fill-0001","ix":1,"v":{"a":0,"k":0,"ix":1}},{"ty":7,"nm":"All Masks","mn":"ADBE Fill-0007","ix":2,"v":{"a":0,"k":0,"ix":2}},{"ty":2,"nm":"Color","mn":"ADBE Fill-0002","ix":3,"v":{"a":0,"k":[0.992156863213,0.874509811401,0.568627476692,1],"ix":3}},{"ty":7,"nm":"Invert","mn":"ADBE Fill-0006","ix":4,"v":{"a":0,"k":0,"ix":4}},{"ty":0,"nm":"Horizontal Feather","mn":"ADBE Fill-0003","ix":5,"v":{"a":0,"k":0,"ix":5}},{"ty":0,"nm":"Vertical Feather","mn":"ADBE Fill-0004","ix":6,"v":{"a":0,"k":0,"ix":6}},{"ty":0,"nm":"Opacity","mn":"ADBE Fill-0005","ix":7,"v":{"a":0,"k":1,"ix":7}}]}],"sw":500,"sh":500,"sc":"#111111","ip":0,"op":125,"st":0,"bm":0},{"ddd":0,"ind":2,"ty":1,"nm":"Dark Gray Solid 35","sr":1,"ks":{"o":{"a":0,"k":100,"ix":11},"r":{"a":0,"k":0,"ix":10},"p":{"a":0,"k":[250,250,0],"ix":2},"a":{"a":0,"k":[250,250,0],"ix":1},"s":{"a":0,"k":[100,100,100],"ix":6}},"ao":0,"hasMask":true,"masksProperties":[{"inv":false,"mode":"a","pt":{"a":0,"k":{"i":[[38.697,0],[0,-38.697],[-38.697,0],[0,38.697]],"o":[[-38.697,0],[0,38.697],[38.697,0],[0,-38.697]],"v":[[304.726,134.328],[234.66,204.395],[304.726,274.461],[374.793,204.395]],"c":true},"ix":1},"o":{"a":0,"k":100,"ix":3},"x":{"a":0,"k":0,"ix":4},"nm":"Mask 1"},{"inv":false,"mode":"a","pt":{"a":0,"k":{"i":[[14.165,0],[0,-14.165],[-14.165,0],[0,14.165]],"o":[[-14.165,0],[0,14.165],[14.165,0],[0,-14.165]],"v":[[193.144,262.852],[167.496,288.501],[193.144,314.149],[218.792,288.501]],"c":true},"ix":1},"o":{"a":0,"k":100,"ix":3},"x":{"a":0,"k":0,"ix":4},"nm":"Mask 2"}],"ef":[{"ty":21,"nm":"Fill","np":9,"mn":"ADBE Fill","ix":1,"en":1,"ef":[{"ty":10,"nm":"Fill Mask","mn":"ADBE Fill-0001","ix":1,"v":{"a":0,"k":0,"ix":1}},{"ty":7,"nm":"All Masks","mn":"ADBE Fill-0007","ix":2,"v":{"a":0,"k":0,"ix":2}},{"ty":2,"nm":"Color","mn":"ADBE Fill-0002","ix":3,"v":{"a":0,"k":[1,1,1,1],"ix":3}},{"ty":7,"nm":"Invert","mn":"ADBE Fill-0006","ix":4,"v":{"a":0,"k":0,"ix":4}},{"ty":0,"nm":"Horizontal Feather","mn":"ADBE Fill-0003","ix":5,"v":{"a":0,"k":0,"ix":5}},{"ty":0,"nm":"Vertical Feather","mn":"ADBE Fill-0004","ix":6,"v":{"a":0,"k":0,"ix":6}},{"ty":0,"nm":"Opacity","mn":"ADBE Fill-0005","ix":7,"v":{"a":0,"k":1,"ix":7}}]}],"sw":500,"sh":500,"sc":"#111111","ip":0,"op":125,"st":0,"bm":0},{"ddd":0,"ind":3,"ty":1,"nm":"Dark Gray Solid 35","sr":1,"ks":{"o":{"a":0,"k":100,"ix":11},"r":{"a":0,"k":0,"ix":10},"p":{"a":0,"k":[250,250,0],"ix":2},"a":{"a":0,"k":[250,250,0],"ix":1},"s":{"a":0,"k":[100,100,100],"ix":6}},"ao":0,"hasMask":true,"masksProperties":[{"inv":false,"mode":"a","pt":{"a":0,"k":{"i":[[68.921,0],[0,-68.921],[-68.921,0],[0,68.921]],"o":[[-68.921,0],[0,68.921],[68.921,0],[0,-68.921]],"v":[[250,125.207],[125.207,250],[250,374.793],[374.793,250]],"c":true},"ix":1},"o":{"a":0,"k":100,"ix":3},"x":{"a":0,"k":0,"ix":4},"nm":"Mask 1"}],"ef":[{"ty":21,"nm":"Fill","np":9,"mn":"ADBE Fill","ix":1,"en":1,"ef":[{"ty":10,"nm":"Fill Mask","mn":"ADBE Fill-0001","ix":1,"v":{"a":0,"k":0,"ix":1}},{"ty":7,"nm":"All Masks","mn":"ADBE Fill-0007","ix":2,"v":{"a":0,"k":0,"ix":2}},{"ty":2,"nm":"Color","mn":"ADBE Fill-0002","ix":3,"v":{"a":0,"k":[0.20000000298,0.40000000596,0.600000023842,1],"ix":3}},{"ty":7,"nm":"Invert","mn":"ADBE Fill-0006","ix":4,"v":{"a":0,"k":0,"ix":4}},{"ty":0,"nm":"Horizontal Feather","mn":"ADBE Fill-0003","ix":5,"v":{"a":0,"k":0,"ix":5}},{"ty":0,"nm":"Vertical Feather","mn":"ADBE Fill-0004","ix":6,"v":{"a":0,"k":0,"ix":6}},{"ty":0,"nm":"Opacity","mn":"ADBE Fill-0005","ix":7,"v":{"a":0,"k":1,"ix":7}}]}],"sw":500,"sh":500,"sc":"#111111","ip":0,"op":125,"st":0,"bm":0},{"ddd":0,"ind":4,"ty":1,"nm":"Dark Gray Solid 35","sr":1,"ks":{"o":{"a":0,"k":100,"ix":11},"r":{"a":0,"k":0,"ix":10},"p":{"a":0,"k":[250,250,0],"ix":2},"a":{"a":0,"k":[250,250,0],"ix":1},"s":{"a":0,"k":[100,100,100],"ix":6}},"ao":0,"hasMask":true,"masksProperties":[{"inv":false,"mode":"a","pt":{"a":0,"k":{"i":[[120.669,0],[0,-120.669],[-120.669,0],[0,120.669]],"o":[[-120.669,0],[0,120.669],[120.669,0],[0,-120.669]],"v":[[250,31.509],[31.509,250],[250,468.491],[468.491,250]],"c":true},"ix":1},"o":{"a":0,"k":100,"ix":3},"x":{"a":0,"k":0,"ix":4},"nm":"Mask 1"}],"ef":[{"ty":21,"nm":"Fill","np":9,"mn":"ADBE Fill","ix":1,"en":1,"ef":[{"ty":10,"nm":"Fill Mask","mn":"ADBE Fill-0001","ix":1,"v":{"a":0,"k":0,"ix":1}},{"ty":7,"nm":"All Masks","mn":"ADBE Fill-0007","ix":2,"v":{"a":0,"k":0,"ix":2}},{"ty":2,"nm":"Color","mn":"ADBE Fill-0002","ix":3,"v":{"a":0,"k":[0.933333337307,0.921568632126,0.882352948189,1],"ix":3}},{"ty":7,"nm":"Invert","mn":"ADBE Fill-0006","ix":4,"v":{"a":0,"k":0,"ix":4}},{"ty":0,"nm":"Horizontal Feather","mn":"ADBE Fill-0003","ix":5,"v":{"a":0,"k":0,"ix":5}},{"ty":0,"nm":"Vertical Feather","mn":"ADBE Fill-0004","ix":6,"v":{"a":0,"k":0,"ix":6}},{"ty":0,"nm":"Opacity","mn":"ADBE Fill-0005","ix":7,"v":{"a":0,"k":1,"ix":7}}]}],"sw":500,"sh":500,"sc":"#111111","ip":0,"op":125,"st":0,"bm":0}]},{"id":"comp_3","layers":[{"ddd":0,"ind":1,"ty":1,"nm":"Dark Gray Solid 5","sr":1,"ks":{"o":{"a":0,"k":100,"ix":11},"r":{"a":0,"k":0,"ix":10},"p":{"a":0,"k":[300,200,0],"ix":2},"a":{"a":0,"k":[300,300,0],"ix":1},"s":{"a":0,"k":[100,100,100],"ix":6}},"ao":0,"hasMask":true,"masksProperties":[{"inv":false,"mode":"a","pt":{"a":1,"k":[{"i":{"x":0.833,"y":0.833},"o":{"x":0.167,"y":0.167},"t":114,"s":[{"i":[[25.09,-4.49],[79.855,13.139],[-22.647,-4.961],[-92.528,24.539]],"o":[[-62.482,11.182],[-38.731,-6.373],[80.467,17.626],[37.023,-9.819]],"v":[[447.916,161.559],[179.643,165.119],[156.539,218.091],[465.954,216.243]],"c":true}]},{"i":{"x":0.833,"y":0.833},"o":{"x":0.167,"y":0.167},"t":119,"s":[{"i":[[24.217,-7.951],[78.49,23.381],[-21.838,-7.785],[-91.821,37.257]],"o":[[-63.783,20.941],[-37.619,-11.206],[81.094,28.909],[35.493,-14.401]],"v":[[447.783,114.059],[179.51,117.619],[156.406,170.591],[465.821,168.743]],"c":true}]},{"i":{"x":0.833,"y":0.833},"o":{"x":0.167,"y":0.167},"t":124,"s":[{"i":[[25.09,-4.49],[79.855,13.139],[-22.647,-4.961],[-92.528,24.539]],"o":[[-62.482,11.182],[-38.731,-6.373],[80.467,17.626],[37.023,-9.819]],"v":[[447.916,161.559],[179.643,165.119],[156.539,218.091],[465.954,216.243]],"c":true}]},{"i":{"x":0.833,"y":0.833},"o":{"x":0.167,"y":0.167},"t":165,"s":[{"i":[[24.217,-7.951],[78.49,23.381],[-21.838,-7.785],[-91.821,37.257]],"o":[[-63.783,20.941],[-37.619,-11.206],[81.094,28.909],[35.493,-14.401]],"v":[[447.783,114.059],[179.51,117.619],[156.406,170.591],[465.821,168.743]],"c":true}]},{"t":174,"s":[{"i":[[25.09,-4.49],[79.855,13.139],[-22.647,-4.961],[-92.528,24.539]],"o":[[-62.482,11.182],[-38.731,-6.373],[80.467,17.626],[37.023,-9.819]],"v":[[447.916,161.559],[179.643,165.119],[156.539,218.091],[465.954,216.243]],"c":true}]}],"ix":1},"o":{"a":0,"k":100,"ix":3},"x":{"a":0,"k":0,"ix":4},"nm":"Mask 1"}],"ef":[{"ty":21,"nm":"Fill","np":9,"mn":"ADBE Fill","ix":1,"en":1,"ef":[{"ty":10,"nm":"Fill Mask","mn":"ADBE Fill-0001","ix":1,"v":{"a":0,"k":0,"ix":1}},{"ty":7,"nm":"All Masks","mn":"ADBE Fill-0007","ix":2,"v":{"a":0,"k":0,"ix":2}},{"ty":2,"nm":"Color","mn":"ADBE Fill-0002","ix":3,"v":{"a":0,"k":[0.774341285229,0.676766335964,0.434511274099,1],"ix":3}},{"ty":7,"nm":"Invert","mn":"ADBE Fill-0006","ix":4,"v":{"a":0,"k":0,"ix":4}},{"ty":0,"nm":"Horizontal Feather","mn":"ADBE Fill-0003","ix":5,"v":{"a":0,"k":0,"ix":5}},{"ty":0,"nm":"Vertical Feather","mn":"ADBE Fill-0004","ix":6,"v":{"a":0,"k":0,"ix":6}},{"ty":0,"nm":"Opacity","mn":"ADBE Fill-0005","ix":7,"v":{"a":0,"k":1,"ix":7}}]}],"sw":600,"sh":600,"sc":"#262626","ip":114,"op":125,"st":50,"bm":0},{"ddd":0,"ind":2,"ty":1,"nm":"Dark Gray Solid 5","sr":1,"ks":{"o":{"a":0,"k":100,"ix":11},"r":{"a":0,"k":0,"ix":10},"p":{"a":0,"k":[300,200,0],"ix":2},"a":{"a":0,"k":[300,300,0],"ix":1},"s":{"a":0,"k":[100,100,100],"ix":6}},"ao":0,"hasMask":true,"masksProperties":[{"inv":false,"mode":"a","pt":{"a":0,"k":{"i":[[-6.906,-9.505],[-6.571,10.991],[-0.331,18.152],[41.321,9.303]],"o":[[6.897,9.492],[7.929,-21.009],[-74.331,15.652],[-1.166,26.91]],"v":[[239.603,225.008],[394.071,224.009],[402.331,167.348],[222.166,168.59]],"c":true},"ix":1},"o":{"a":0,"k":100,"ix":3},"x":{"a":0,"k":0,"ix":4},"nm":"Mask 1"}],"ef":[{"ty":21,"nm":"Fill","np":9,"mn":"ADBE Fill","ix":1,"en":1,"ef":[{"ty":10,"nm":"Fill Mask","mn":"ADBE Fill-0001","ix":1,"v":{"a":0,"k":0,"ix":1}},{"ty":7,"nm":"All Masks","mn":"ADBE Fill-0007","ix":2,"v":{"a":0,"k":0,"ix":2}},{"ty":2,"nm":"Color","mn":"ADBE Fill-0002","ix":3,"v":{"a":0,"k":[0.960324764252,0.960324764252,0.960324764252,1],"ix":3}},{"ty":7,"nm":"Invert","mn":"ADBE Fill-0006","ix":4,"v":{"a":0,"k":0,"ix":4}},{"ty":0,"nm":"Horizontal Feather","mn":"ADBE Fill-0003","ix":5,"v":{"a":0,"k":0,"ix":5}},{"ty":0,"nm":"Vertical Feather","mn":"ADBE Fill-0004","ix":6,"v":{"a":0,"k":0,"ix":6}},{"ty":0,"nm":"Opacity","mn":"ADBE Fill-0005","ix":7,"v":{"a":0,"k":1,"ix":7}}]}],"sw":600,"sh":600,"sc":"#262626","ip":97,"op":113,"st":78,"bm":0},{"ddd":0,"ind":3,"ty":1,"nm":"Dark Gray Solid 5","sr":1,"ks":{"o":{"a":0,"k":100,"ix":11},"r":{"a":0,"k":0,"ix":10},"p":{"a":0,"k":[300,200,0],"ix":2},"a":{"a":0,"k":[300,300,0],"ix":1},"s":{"a":0,"k":[100,100,100],"ix":6}},"ao":0,"hasMask":true,"masksProperties":[{"inv":false,"mode":"a","pt":{"a":1,"k":[{"i":{"x":0.833,"y":0.833},"o":{"x":0.167,"y":0.167},"t":126,"s":[{"i":[[0.022,-33.723],[-161.155,-1.181],[5.071,123.04],[19.393,-4.084],[41.321,9.303]],"o":[[-0.028,42.183],[103.849,0.761],[-1.687,-40.936],[-74.331,15.652],[-13.097,-2.949]],"v":[[186.978,191.723],[321.155,401.181],[439.929,202.96],[402.331,167.348],[222.166,168.59]],"c":true}]},{"t":136,"s":[{"i":[[0.022,-33.723],[-118.311,0],[3.071,94.04],[19.393,-4.084],[41.321,9.303]],"o":[[-0.028,42.183],[27.689,0],[-1.337,-40.949],[-74.331,15.652],[-13.097,-2.949]],"v":[[186.978,191.723],[319.311,299.181],[439.929,202.96],[402.331,167.348],[222.166,168.59]],"c":true}]}],"ix":1},"o":{"a":0,"k":100,"ix":3},"x":{"a":0,"k":0,"ix":4},"nm":"Mask 1"}],"ef":[{"ty":21,"nm":"Fill","np":9,"mn":"ADBE Fill","ix":1,"en":1,"ef":[{"ty":10,"nm":"Fill Mask","mn":"ADBE Fill-0001","ix":1,"v":{"a":0,"k":0,"ix":1}},{"ty":7,"nm":"All Masks","mn":"ADBE Fill-0007","ix":2,"v":{"a":0,"k":0,"ix":2}},{"ty":2,"nm":"Color","mn":"ADBE Fill-0002","ix":3,"v":{"a":0,"k":[0.741176486015,0.215686276555,0.247058823705,1],"ix":3}},{"ty":7,"nm":"Invert","mn":"ADBE Fill-0006","ix":4,"v":{"a":0,"k":0,"ix":4}},{"ty":0,"nm":"Horizontal Feather","mn":"ADBE Fill-0003","ix":5,"v":{"a":0,"k":0,"ix":5}},{"ty":0,"nm":"Vertical Feather","mn":"ADBE Fill-0004","ix":6,"v":{"a":0,"k":0,"ix":6}},{"ty":0,"nm":"Opacity","mn":"ADBE Fill-0005","ix":7,"v":{"a":0,"k":1,"ix":7}}]}],"sw":600,"sh":600,"sc":"#262626","ip":97,"op":113,"st":78,"bm":0},{"ddd":0,"ind":4,"ty":1,"nm":"Dark Gray Solid 5","sr":1,"ks":{"o":{"a":0,"k":100,"ix":11},"r":{"a":0,"k":0,"ix":10},"p":{"a":0,"k":[300,200,0],"ix":2},"a":{"a":0,"k":[300,300,0],"ix":1},"s":{"a":0,"k":[100,100,100],"ix":6}},"ao":0,"hasMask":true,"masksProperties":[{"inv":false,"mode":"a","pt":{"a":1,"k":[{"i":{"x":0.833,"y":0.833},"o":{"x":0.167,"y":0.167},"t":126,"s":[{"i":[[1.577,-50.012],[-221.965,1.157],[15.497,154.31],[24.222,-6.41],[52.24,11.762]],"o":[[-1.681,53.304],[136.159,-0.71],[-7.165,-71.348],[-68.27,18.068],[-16.558,-3.728]],"v":[[141.423,152.012],[324.965,440.843],[486.503,163.691],[421.27,119.932],[194.76,120.238]],"c":true}]},{"t":136,"s":[{"i":[[2.077,-51.012],[-202.965,3.157],[15.497,154.31],[24.222,-6.41],[52.24,11.762]],"o":[[-2.17,53.287],[136.144,-2.118],[-7.165,-71.348],[-68.27,18.068],[-16.558,-3.728]],"v":[[141.423,152.012],[324.965,347.843],[486.503,163.691],[421.27,119.932],[194.76,120.238]],"c":true}]}],"ix":1},"o":{"a":0,"k":100,"ix":3},"x":{"a":0,"k":0,"ix":4},"nm":"Mask 1"}],"ef":[{"ty":21,"nm":"Fill","np":9,"mn":"ADBE Fill","ix":1,"en":1,"ef":[{"ty":10,"nm":"Fill Mask","mn":"ADBE Fill-0001","ix":1,"v":{"a":0,"k":0,"ix":1}},{"ty":7,"nm":"All Masks","mn":"ADBE Fill-0007","ix":2,"v":{"a":0,"k":0,"ix":2}},{"ty":2,"nm":"Color","mn":"ADBE Fill-0002","ix":3,"v":{"a":0,"k":[0.774341285229,0.676766335964,0.434511274099,1],"ix":3}},{"ty":7,"nm":"Invert","mn":"ADBE Fill-0006","ix":4,"v":{"a":0,"k":0,"ix":4}},{"ty":0,"nm":"Horizontal Feather","mn":"ADBE Fill-0003","ix":5,"v":{"a":0,"k":0,"ix":5}},{"ty":0,"nm":"Vertical Feather","mn":"ADBE Fill-0004","ix":6,"v":{"a":0,"k":0,"ix":6}},{"ty":0,"nm":"Opacity","mn":"ADBE Fill-0005","ix":7,"v":{"a":0,"k":1,"ix":7}}]}],"sw":600,"sh":600,"sc":"#262626","ip":97,"op":113,"st":78,"bm":0},{"ddd":0,"ind":5,"ty":1,"nm":"Dark Gray Solid 5","sr":1,"ks":{"o":{"a":0,"k":100,"ix":11},"r":{"a":0,"k":0,"ix":10},"p":{"a":0,"k":[300,200,0],"ix":2},"a":{"a":0,"k":[300,300,0],"ix":1},"s":{"a":0,"k":[100,100,100],"ix":6}},"ao":0,"hasMask":true,"masksProperties":[{"inv":false,"mode":"a","pt":{"a":1,"k":[{"i":{"x":0.833,"y":0.833},"o":{"x":0.167,"y":0.167},"t":75,"s":[{"i":[[25.09,-4.49],[79.855,13.139],[-22.647,-4.961],[-92.528,24.539]],"o":[[-62.482,11.182],[-38.731,-6.373],[80.467,17.626],[37.023,-9.819]],"v":[[447.916,161.559],[179.643,165.119],[156.539,218.091],[465.954,216.243]],"c":true}]},{"i":{"x":0.833,"y":0.833},"o":{"x":0.167,"y":0.167},"t":80,"s":[{"i":[[24.217,-7.951],[78.49,23.381],[-21.838,-7.785],[-91.821,37.257]],"o":[[-63.783,20.941],[-37.619,-11.206],[81.094,28.909],[35.493,-14.401]],"v":[[447.783,114.059],[179.51,117.619],[156.406,170.591],[465.821,168.743]],"c":true}]},{"i":{"x":0.833,"y":0.833},"o":{"x":0.167,"y":0.167},"t":131,"s":[{"i":[[24.217,-7.951],[78.49,23.381],[-21.838,-7.785],[-91.821,37.257]],"o":[[-63.783,20.941],[-37.619,-11.206],[81.094,28.909],[35.493,-14.401]],"v":[[447.783,114.059],[179.51,117.619],[156.406,170.591],[465.821,168.743]],"c":true}]},{"t":140,"s":[{"i":[[25.09,-4.49],[79.855,13.139],[-22.647,-4.961],[-92.528,24.539]],"o":[[-62.482,11.182],[-38.731,-6.373],[80.467,17.626],[37.023,-9.819]],"v":[[447.916,161.559],[179.643,165.119],[156.539,218.091],[465.954,216.243]],"c":true}]}],"ix":1},"o":{"a":0,"k":100,"ix":3},"x":{"a":0,"k":0,"ix":4},"nm":"Mask 1"}],"ef":[{"ty":21,"nm":"Fill","np":9,"mn":"ADBE Fill","ix":1,"en":1,"ef":[{"ty":10,"nm":"Fill Mask","mn":"ADBE Fill-0001","ix":1,"v":{"a":0,"k":0,"ix":1}},{"ty":7,"nm":"All Masks","mn":"ADBE Fill-0007","ix":2,"v":{"a":0,"k":0,"ix":2}},{"ty":2,"nm":"Color","mn":"ADBE Fill-0002","ix":3,"v":{"a":0,"k":[0.774341285229,0.676766335964,0.434511274099,1],"ix":3}},{"ty":7,"nm":"Invert","mn":"ADBE Fill-0006","ix":4,"v":{"a":0,"k":0,"ix":4}},{"ty":0,"nm":"Horizontal Feather","mn":"ADBE Fill-0003","ix":5,"v":{"a":0,"k":0,"ix":5}},{"ty":0,"nm":"Vertical Feather","mn":"ADBE Fill-0004","ix":6,"v":{"a":0,"k":0,"ix":6}},{"ty":0,"nm":"Opacity","mn":"ADBE Fill-0005","ix":7,"v":{"a":0,"k":1,"ix":7}}]}],"sw":600,"sh":600,"sc":"#262626","ip":75,"op":97,"st":16,"bm":0},{"ddd":0,"ind":6,"ty":1,"nm":"Dark Gray Solid 5","sr":1,"ks":{"o":{"a":0,"k":100,"ix":11},"r":{"a":0,"k":0,"ix":10},"p":{"a":0,"k":[300,200,0],"ix":2},"a":{"a":0,"k":[300,300,0],"ix":1},"s":{"a":0,"k":[100,100,100],"ix":6}},"ao":0,"hasMask":true,"masksProperties":[{"inv":false,"mode":"a","pt":{"a":1,"k":[{"i":{"x":0.833,"y":0.833},"o":{"x":0.167,"y":0.167},"t":0,"s":[{"i":[[25.09,-4.49],[79.855,13.139],[-22.647,-4.961],[-92.528,24.539]],"o":[[-62.482,11.182],[-38.731,-6.373],[80.467,17.626],[37.023,-9.819]],"v":[[447.916,161.559],[179.643,165.119],[156.539,218.091],[465.954,216.243]],"c":true}]},{"i":{"x":0.833,"y":0.833},"o":{"x":0.167,"y":0.167},"t":5,"s":[{"i":[[24.217,-7.951],[78.49,23.381],[-21.838,-7.785],[-91.821,37.257]],"o":[[-63.783,20.941],[-37.619,-11.206],[81.094,28.909],[35.493,-14.401]],"v":[[447.783,114.059],[179.51,117.619],[156.406,170.591],[465.821,168.743]],"c":true}]},{"i":{"x":0.833,"y":0.833},"o":{"x":0.167,"y":0.167},"t":56,"s":[{"i":[[24.217,-7.951],[78.49,23.381],[-21.838,-7.785],[-91.821,37.257]],"o":[[-63.783,20.941],[-37.619,-11.206],[81.094,28.909],[35.493,-14.401]],"v":[[447.783,114.059],[179.51,117.619],[156.406,170.591],[465.821,168.743]],"c":true}]},{"t":65,"s":[{"i":[[25.09,-4.49],[79.855,13.139],[-22.647,-4.961],[-92.528,24.539]],"o":[[-62.482,11.182],[-38.731,-6.373],[80.467,17.626],[37.023,-9.819]],"v":[[447.916,161.559],[179.643,165.119],[156.539,218.091],[465.954,216.243]],"c":true}]}],"ix":1},"o":{"a":0,"k":100,"ix":3},"x":{"a":0,"k":0,"ix":4},"nm":"Mask 1"}],"ef":[{"ty":21,"nm":"Fill","np":9,"mn":"ADBE Fill","ix":1,"en":1,"ef":[{"ty":10,"nm":"Fill Mask","mn":"ADBE Fill-0001","ix":1,"v":{"a":0,"k":0,"ix":1}},{"ty":7,"nm":"All Masks","mn":"ADBE Fill-0007","ix":2,"v":{"a":0,"k":0,"ix":2}},{"ty":2,"nm":"Color","mn":"ADBE Fill-0002","ix":3,"v":{"a":0,"k":[0.774341285229,0.676766335964,0.434511274099,1],"ix":3}},{"ty":7,"nm":"Invert","mn":"ADBE Fill-0006","ix":4,"v":{"a":0,"k":0,"ix":4}},{"ty":0,"nm":"Horizontal Feather","mn":"ADBE Fill-0003","ix":5,"v":{"a":0,"k":0,"ix":5}},{"ty":0,"nm":"Vertical Feather","mn":"ADBE Fill-0004","ix":6,"v":{"a":0,"k":0,"ix":6}},{"ty":0,"nm":"Opacity","mn":"ADBE Fill-0005","ix":7,"v":{"a":0,"k":1,"ix":7}}]}],"sw":600,"sh":600,"sc":"#262626","ip":0,"op":7,"st":-59,"bm":0},{"ddd":0,"ind":7,"ty":1,"nm":"Dark Gray Solid 5","sr":1,"ks":{"o":{"a":0,"k":100,"ix":11},"r":{"a":0,"k":0,"ix":10},"p":{"a":0,"k":[300,200,0],"ix":2},"a":{"a":0,"k":[300,300,0],"ix":1},"s":{"a":0,"k":[100,100,100],"ix":6}},"ao":0,"hasMask":true,"masksProperties":[{"inv":false,"mode":"a","pt":{"a":0,"k":{"i":[[-6.906,-9.505],[-6.571,10.991],[-0.331,18.152],[41.321,9.303]],"o":[[6.897,9.492],[7.929,-21.009],[-74.331,15.652],[-1.166,26.91]],"v":[[239.603,225.008],[394.071,224.009],[402.331,167.348],[222.166,168.59]],"c":true},"ix":1},"o":{"a":0,"k":100,"ix":3},"x":{"a":0,"k":0,"ix":4},"nm":"Mask 1"}],"ef":[{"ty":21,"nm":"Fill","np":9,"mn":"ADBE Fill","ix":1,"en":1,"ef":[{"ty":10,"nm":"Fill Mask","mn":"ADBE Fill-0001","ix":1,"v":{"a":0,"k":0,"ix":1}},{"ty":7,"nm":"All Masks","mn":"ADBE Fill-0007","ix":2,"v":{"a":0,"k":0,"ix":2}},{"ty":2,"nm":"Color","mn":"ADBE Fill-0002","ix":3,"v":{"a":0,"k":[0.960324764252,0.960324764252,0.960324764252,1],"ix":3}},{"ty":7,"nm":"Invert","mn":"ADBE Fill-0006","ix":4,"v":{"a":0,"k":0,"ix":4}},{"ty":0,"nm":"Horizontal Feather","mn":"ADBE Fill-0003","ix":5,"v":{"a":0,"k":0,"ix":5}},{"ty":0,"nm":"Vertical Feather","mn":"ADBE Fill-0004","ix":6,"v":{"a":0,"k":0,"ix":6}},{"ty":0,"nm":"Opacity","mn":"ADBE Fill-0005","ix":7,"v":{"a":0,"k":1,"ix":7}}]}],"sw":600,"sh":600,"sc":"#262626","ip":7,"op":31,"st":0,"bm":0},{"ddd":0,"ind":8,"ty":1,"nm":"Dark Gray Solid 5","sr":1,"ks":{"o":{"a":0,"k":100,"ix":11},"r":{"a":0,"k":0,"ix":10},"p":{"a":0,"k":[300,200,0],"ix":2},"a":{"a":0,"k":[300,300,0],"ix":1},"s":{"a":0,"k":[100,100,100],"ix":6}},"ao":0,"hasMask":true,"masksProperties":[{"inv":false,"mode":"a","pt":{"a":1,"k":[{"i":{"x":0.833,"y":0.833},"o":{"x":0.167,"y":0.167},"t":48,"s":[{"i":[[0.022,-33.723],[-161.155,-1.181],[5.071,123.04],[19.393,-4.084],[41.321,9.303]],"o":[[-0.028,42.183],[103.849,0.761],[-1.687,-40.936],[-74.331,15.652],[-13.097,-2.949]],"v":[[186.978,191.723],[321.155,401.181],[439.929,202.96],[402.331,167.348],[222.166,168.59]],"c":true}]},{"t":58,"s":[{"i":[[0.022,-33.723],[-118.311,0],[3.071,94.04],[19.393,-4.084],[41.321,9.303]],"o":[[-0.028,42.183],[27.689,0],[-1.337,-40.949],[-74.331,15.652],[-13.097,-2.949]],"v":[[186.978,191.723],[319.311,299.181],[439.929,202.96],[402.331,167.348],[222.166,168.59]],"c":true}]}],"ix":1},"o":{"a":0,"k":100,"ix":3},"x":{"a":0,"k":0,"ix":4},"nm":"Mask 1"}],"ef":[{"ty":21,"nm":"Fill","np":9,"mn":"ADBE Fill","ix":1,"en":1,"ef":[{"ty":10,"nm":"Fill Mask","mn":"ADBE Fill-0001","ix":1,"v":{"a":0,"k":0,"ix":1}},{"ty":7,"nm":"All Masks","mn":"ADBE Fill-0007","ix":2,"v":{"a":0,"k":0,"ix":2}},{"ty":2,"nm":"Color","mn":"ADBE Fill-0002","ix":3,"v":{"a":0,"k":[0.741176486015,0.215686276555,0.247058823705,1],"ix":3}},{"ty":7,"nm":"Invert","mn":"ADBE Fill-0006","ix":4,"v":{"a":0,"k":0,"ix":4}},{"ty":0,"nm":"Horizontal Feather","mn":"ADBE Fill-0003","ix":5,"v":{"a":0,"k":0,"ix":5}},{"ty":0,"nm":"Vertical Feather","mn":"ADBE Fill-0004","ix":6,"v":{"a":0,"k":0,"ix":6}},{"ty":0,"nm":"Opacity","mn":"ADBE Fill-0005","ix":7,"v":{"a":0,"k":1,"ix":7}}]}],"sw":600,"sh":600,"sc":"#262626","ip":7,"op":31,"st":0,"bm":0},{"ddd":0,"ind":9,"ty":1,"nm":"Dark Gray Solid 5","sr":1,"ks":{"o":{"a":0,"k":100,"ix":11},"r":{"a":0,"k":0,"ix":10},"p":{"a":0,"k":[300,200,0],"ix":2},"a":{"a":0,"k":[300,300,0],"ix":1},"s":{"a":0,"k":[100,100,100],"ix":6}},"ao":0,"hasMask":true,"masksProperties":[{"inv":false,"mode":"a","pt":{"a":1,"k":[{"i":{"x":0.833,"y":0.833},"o":{"x":0.167,"y":0.167},"t":48,"s":[{"i":[[1.577,-50.012],[-221.965,1.157],[15.497,154.31],[24.222,-6.41],[52.24,11.762]],"o":[[-1.681,53.304],[136.159,-0.71],[-7.165,-71.348],[-68.27,18.068],[-16.558,-3.728]],"v":[[141.423,152.012],[324.965,440.843],[486.503,163.691],[421.27,119.932],[194.76,120.238]],"c":true}]},{"t":58,"s":[{"i":[[2.077,-51.012],[-202.965,3.157],[15.497,154.31],[24.222,-6.41],[52.24,11.762]],"o":[[-2.17,53.287],[136.144,-2.118],[-7.165,-71.348],[-68.27,18.068],[-16.558,-3.728]],"v":[[141.423,152.012],[324.965,347.843],[486.503,163.691],[421.27,119.932],[194.76,120.238]],"c":true}]}],"ix":1},"o":{"a":0,"k":100,"ix":3},"x":{"a":0,"k":0,"ix":4},"nm":"Mask 1"}],"ef":[{"ty":21,"nm":"Fill","np":9,"mn":"ADBE Fill","ix":1,"en":1,"ef":[{"ty":10,"nm":"Fill Mask","mn":"ADBE Fill-0001","ix":1,"v":{"a":0,"k":0,"ix":1}},{"ty":7,"nm":"All Masks","mn":"ADBE Fill-0007","ix":2,"v":{"a":0,"k":0,"ix":2}},{"ty":2,"nm":"Color","mn":"ADBE Fill-0002","ix":3,"v":{"a":0,"k":[0.774341285229,0.676766335964,0.434511274099,1],"ix":3}},{"ty":7,"nm":"Invert","mn":"ADBE Fill-0006","ix":4,"v":{"a":0,"k":0,"ix":4}},{"ty":0,"nm":"Horizontal Feather","mn":"ADBE Fill-0003","ix":5,"v":{"a":0,"k":0,"ix":5}},{"ty":0,"nm":"Vertical Feather","mn":"ADBE Fill-0004","ix":6,"v":{"a":0,"k":0,"ix":6}},{"ty":0,"nm":"Opacity","mn":"ADBE Fill-0005","ix":7,"v":{"a":0,"k":1,"ix":7}}]}],"sw":600,"sh":600,"sc":"#262626","ip":7,"op":31,"st":0,"bm":0},{"ddd":0,"ind":10,"ty":1,"nm":"Dark Gray Solid 5","sr":1,"ks":{"o":{"a":0,"k":100,"ix":11},"r":{"a":0,"k":0,"ix":10},"p":{"a":0,"k":[300,200,0],"ix":2},"a":{"a":0,"k":[300,300,0],"ix":1},"s":{"a":0,"k":[100,100,100],"ix":6}},"ao":0,"hasMask":true,"masksProperties":[{"inv":false,"mode":"a","pt":{"a":1,"k":[{"i":{"x":0.833,"y":0.833},"o":{"x":0.167,"y":0.167},"t":30,"s":[{"i":[[25.09,-4.49],[79.855,13.139],[-22.647,-4.961],[-92.528,24.539]],"o":[[-62.482,11.182],[-38.731,-6.373],[80.467,17.626],[37.023,-9.819]],"v":[[447.916,161.559],[179.643,165.119],[156.539,218.091],[465.954,216.243]],"c":true}]},{"i":{"x":0.833,"y":0.833},"o":{"x":0.167,"y":0.167},"t":35,"s":[{"i":[[24.217,-7.951],[78.49,23.381],[-21.838,-7.785],[-91.821,37.257]],"o":[[-63.783,20.941],[-37.619,-11.206],[81.094,28.909],[35.493,-14.401]],"v":[[447.783,114.059],[179.51,117.619],[156.406,170.591],[465.821,168.743]],"c":true}]},{"i":{"x":0.833,"y":0.833},"o":{"x":0.167,"y":0.167},"t":86,"s":[{"i":[[24.217,-7.951],[78.49,23.381],[-21.838,-7.785],[-91.821,37.257]],"o":[[-63.783,20.941],[-37.619,-11.206],[81.094,28.909],[35.493,-14.401]],"v":[[447.783,114.059],[179.51,117.619],[156.406,170.591],[465.821,168.743]],"c":true}]},{"t":95,"s":[{"i":[[25.09,-4.49],[79.855,13.139],[-22.647,-4.961],[-92.528,24.539]],"o":[[-62.482,11.182],[-38.731,-6.373],[80.467,17.626],[37.023,-9.819]],"v":[[447.916,161.559],[179.643,165.119],[156.539,218.091],[465.954,216.243]],"c":true}]}],"ix":1},"o":{"a":0,"k":100,"ix":3},"x":{"a":0,"k":0,"ix":4},"nm":"Mask 1"}],"ef":[{"ty":21,"nm":"Fill","np":9,"mn":"ADBE Fill","ix":1,"en":1,"ef":[{"ty":10,"nm":"Fill Mask","mn":"ADBE Fill-0001","ix":1,"v":{"a":0,"k":0,"ix":1}},{"ty":7,"nm":"All Masks","mn":"ADBE Fill-0007","ix":2,"v":{"a":0,"k":0,"ix":2}},{"ty":2,"nm":"Color","mn":"ADBE Fill-0002","ix":3,"v":{"a":0,"k":[0.774341285229,0.676766335964,0.434511274099,1],"ix":3}},{"ty":7,"nm":"Invert","mn":"ADBE Fill-0006","ix":4,"v":{"a":0,"k":0,"ix":4}},{"ty":0,"nm":"Horizontal Feather","mn":"ADBE Fill-0003","ix":5,"v":{"a":0,"k":0,"ix":5}},{"ty":0,"nm":"Vertical Feather","mn":"ADBE Fill-0004","ix":6,"v":{"a":0,"k":0,"ix":6}},{"ty":0,"nm":"Opacity","mn":"ADBE Fill-0005","ix":7,"v":{"a":0,"k":1,"ix":7}}]}],"sw":600,"sh":600,"sc":"#262626","ip":31,"op":51,"st":-29,"bm":0},{"ddd":0,"ind":11,"ty":1,"nm":"Dark Gray Solid 5","sr":1,"ks":{"o":{"a":0,"k":100,"ix":11},"r":{"a":0,"k":0,"ix":10},"p":{"a":0,"k":[300,200,0],"ix":2},"a":{"a":0,"k":[300,300,0],"ix":1},"s":{"a":0,"k":[100,100,100],"ix":6}},"ao":0,"hasMask":true,"masksProperties":[{"inv":false,"mode":"a","pt":{"a":0,"k":{"i":[[-6.906,-9.505],[-6.571,10.991],[-0.331,18.152],[41.321,9.303]],"o":[[6.897,9.492],[7.929,-21.009],[-74.331,15.652],[-1.166,26.91]],"v":[[239.603,225.008],[394.071,224.009],[402.331,167.348],[222.166,168.59]],"c":true},"ix":1},"o":{"a":0,"k":100,"ix":3},"x":{"a":0,"k":0,"ix":4},"nm":"Mask 1"}],"ef":[{"ty":21,"nm":"Fill","np":9,"mn":"ADBE Fill","ix":1,"en":1,"ef":[{"ty":10,"nm":"Fill Mask","mn":"ADBE Fill-0001","ix":1,"v":{"a":0,"k":0,"ix":1}},{"ty":7,"nm":"All Masks","mn":"ADBE Fill-0007","ix":2,"v":{"a":0,"k":0,"ix":2}},{"ty":2,"nm":"Color","mn":"ADBE Fill-0002","ix":3,"v":{"a":0,"k":[0.960324764252,0.960324764252,0.960324764252,1],"ix":3}},{"ty":7,"nm":"Invert","mn":"ADBE Fill-0006","ix":4,"v":{"a":0,"k":0,"ix":4}},{"ty":0,"nm":"Horizontal Feather","mn":"ADBE Fill-0003","ix":5,"v":{"a":0,"k":0,"ix":5}},{"ty":0,"nm":"Vertical Feather","mn":"ADBE Fill-0004","ix":6,"v":{"a":0,"k":0,"ix":6}},{"ty":0,"nm":"Opacity","mn":"ADBE Fill-0005","ix":7,"v":{"a":0,"k":1,"ix":7}}]}],"sw":600,"sh":600,"sc":"#262626","ip":51,"op":75,"st":44,"bm":0},{"ddd":0,"ind":12,"ty":1,"nm":"Dark Gray Solid 5","sr":1,"ks":{"o":{"a":0,"k":100,"ix":11},"r":{"a":0,"k":0,"ix":10},"p":{"a":0,"k":[300,200,0],"ix":2},"a":{"a":0,"k":[300,300,0],"ix":1},"s":{"a":0,"k":[100,100,100],"ix":6}},"ao":0,"hasMask":true,"masksProperties":[{"inv":false,"mode":"a","pt":{"a":1,"k":[{"i":{"x":0.833,"y":0.833},"o":{"x":0.167,"y":0.167},"t":92,"s":[{"i":[[0.022,-33.723],[-161.155,-1.181],[5.071,123.04],[19.393,-4.084],[41.321,9.303]],"o":[[-0.028,42.183],[103.849,0.761],[-1.687,-40.936],[-74.331,15.652],[-13.097,-2.949]],"v":[[186.978,191.723],[321.155,401.181],[439.929,202.96],[402.331,167.348],[222.166,168.59]],"c":true}]},{"t":102,"s":[{"i":[[0.022,-33.723],[-118.311,0],[3.071,94.04],[19.393,-4.084],[41.321,9.303]],"o":[[-0.028,42.183],[27.689,0],[-1.337,-40.949],[-74.331,15.652],[-13.097,-2.949]],"v":[[186.978,191.723],[319.311,299.181],[439.929,202.96],[402.331,167.348],[222.166,168.59]],"c":true}]}],"ix":1},"o":{"a":0,"k":100,"ix":3},"x":{"a":0,"k":0,"ix":4},"nm":"Mask 1"}],"ef":[{"ty":21,"nm":"Fill","np":9,"mn":"ADBE Fill","ix":1,"en":1,"ef":[{"ty":10,"nm":"Fill Mask","mn":"ADBE Fill-0001","ix":1,"v":{"a":0,"k":0,"ix":1}},{"ty":7,"nm":"All Masks","mn":"ADBE Fill-0007","ix":2,"v":{"a":0,"k":0,"ix":2}},{"ty":2,"nm":"Color","mn":"ADBE Fill-0002","ix":3,"v":{"a":0,"k":[0.741176486015,0.215686276555,0.247058823705,1],"ix":3}},{"ty":7,"nm":"Invert","mn":"ADBE Fill-0006","ix":4,"v":{"a":0,"k":0,"ix":4}},{"ty":0,"nm":"Horizontal Feather","mn":"ADBE Fill-0003","ix":5,"v":{"a":0,"k":0,"ix":5}},{"ty":0,"nm":"Vertical Feather","mn":"ADBE Fill-0004","ix":6,"v":{"a":0,"k":0,"ix":6}},{"ty":0,"nm":"Opacity","mn":"ADBE Fill-0005","ix":7,"v":{"a":0,"k":1,"ix":7}}]}],"sw":600,"sh":600,"sc":"#262626","ip":51,"op":75,"st":44,"bm":0},{"ddd":0,"ind":13,"ty":1,"nm":"Dark Gray Solid 5","sr":1,"ks":{"o":{"a":0,"k":100,"ix":11},"r":{"a":0,"k":0,"ix":10},"p":{"a":0,"k":[300,200,0],"ix":2},"a":{"a":0,"k":[300,300,0],"ix":1},"s":{"a":0,"k":[100,100,100],"ix":6}},"ao":0,"hasMask":true,"masksProperties":[{"inv":false,"mode":"a","pt":{"a":1,"k":[{"i":{"x":0.833,"y":0.833},"o":{"x":0.167,"y":0.167},"t":92,"s":[{"i":[[1.577,-50.012],[-221.965,1.157],[15.497,154.31],[24.222,-6.41],[52.24,11.762]],"o":[[-1.681,53.304],[136.159,-0.71],[-7.165,-71.348],[-68.27,18.068],[-16.558,-3.728]],"v":[[141.423,152.012],[324.965,440.843],[486.503,163.691],[421.27,119.932],[194.76,120.238]],"c":true}]},{"t":102,"s":[{"i":[[2.077,-51.012],[-202.965,3.157],[15.497,154.31],[24.222,-6.41],[52.24,11.762]],"o":[[-2.17,53.287],[136.144,-2.118],[-7.165,-71.348],[-68.27,18.068],[-16.558,-3.728]],"v":[[141.423,152.012],[324.965,347.843],[486.503,163.691],[421.27,119.932],[194.76,120.238]],"c":true}]}],"ix":1},"o":{"a":0,"k":100,"ix":3},"x":{"a":0,"k":0,"ix":4},"nm":"Mask 1"}],"ef":[{"ty":21,"nm":"Fill","np":9,"mn":"ADBE Fill","ix":1,"en":1,"ef":[{"ty":10,"nm":"Fill Mask","mn":"ADBE Fill-0001","ix":1,"v":{"a":0,"k":0,"ix":1}},{"ty":7,"nm":"All Masks","mn":"ADBE Fill-0007","ix":2,"v":{"a":0,"k":0,"ix":2}},{"ty":2,"nm":"Color","mn":"ADBE Fill-0002","ix":3,"v":{"a":0,"k":[0.774341285229,0.676766335964,0.434511274099,1],"ix":3}},{"ty":7,"nm":"Invert","mn":"ADBE Fill-0006","ix":4,"v":{"a":0,"k":0,"ix":4}},{"ty":0,"nm":"Horizontal Feather","mn":"ADBE Fill-0003","ix":5,"v":{"a":0,"k":0,"ix":5}},{"ty":0,"nm":"Vertical Feather","mn":"ADBE Fill-0004","ix":6,"v":{"a":0,"k":0,"ix":6}},{"ty":0,"nm":"Opacity","mn":"ADBE Fill-0005","ix":7,"v":{"a":0,"k":1,"ix":7}}]}],"sw":600,"sh":600,"sc":"#262626","ip":51,"op":75,"st":44,"bm":0}]},{"id":"comp_4","layers":[{"ddd":1,"ind":1,"ty":1,"nm":"Dark Gray Solid 36","sr":1,"ks":{"o":{"a":0,"k":100,"ix":11},"rx":{"a":0,"k":0,"ix":8},"ry":{"a":1,"k":[{"i":{"x":[0.833],"y":[0.833]},"o":{"x":[0.167],"y":[0.167]},"t":0,"s":[1440]},{"t":124,"s":[0]}],"ix":9},"rz":{"a":0,"k":0,"ix":10},"or":{"a":0,"k":[0,0,0],"ix":7},"p":{"a":0,"k":[491,294.5,0],"ix":2},"a":{"a":0,"k":[491,294.5,0],"ix":1},"s":{"a":0,"k":[100,100,100],"ix":6}},"ao":0,"hasMask":true,"masksProperties":[{"inv":false,"mode":"a","pt":{"a":0,"k":{"i":[[26.875,-2],[14,-115],[35.438,3],[-0.562,-41],[-166,-12.984],[0,0],[0,0]],"o":[[-22.064,1.642],[-41,-115],[-156.562,0],[0,0],[0,0],[167.438,-34.984],[-13.125,-155]],"v":[[648.125,86],[494,223],[329.562,86],[149.562,261],[323,425.984],[682.562,425.984],[837.125,244]],"c":true},"ix":1},"o":{"a":0,"k":100,"ix":3},"x":{"a":0,"k":0,"ix":4},"nm":"Mask 1"},{"inv":false,"mode":"s","pt":{"a":0,"k":{"i":[[42.922,0],[0,-42.922],[-42.922,0],[0,42.922]],"o":[[-42.922,0],[0,42.922],[42.922,0],[0,-42.922]],"v":[[314.717,174],[237,251.717],[314.717,329.434],[392.434,251.717]],"c":true},"ix":1},"o":{"a":0,"k":100,"ix":3},"x":{"a":0,"k":0,"ix":4},"nm":"Mask 2"},{"inv":false,"mode":"s","pt":{"a":0,"k":{"i":[[41.698,0],[0,-41.698],[-41.698,0],[0,41.697]],"o":[[-41.698,0],[0,41.698],[41.698,0],[0,-41.697]],"v":[[666.5,178.184],[591,253.684],[666.5,329.184],[742,253.684]],"c":true},"ix":1},"o":{"a":0,"k":100,"ix":3},"x":{"a":0,"k":0,"ix":4},"nm":"Mask 3"}],"ef":[{"ty":21,"nm":"Fill","np":9,"mn":"ADBE Fill","ix":1,"en":1,"ef":[{"ty":10,"nm":"Fill Mask","mn":"ADBE Fill-0001","ix":1,"v":{"a":0,"k":0,"ix":1}},{"ty":7,"nm":"All Masks","mn":"ADBE Fill-0007","ix":2,"v":{"a":0,"k":0,"ix":2}},{"ty":2,"nm":"Color","mn":"ADBE Fill-0002","ix":3,"v":{"a":0,"k":[0.992156863213,0.874509811401,0.568627476692,1],"ix":3}},{"ty":7,"nm":"Invert","mn":"ADBE Fill-0006","ix":4,"v":{"a":0,"k":0,"ix":4}},{"ty":0,"nm":"Horizontal Feather","mn":"ADBE Fill-0003","ix":5,"v":{"a":0,"k":0,"ix":5}},{"ty":0,"nm":"Vertical Feather","mn":"ADBE Fill-0004","ix":6,"v":{"a":0,"k":0,"ix":6}},{"ty":0,"nm":"Opacity","mn":"ADBE Fill-0005","ix":7,"v":{"a":0,"k":1,"ix":7}}]}],"sw":1000,"sh":667,"sc":"#111111","ip":0,"op":125,"st":0,"bm":0},{"ddd":1,"ind":2,"ty":1,"nm":"Dark Gray Solid 36","sr":1,"ks":{"o":{"a":0,"k":100,"ix":11},"rx":{"a":0,"k":0,"ix":8},"ry":{"a":1,"k":[{"i":{"x":[0.833],"y":[0.833]},"o":{"x":[0.167],"y":[0.167]},"t":0,"s":[1440]},{"t":124,"s":[0]}],"ix":9},"rz":{"a":0,"k":0,"ix":10},"or":{"a":0,"k":[0,0,0],"ix":7},"p":{"a":0,"k":[505.121,293.491,83],"ix":2},"a":{"a":0,"k":[491,294.5,0],"ix":1},"s":{"a":0,"k":[100,100,100],"ix":6}},"ao":0,"hasMask":true,"masksProperties":[{"inv":false,"mode":"a","pt":{"a":0,"k":{"i":[[26.875,-2],[14,-115],[35.438,3],[-0.562,-41],[-166,-12.984],[0,0],[0,0]],"o":[[-22.064,1.642],[-41,-115],[-156.562,0],[0,0],[0,0],[167.438,-34.984],[-13.125,-155]],"v":[[648.125,86],[494,223],[329.562,86],[149.562,261],[323,425.984],[682.562,425.984],[837.125,244]],"c":true},"ix":1},"o":{"a":0,"k":100,"ix":3},"x":{"a":0,"k":0,"ix":4},"nm":"Mask 1"},{"inv":false,"mode":"s","pt":{"a":0,"k":{"i":[[35.416,0],[0,-35.416],[-35.416,0],[0,35.416]],"o":[[-35.416,0],[0,35.416],[35.416,0],[0,-35.416]],"v":[[292.462,185.471],[228.335,249.597],[292.462,313.724],[356.588,249.597]],"c":true},"ix":1},"o":{"a":0,"k":100,"ix":3},"x":{"a":0,"k":0,"ix":4},"nm":"Mask 2"},{"inv":false,"mode":"s","pt":{"a":0,"k":{"i":[[36.543,0],[0,-36.543],[-36.543,0],[0,36.543]],"o":[[-36.543,0],[0,36.543],[36.543,0],[0,-36.543]],"v":[[666.5,187.517],[600.333,253.684],[666.5,319.85],[732.667,253.684]],"c":true},"ix":1},"o":{"a":0,"k":100,"ix":3},"x":{"a":0,"k":0,"ix":4},"nm":"Mask 3"}],"ef":[{"ty":21,"nm":"Fill","np":9,"mn":"ADBE Fill","ix":1,"en":1,"ef":[{"ty":10,"nm":"Fill Mask","mn":"ADBE Fill-0001","ix":1,"v":{"a":0,"k":0,"ix":1}},{"ty":7,"nm":"All Masks","mn":"ADBE Fill-0007","ix":2,"v":{"a":0,"k":0,"ix":2}},{"ty":2,"nm":"Color","mn":"ADBE Fill-0002","ix":3,"v":{"a":0,"k":[0.864583313465,0.757710456848,0.488685578108,1],"ix":3}},{"ty":7,"nm":"Invert","mn":"ADBE Fill-0006","ix":4,"v":{"a":0,"k":0,"ix":4}},{"ty":0,"nm":"Horizontal Feather","mn":"ADBE Fill-0003","ix":5,"v":{"a":0,"k":0,"ix":5}},{"ty":0,"nm":"Vertical Feather","mn":"ADBE Fill-0004","ix":6,"v":{"a":0,"k":0,"ix":6}},{"ty":0,"nm":"Opacity","mn":"ADBE Fill-0005","ix":7,"v":{"a":0,"k":1,"ix":7}}]}],"sw":1000,"sh":667,"sc":"#111111","ip":0,"op":125,"st":0,"bm":0},{"ddd":1,"ind":3,"ty":1,"nm":"Dark Gray Solid 36","sr":1,"ks":{"o":{"a":0,"k":100,"ix":11},"rx":{"a":0,"k":0,"ix":8},"ry":{"a":1,"k":[{"i":{"x":[0.833],"y":[0.833]},"o":{"x":[0.167],"y":[0.167]},"t":0,"s":[1440]},{"t":124,"s":[0]}],"ix":9},"rz":{"a":0,"k":0,"ix":10},"or":{"a":0,"k":[0,0,0],"ix":7},"p":{"a":0,"k":[505.121,293.491,12],"ix":2},"a":{"a":0,"k":[491,294.5,0],"ix":1},"s":{"a":0,"k":[100,100,100],"ix":6}},"ao":0,"hasMask":true,"masksProperties":[{"inv":false,"mode":"a","pt":{"a":0,"k":{"i":[[26.875,-2],[14,-115],[35.438,3],[-0.562,-41],[-166,-12.984],[0,0],[0,0]],"o":[[-22.064,1.642],[-41,-115],[-156.562,0],[0,0],[0,0],[167.438,-34.984],[-13.125,-155]],"v":[[648.125,86],[494,223],[329.562,86],[149.562,261],[323,425.984],[682.562,425.984],[837.125,244]],"c":true},"ix":1},"o":{"a":0,"k":100,"ix":3},"x":{"a":0,"k":0,"ix":4},"nm":"Mask 1"},{"inv":false,"mode":"s","pt":{"a":0,"k":{"i":[[42.922,0],[0,-42.922],[-42.922,0],[0,42.922]],"o":[[-42.922,0],[0,42.922],[42.922,0],[0,-42.922]],"v":[[314.717,174],[237,251.717],[314.717,329.434],[392.434,251.717]],"c":true},"ix":1},"o":{"a":0,"k":100,"ix":3},"x":{"a":0,"k":0,"ix":4},"nm":"Mask 2"},{"inv":false,"mode":"s","pt":{"a":0,"k":{"i":[[41.698,0],[0,-41.698],[-41.698,0],[0,41.697]],"o":[[-41.698,0],[0,41.698],[41.698,0],[0,-41.697]],"v":[[666.5,178.184],[591,253.684],[666.5,329.184],[742,253.684]],"c":true},"ix":1},"o":{"a":0,"k":100,"ix":3},"x":{"a":0,"k":0,"ix":4},"nm":"Mask 3"}],"ef":[{"ty":21,"nm":"Fill","np":9,"mn":"ADBE Fill","ix":1,"en":1,"ef":[{"ty":10,"nm":"Fill Mask","mn":"ADBE Fill-0001","ix":1,"v":{"a":0,"k":0,"ix":1}},{"ty":7,"nm":"All Masks","mn":"ADBE Fill-0007","ix":2,"v":{"a":0,"k":0,"ix":2}},{"ty":2,"nm":"Color","mn":"ADBE Fill-0002","ix":3,"v":{"a":0,"k":[0.992156863213,0.874509811401,0.568627476692,1],"ix":3}},{"ty":7,"nm":"Invert","mn":"ADBE Fill-0006","ix":4,"v":{"a":0,"k":0,"ix":4}},{"ty":0,"nm":"Horizontal Feather","mn":"ADBE Fill-0003","ix":5,"v":{"a":0,"k":0,"ix":5}},{"ty":0,"nm":"Vertical Feather","mn":"ADBE Fill-0004","ix":6,"v":{"a":0,"k":0,"ix":6}},{"ty":0,"nm":"Opacity","mn":"ADBE Fill-0005","ix":7,"v":{"a":0,"k":1,"ix":7}}]}],"sw":1000,"sh":667,"sc":"#111111","ip":0,"op":125,"st":0,"bm":0}]},{"id":"comp_5","layers":[{"ddd":0,"ind":1,"ty":1,"nm":"Dark Gray Solid 37","parent":3,"sr":1,"ks":{"o":{"a":0,"k":100,"ix":11},"r":{"a":1,"k":[{"i":{"x":[0.667],"y":[1]},"o":{"x":[0.333],"y":[0]},"t":0,"s":[26.134]},{"i":{"x":[0.833],"y":[1]},"o":{"x":[0.333],"y":[0]},"t":7,"s":[66.754]},{"i":{"x":[0.667],"y":[1]},"o":{"x":[0.167],"y":[0]},"t":26,"s":[70.554]},{"i":{"x":[0.667],"y":[1]},"o":{"x":[0.167],"y":[0]},"t":32,"s":[20.628]},{"i":{"x":[0.667],"y":[1]},"o":{"x":[0.167],"y":[0]},"t":36,"s":[26.134]},{"i":{"x":[0.667],"y":[1]},"o":{"x":[0.333],"y":[0]},"t":44,"s":[26.134]},{"i":{"x":[0.833],"y":[1]},"o":{"x":[0.333],"y":[0]},"t":51,"s":[66.754]},{"i":{"x":[0.667],"y":[1]},"o":{"x":[0.167],"y":[0]},"t":70,"s":[70.554]},{"i":{"x":[0.667],"y":[1]},"o":{"x":[0.167],"y":[0]},"t":76,"s":[20.628]},{"i":{"x":[0.667],"y":[1]},"o":{"x":[0.167],"y":[0]},"t":80,"s":[26.134]},{"i":{"x":[0.667],"y":[1]},"o":{"x":[0.333],"y":[0]},"t":88,"s":[26.134]},{"i":{"x":[0.833],"y":[1]},"o":{"x":[0.333],"y":[0]},"t":95,"s":[66.754]},{"i":{"x":[0.667],"y":[1]},"o":{"x":[0.167],"y":[0]},"t":114,"s":[70.554]},{"i":{"x":[0.667],"y":[1]},"o":{"x":[0.167],"y":[0]},"t":120,"s":[20.628]},{"t":124,"s":[26.134]}],"ix":10},"p":{"a":0,"k":[120.823,98.357,0],"ix":2},"a":{"a":0,"k":[109.867,90.05,0],"ix":1},"s":{"a":0,"k":[83.386,83.386,100],"ix":6}},"ao":0,"hasMask":true,"masksProperties":[{"inv":false,"mode":"a","pt":{"a":0,"k":{"i":[[176,0],[146,0],[-143,0],[-97,0]],"o":[[-196,0],[-146,0],[94.001,0],[164,0]],"v":[[1369,-1],[119,-1],[119,199],[1369,199]],"c":true},"ix":1},"o":{"a":0,"k":100,"ix":3},"x":{"a":0,"k":0,"ix":4},"nm":"Mask 1"},{"inv":false,"mode":"s","pt":{"a":0,"k":{"i":[[17.722,-17.722],[-13.173,-20.34],[-30.11,30.345]],"o":[[-17.826,17.826],[0.822,1.269],[-21.274,-11.246]],"v":[[85.413,59.665],[78.433,125.288],[150.679,52.455]],"c":true},"ix":1},"o":{"a":0,"k":100,"ix":3},"x":{"a":0,"k":0,"ix":4},"nm":"Mask 2"},{"inv":false,"mode":"s","pt":{"a":0,"k":{"i":[[-17.446,17.995],[16.741,14.757],[32.153,-32.153]],"o":[[17.548,-18.1],[-12.797,12.797],[20.501,12.6]],"v":[[155.848,129.524],[161.811,63.8],[90.701,137.744]],"c":true},"ix":1},"o":{"a":0,"k":100,"ix":3},"x":{"a":0,"k":0,"ix":4},"nm":"Mask 3"},{"inv":false,"mode":"s","pt":{"a":0,"k":{"i":[[-20.743,-14.067],[-17.493,16.77],[35.474,23.855]],"o":[[20.865,14.149],[1.091,-1.046],[-7.037,23.012]],"v":[[1347.047,139.75],[1412.81,134.245],[1327.672,77.01]],"c":true},"ix":1},"o":{"a":0,"k":100,"ix":3},"x":{"a":0,"k":0,"ix":4},"nm":"Mask 4"},{"inv":false,"mode":"s","pt":{"a":0,"k":{"i":[[20.958,13.744],[11.34,-19.221],[-37.634,-25.521]],"o":[[-21.082,-13.825],[14.978,10.157],[8.513,-22.508]],"v":[[1402.388,57.417],[1336.718,63.94],[1422.732,119.849]],"c":true},"ix":1},"o":{"a":0,"k":100,"ix":3},"x":{"a":0,"k":0,"ix":4},"nm":"Mask 5"}],"ef":[{"ty":21,"nm":"Fill","np":9,"mn":"ADBE Fill","ix":1,"en":1,"ef":[{"ty":10,"nm":"Fill Mask","mn":"ADBE Fill-0001","ix":1,"v":{"a":0,"k":0,"ix":1}},{"ty":7,"nm":"All Masks","mn":"ADBE Fill-0007","ix":2,"v":{"a":0,"k":0,"ix":2}},{"ty":2,"nm":"Color","mn":"ADBE Fill-0002","ix":3,"v":{"a":0,"k":[0.368627458811,0.474509805441,0.686274528503,1],"ix":3}},{"ty":7,"nm":"Invert","mn":"ADBE Fill-0006","ix":4,"v":{"a":0,"k":0,"ix":4}},{"ty":0,"nm":"Horizontal Feather","mn":"ADBE Fill-0003","ix":5,"v":{"a":0,"k":0,"ix":5}},{"ty":0,"nm":"Vertical Feather","mn":"ADBE Fill-0004","ix":6,"v":{"a":0,"k":0,"ix":6}},{"ty":0,"nm":"Opacity","mn":"ADBE Fill-0005","ix":7,"v":{"a":0,"k":1,"ix":7}}]}],"sw":1500,"sh":200,"sc":"#111111","ip":0,"op":125,"st":0,"bm":0},{"ddd":0,"ind":2,"ty":1,"nm":"Dark Gray Solid 37","parent":4,"sr":1,"ks":{"o":{"a":0,"k":100,"ix":11},"r":{"a":1,"k":[{"i":{"x":[0.667],"y":[1]},"o":{"x":[0.333],"y":[0]},"t":0,"s":[47.347]},{"i":{"x":[0.833],"y":[1]},"o":{"x":[0.333],"y":[0]},"t":7,"s":[75.221]},{"i":{"x":[0.667],"y":[1]},"o":{"x":[0.167],"y":[0]},"t":26,"s":[87.778]},{"i":{"x":[0.667],"y":[1]},"o":{"x":[0.167],"y":[0]},"t":32,"s":[36.461]},{"i":{"x":[0.667],"y":[1]},"o":{"x":[0.167],"y":[0]},"t":36,"s":[47.235]},{"i":{"x":[0.667],"y":[1]},"o":{"x":[0.333],"y":[0]},"t":44,"s":[47.347]},{"i":{"x":[0.833],"y":[1]},"o":{"x":[0.333],"y":[0]},"t":51,"s":[75.221]},{"i":{"x":[0.667],"y":[1]},"o":{"x":[0.167],"y":[0]},"t":70,"s":[87.778]},{"i":{"x":[0.667],"y":[1]},"o":{"x":[0.167],"y":[0]},"t":76,"s":[36.461]},{"i":{"x":[0.667],"y":[1]},"o":{"x":[0.167],"y":[0]},"t":80,"s":[47.235]},{"i":{"x":[0.667],"y":[1]},"o":{"x":[0.333],"y":[0]},"t":88,"s":[47.347]},{"i":{"x":[0.833],"y":[1]},"o":{"x":[0.333],"y":[0]},"t":95,"s":[75.221]},{"i":{"x":[0.667],"y":[1]},"o":{"x":[0.167],"y":[0]},"t":114,"s":[87.778]},{"i":{"x":[0.667],"y":[1]},"o":{"x":[0.167],"y":[0]},"t":120,"s":[36.461]},{"t":124,"s":[47.235]}],"ix":10},"p":{"a":0,"k":[322.31,109.736,0],"ix":2},"a":{"a":0,"k":[119.818,100,0],"ix":1},"s":{"a":0,"k":[85.138,85.138,100],"ix":6}},"ao":0,"hasMask":true,"masksProperties":[{"inv":false,"mode":"a","pt":{"a":0,"k":{"i":[[176,0],[146,0],[-143,0],[-97,0]],"o":[[-196,0],[-146,0],[94.001,0],[164,0]],"v":[[1076.209,-2.85],[119,-1],[119,199],[1076.209,197.15]],"c":true},"ix":1},"o":{"a":0,"k":100,"ix":3},"x":{"a":0,"k":0,"ix":4},"nm":"Mask 1"},{"inv":false,"mode":"s","pt":{"a":0,"k":{"i":[[17.722,-17.722],[-13.173,-20.34],[-30.11,30.345]],"o":[[-17.826,17.826],[0.822,1.269],[-21.274,-11.246]],"v":[[85.413,59.665],[78.433,125.288],[150.679,52.455]],"c":true},"ix":1},"o":{"a":0,"k":100,"ix":3},"x":{"a":0,"k":0,"ix":4},"nm":"Mask 2"},{"inv":false,"mode":"s","pt":{"a":0,"k":{"i":[[-17.446,17.995],[16.741,14.757],[32.153,-32.153]],"o":[[17.548,-18.1],[-12.797,12.797],[20.501,12.6]],"v":[[155.848,129.524],[161.811,63.8],[90.701,137.744]],"c":true},"ix":1},"o":{"a":0,"k":100,"ix":3},"x":{"a":0,"k":0,"ix":4},"nm":"Mask 3"}],"ef":[{"ty":21,"nm":"Fill","np":9,"mn":"ADBE Fill","ix":1,"en":1,"ef":[{"ty":10,"nm":"Fill Mask","mn":"ADBE Fill-0001","ix":1,"v":{"a":0,"k":0,"ix":1}},{"ty":7,"nm":"All Masks","mn":"ADBE Fill-0007","ix":2,"v":{"a":0,"k":0,"ix":2}},{"ty":2,"nm":"Color","mn":"ADBE Fill-0002","ix":3,"v":{"a":0,"k":[0.368627458811,0.474509805441,0.686274528503,1],"ix":3}},{"ty":7,"nm":"Invert","mn":"ADBE Fill-0006","ix":4,"v":{"a":0,"k":0,"ix":4}},{"ty":0,"nm":"Horizontal Feather","mn":"ADBE Fill-0003","ix":5,"v":{"a":0,"k":0,"ix":5}},{"ty":0,"nm":"Vertical Feather","mn":"ADBE Fill-0004","ix":6,"v":{"a":0,"k":0,"ix":6}},{"ty":0,"nm":"Opacity","mn":"ADBE Fill-0005","ix":7,"v":{"a":0,"k":1,"ix":7}}]}],"sw":1500,"sh":200,"sc":"#111111","ip":0,"op":125,"st":0,"bm":0},{"ddd":0,"ind":3,"ty":1,"nm":"Dark Gray Solid 37","sr":1,"ks":{"o":{"a":0,"k":100,"ix":11},"r":{"a":1,"k":[{"i":{"x":[0.667],"y":[1]},"o":{"x":[0.333],"y":[0]},"t":0,"s":[-10.852]},{"i":{"x":[0.833],"y":[1]},"o":{"x":[0.333],"y":[0]},"t":7,"s":[-38.012]},{"i":{"x":[0.667],"y":[1]},"o":{"x":[0.167],"y":[0]},"t":26,"s":[-39.999]},{"i":{"x":[0.667],"y":[1]},"o":{"x":[0.167],"y":[0]},"t":32,"s":[-7.672]},{"i":{"x":[0.667],"y":[1]},"o":{"x":[0.167],"y":[0]},"t":36,"s":[-10.852]},{"i":{"x":[0.667],"y":[1]},"o":{"x":[0.333],"y":[0]},"t":44,"s":[-10.852]},{"i":{"x":[0.833],"y":[1]},"o":{"x":[0.333],"y":[0]},"t":51,"s":[-38.012]},{"i":{"x":[0.667],"y":[1]},"o":{"x":[0.167],"y":[0]},"t":70,"s":[-39.999]},{"i":{"x":[0.667],"y":[1]},"o":{"x":[0.167],"y":[0]},"t":76,"s":[-7.672]},{"i":{"x":[0.667],"y":[1]},"o":{"x":[0.167],"y":[0]},"t":80,"s":[-10.852]},{"i":{"x":[0.667],"y":[1]},"o":{"x":[0.333],"y":[0]},"t":88,"s":[-10.852]},{"i":{"x":[0.833],"y":[1]},"o":{"x":[0.333],"y":[0]},"t":95,"s":[-38.012]},{"i":{"x":[0.667],"y":[1]},"o":{"x":[0.167],"y":[0]},"t":114,"s":[-39.999]},{"i":{"x":[0.667],"y":[1]},"o":{"x":[0.167],"y":[0]},"t":120,"s":[-7.672]},{"t":124,"s":[-10.852]}],"ix":10},"p":{"a":0,"k":[1475.115,221.019,0],"ix":2},"a":{"a":0,"k":[1380.182,100,0],"ix":1},"s":{"a":0,"k":[100,100,100],"ix":6}},"ao":0,"hasMask":true,"masksProperties":[{"inv":false,"mode":"a","pt":{"a":0,"k":{"i":[[176,0],[146,0],[-143,0],[-97,0]],"o":[[-196,0],[-146,0],[94.001,0],[164,0]],"v":[[1369,-1],[119,-1],[119,199],[1369,199]],"c":true},"ix":1},"o":{"a":0,"k":100,"ix":3},"x":{"a":0,"k":0,"ix":4},"nm":"Mask 1"}],"ef":[{"ty":21,"nm":"Fill","np":9,"mn":"ADBE Fill","ix":1,"en":1,"ef":[{"ty":10,"nm":"Fill Mask","mn":"ADBE Fill-0001","ix":1,"v":{"a":0,"k":0,"ix":1}},{"ty":7,"nm":"All Masks","mn":"ADBE Fill-0007","ix":2,"v":{"a":0,"k":0,"ix":2}},{"ty":2,"nm":"Color","mn":"ADBE Fill-0002","ix":3,"v":{"a":0,"k":[0.20000000298,0.40000000596,0.600000023842,1],"ix":3}},{"ty":7,"nm":"Invert","mn":"ADBE Fill-0006","ix":4,"v":{"a":0,"k":0,"ix":4}},{"ty":0,"nm":"Horizontal Feather","mn":"ADBE Fill-0003","ix":5,"v":{"a":0,"k":0,"ix":5}},{"ty":0,"nm":"Vertical Feather","mn":"ADBE Fill-0004","ix":6,"v":{"a":0,"k":0,"ix":6}},{"ty":0,"nm":"Opacity","mn":"ADBE Fill-0005","ix":7,"v":{"a":0,"k":1,"ix":7}}]}],"sw":1500,"sh":200,"sc":"#111111","ip":0,"op":125,"st":0,"bm":0},{"ddd":0,"ind":4,"ty":1,"nm":"Dark Gray Solid 37","parent":1,"sr":1,"ks":{"o":{"a":0,"k":100,"ix":11},"r":{"a":1,"k":[{"i":{"x":[0.667],"y":[1]},"o":{"x":[0.333],"y":[0]},"t":0,"s":[-61.336]},{"i":{"x":[0.833],"y":[1]},"o":{"x":[0.333],"y":[0]},"t":7,"s":[-61.336]},{"i":{"x":[0.667],"y":[1]},"o":{"x":[0.167],"y":[0]},"t":26,"s":[-65.474]},{"i":{"x":[0.667],"y":[1]},"o":{"x":[0.167],"y":[0]},"t":32,"s":[-48.52]},{"i":{"x":[0.667],"y":[1]},"o":{"x":[0.167],"y":[0]},"t":36,"s":[-61.336]},{"i":{"x":[0.667],"y":[1]},"o":{"x":[0.333],"y":[0]},"t":44,"s":[-61.336]},{"i":{"x":[0.833],"y":[1]},"o":{"x":[0.333],"y":[0]},"t":51,"s":[-61.336]},{"i":{"x":[0.667],"y":[1]},"o":{"x":[0.167],"y":[0]},"t":70,"s":[-65.474]},{"i":{"x":[0.667],"y":[1]},"o":{"x":[0.167],"y":[0]},"t":76,"s":[-48.52]},{"i":{"x":[0.667],"y":[1]},"o":{"x":[0.167],"y":[0]},"t":80,"s":[-61.336]},{"i":{"x":[0.667],"y":[1]},"o":{"x":[0.333],"y":[0]},"t":88,"s":[-61.336]},{"i":{"x":[0.833],"y":[1]},"o":{"x":[0.333],"y":[0]},"t":95,"s":[-61.336]},{"i":{"x":[0.667],"y":[1]},"o":{"x":[0.167],"y":[0]},"t":114,"s":[-65.474]},{"i":{"x":[0.667],"y":[1]},"o":{"x":[0.167],"y":[0]},"t":120,"s":[-48.52]},{"t":124,"s":[-61.336]}],"ix":10},"p":{"a":0,"k":[1371.342,104.117,0],"ix":2},"a":{"a":0,"k":[1373.549,96.683,0],"ix":1},"s":{"a":0,"k":[85.04,85.04,100],"ix":6}},"ao":0,"hasMask":true,"masksProperties":[{"inv":false,"mode":"a","pt":{"a":0,"k":{"i":[[176,0],[146,0],[-143,0],[-97,0]],"o":[[-196,0],[-146,0],[94.001,0],[164,0]],"v":[[1369,-1],[305.122,-6.828],[305.122,193.172],[1369,199]],"c":true},"ix":1},"o":{"a":0,"k":100,"ix":3},"x":{"a":0,"k":0,"ix":4},"nm":"Mask 1"}],"ef":[{"ty":21,"nm":"Fill","np":9,"mn":"ADBE Fill","ix":1,"en":1,"ef":[{"ty":10,"nm":"Fill Mask","mn":"ADBE Fill-0001","ix":1,"v":{"a":0,"k":0,"ix":1}},{"ty":7,"nm":"All Masks","mn":"ADBE Fill-0007","ix":2,"v":{"a":0,"k":0,"ix":2}},{"ty":2,"nm":"Color","mn":"ADBE Fill-0002","ix":3,"v":{"a":0,"k":[0.20000000298,0.40000000596,0.600000023842,1],"ix":3}},{"ty":7,"nm":"Invert","mn":"ADBE Fill-0006","ix":4,"v":{"a":0,"k":0,"ix":4}},{"ty":0,"nm":"Horizontal Feather","mn":"ADBE Fill-0003","ix":5,"v":{"a":0,"k":0,"ix":5}},{"ty":0,"nm":"Vertical Feather","mn":"ADBE Fill-0004","ix":6,"v":{"a":0,"k":0,"ix":6}},{"ty":0,"nm":"Opacity","mn":"ADBE Fill-0005","ix":7,"v":{"a":0,"k":1,"ix":7}}]}],"sw":1500,"sh":200,"sc":"#111111","ip":0,"op":125,"st":0,"bm":0}]}],"layers":[{"ddd":0,"ind":1,"ty":0,"nm":"Bodie","refId":"comp_0","sr":1,"ks":{"o":{"a":0,"k":100,"ix":11},"r":{"a":1,"k":[{"i":{"x":[0.833],"y":[0.833]},"o":{"x":[0.167],"y":[0.167]},"t":0,"s":[0]},{"i":{"x":[0.833],"y":[0.833]},"o":{"x":[0.167],"y":[0.167]},"t":10,"s":[8.616]},{"i":{"x":[0.833],"y":[0.833]},"o":{"x":[0.167],"y":[0.167]},"t":23,"s":[-3.261]},{"i":{"x":[0.833],"y":[0.833]},"o":{"x":[0.167],"y":[0.167]},"t":37,"s":[-0.279]},{"i":{"x":[0.833],"y":[0.833]},"o":{"x":[0.167],"y":[0.167]},"t":53,"s":[-2.746]},{"i":{"x":[0.833],"y":[0.833]},"o":{"x":[0.167],"y":[0.167]},"t":71,"s":[-0.279]},{"i":{"x":[0.833],"y":[0.833]},"o":{"x":[0.167],"y":[0.167]},"t":90,"s":[-0.279]},{"i":{"x":[0.833],"y":[0.833]},"o":{"x":[0.167],"y":[0.167]},"t":100,"s":[-3.713]},{"t":109,"s":[-0.279]}],"ix":10},"p":{"a":1,"k":[{"i":{"x":0.833,"y":0.833},"o":{"x":0.167,"y":0.167},"t":0,"s":[1732,1272,0],"to":[19.333,-109.333,0],"ti":[-68,150,0]},{"i":{"x":0.833,"y":0.833},"o":{"x":0.167,"y":0.167},"t":10,"s":[1848,616,0],"to":[68,-150,0],"ti":[-8,-362,0]},{"i":{"x":0.833,"y":0.833},"o":{"x":0.167,"y":0.167},"t":24,"s":[2124.667,842,0],"to":[1.576,71.315,0],"ti":[-0.019,-35.392,0]},{"i":{"x":0.833,"y":0.833},"o":{"x":0.167,"y":0.167},"t":27,"s":[2123.573,955.73,0],"to":[0.077,144.26,0],"ti":[0,-53.022,0]},{"i":{"x":0.833,"y":0.833},"o":{"x":0.167,"y":0.167},"t":29,"s":[2120,1108.657,0],"to":[0,28.57,0],"ti":[0.192,-57.454,0]},{"i":{"x":0.833,"y":0.833},"o":{"x":0.167,"y":0.167},"t":31,"s":[2119.57,1301.894,0],"to":[-0.129,38.606,0],"ti":[0,-8.181,0]},{"i":{"x":0.833,"y":0.833},"o":{"x":0.167,"y":0.167},"t":32,"s":[2119.333,1345.399,0],"to":[0,9.518,0],"ti":[0,22.087,0]},{"i":{"x":0.833,"y":0.833},"o":{"x":0.167,"y":0.167},"t":37,"s":[2122,1273.012,0],"to":[0,-25.744,0],"ti":[0,0,0]},{"i":{"x":0.833,"y":0.833},"o":{"x":0.167,"y":0.167},"t":42,"s":[2121.333,1265.399,0],"to":[0,0,0],"ti":[0,0,0]},{"i":{"x":0.833,"y":0.833},"o":{"x":0.167,"y":0.167},"t":46,"s":[2122.667,1177.808,0],"to":[0,0,0],"ti":[96,141.333,0]},{"i":{"x":0.833,"y":0.833},"o":{"x":0.167,"y":0.167},"t":54,"s":[2056,574.667,0],"to":[-42.667,-51.333,0],"ti":[6,-72,0]},{"i":{"x":0.833,"y":0.833},"o":{"x":0.167,"y":0.167},"t":65,"s":[1936,588,0],"to":[-6,72,0],"ti":[0,-114,0]},{"i":{"x":0.833,"y":0.833},"o":{"x":0.167,"y":0.167},"t":68,"s":[1936,860,0],"to":[0,28.239,0],"ti":[0,-62.549,0]},{"i":{"x":0.833,"y":0.833},"o":{"x":0.167,"y":0.167},"t":71,"s":[1936,959.651,0],"to":[0,40.268,0],"ti":[0,-25.861,0]},{"i":{"x":0.833,"y":0.833},"o":{"x":0.167,"y":0.167},"t":73,"s":[1936,1121.991,0],"to":[0,47.768,0],"ti":[0,-20.357,0]},{"i":{"x":0.833,"y":0.833},"o":{"x":0.167,"y":0.167},"t":76,"s":[1936,1345.399,0],"to":[0,10.622,0],"ti":[0,27.526,0]},{"i":{"x":0.833,"y":0.833},"o":{"x":0.167,"y":0.167},"t":81,"s":[1936,1258.671,0],"to":[0,-25.884,0],"ti":[0,0,0]},{"i":{"x":0.833,"y":0.833},"o":{"x":0.167,"y":0.167},"t":85,"s":[1936,1271.531,0],"to":[0,0,0],"ti":[0,0,0]},{"i":{"x":0.833,"y":0.833},"o":{"x":0.167,"y":0.167},"t":90,"s":[1936,1196.285,0],"to":[0,0,0],"ti":[52.667,74.667,0]},{"i":{"x":0.833,"y":0.833},"o":{"x":0.167,"y":0.167},"t":96,"s":[1909.333,578,0],"to":[-52.667,-74.667,0],"ti":[0,0,0]},{"i":{"x":0.833,"y":0.833},"o":{"x":0.167,"y":0.167},"t":108,"s":[1842.667,608,0],"to":[0,45.333,0],"ti":[0,-114,0]},{"i":{"x":0.833,"y":0.833},"o":{"x":0.167,"y":0.167},"t":113,"s":[1792.667,843.333,0],"to":[0,46.419,0],"ti":[0,-66.03,0]},{"i":{"x":0.833,"y":0.833},"o":{"x":0.167,"y":0.167},"t":118,"s":[1749.333,1121.991,0],"to":[0,47.768,0],"ti":[0,-20.357,0]},{"i":{"x":0.833,"y":0.833},"o":{"x":0.167,"y":0.167},"t":121,"s":[1729.333,1345.399,0],"to":[0,9.518,0],"ti":[-0.444,12.233,0]},{"t":124,"s":[1732,1272,0]}],"ix":2},"a":{"a":0,"k":[700,850,0],"ix":1},"s":{"a":0,"k":[64,64,100],"ix":6}},"ao":0,"w":1400,"h":1700,"ip":0,"op":125,"st":0,"bm":0},{"ddd":0,"ind":2,"ty":0,"nm":"Spring","parent":1,"refId":"comp_5","sr":1,"ks":{"o":{"a":0,"k":100,"ix":11},"r":{"a":0,"k":0,"ix":10},"p":{"a":0,"k":[700,2198,0],"ix":2},"a":{"a":0,"k":[950,1350,0],"ix":1},"s":{"a":0,"k":[-48.316,49.053,100],"ix":6}},"ao":0,"w":1900,"h":2700,"ip":0,"op":125,"st":0,"bm":0},{"ddd":0,"ind":3,"ty":0,"nm":"Spring","parent":1,"refId":"comp_5","sr":1,"ks":{"o":{"a":0,"k":100,"ix":11},"r":{"a":0,"k":0,"ix":10},"p":{"a":0,"k":[700,2198,0],"ix":2},"a":{"a":0,"k":[950,1350,0],"ix":1},"s":{"a":0,"k":[49.053,49.053,100],"ix":6}},"ao":0,"w":1900,"h":2700,"ip":0,"op":125,"st":0,"bm":0}],"markers":[]}