{"v":"5.0.1","fr":100,"ip":0,"op":155,"w":230,"h":181,"ddd":0,"assets":[],"layers":[{"ind":1,"nm":"car","ks":{"p":{"a":0,"k":[115,95.5]},"a":{"a":0,"k":[110.094,85.297,0]},"s":{"a":0,"k":[100,100,100]},"r":{"a":0,"k":0},"o":{"a":0,"k":100}},"ao":0,"ip":0,"op":155,"st":0,"bm":0,"sr":1,"ty":4,"shapes":[{"ty":"gr","it":[{"ty":"sh","d":1,"ks":{"a":1,"k":[{"i":{"x":[0.833],"y":[0.833]},"o":{"x":[0.167],"y":[0.167]},"t":0,"s":[{"i":[[0,0],[0,0],[-1.406,0],[-1.391,0.058],[0,0]],"o":[[0,0],[1.594,0],[2.534,-0.101],[0,0],[0,0]],"v":[[0.994,170.089],[202.5,170.089],[206,170.089],[215,170.089],[216.246,170.089]],"c":false}],"e":[{"i":[[0,0],[0,0],[-1.281,-1.282],[-1.845,-2.683],[0,0]],"o":[[0,0],[1.448,-1.209],[2.073,-2.886],[0,0],[0,0]],"v":[[0.994,170.089],[198.5,170.089],[202,170.089],[211,170.089],[216.246,170.089]],"c":false}]},{"i":{"x":[0.833],"y":[0.833]},"o":{"x":[0.167],"y":[0.167]},"t":12.3,"s":[{"i":[[0,0],[0,0],[-1.281,-1.282],[-1.845,-2.683],[0,0]],"o":[[0,0],[1.448,-1.209],[2.073,-2.886],[0,0],[0,0]],"v":[[0.994,170.089],[198.5,170.089],[202,170.089],[211,170.089],[216.246,170.089]],"c":false}],"e":[{"i":[[0,0],[0,0],[-1.281,-1.282],[-1.845,-2.683],[0,0]],"o":[[0,0],[1.448,-1.209],[2.073,-2.886],[0,0],[0,0]],"v":[[0.994,170.089],[8.5,170.089],[12,170.089],[21,170.089],[216.246,170.089]],"c":false}]},{"i":{"x":[0.833],"y":[0.833]},"o":{"x":[0.167],"y":[0.167]},"t":142.3,"s":[{"i":[[0,0],[0,0],[-1.281,-1.282],[-1.845,-2.683],[0,0]],"o":[[0,0],[1.448,-1.209],[2.073,-2.886],[0,0],[0,0]],"v":[[0.994,170.089],[8.5,170.089],[12,170.089],[21,170.089],[216.246,170.089]],"c":false}],"e":[{"i":[[0,0],[0,0],[-1.405,0.075],[-1.742,0.15],[0,0]],"o":[[0,0],[1.336,0.019],[2.094,0],[0,0],[0,0]],"v":[[0.994,170.089],[2.5,170.089],[6,170.089],[15,170.089],[216.246,170.089]],"c":false}]},{"t":155}],"hd":false}},{"ty":"st","c":{"a":0,"k":[0.341,0.055,0.176,1]},"o":{"a":0,"k":100},"w":{"a":0,"k":0.5},"lc":2,"lj":2,"ml":4},{"ty":"tr","p":{"a":0,"k":[108.62,169.044]},"a":{"a":0,"k":[108.62,169.044]},"s":{"a":0,"k":[100,100]},"r":{"a":0,"k":0},"o":{"a":0,"k":100},"sk":{"a":0,"k":0},"sa":{"a":0,"k":0}}],"nm":"ground","ln":"ground","hd":false},{"ty":"gr","it":[{"ty":"gr","it":[{"ty":"sh","d":1,"ks":{"a":0,"k":{"i":[[0,0],[7.964,-1.24],[-16.715,-2.437],[1.072,7.455]],"o":[[-1.473,-10.251],[-11.585,1.804],[10.701,1.56],[0,0]],"v":[[122.605,48.426],[90.752,36.197],[108.357,59.964],[122.605,48.426]],"c":true},"hd":false}},{"ty":"st","c":{"a":0,"k":[0.341,0.055,0.176,1]},"o":{"a":0,"k":100},"w":{"a":0,"k":0.5},"lc":2,"lj":2,"ml":4},{"ty":"fl","c":{"a":0,"k":[1,0.984,0.886,1]},"hd":false,"o":{"a":0,"k":100},"r":1},{"ty":"tr","p":{"a":0,"k":[121.094,54.797]},"a":{"a":0,"k":[121.094,54.797]},"s":{"a":0,"k":[100,100]},"r":{"a":1,"k":[{"t":0,"s":[0],"i":{"x":[0.833],"y":[0.833]},"o":{"x":[0.167],"y":[0.167]},"e":[12.347]},{"t":21,"s":[12.347],"i":{"x":[0.833],"y":[0.833]},"o":{"x":[0.167],"y":[0.167]},"e":[0.857]},{"t":35,"s":[0.857],"i":{"x":[0.833],"y":[0.833]},"o":{"x":[0.167],"y":[0.167]},"e":[11.628]},{"t":47,"s":[11.628],"i":{"x":[0.833],"y":[0.833]},"o":{"x":[0.167],"y":[0.167]},"e":[2.791]},{"t":65,"s":[2.791],"i":{"x":[0.833],"y":[0.833]},"o":{"x":[0.167],"y":[0.167]},"e":[16.125]},{"t":93,"s":[16.125],"i":{"x":[0.833],"y":[0.833]},"o":{"x":[0.167],"y":[0.167]},"e":[5.723]},{"t":102,"s":[5.723],"i":{"x":[0.833],"y":[0.833]},"o":{"x":[0.167],"y":[0.167]},"e":[-17.44]},{"t":117,"s":[-17.44],"i":{"x":[0.833],"y":[0.833]},"o":{"x":[0.167],"y":[0.167]},"e":[19.088]},{"t":131,"s":[19.088],"i":{"x":[0.833],"y":[0.833]},"o":{"x":[0.167],"y":[0.167]},"e":[0]},{"t":153,"s":[0]}]},"o":{"a":0,"k":100},"sk":{"a":0,"k":0},"sa":{"a":0,"k":0}}],"nm":"wing","ln":"wing","hd":false},{"ty":"gr","it":[{"ty":"sh","d":1,"ks":{"a":0,"k":{"i":[[0,0],[0,0]],"o":[[0,0],[0,0]],"v":[[143.003,49.502],[143.003,53.278]],"c":false},"hd":false}},{"ty":"st","c":{"a":0,"k":[0.341,0.055,0.176,1]},"o":{"a":0,"k":100},"w":{"a":0,"k":0.5},"lc":2,"lj":2,"ml":4},{"ty":"tr","p":{"a":0,"k":[143.003,51.39]},"a":{"a":0,"k":[143.003,51.39]},"s":{"a":0,"k":[100,100]},"r":{"a":0,"k":0},"o":{"a":0,"k":100},"sk":{"a":0,"k":0},"sa":{"a":0,"k":0}}],"nm":"Vector_53","ln":"Vector_53","hd":false},{"ty":"gr","it":[{"ty":"sh","d":1,"ks":{"a":0,"k":{"i":[[0,0],[0,0]],"o":[[0,0],[0,0]],"v":[[134.459,48.631],[134.459,50.376]],"c":false},"hd":false}},{"ty":"st","c":{"a":0,"k":[0.341,0.055,0.176,1]},"o":{"a":0,"k":100},"w":{"a":0,"k":0.5},"lc":2,"lj":2,"ml":4},{"ty":"tr","p":{"a":0,"k":[134.459,49.503]},"a":{"a":0,"k":[134.459,49.504]},"s":{"a":0,"k":[100,100]},"r":{"a":0,"k":0},"o":{"a":0,"k":100},"sk":{"a":0,"k":0},"sa":{"a":0,"k":0}}],"nm":"Vector_52","ln":"Vector_52","hd":false},{"ty":"gr","it":[{"ty":"sh","d":1,"ks":{"a":0,"k":{"i":[[0,0],[0,0]],"o":[[0,0],[0,0]],"v":[[128.327,52.118],[128.327,49.858]],"c":false},"hd":false}},{"ty":"st","c":{"a":0,"k":[0.341,0.055,0.176,1]},"o":{"a":0,"k":100},"w":{"a":0,"k":0.5},"lc":2,"lj":2,"ml":4},{"ty":"tr","p":{"a":0,"k":[128.327,50.988]},"a":{"a":0,"k":[128.327,50.988]},"s":{"a":0,"k":[100,100]},"r":{"a":0,"k":0},"o":{"a":0,"k":100},"sk":{"a":0,"k":0},"sa":{"a":0,"k":0}}],"nm":"Vector_51","ln":"Vector_51","hd":false},{"ty":"gr","it":[{"ty":"sh","d":1,"ks":{"a":0,"k":{"i":[[0,0],[0,0]],"o":[[0,0],[0,0]],"v":[[125.996,52.118],[125.996,56.235]],"c":false},"hd":false}},{"ty":"st","c":{"a":0,"k":[0.341,0.055,0.176,1]},"o":{"a":0,"k":100},"w":{"a":0,"k":0.5},"lc":2,"lj":2,"ml":4},{"ty":"tr","p":{"a":0,"k":[125.996,54.177]},"a":{"a":0,"k":[125.996,54.177]},"s":{"a":0,"k":[100,100]},"r":{"a":0,"k":0},"o":{"a":0,"k":100},"sk":{"a":0,"k":0},"sa":{"a":0,"k":0}}],"nm":"Vector_50","ln":"Vector_50","hd":false},{"ty":"gr","it":[{"ty":"sh","d":1,"ks":{"a":0,"k":{"i":[[0,0],[0,0]],"o":[[0,0],[0,0]],"v":[[88.337,52.118],[88.337,47.599]],"c":false},"hd":false}},{"ty":"st","c":{"a":0,"k":[0.341,0.055,0.176,1]},"o":{"a":0,"k":100},"w":{"a":0,"k":0.5},"lc":2,"lj":2,"ml":4},{"ty":"tr","p":{"a":0,"k":[88.337,49.858]},"a":{"a":0,"k":[88.337,49.858]},"s":{"a":0,"k":[100,100]},"r":{"a":0,"k":0},"o":{"a":0,"k":100},"sk":{"a":0,"k":0},"sa":{"a":0,"k":0}}],"nm":"Vector_49","ln":"Vector_49","hd":false},{"ty":"gr","it":[{"ty":"sh","d":1,"ks":{"a":0,"k":{"i":[[0,0],[0,0]],"o":[[0,0],[0,0]],"v":[[80.733,49.858],[80.733,54.384]],"c":false},"hd":false}},{"ty":"st","c":{"a":0,"k":[0.341,0.055,0.176,1]},"o":{"a":0,"k":100},"w":{"a":0,"k":0.5},"lc":2,"lj":2,"ml":4},{"ty":"tr","p":{"a":0,"k":[80.733,52.121]},"a":{"a":0,"k":[80.733,52.121]},"s":{"a":0,"k":[100,100]},"r":{"a":0,"k":0},"o":{"a":0,"k":100},"sk":{"a":0,"k":0},"sa":{"a":0,"k":0}}],"nm":"Vector_48","ln":"Vector_48","hd":false},{"ty":"gr","it":[{"ty":"sh","d":1,"ks":{"a":0,"k":{"i":[[0,0],[0,0]],"o":[[0,0],[0,0]],"v":[[77.419,49.858],[77.419,52.118]],"c":false},"hd":false}},{"ty":"st","c":{"a":0,"k":[0.341,0.055,0.176,1]},"o":{"a":0,"k":100},"w":{"a":0,"k":0.5},"lc":2,"lj":2,"ml":4},{"ty":"tr","p":{"a":0,"k":[77.419,50.988]},"a":{"a":0,"k":[77.419,50.988]},"s":{"a":0,"k":[100,100]},"r":{"a":0,"k":0},"o":{"a":0,"k":100},"sk":{"a":0,"k":0},"sa":{"a":0,"k":0}}],"nm":"Vector_47","ln":"Vector_47","hd":false},{"ty":"gr","it":[{"ty":"sh","d":1,"ks":{"a":0,"k":{"i":[[0,0],[0,0]],"o":[[0,0],[0,0]],"v":[[70.407,52.118],[147.488,52.118]],"c":false},"hd":false}},{"ty":"st","c":{"a":0,"k":[0.341,0.055,0.176,1]},"o":{"a":0,"k":100},"w":{"a":0,"k":0.5},"lc":2,"lj":2,"ml":4},{"ty":"tr","p":{"a":0,"k":[108.947,52.118]},"a":{"a":0,"k":[108.947,52.118]},"s":{"a":0,"k":[100,100]},"r":{"a":0,"k":0},"o":{"a":0,"k":100},"sk":{"a":0,"k":0},"sa":{"a":0,"k":0}}],"nm":"Vector_46","ln":"Vector_46","hd":false},{"ty":"gr","it":[{"ty":"sh","d":1,"ks":{"a":0,"k":{"i":[[0,0],[0,0],[0,-5.609],[-5.609,0],[0,0],[0,5.609],[5.608,0]],"o":[[0,0],[-5.608,0],[0,5.609],[0,0],[5.608,0],[0,-5.608],[0,0]],"v":[[137.33,41.963],[80.562,41.963],[70.407,52.118],[80.562,62.274],[137.33,62.274],[147.485,52.118],[137.33,41.963]],"c":true},"hd":false}},{"ty":"st","c":{"a":0,"k":[0.341,0.055,0.176,1]},"o":{"a":0,"k":100},"w":{"a":0,"k":0.5},"lc":2,"lj":2,"ml":4},{"ty":"fl","c":{"a":0,"k":[1,0.984,0.886,1]},"hd":false,"o":{"a":0,"k":100},"r":1},{"ty":"tr","p":{"a":0,"k":[108.946,52.118]},"a":{"a":0,"k":[108.946,52.118]},"s":{"a":0,"k":[100,100]},"r":{"a":0,"k":0},"o":{"a":0,"k":100},"sk":{"a":0,"k":0},"sa":{"a":0,"k":0}}],"nm":"Vector_45","ln":"Vector_45","hd":false},{"ty":"gr","it":[{"ty":"gr","it":[{"ty":"sh","d":1,"ks":{"a":0,"k":{"i":[[0,0],[-3.794,0.26],[-9.151,0]],"o":[[-3.246,-6.572],[3.168,-0.217],[0,0]],"v":[[71.566,53.774],[68.702,36.9],[80.562,43.172]],"c":false},"hd":false}},{"ty":"st","c":{"a":0,"k":[0.341,0.055,0.176,1]},"o":{"a":0,"k":100},"w":{"a":0,"k":0.5},"lc":2,"lj":2,"ml":4},{"ty":"tr","p":{"a":0,"k":[73.797,45.334]},"a":{"a":0,"k":[73.797,45.334]},"s":{"a":0,"k":[100,100]},"r":{"a":0,"k":0},"o":{"a":0,"k":100},"sk":{"a":0,"k":0},"sa":{"a":0,"k":0}}],"nm":"Object","hd":false},{"ty":"gr","it":[{"ty":"sh","d":1,"ks":{"a":0,"k":{"i":[[0,0],[-3.794,0.26],[-9.151,0]],"o":[[-3.246,-6.572],[3.168,-0.217],[0,0]],"v":[[71.566,53.774],[68.702,36.9],[80.562,43.172]],"c":false},"hd":false}},{"ty":"fl","c":{"a":0,"k":[1,0.984,0.886,1]},"hd":false,"o":{"a":0,"k":100},"r":1},{"ty":"tr","p":{"a":0,"k":[73.797,45.334]},"a":{"a":0,"k":[73.797,45.334]},"s":{"a":0,"k":[100,100]},"r":{"a":0,"k":0},"o":{"a":0,"k":100},"sk":{"a":0,"k":0},"sa":{"a":0,"k":0}}],"nm":"Object","hd":false},{"ty":"tr","p":{"a":0,"k":[73.797,45.334]},"a":{"a":0,"k":[73.797,45.334]},"s":{"a":0,"k":[100,100]},"r":{"a":0,"k":0},"o":{"a":0,"k":100},"sk":{"a":0,"k":0},"sa":{"a":0,"k":0}}],"nm":"Vector_44","ln":"Vector_44","hd":false},{"ty":"gr","it":[{"ty":"gr","it":[{"ty":"gr","it":[{"ty":"sh","d":1,"ks":{"a":0,"k":{"i":[[0,0],[0,0],[-0.009,-0.006],[0.04,-0.077],[0.058,0],[0.025,0.012],[0.171,0],[0.155,-0.298],[0.058,0],[0.025,0.012],[-0.04,0.077],[-0.251,0]],"o":[[0,0],[0.267,0],[0.077,0.04],[-0.028,0.056],[-0.025,0],[-0.028,-0.015],[-0.183,0],[-0.028,0.056],[-0.025,0],[-0.077,-0.04],[0.236,-0.449],[0,0]],"v":[[138.61,9.803],[138.622,9.803],[139.106,9.921],[139.174,10.138],[139.032,10.225],[138.957,10.206],[138.619,10.126],[138.061,10.501],[137.919,10.588],[137.844,10.569],[137.776,10.352],[138.613,9.806]],"c":false},"hd":false}},{"ty":"sh","d":1,"ks":{"a":0,"k":{"i":[[0,0],[0.263,-0.505],[-0.304,-0.161],[-0.103,0],[-0.109,0.208],[-0.031,0],[-0.015,-0.009],[-0.1,0],[-0.109,0.208],[0.05,0.158],[0.149,0.078],[0.375,0.003],[0,0],[0,0]],"o":[[-0.527,0],[-0.161,0.307],[0.09,0.047],[0.232,0],[0.068,-0.127],[0.053,0],[0.084,0.043],[0.232,0],[0.077,-0.149],[-0.05,-0.161],[-0.028,-0.016],[0,0],[0,0],[0,0]],"v":[[138.613,9.341],[137.367,10.138],[137.63,10.984],[137.922,11.056],[138.477,10.721],[138.625,10.594],[138.752,10.625],[139.038,10.693],[139.593,10.358],[139.636,9.881],[139.329,9.512],[138.635,9.345],[138.616,9.345],[138.613,9.341]],"c":true},"hd":false}},{"ty":"fl","c":{"a":0,"k":[0.341,0.055,0.176,1]},"hd":false,"o":{"a":0,"k":100},"r":1},{"ty":"tr","p":{"a":0,"k":[138.48,10.199]},"a":{"a":0,"k":[138.48,10.199]},"s":{"a":0,"k":[100,100]},"r":{"a":0,"k":0},"o":{"a":0,"k":100},"sk":{"a":0,"k":0},"sa":{"a":0,"k":0}}],"nm":"Vector_43","ln":"Vector_43","hd":false},{"ty":"gr","it":[{"ty":"sh","d":1,"ks":{"a":0,"k":{"i":[[0,0],[0.055,0.031],[-0.102,0.192],[-0.257,0],[-0.013,-0.003],[-0.031,-0.099],[0.049,-0.093],[0.145,0],[0.056,0.028],[0.124,0],[0.118,-0.226],[0.145,0],[0,0]],"o":[[-0.062,0],[-0.193,-0.1],[0.307,-0.582],[0.341,0.003],[0.09,0.047],[0.031,0.099],[-0.068,0.13],[-0.062,0],[0,0],[-0.096,0],[-0.068,0.13],[0,0],[0,0]],"v":[[137.919,10.817],[137.736,10.771],[137.571,10.24],[138.613,9.571],[139.221,9.713],[139.413,9.943],[139.385,10.244],[139.038,10.454],[138.855,10.411],[138.622,10.355],[138.269,10.606],[137.922,10.817],[137.919,10.817]],"c":true},"hd":false}},{"ty":"fl","c":{"a":0,"k":[1,0.984,0.886,1]},"hd":false,"o":{"a":0,"k":100},"r":1},{"ty":"tr","p":{"a":0,"k":[138.478,10.194]},"a":{"a":0,"k":[138.478,10.194]},"s":{"a":0,"k":[100,100]},"r":{"a":0,"k":0},"o":{"a":0,"k":100},"sk":{"a":0,"k":0},"sa":{"a":0,"k":0}}],"nm":"Vector_42","ln":"Vector_42","hd":false},{"ty":"tr","p":{"a":0,"k":[138.48,10.199]},"a":{"a":0,"k":[138.48,10.199]},"s":{"a":0,"k":[100,100]},"r":{"a":0,"k":0},"o":{"a":0,"k":100},"sk":{"a":0,"k":0},"sa":{"a":0,"k":0}}],"nm":"Group","ln":"Group","hd":false},{"ty":"gr","it":[{"ty":"sh","d":1,"ks":{"a":0,"k":{"i":[[0,0],[0,0.83],[0.831,0],[0,-0.83],[-0.83,0]],"o":[[0.831,0],[0,-0.83],[-0.83,0],[0,0.83],[0,0]],"v":[[138.594,12.255],[140.098,10.752],[138.594,9.248],[137.091,10.752],[138.594,12.255]],"c":true},"hd":false}},{"ty":"st","c":{"a":0,"k":[0.341,0.055,0.176,1]},"o":{"a":0,"k":100},"w":{"a":0,"k":0.5},"lc":2,"lj":2,"ml":4},{"ty":"fl","c":{"a":0,"k":[0.341,0.055,0.176,1]},"hd":false,"o":{"a":0,"k":100},"r":1},{"ty":"tr","p":{"a":0,"k":[138.595,10.752]},"a":{"a":0,"k":[138.595,10.752]},"s":{"a":0,"k":[100,100]},"r":{"a":0,"k":0},"o":{"a":0,"k":100},"sk":{"a":0,"k":0},"sa":{"a":0,"k":0}}],"nm":"Vector_41","ln":"Vector_41","hd":false},{"ty":"gr","it":[{"ty":"sh","d":1,"ks":{"a":0,"k":{"i":[[0,0],[0,0],[0.264,3.202],[-4.541,-0.552],[0,0],[0,0],[0.915,-1.82]],"o":[[0,0],[0,0],[0,0],[0,0],[0,0],[-2.009,-0.338],[0,0]],"v":[[138.594,16.555],[137.395,14.655],[138.594,10.302],[144.974,12.587],[145.219,14.345],[143.514,14.06],[138.594,16.555]],"c":true},"hd":false}},{"ty":"st","c":{"a":0,"k":[0.341,0.055,0.176,1]},"o":{"a":0,"k":100},"w":{"a":0,"k":0.5},"lc":2,"lj":2,"ml":4},{"ty":"fl","c":{"a":0,"k":[0.341,0.055,0.176,1]},"hd":false,"o":{"a":0,"k":100},"r":1},{"ty":"tr","p":{"a":0,"k":[141.307,13.429]},"a":{"a":0,"k":[141.307,13.429]},"s":{"a":0,"k":[100,100]},"r":{"a":0,"k":0},"o":{"a":0,"k":100},"sk":{"a":0,"k":0},"sa":{"a":0,"k":0}}],"nm":"Vector_40","ln":"Vector_40","hd":false},{"ty":"gr","it":[{"ty":"sh","d":1,"ks":{"a":0,"k":{"i":[[0,0],[2.477,-0.874],[1.553,4.101],[0,0],[0,0]],"o":[[0,9.303],[-2.477,0.874],[0,0],[0,0],[0,0]],"v":[[145.222,14.348],[146.574,26.832],[138.598,16.558],[139.484,12.308],[145.222,14.348]],"c":true},"hd":false}},{"ty":"st","c":{"a":0,"k":[0.341,0.055,0.176,1]},"o":{"a":0,"k":100},"w":{"a":0,"k":0.5},"lc":2,"lj":2,"ml":4},{"ty":"fl","c":{"a":0,"k":[1,0.451,0,1]},"hd":false,"o":{"a":0,"k":100},"r":1},{"ty":"tr","p":{"a":0,"k":[143.003,19.607]},"a":{"a":0,"k":[143.003,19.607]},"s":{"a":0,"k":[100,100]},"r":{"a":0,"k":0},"o":{"a":0,"k":100},"sk":{"a":0,"k":0},"sa":{"a":0,"k":0}}],"nm":"Vector_39","ln":"Vector_39","hd":false},{"ty":"gr","it":[{"ty":"sh","d":1,"ks":{"a":0,"k":{"i":[[0,0],[-0.152,1.305],[1.55,4.098],[0.632,7.834],[-5.81,1.59],[-0.803,-9.79],[0,0],[1.572,0.682],[-1.079,-3.915],[-0.292,-0.636],[-3.512,-4.582],[-0.639,-3.611],[0.973,-3.835],[0,0],[0,0],[0,0]],"o":[[0.648,-1.131],[0.387,-3.77],[-1.119,-2.849],[-0.589,-7.282],[6.587,-1.804],[0,0],[-0.827,-1.64],[-2.176,-0.986],[0.177,0.645],[1.971,4.135],[2.012,2.626],[0.737,3.9],[0,0],[0,0],[0,0],[0,0]],"v":[[127.279,46.653],[128.535,43.228],[125.413,31.348],[120.233,15.005],[128.185,0.844],[145.222,14.345],[138.597,16.552],[135.001,12.702],[131.173,17.321],[131.877,19.187],[139.611,30.976],[144.494,41.237],[144.007,53.272],[126.929,48.079],[127.279,46.647],[127.279,46.653]],"c":true},"hd":false}},{"ty":"st","c":{"a":0,"k":[0.341,0.055,0.176,1]},"o":{"a":0,"k":100},"w":{"a":0,"k":0.5},"lc":2,"lj":2,"ml":4},{"ty":"fl","c":{"a":0,"k":[1,0.984,0.886,1]},"hd":false,"o":{"a":0,"k":100},"r":1},{"ty":"tr","p":{"a":0,"k":[132.688,26.888]},"a":{"a":0,"k":[132.688,26.888]},"s":{"a":0,"k":[100,100]},"r":{"a":0,"k":0},"o":{"a":0,"k":100},"sk":{"a":0,"k":0},"sa":{"a":0,"k":0}}],"nm":"Vector_38","ln":"Vector_38","hd":false},{"ty":"tr","p":{"a":0,"k":[133.781,53.272]},"a":{"a":0,"k":[133.781,53.272]},"s":{"a":0,"k":[100,100]},"r":{"a":1,"k":[{"t":0,"s":[0],"i":{"x":[0.833],"y":[0.833]},"o":{"x":[0.167],"y":[0.167]},"e":[10.784]},{"t":27,"s":[10.784],"i":{"x":[0.833],"y":[0.833]},"o":{"x":[0.167],"y":[0.167]},"e":[-11.81]},{"t":50,"s":[-11.81],"i":{"x":[0.833],"y":[0.833]},"o":{"x":[0.167],"y":[0.167]},"e":[3.103]},{"t":76,"s":[3.103],"i":{"x":[0.833],"y":[0.833]},"o":{"x":[0.167],"y":[0.167]},"e":[-2.073]},{"t":90,"s":[-2.073],"i":{"x":[0.833],"y":[0.833]},"o":{"x":[0.167],"y":[0.167]},"e":[-8.612]},{"t":107,"s":[-8.612],"i":{"x":[0.833],"y":[0.833]},"o":{"x":[0.167],"y":[0.167]},"e":[2.633]},{"t":117,"s":[2.633],"i":{"x":[0.833],"y":[0.833]},"o":{"x":[0.167],"y":[0.167]},"e":[-11.639]},{"t":129,"s":[-11.639],"i":{"x":[0.833],"y":[0.833]},"o":{"x":[0.167],"y":[0.167]},"e":[-4.077]},{"t":144,"s":[-4.077],"i":{"x":[0.833],"y":[0.833]},"o":{"x":[0.167],"y":[0.167]},"e":[0]},{"t":151,"s":[0]}]},"o":{"a":0,"k":100},"sk":{"a":0,"k":0},"sa":{"a":0,"k":0}}],"nm":"neck","ln":"neck","hd":false},{"ty":"tr","p":{"a":1,"k":[{"t":0,"s":[93.26,31.389],"i":{"x":[0.833],"y":[0.833]},"o":{"x":[0.167],"y":[0.167]},"e":[87.791,32.797]},{"t":25,"s":[87.791,32.797],"i":{"x":[0.833],"y":[0.833]},"o":{"x":[0.167],"y":[0.167]},"e":[87.983,27.797]},{"t":33,"s":[87.983,27.797],"i":{"x":[0.833],"y":[0.833]},"o":{"x":[0.167],"y":[0.167]},"e":[90.07,31.797]},{"t":45,"s":[90.07,31.797],"i":{"x":[0.833],"y":[0.833]},"o":{"x":[0.167],"y":[0.167]},"e":[86.051,35.797]},{"t":107,"s":[86.051,35.797],"i":{"x":[0.833],"y":[0.833]},"o":{"x":[0.167],"y":[0.167]},"e":[85.867,22.797]},{"t":116,"s":[85.867,22.797],"i":{"x":[0.833],"y":[0.833]},"o":{"x":[0.167],"y":[0.167]},"e":[91.296,31.797]},{"t":127,"s":[91.296,31.797],"i":{"x":[0.833],"y":[0.833]},"o":{"x":[0.167],"y":[0.167]},"e":[90.939,31.797]},{"t":140,"s":[90.939,31.797],"i":{"x":[0.833],"y":[0.833]},"o":{"x":[0.167],"y":[0.167]},"e":[93.26,31.389]},{"t":154,"s":[93.26,31.389]}]},"a":{"a":0,"k":[107.26,31.389]},"s":{"a":0,"k":[100,100]},"r":{"a":1,"k":[{"t":0,"s":[0],"i":{"x":[0.833],"y":[0.833]},"o":{"x":[0.167],"y":[0.167]},"e":[-3.578]},{"t":25,"s":[-3.578],"i":{"x":[0.833],"y":[0.833]},"o":{"x":[0.167],"y":[0.167]},"e":[1.381]},{"t":33,"s":[1.381],"i":{"x":[0.833],"y":[0.833]},"o":{"x":[0.167],"y":[0.167]},"e":[-1.827]},{"t":45,"s":[-1.827],"i":{"x":[0.833],"y":[0.833]},"o":{"x":[0.167],"y":[0.167]},"e":[0.487]},{"t":53,"s":[0.487],"i":{"x":[0.833],"y":[0.833]},"o":{"x":[0.167],"y":[0.167]},"e":[-3.043]},{"t":107,"s":[-3.043],"i":{"x":[0.833],"y":[0.833]},"o":{"x":[0.167],"y":[0.167]},"e":[0.974]},{"t":116,"s":[0.974],"i":{"x":[0.833],"y":[0.833]},"o":{"x":[0.167],"y":[0.167]},"e":[-2.006]},{"t":127,"s":[-2.006],"i":{"x":[0.833],"y":[0.833]},"o":{"x":[0.167],"y":[0.167]},"e":[0.731]},{"t":140,"s":[0.731],"i":{"x":[0.833],"y":[0.833]},"o":{"x":[0.167],"y":[0.167]},"e":[0]},{"t":154,"s":[0]}]},"o":{"a":0,"k":100},"sk":{"a":0,"k":0},"sa":{"a":0,"k":0}}],"nm":"duck","ln":"duck","hd":false},{"ty":"gr","it":[{"ty":"gr","it":[{"ty":"sh","d":1,"ks":{"a":0,"k":{"i":[[0,0],[0,0],[0,0],[0,0],[4.529,-0.388],[0,0],[0,0],[0,0],[-0.388,-4.529],[0,0],[0,0],[0,0],[-4.529,0.387],[0,0],[0,0],[0,0],[0.387,4.529]],"o":[[0,0],[0,0],[0,0],[-0.391,4.529],[0,0],[0,0],[0,0],[4.529,0.39],[0,0],[0,0],[0,0],[0.39,-4.529],[0,0],[0,0],[0,0],[-4.529,-0.391],[0,0]],"v":[[67.338,138.918],[67.019,135.186],[64.656,135.186],[64.337,138.918],[55.828,147.428],[52.095,147.747],[52.095,150.109],[55.828,150.429],[64.337,158.938],[64.656,162.671],[67.019,162.671],[67.338,158.938],[75.847,150.429],[79.58,150.109],[79.58,147.747],[75.847,147.428],[67.338,138.918]],"c":true},"hd":false}},{"ty":"st","c":{"a":0,"k":[0.341,0.055,0.176,1]},"o":{"a":0,"k":100},"w":{"a":0,"k":0.5},"lc":2,"lj":2,"ml":4},{"ty":"tr","p":{"a":0,"k":[65.837,148.929]},"a":{"a":0,"k":[65.837,148.928]},"s":{"a":0,"k":[100,100]},"r":{"a":0,"k":0},"o":{"a":0,"k":100},"sk":{"a":0,"k":0},"sa":{"a":0,"k":0}}],"nm":"Vector_37","ln":"Vector_37","hd":false},{"ty":"gr","it":[{"ty":"sh","d":1,"ks":{"a":0,"k":{"i":[[0,0],[0,7.215],[7.215,0],[0,-7.214],[-7.215,0]],"o":[[7.215,0],[0,-7.214],[-7.214,0],[0,7.215],[0,0]],"v":[[65.837,161.995],[78.901,148.931],[65.837,135.868],[52.774,148.931],[65.837,161.995]],"c":true},"hd":false}},{"ty":"st","c":{"a":0,"k":[0.341,0.055,0.176,1]},"o":{"a":0,"k":100},"w":{"a":0,"k":0.5},"lc":2,"lj":2,"ml":4},{"ty":"fl","c":{"a":0,"k":[1,0.816,0.988,1]},"hd":false,"o":{"a":0,"k":100},"r":1},{"ty":"tr","p":{"a":0,"k":[65.837,148.932]},"a":{"a":0,"k":[65.837,148.932]},"s":{"a":0,"k":[100,100]},"r":{"a":0,"k":0},"o":{"a":0,"k":100},"sk":{"a":0,"k":0},"sa":{"a":0,"k":0}}],"nm":"Vector_36","ln":"Vector_36","hd":false},{"ty":"gr","it":[{"ty":"sh","d":1,"ks":{"a":0,"k":{"i":[[0,0],[0,11.357],[11.356,0],[0,-11.356],[-11.356,0]],"o":[[11.357,0],[0,-11.356],[-11.356,0],[0,11.357],[0,0]],"v":[[65.837,169.494],[86.4,148.931],[65.837,128.369],[45.275,148.931],[65.837,169.494]],"c":true},"hd":false}},{"ty":"st","c":{"a":0,"k":[0.341,0.055,0.176,1]},"o":{"a":0,"k":100},"w":{"a":0,"k":0.5},"lc":2,"lj":2,"ml":4},{"ty":"fl","c":{"a":0,"k":[0.341,0.055,0.176,1]},"hd":false,"o":{"a":0,"k":100},"r":1},{"ty":"tr","p":{"a":0,"k":[65.837,148.932]},"a":{"a":0,"k":[65.837,148.931]},"s":{"a":0,"k":[100,100]},"r":{"a":0,"k":0},"o":{"a":0,"k":100},"sk":{"a":0,"k":0},"sa":{"a":0,"k":0}}],"nm":"Vector_35","ln":"Vector_35","hd":false},{"ty":"gr","it":[{"ty":"sh","d":1,"ks":{"a":0,"k":{"i":[[0,0],[0,7.215],[7.215,0],[0,-7.214],[-7.215,0]],"o":[[7.215,0],[0,-7.214],[-7.214,0],[0,7.215],[0,0]],"v":[[65.837,161.995],[78.901,148.931],[65.837,135.868],[52.774,148.931],[65.837,161.995]],"c":true},"hd":false}},{"ty":"st","c":{"a":0,"k":[0.341,0.055,0.176,1]},"o":{"a":0,"k":100},"w":{"a":0,"k":0.5},"lc":2,"lj":2,"ml":4},{"ty":"fl","c":{"a":0,"k":[0.941,0.902,1,1]},"hd":false,"o":{"a":0,"k":100},"r":1},{"ty":"tr","p":{"a":0,"k":[65.837,148.932]},"a":{"a":0,"k":[65.837,148.932]},"s":{"a":0,"k":[100,100]},"r":{"a":0,"k":0},"o":{"a":0,"k":100},"sk":{"a":0,"k":0},"sa":{"a":0,"k":0}}],"nm":"Vector_34","ln":"Vector_34","hd":false},{"ty":"tr","p":{"a":1,"k":[{"t":0,"s":[51.837,148.932],"i":{"x":[0.833],"y":[0.833]},"o":{"x":[0.167],"y":[0.167]},"e":[51.837,148.931]},{"t":108,"s":[51.837,148.931],"i":{"x":[0.833],"y":[0.833]},"o":{"x":[0.167],"y":[0.167]},"e":[51.837,144.932]},{"t":119,"s":[51.837,144.932],"i":{"x":[0.833],"y":[0.833]},"o":{"x":[0.167],"y":[0.167]},"e":[51.837,148.931]},{"t":134,"s":[51.837,148.931]}]},"a":{"a":0,"k":[65.837,148.931]},"s":{"a":0,"k":[100,100]},"r":{"a":1,"k":[{"t":0,"s":[0],"i":{"x":[0.833],"y":[0.833]},"o":{"x":[0.167],"y":[0.167]},"e":[359]},{"t":155,"s":[359]}]},"o":{"a":0,"k":100},"sk":{"a":0,"k":0},"sa":{"a":0,"k":0}}],"nm":"wheel1","ln":"wheel1","hd":false},{"ty":"gr","it":[{"ty":"gr","it":[{"ty":"sh","d":1,"ks":{"a":0,"k":{"i":[[0,0],[0,0],[0,0],[0,0],[4.529,-0.388],[0,0],[0,0],[0,0],[-0.388,-4.529],[0,0],[0,0],[0,0],[-4.529,0.387],[0,0],[0,0],[0,0],[0.388,4.529]],"o":[[0,0],[0,0],[0,0],[-0.391,4.529],[0,0],[0,0],[0,0],[4.529,0.39],[0,0],[0,0],[0,0],[0.391,-4.529],[0,0],[0,0],[0,0],[-4.529,-0.391],[0,0]],"v":[[187.081,138.918],[186.762,135.186],[184.4,135.186],[184.081,138.918],[175.571,147.428],[171.839,147.747],[171.839,150.109],[175.571,150.429],[184.081,158.938],[184.4,162.671],[186.762,162.671],[187.081,158.938],[195.591,150.429],[199.323,150.109],[199.323,147.747],[195.591,147.428],[187.081,138.918]],"c":true},"hd":false}},{"ty":"st","c":{"a":0,"k":[0.341,0.055,0.176,1]},"o":{"a":0,"k":100},"w":{"a":0,"k":0.5},"lc":2,"lj":2,"ml":4},{"ty":"tr","p":{"a":0,"k":[185.581,148.929]},"a":{"a":0,"k":[185.581,148.928]},"s":{"a":0,"k":[100,100]},"r":{"a":0,"k":0},"o":{"a":0,"k":100},"sk":{"a":0,"k":0},"sa":{"a":0,"k":0}}],"nm":"Vector_33","ln":"Vector_33","hd":false},{"ty":"gr","it":[{"ty":"sh","d":1,"ks":{"a":0,"k":{"i":[[0,0],[0,7.215],[7.215,0],[0,-7.214],[-7.215,0]],"o":[[7.215,0],[0,-7.214],[-7.215,0],[0,7.215],[0,0]],"v":[[185.581,161.995],[198.645,148.931],[185.581,135.868],[172.518,148.931],[185.581,161.995]],"c":true},"hd":false}},{"ty":"st","c":{"a":0,"k":[0.341,0.055,0.176,1]},"o":{"a":0,"k":100},"w":{"a":0,"k":0.5},"lc":2,"lj":2,"ml":4},{"ty":"fl","c":{"a":0,"k":[1,0.816,0.988,1]},"hd":false,"o":{"a":0,"k":100},"r":1},{"ty":"tr","p":{"a":0,"k":[185.582,148.932]},"a":{"a":0,"k":[185.582,148.932]},"s":{"a":0,"k":[100,100]},"r":{"a":0,"k":0},"o":{"a":0,"k":100},"sk":{"a":0,"k":0},"sa":{"a":0,"k":0}}],"nm":"Vector_32","ln":"Vector_32","hd":false},{"ty":"gr","it":[{"ty":"sh","d":1,"ks":{"a":0,"k":{"i":[[0,0],[0,11.357],[11.356,0],[0,-11.356],[-11.356,0]],"o":[[11.356,0],[0,-11.356],[-11.356,0],[0,11.357],[0,0]],"v":[[185.581,169.494],[206.143,148.931],[185.581,128.369],[165.019,148.931],[185.581,169.494]],"c":true},"hd":false}},{"ty":"st","c":{"a":0,"k":[0.341,0.055,0.176,1]},"o":{"a":0,"k":100},"w":{"a":0,"k":0.5},"lc":2,"lj":2,"ml":4},{"ty":"fl","c":{"a":0,"k":[0.341,0.055,0.176,1]},"hd":false,"o":{"a":0,"k":100},"r":1},{"ty":"tr","p":{"a":0,"k":[185.581,148.932]},"a":{"a":0,"k":[185.581,148.931]},"s":{"a":0,"k":[100,100]},"r":{"a":0,"k":0},"o":{"a":0,"k":100},"sk":{"a":0,"k":0},"sa":{"a":0,"k":0}}],"nm":"Vector_31","ln":"Vector_31","hd":false},{"ty":"tr","p":{"a":1,"k":[{"t":0,"s":[171.581,148.932],"i":{"x":[0.833],"y":[0.833]},"o":{"x":[0.167],"y":[0.167]},"e":[171.581,148.931]},{"t":27,"s":[171.581,148.931],"i":{"x":[0.833],"y":[0.833]},"o":{"x":[0.167],"y":[0.167]},"e":[171.581,144.932]},{"t":33.4,"s":[171.581,144.932],"i":{"x":[0.833],"y":[0.833]},"o":{"x":[0.167],"y":[0.167]},"e":[171.581,148.931]},{"t":48.6,"s":[171.581,148.931]}]},"a":{"a":0,"k":[185.581,148.931]},"s":{"a":0,"k":[100,100]},"r":{"a":1,"k":[{"t":0,"s":[0],"i":{"x":[0.833],"y":[0.833]},"o":{"x":[0.167],"y":[0.167]},"e":[359]},{"t":155,"s":[359]}]},"o":{"a":0,"k":100},"sk":{"a":0,"k":0},"sa":{"a":0,"k":0}}],"nm":"wheel2","ln":"wheel2","hd":false},{"ty":"gr","it":[{"ty":"gr","it":[{"ty":"sh","d":1,"ks":{"a":0,"k":{"i":[[0,0],[2.154,0.308],[0.482,-3.364],[-2.154,-0.308],[-0.482,3.364]],"o":[[0.482,-3.365],[-2.154,-0.309],[-0.482,3.364],[2.154,0.309],[0,0]],"v":[[162.885,95.168],[159.857,88.518],[155.084,94.051],[158.112,100.7],[162.885,95.168]],"c":true},"hd":false}},{"ty":"st","c":{"a":0,"k":[0.341,0.055,0.176,1]},"o":{"a":0,"k":100},"w":{"a":0,"k":0.5},"lc":2,"lj":2,"ml":4},{"ty":"fl","c":{"a":0,"k":[1,0.663,0.976,1]},"hd":false,"o":{"a":0,"k":100},"r":1},{"ty":"tr","p":{"a":0,"k":[158.985,94.609]},"a":{"a":0,"k":[158.985,94.609]},"s":{"a":0,"k":[100,100]},"r":{"a":0,"k":0},"o":{"a":0,"k":100},"sk":{"a":0,"k":0},"sa":{"a":0,"k":0}}],"nm":"Vector_30","ln":"Vector_30","hd":false},{"ty":"gr","it":[{"ty":"sh","d":1,"ks":{"a":0,"k":{"i":[[0,0],[0,0],[0,0],[-0.006,-0.611]],"o":[[0,0],[0,0],[0.016,0.666],[0,0]],"v":[[216.029,145.385],[211.838,143.466],[215.992,143.466],[216.029,145.385]],"c":true},"hd":false}},{"ty":"st","c":{"a":0,"k":[0.341,0.055,0.176,1]},"o":{"a":0,"k":100},"w":{"a":0,"k":0.5},"lc":2,"lj":2,"ml":4},{"ty":"fl","c":{"a":0,"k":[0.341,0.055,0.176,1]},"hd":false,"o":{"a":0,"k":100},"r":1},{"ty":"tr","p":{"a":0,"k":[213.934,144.426]},"a":{"a":0,"k":[213.934,144.425]},"s":{"a":0,"k":[100,100]},"r":{"a":0,"k":0},"o":{"a":0,"k":100},"sk":{"a":0,"k":0},"sa":{"a":0,"k":0}}],"nm":"Vector_29","ln":"Vector_29","hd":false},{"ty":"gr","it":[{"ty":"sh","d":1,"ks":{"a":0,"k":{"i":[[0,0],[0,0],[-0.232,0.942],[0,0]],"o":[[0,0],[-0.165,-0.884],[0,0],[0,0]],"v":[[38.003,143.466],[29.642,146.225],[29.729,143.466],[38.003,143.466]],"c":true},"hd":false}},{"ty":"st","c":{"a":0,"k":[0.341,0.055,0.176,1]},"o":{"a":0,"k":100},"w":{"a":0,"k":0.5},"lc":2,"lj":2,"ml":4},{"ty":"fl","c":{"a":0,"k":[0.341,0.055,0.176,1]},"hd":false,"o":{"a":0,"k":100},"r":1},{"ty":"tr","p":{"a":0,"k":[33.768,144.846]},"a":{"a":0,"k":[33.768,144.846]},"s":{"a":0,"k":[100,100]},"r":{"a":0,"k":0},"o":{"a":0,"k":100},"sk":{"a":0,"k":0},"sa":{"a":0,"k":0}}],"nm":"Vector_28","ln":"Vector_28","hd":false},{"ty":"gr","it":[{"ty":"sh","d":1,"ks":{"a":0,"k":{"i":[[0,0],[2.257,4.189],[2.517,-1.356],[-2.257,-4.189],[-2.517,1.356]],"o":[[2.517,-1.356],[-2.256,-4.189],[-2.517,1.356],[2.256,4.189],[0,0]],"v":[[211.022,124.776],[211.494,114.737],[202.851,109.607],[202.379,119.647],[211.022,124.776]],"c":true},"hd":false}},{"ty":"st","c":{"a":0,"k":[0.341,0.055,0.176,1]},"o":{"a":0,"k":100},"w":{"a":0,"k":0.5},"lc":2,"lj":2,"ml":4},{"ty":"fl","c":{"a":0,"k":[1,0.965,0.725,1]},"hd":false,"o":{"a":0,"k":100},"r":1},{"ty":"tr","p":{"a":0,"k":[206.937,117.192]},"a":{"a":0,"k":[206.936,117.192]},"s":{"a":0,"k":[100,100]},"r":{"a":0,"k":0},"o":{"a":0,"k":100},"sk":{"a":0,"k":0},"sa":{"a":0,"k":0}}],"nm":"Vector_27","ln":"Vector_27","hd":false},{"ty":"gr","it":[{"ty":"sh","d":1,"ks":{"a":0,"k":{"i":[[0,0],[0,0],[0,0],[0,0],[-0.065,-0.676],[0,0],[0.775,0],[0,0]],"o":[[0,0],[0,0],[0,0],[0.679,0],[0,0],[0.072,0.768],[0,0],[0,0]],"v":[[217.877,143.466],[211.841,143.466],[211.841,135.868],[217.415,135.868],[218.723,137.058],[219.188,142.031],[217.88,143.466],[217.877,143.466]],"c":true},"hd":false}},{"ty":"st","c":{"a":0,"k":[0.341,0.055,0.176,1]},"o":{"a":0,"k":100},"w":{"a":0,"k":0.5},"lc":2,"lj":2,"ml":4},{"ty":"fl","c":{"a":0,"k":[0.98,0.973,1,1]},"hd":false,"o":{"a":0,"k":100},"r":1},{"ty":"tr","p":{"a":0,"k":[215.517,139.667]},"a":{"a":0,"k":[215.517,139.667]},"s":{"a":0,"k":[100,100]},"r":{"a":0,"k":0},"o":{"a":0,"k":100},"sk":{"a":0,"k":0},"sa":{"a":0,"k":0}}],"nm":"Vector_26","ln":"Vector_26","hd":false},{"ty":"gr","it":[{"ty":"sh","d":1,"ks":{"a":0,"k":{"i":[[0,0],[0,0],[0,0],[-0.174,0.815],[0,0],[-0.62,0],[0,0]],"o":[[0,0],[0,0],[-0.833,0],[0,0],[0.127,-0.608],[0,0],[0,0]],"v":[[38.003,135.868],[38.003,143.466],[29.26,143.466],[27.977,141.882],[29.025,136.91],[30.308,135.868],[38.003,135.868]],"c":true},"hd":false}},{"ty":"st","c":{"a":0,"k":[0.341,0.055,0.176,1]},"o":{"a":0,"k":100},"w":{"a":0,"k":0.5},"lc":2,"lj":2,"ml":4},{"ty":"fl","c":{"a":0,"k":[0.98,0.973,1,1]},"hd":false,"o":{"a":0,"k":100},"r":1},{"ty":"tr","p":{"a":0,"k":[32.975,139.667]},"a":{"a":0,"k":[32.975,139.667]},"s":{"a":0,"k":[100,100]},"r":{"a":0,"k":0},"o":{"a":0,"k":100},"sk":{"a":0,"k":0},"sa":{"a":0,"k":0}}],"nm":"Vector_25","ln":"Vector_25","hd":false},{"ty":"gr","it":[{"ty":"sh","d":1,"ks":{"a":0,"k":{"i":[[0,0],[0,0],[2.858,-0.015],[0,0],[0,2.876],[0,0]],"o":[[0,0],[0,2.858],[0,0],[-2.877,0.012],[0,0],[0,0]],"v":[[161.965,95.717],[161.965,140.788],[156.798,145.98],[103.94,146.225],[98.725,141.033],[98.725,91.739]],"c":false},"hd":false}},{"ty":"st","c":{"a":0,"k":[0.341,0.055,0.176,1]},"o":{"a":0,"k":100},"w":{"a":0,"k":0.5},"lc":2,"lj":2,"ml":4},{"ty":"tr","p":{"a":0,"k":[130.345,118.982]},"a":{"a":0,"k":[130.345,118.982]},"s":{"a":0,"k":[100,100]},"r":{"a":0,"k":0},"o":{"a":0,"k":100},"sk":{"a":0,"k":0},"sa":{"a":0,"k":0}}],"nm":"Vector_24","ln":"Vector_24","hd":false},{"ty":"gr","it":[{"ty":"sh","d":1,"ks":{"a":0,"k":{"i":[[0,0],[0,0],[1.163,1.442],[0,0],[-0.775,0.009],[0,0],[-1.054,-1.28],[0,0],[-2.777,-0.313],[0,0]],"o":[[0,0],[-1.851,0],[0,0],[-0.483,-0.592],[0,0],[1.271,1.01],[0,0],[1.99,2.173],[0,0],[0,0]],"v":[[178.107,95.686],[171.157,95.707],[166.389,93.426],[146.741,69.063],[147.463,67.569],[149.658,67.569],[153.155,71.022],[170.695,92.102],[178.11,95.686],[178.107,95.686]],"c":true},"hd":false}},{"ty":"st","c":{"a":0,"k":[0.341,0.055,0.176,1]},"o":{"a":0,"k":100},"w":{"a":0,"k":0.5},"lc":2,"lj":2,"ml":4},{"ty":"tr","p":{"a":0,"k":[162.324,81.638]},"a":{"a":0,"k":[162.324,81.638]},"s":{"a":0,"k":[100,100]},"r":{"a":0,"k":0},"o":{"a":0,"k":100},"sk":{"a":0,"k":0},"sa":{"a":0,"k":0}}],"nm":"Vector_23","ln":"Vector_23","hd":false},{"ty":"gr","it":[{"ty":"sh","d":1,"ks":{"a":0,"k":{"i":[[0,0],[0,0],[-0.279,1.02],[0,0],[1.547,0],[0,0],[0,0],[0,0]],"o":[[0,0],[1.057,0],[0,0],[0.406,-1.491],[0,0],[0,0],[0,0],[0,0]],"v":[[32.519,132.917],[37.767,132.917],[40.03,131.187],[43.403,118.771],[41.14,115.811],[37.283,115.811],[32.516,132.914],[32.519,132.917]],"c":true},"hd":false}},{"ty":"st","c":{"a":0,"k":[0.341,0.055,0.176,1]},"o":{"a":0,"k":100},"w":{"a":0,"k":0.5},"lc":2,"lj":2,"ml":4},{"ty":"fl","c":{"a":0,"k":[1,0.875,0.808,1]},"hd":false,"o":{"a":0,"k":100},"r":1},{"ty":"tr","p":{"a":0,"k":[38.001,124.364]},"a":{"a":0,"k":[38.001,124.364]},"s":{"a":0,"k":[100,100]},"r":{"a":0,"k":0},"o":{"a":0,"k":100},"sk":{"a":0,"k":0},"sa":{"a":0,"k":0}}],"nm":"Vector_22","ln":"Vector_22","hd":false},{"ty":"gr","it":[{"ty":"sh","d":1,"ks":{"a":0,"k":{"i":[[0,0],[0,0],[0,0.852],[0,0],[-0.803,0],[0,0],[0,-0.803],[0.757,-0.062]],"o":[[0,0],[-0.846,0.068],[0,0],[0,-0.806],[0,0],[0.806,0],[0,0.759],[0,0]],"v":[[117.858,105.882],[106.844,106.753],[105.272,105.299],[105.272,104.428],[106.73,102.971],[117.744,102.971],[119.201,104.428],[117.858,105.882]],"c":true},"hd":false}},{"ty":"st","c":{"a":0,"k":[0.341,0.055,0.176,1]},"o":{"a":0,"k":100},"w":{"a":0,"k":0.5},"lc":2,"lj":2,"ml":4},{"ty":"fl","c":{"a":0,"k":[1,0.875,0.808,1]},"hd":false,"o":{"a":0,"k":100},"r":1},{"ty":"tr","p":{"a":0,"k":[112.237,104.864]},"a":{"a":0,"k":[112.237,104.864]},"s":{"a":0,"k":[100,100]},"r":{"a":0,"k":0},"o":{"a":0,"k":100},"sk":{"a":0,"k":0},"sa":{"a":0,"k":0}}],"nm":"Vector_21","ln":"Vector_21","hd":false},{"ty":"gr","it":[{"ty":"sh","d":1,"ks":{"a":0,"k":{"i":[[0,0],[0,0],[1.699,0],[0,0],[-0.856,2.328],[0,0],[-11.83,0],[0,0],[0,-1.699],[0,0]],"o":[[0,0],[0,1.699],[0,0],[-2.483,0],[0,0],[4.089,-11.101],[0,0],[1.698,0],[0,0],[0,0]],"v":[[93.136,70.622],[93.136,92.638],[90.058,95.717],[55.164,95.717],[51.816,90.918],[53.62,86.017],[80.11,67.544],[90.058,67.544],[93.136,70.622],[93.136,70.622]],"c":true},"hd":false}},{"ty":"st","c":{"a":0,"k":[0.341,0.055,0.176,1]},"o":{"a":0,"k":100},"w":{"a":0,"k":0.5},"lc":2,"lj":2,"ml":4},{"ty":"tr","p":{"a":0,"k":[72.365,81.63]},"a":{"a":0,"k":[72.365,81.63]},"s":{"a":0,"k":[100,100]},"r":{"a":0,"k":0},"o":{"a":0,"k":100},"sk":{"a":0,"k":0},"sa":{"a":0,"k":0}}],"nm":"Vector_20","ln":"Vector_20","hd":false},{"ty":"gr","it":[{"ty":"sh","d":1,"ks":{"a":0,"k":{"i":[[0,0],[0,0],[0,0],[-2.198,0],[0,0],[-1.33,-1.677],[0,0]],"o":[[0,0],[0,0],[0,-2.195],[0,0],[2.139,0],[0,0],[0,0]],"v":[[161.847,95.717],[98.725,95.717],[98.725,71.521],[102.706,67.544],[136.083,67.544],[141.577,70.198],[161.847,95.717]],"c":true},"hd":false}},{"ty":"st","c":{"a":0,"k":[0.341,0.055,0.176,1]},"o":{"a":0,"k":100},"w":{"a":0,"k":0.5},"lc":2,"lj":2,"ml":4},{"ty":"tr","p":{"a":0,"k":[130.286,81.63]},"a":{"a":0,"k":[130.286,81.63]},"s":{"a":0,"k":[100,100]},"r":{"a":0,"k":0},"o":{"a":0,"k":100},"sk":{"a":0,"k":0},"sa":{"a":0,"k":0}}],"nm":"Vector_19","ln":"Vector_19","hd":false},{"ty":"gr","it":[{"ty":"sh","d":1,"ks":{"a":0,"k":{"i":[[0,0],[0,0],[0,0],[0,0],[0.335,2.917],[1.249,2.948],[0,0],[0.323,0.639],[0.009,0.009],[4.247,2.381],[5.648,0.508],[0.096,0.012],[0,0],[0,0],[1.162,1.438],[0,0],[-0.775,0.009],[0,0],[5.53,0],[0,0],[5.413,-13.894],[0.958,-2.821],[2.235,-7.759],[0.074,-0.279],[0,0],[1.283,-4.733],[0,0],[0.257,-0.958],[0,0],[0,0],[0,0],[-4.297,0],[0,0],[0.022,0.226],[0.019,0.301],[0,0.108],[0,0.273],[-11.365,0],[0,-11.352],[0.019,-0.27],[0,-0.118],[0.034,-0.279],[0.034,-0.227],[0,0],[0.019,0.226],[0.022,0.301],[0,0.108],[0,0.273],[-11.361,0],[0,-11.352],[0.022,-0.27],[0,-0.118],[0.034,-0.279],[0.034,-0.227],[0,0],[0.019,2.312],[0.034,1.473],[0,0]],"o":[[0,0],[0,0],[0,0],[-0.17,-2.97],[-0.462,-3.999],[0,0],[-0.279,-0.679],[0,-0.018],[-3.606,-7.145],[-5.487,-3.075],[-0.108,-0.006],[0,0],[0,0],[-1.847,0],[0,0],[-0.484,-0.592],[0,0],[-4.228,-3.404],[0,0],[-14.914,0],[-0.923,2.368],[-2.377,7.018],[-0.086,0.27],[0,0],[-1.572,5.434],[0,0],[-0.279,1.011],[0,0],[0,0],[0,0],[-1.026,4.154],[0,0],[-0.034,-0.227],[-0.035,-0.279],[0,-0.118],[-0.022,-0.27],[0,-11.349],[11.364,0],[0,0.273],[0,0.108],[-0.021,0.301],[-0.019,0.226],[0,0],[-0.034,-0.227],[-0.034,-0.279],[0,-0.118],[-0.022,-0.27],[0,-11.349],[11.362,0],[0,0.273],[0,0.108],[-0.018,0.301],[-0.022,0.226],[0,0],[2.316,0],[-0.012,-1.154],[0,0],[0,0]],"v":[[215.992,143.466],[211.838,143.466],[211.838,135.868],[215.688,135.868],[214.947,126.881],[212.3,116.512],[212.3,116.499],[211.385,114.527],[211.364,114.487],[198.065,101.033],[178.426,95.717],[178.113,95.686],[178.101,95.686],[171.147,95.707],[166.38,93.426],[146.732,69.063],[147.454,67.569],[149.646,67.569],[134.583,62.271],[80.897,62.271],[47.141,85.279],[44.323,93.06],[37.286,115.811],[37.051,116.639],[36.825,117.448],[32.519,132.91],[32.519,132.923],[31.725,135.871],[37.999,135.871],[37.999,143.469],[29.725,143.469],[36.127,151.638],[45.458,151.638],[45.384,150.971],[45.309,150.1],[45.297,149.747],[45.275,148.937],[65.841,128.375],[86.39,148.937],[86.372,149.747],[86.359,150.1],[86.282,150.971],[86.208,151.638],[165.202,151.638],[165.127,150.971],[165.05,150.1],[165.044,149.747],[165.022,148.937],[185.584,128.375],[206.137,148.937],[206.115,149.747],[206.103,150.1],[206.029,150.971],[205.954,151.638],[211.903,151.638],[216.06,147.453],[215.992,143.472],[215.992,143.466]],"c":true},"hd":false}},{"ty":"sh","d":1,"ks":{"a":0,"k":{"i":[[0,0],[1.699,0],[0,0],[-0.856,2.328],[0,0],[-11.83,0],[0,0],[0,-1.699],[0,0]],"o":[[0,1.698],[0,0],[-2.483,0],[0,0],[4.089,-11.101],[0,0],[1.698,0],[0,0],[0,0]],"v":[[93.133,92.642],[90.055,95.72],[55.161,95.72],[51.813,90.921],[53.617,86.02],[80.107,67.547],[90.055,67.547],[93.133,70.625],[93.133,92.642]],"c":true},"hd":false}},{"ty":"sh","d":1,"ks":{"a":0,"k":{"i":[[0,0],[0,0],[-2.198,0],[0,0],[-1.329,-1.677],[0,0],[0,0],[0,0]],"o":[[0,0],[0,-2.195],[0,0],[2.139,0],[0,0],[0,0],[0,0],[0,0]],"v":[[98.719,95.72],[98.719,71.524],[102.7,67.547],[136.077,67.547],[141.57,70.201],[161.841,95.72],[98.719,95.72],[98.719,95.72]],"c":true},"hd":false}},{"ty":"st","c":{"a":0,"k":[0.341,0.055,0.176,1]},"o":{"a":0,"k":100},"w":{"a":0,"k":0.5},"lc":2,"lj":2,"ml":4},{"ty":"fl","c":{"a":0,"k":[1,0.663,0.976,1]},"hd":false,"o":{"a":0,"k":100},"r":1},{"ty":"tr","p":{"a":0,"k":[122.795,106.954]},"a":{"a":0,"k":[122.795,106.954]},"s":{"a":0,"k":[100,100]},"r":{"a":0,"k":0},"o":{"a":0,"k":100},"sk":{"a":0,"k":0},"sa":{"a":0,"k":0}}],"nm":"Vector_18","ln":"Vector_18","hd":false},{"ty":"gr","it":[{"ty":"sh","d":1,"ks":{"a":0,"k":{"i":[[0,0],[1.265,0.233],[1.689,0.127],[0,0],[-0.009,-2.824],[-2.629,0],[0,0],[-2.484,0.66],[-0.524,0.053],[1.404,1.2],[0,0]],"o":[[-1.649,-1.411],[-1.178,-0.217],[0,0],[-2.809,-0.257],[0.006,2.629],[0,0],[2.57,0],[2.638,-0.703],[0,0],[0,0],[0,0]],"v":[[138.514,94.08],[134.133,92.025],[129.366,91.42],[110.233,89.312],[105.009,94.092],[109.944,98.869],[125.909,98.869],[133.517,97.874],[139.853,96.293],[138.514,94.083],[138.514,94.08]],"c":true},"hd":false}},{"ty":"st","c":{"a":0,"k":[0.341,0.055,0.176,1]},"o":{"a":0,"k":100},"w":{"a":0,"k":0.5},"lc":2,"lj":2,"ml":4},{"ty":"fl","c":{"a":0,"k":[1,0.875,0.012,1]},"hd":false,"o":{"a":0,"k":100},"r":1},{"ty":"tr","p":{"a":0,"k":[109.164,93.627]},"a":{"a":0,"k":[109.164,93.627]},"s":{"a":0,"k":[100,100]},"r":{"a":1,"k":[{"t":0,"s":[0],"i":{"x":[0.833],"y":[0.833]},"o":{"x":[0.167],"y":[0.167]},"e":[-1.324]},{"t":31,"s":[-1.324],"i":{"x":[0.833],"y":[0.833]},"o":{"x":[0.167],"y":[0.167]},"e":[4.848]},{"t":55,"s":[4.848],"i":{"x":[0.833],"y":[0.833]},"o":{"x":[0.167],"y":[0.167]},"e":[2.253]},{"t":79,"s":[2.253],"i":{"x":[0.833],"y":[0.833]},"o":{"x":[0.167],"y":[0.167]},"e":[4.902]},{"t":125,"s":[4.902],"i":{"x":[0.833],"y":[0.833]},"o":{"x":[0.167],"y":[0.167]},"e":[0]},{"t":152,"s":[0]}]},"o":{"a":0,"k":100},"sk":{"a":0,"k":0},"sa":{"a":0,"k":0}}],"nm":"arm","ln":"arm","hd":false},{"ty":"gr","it":[{"ty":"sh","d":1,"ks":{"a":0,"k":{"i":[[0,0],[0.575,0.212],[0.212,-0.575],[0,0],[-0.575,-0.212],[-0.211,0.576],[0,0]],"o":[[0.212,-0.575],[-0.575,-0.212],[0,0],[-0.212,0.575],[0.576,0.212],[0,0],[0,0]],"v":[[150.86,87.597],[150.202,86.172],[148.777,86.83],[141.509,106.564],[142.166,107.989],[143.591,107.331],[150.86,87.597]],"c":true},"hd":false}},{"ty":"st","c":{"a":0,"k":[0.341,0.055,0.176,1]},"o":{"a":0,"k":100},"w":{"a":0,"k":0.5},"lc":2,"lj":2,"ml":4},{"ty":"fl","c":{"a":0,"k":[0.725,0.553,0.992,1]},"hd":false,"o":{"a":0,"k":100},"r":1},{"ty":"tr","p":{"a":0,"k":[146.184,97.081]},"a":{"a":0,"k":[146.184,97.081]},"s":{"a":0,"k":[100,100]},"r":{"a":0,"k":0},"o":{"a":0,"k":100},"sk":{"a":0,"k":0},"sa":{"a":0,"k":0}}],"nm":"Vector_17","ln":"Vector_17","hd":false},{"ty":"gr","it":[{"ty":"sh","d":1,"ks":{"a":0,"k":{"i":[[0,0],[-1.699,-0.933],[-0.949,-0.837],[-0.207,-0.769],[1.029,-0.453],[0,0],[0,0]],"o":[[0,0],[1.699,0.933],[0.948,0.837],[0.205,0.769],[-1.03,0.453],[0,0],[0,0]],"v":[[142.835,96.717],[147.234,91.983],[150.294,92.739],[150.005,95.114],[149.141,97.448],[142.835,96.72],[142.835,96.717]],"c":true},"hd":false}},{"ty":"st","c":{"a":0,"k":[0.341,0.055,0.176,1]},"o":{"a":0,"k":100},"w":{"a":0,"k":0.5},"lc":2,"lj":2,"ml":4},{"ty":"fl","c":{"a":0,"k":[1,0.875,0.012,1]},"hd":false,"o":{"a":0,"k":100},"r":1},{"ty":"tr","p":{"a":1,"k":[{"t":0,"s":[146.727,94.715],"i":{"x":[0.833],"y":[0.833]},"o":{"x":[0.167],"y":[0.167]},"e":[147.341,93.511]},{"t":37,"s":[147.341,93.511],"i":{"x":[0.833],"y":[0.833]},"o":{"x":[0.167],"y":[0.167]},"e":[146.425,94.704]},{"t":65,"s":[146.425,94.704],"i":{"x":[0.833],"y":[0.833]},"o":{"x":[0.167],"y":[0.167]},"e":[146.855,93.559]},{"t":86,"s":[146.855,93.559],"i":{"x":[0.833],"y":[0.833]},"o":{"x":[0.167],"y":[0.167]},"e":[146.166,95.672]},{"t":116,"s":[146.166,95.672],"i":{"x":[0.833],"y":[0.833]},"o":{"x":[0.167],"y":[0.167]},"e":[147.604,93.332]},{"t":138,"s":[147.604,93.332],"i":{"x":[0.833],"y":[0.833]},"o":{"x":[0.167],"y":[0.167]},"e":[146.727,94.715]},{"t":150,"s":[146.727,94.715]}]},"a":{"a":0,"k":[146.727,94.715]},"s":{"a":0,"k":[100,100]},"r":{"a":1,"k":[{"t":0,"s":[0],"i":{"x":[0.833],"y":[0.833]},"o":{"x":[0.167],"y":[0.167]},"e":[-6.493]},{"t":37,"s":[-6.493],"i":{"x":[0.833],"y":[0.833]},"o":{"x":[0.167],"y":[0.167]},"e":[-2.693]},{"t":65,"s":[-2.693],"i":{"x":[0.833],"y":[0.833]},"o":{"x":[0.167],"y":[0.167]},"e":[-6.203]},{"t":86,"s":[-6.203],"i":{"x":[0.833],"y":[0.833]},"o":{"x":[0.167],"y":[0.167]},"e":[-0.799]},{"t":116,"s":[-0.799],"i":{"x":[0.833],"y":[0.833]},"o":{"x":[0.167],"y":[0.167]},"e":[-8.376]},{"t":138,"s":[-8.376],"i":{"x":[0.833],"y":[0.833]},"o":{"x":[0.167],"y":[0.167]},"e":[0]},{"t":150,"s":[0]}]},"o":{"a":0,"k":100},"sk":{"a":0,"k":0},"sa":{"a":0,"k":0}}],"nm":"hand","ln":"hand","hd":false},{"ty":"gr","it":[{"ty":"sh","d":1,"ks":{"a":0,"k":{"i":[[0,0],[3.503,-3.596],[0,0],[0,0]],"o":[[-0.852,-1.123],[0,0],[0,0],[0,0]],"v":[[117.92,90.162],[106.782,90.36],[117.92,91.175],[117.92,90.162]],"c":true},"hd":false}},{"ty":"st","c":{"a":0,"k":[0.341,0.055,0.176,1]},"o":{"a":0,"k":100},"w":{"a":0,"k":0.5},"lc":2,"lj":2,"ml":4},{"ty":"fl","c":{"a":0,"k":[0.341,0.859,0.035,1]},"hd":false,"o":{"a":0,"k":100},"r":1},{"ty":"tr","p":{"a":0,"k":[112.351,89.794]},"a":{"a":0,"k":[112.351,89.794]},"s":{"a":0,"k":[100,100]},"r":{"a":0,"k":0},"o":{"a":0,"k":100},"sk":{"a":0,"k":0},"sa":{"a":0,"k":0}}],"nm":"body","ln":"body","hd":false},{"ty":"gr","it":[{"ty":"gr","it":[{"ty":"sh","d":1,"ks":{"a":0,"k":{"i":[[0,0],[0,0],[0,-0.823],[0,0],[-0.823,0],[0,0],[0,0.824],[0,0],[0.824,0]],"o":[[0,0],[-0.823,0],[0,0],[0,0.824],[0,0],[0.824,0],[0,0],[0,-0.824],[0,0]],"v":[[106.044,89.294],[98.852,89.294],[97.361,90.785],[97.361,99.148],[98.852,100.639],[106.044,100.639],[107.535,99.148],[107.535,90.785],[106.044,89.294]],"c":true},"hd":false}},{"ty":"st","c":{"a":0,"k":[0.341,0.055,0.176,1]},"o":{"a":0,"k":100},"w":{"a":0,"k":0.5},"lc":2,"lj":2,"ml":4},{"ty":"fl","c":{"a":0,"k":[1,0.816,0.988,1]},"hd":false,"o":{"a":0,"k":100},"r":1},{"ty":"tr","p":{"a":0,"k":[102.448,94.966]},"a":{"a":0,"k":[102.448,94.966]},"s":{"a":0,"k":[100,100]},"r":{"a":0,"k":0},"o":{"a":0,"k":100},"sk":{"a":0,"k":0},"sa":{"a":0,"k":0}}],"nm":"Vector_16","ln":"Vector_16","hd":false},{"ty":"gr","it":[{"ty":"sh","d":1,"ks":{"a":0,"k":{"i":[[0,0],[0,0],[-0.079,-0.849],[0,0],[-0.849,0.079],[0,0],[0.079,0.849],[0,0],[0.848,-0.079]],"o":[[0,0],[-0.848,0.079],[0,0],[0.078,0.848],[0,0],[0.849,-0.079],[0,0],[-0.079,-0.849],[0,0]],"v":[[102.294,75.201],[98.765,75.528],[97.371,77.209],[98.265,86.821],[99.945,88.215],[103.473,87.887],[104.867,86.207],[103.974,76.595],[102.294,75.201]],"c":true},"hd":false}},{"ty":"st","c":{"a":0,"k":[0.341,0.055,0.176,1]},"o":{"a":0,"k":100},"w":{"a":0,"k":0.5},"lc":2,"lj":2,"ml":4},{"ty":"fl","c":{"a":0,"k":[1,0.816,0.988,1]},"hd":false,"o":{"a":0,"k":100},"r":1},{"ty":"tr","p":{"a":0,"k":[101.119,81.708]},"a":{"a":0,"k":[101.119,81.708]},"s":{"a":0,"k":[100,100]},"r":{"a":0,"k":0},"o":{"a":0,"k":100},"sk":{"a":0,"k":0},"sa":{"a":0,"k":0}}],"nm":"Vector_15","ln":"Vector_15","hd":false},{"ty":"gr","it":[{"ty":"sh","d":1,"ks":{"a":0,"k":{"i":[[0,0],[0,0],[0,0],[0,0],[0,0]],"o":[[0,0],[0,0],[0,0],[0,0],[0,0]],"v":[[102.191,84.361],[100.483,84.361],[100.483,92.474],[102.191,92.474],[102.191,84.361]],"c":true},"hd":false}},{"ty":"st","c":{"a":0,"k":[0.341,0.055,0.176,1]},"o":{"a":0,"k":100},"w":{"a":0,"k":0.5},"lc":2,"lj":2,"ml":4},{"ty":"fl","c":{"a":0,"k":[0.812,0.667,1,1]},"hd":false,"o":{"a":0,"k":100},"r":1},{"ty":"tr","p":{"a":0,"k":[101.337,88.418]},"a":{"a":0,"k":[101.337,88.418]},"s":{"a":0,"k":[100,100]},"r":{"a":0,"k":0},"o":{"a":0,"k":100},"sk":{"a":0,"k":0},"sa":{"a":0,"k":0}}],"nm":"Vector_14","ln":"Vector_14","hd":false},{"ty":"tr","p":{"a":0,"k":[102.448,87.916]},"a":{"a":0,"k":[102.448,87.916]},"s":{"a":0,"k":[100,100]},"r":{"a":0,"k":0},"o":{"a":0,"k":100},"sk":{"a":0,"k":0},"sa":{"a":0,"k":0}}],"nm":"seat","ln":"seat","hd":false},{"ty":"gr","it":[{"ty":"gr","it":[{"ty":"sh","d":1,"ks":{"a":0,"k":{"i":[[0,0],[0,0],[0,0],[0,0],[0,0]],"o":[[0,0],[0,0],[0,0],[0,0],[0,0]],"v":[[112.685,87.21],[111.931,89.294],[119.542,89.294],[120.128,87.21],[112.685,87.21]],"c":true},"hd":false}},{"ty":"st","c":{"a":0,"k":[0.341,0.055,0.176,1]},"o":{"a":0,"k":100},"w":{"a":0,"k":0.5},"lc":2,"lj":2,"ml":4},{"ty":"fl","c":{"a":0,"k":[0.341,0.859,0.035,1]},"hd":false,"o":{"a":0,"k":100},"r":1},{"ty":"tr","p":{"a":0,"k":[116.03,88.252]},"a":{"a":0,"k":[116.029,88.252]},"s":{"a":0,"k":[100,100]},"r":{"a":0,"k":0},"o":{"a":0,"k":100},"sk":{"a":0,"k":0},"sa":{"a":0,"k":0}}],"nm":"Vector_13","ln":"Vector_13","hd":false},{"ty":"gr","it":[{"ty":"sh","d":1,"ks":{"a":0,"k":{"i":[[0,0],[0,0],[0,0],[0,0],[0,0],[0,0],[0,0],[0,0],[0,0],[0,0]],"o":[[0,0],[0,0],[0,0],[0,0],[0,0],[0,0],[0,0],[1.101,-19.121],[0,0],[0,0]],"v":[[120.478,88.931],[120.128,87.21],[117.167,87.973],[115.518,88.013],[111.934,89.294],[107.421,95.754],[100.48,121.679],[125.72,121.586],[120.481,88.931],[120.478,88.931]],"c":true},"hd":false}},{"ty":"st","c":{"a":0,"k":[0.341,0.055,0.176,1]},"o":{"a":0,"k":100},"w":{"a":0,"k":0.5},"lc":2,"lj":2,"ml":4},{"ty":"fl","c":{"a":0,"k":[0.341,0.859,0.035,1]},"hd":false,"o":{"a":0,"k":100},"r":1},{"ty":"tr","p":{"a":0,"k":[113.164,104.445]},"a":{"a":0,"k":[113.164,104.445]},"s":{"a":0,"k":[100,100]},"r":{"a":0,"k":0},"o":{"a":0,"k":100},"sk":{"a":0,"k":0},"sa":{"a":0,"k":0}}],"nm":"Vector_12","ln":"Vector_12","hd":false},{"ty":"gr","it":[{"ty":"sh","d":1,"ks":{"a":0,"k":{"i":[[0,0],[1.004,0],[0,0],[0,0]],"o":[[0,0],[0,0],[0,0],[0,0]],"v":[[121.625,76.407],[120.233,75.502],[120.233,76.407],[121.625,76.407]],"c":true},"hd":false}},{"ty":"st","c":{"a":0,"k":[0.341,0.055,0.176,1]},"o":{"a":0,"k":100},"w":{"a":0,"k":0.5},"lc":2,"lj":2,"ml":4},{"ty":"fl","c":{"a":0,"k":[0.341,0.055,0.176,1]},"hd":false,"o":{"a":0,"k":100},"r":1},{"ty":"tr","p":{"a":0,"k":[120.929,75.954]},"a":{"a":0,"k":[120.929,75.954]},"s":{"a":0,"k":[100,100]},"r":{"a":0,"k":0},"o":{"a":0,"k":100},"sk":{"a":0,"k":0},"sa":{"a":0,"k":0}}],"nm":"Vector_11","ln":"Vector_11","hd":false},{"ty":"gr","it":[{"ty":"gr","it":[{"ty":"sh","d":1,"ks":{"a":0,"k":{"i":[[0,0],[1.004,0],[0,0]],"o":[[0,0],[-1.004,0],[0,0]],"v":[[121.625,76.407],[120.233,75.502],[118.841,76.407]],"c":false},"hd":false}},{"ty":"st","c":{"a":0,"k":[0.341,0.055,0.176,1]},"o":{"a":0,"k":100},"w":{"a":0,"k":0.5},"lc":2,"lj":2,"ml":4},{"ty":"tr","p":{"a":0,"k":[120.233,75.954]},"a":{"a":0,"k":[120.233,75.954]},"s":{"a":0,"k":[100,100]},"r":{"a":0,"k":0},"o":{"a":0,"k":100},"sk":{"a":0,"k":0},"sa":{"a":0,"k":0}}],"nm":"Object","hd":false},{"ty":"gr","it":[{"ty":"sh","d":1,"ks":{"a":0,"k":{"i":[[0,0],[1.004,0],[0,0]],"o":[[0,0],[-1.004,0],[0,0]],"v":[[121.625,76.407],[120.233,75.502],[118.841,76.407]],"c":false},"hd":false}},{"ty":"fl","c":{"a":0,"k":[1,1,1,1]},"hd":false,"o":{"a":0,"k":100},"r":1},{"ty":"tr","p":{"a":0,"k":[120.233,75.954]},"a":{"a":0,"k":[120.233,75.954]},"s":{"a":0,"k":[100,100]},"r":{"a":0,"k":0},"o":{"a":0,"k":100},"sk":{"a":0,"k":0},"sa":{"a":0,"k":0}}],"nm":"Object","hd":false},{"ty":"tr","p":{"a":0,"k":[120.233,75.954]},"a":{"a":0,"k":[120.233,75.954]},"s":{"a":0,"k":[100,100]},"r":{"a":0,"k":0},"o":{"a":0,"k":100},"sk":{"a":0,"k":0},"sa":{"a":0,"k":0}}],"nm":"Vector_10","ln":"Vector_10","hd":false},{"ty":"gr","it":[{"ty":"sh","d":1,"ks":{"a":0,"k":{"i":[[0,0],[0,0],[0,0],[0,0],[-0.788,-1.367],[0,0]],"o":[[0,0],[0,0],[0,0],[-1.46,0.024],[0,0],[0,0]],"v":[[121.123,86.494],[121.123,86.5],[118.255,84.895],[122.608,84.895],[121.117,86.494],[121.123,86.494]],"c":true},"hd":false}},{"ty":"st","c":{"a":0,"k":[0.341,0.055,0.176,1]},"o":{"a":0,"k":100},"w":{"a":0,"k":0.5},"lc":2,"lj":2,"ml":4},{"ty":"fl","c":{"a":0,"k":[0.341,0.055,0.176,1]},"hd":false,"o":{"a":0,"k":100},"r":1},{"ty":"tr","p":{"a":0,"k":[120.432,85.698]},"a":{"a":0,"k":[120.431,85.698]},"s":{"a":0,"k":[100,100]},"r":{"a":0,"k":0},"o":{"a":0,"k":100},"sk":{"a":0,"k":0},"sa":{"a":0,"k":0}}],"nm":"Vector_9","ln":"Vector_9","hd":false},{"ty":"gr","it":[{"ty":"sh","d":1,"ks":{"a":0,"k":{"i":[[0,0],[1.553,1.956],[0,0],[0,0],[0,0],[-2.648,-13.556],[0,0],[0,0],[1.082,3.301],[0,0]],"o":[[-0.964,-2.945],[0,0],[0,0],[0,0],[0.307,0.828],[1.252,6.402],[0,0],[0,0],[0,0],[0,0]],"v":[[127.822,97.614],[123.826,89.139],[122.567,87.21],[121.523,87.21],[122.456,88.943],[128.535,109.217],[130.755,121.667],[133.575,121.667],[127.822,97.614],[127.822,97.614]],"c":true},"hd":false}},{"ty":"st","c":{"a":0,"k":[0.341,0.055,0.176,1]},"o":{"a":0,"k":100},"w":{"a":0,"k":0.5},"lc":2,"lj":2,"ml":4},{"ty":"fl","c":{"a":0,"k":[0.341,0.859,0.035,1]},"hd":false,"o":{"a":0,"k":100},"r":1},{"ty":"tr","p":{"a":0,"k":[127.549,104.439]},"a":{"a":0,"k":[127.549,104.439]},"s":{"a":0,"k":[100,100]},"r":{"a":0,"k":0},"o":{"a":0,"k":100},"sk":{"a":0,"k":0},"sa":{"a":0,"k":0}}],"nm":"Vector_8","ln":"Vector_8","hd":false},{"ty":"gr","it":[{"ty":"sh","d":1,"ks":{"a":0,"k":{"i":[[0,0],[0,0],[0.041,0.543],[0.003,0.021],[1.215,2.238],[0,0],[-0.877,-5.382],[0,0],[0,0],[0,0]],"o":[[0,0],[-0.031,-0.552],[0,-0.025],[-1.19,-15.764],[0,0],[4.21,9.027],[0,0],[0,0],[0,0],[0,0]],"v":[[130.866,122.206],[129.586,122.206],[129.477,120.563],[129.471,120.489],[122.22,88.943],[122.595,88.943],[130.711,120.554],[130.556,120.554],[130.866,122.206],[130.866,122.206]],"c":true},"hd":false}},{"ty":"st","c":{"a":0,"k":[0.341,0.055,0.176,1]},"o":{"a":0,"k":100},"w":{"a":0,"k":0.5},"lc":2,"lj":2,"ml":4},{"ty":"fl","c":{"a":0,"k":[0.341,0.055,0.176,1]},"hd":false,"o":{"a":0,"k":100},"r":1},{"ty":"tr","p":{"a":0,"k":[126.543,105.575]},"a":{"a":0,"k":[126.543,105.575]},"s":{"a":0,"k":[100,100]},"r":{"a":0,"k":0},"o":{"a":0,"k":100},"sk":{"a":0,"k":0},"sa":{"a":0,"k":0}}],"nm":"Vector_7","ln":"Vector_7","hd":false},{"ty":"gr","it":[{"ty":"gr","it":[{"ty":"sh","d":1,"ks":{"a":0,"k":{"i":[[0,0],[0.924,1.358],[-1.036,0.707],[-0.926,-1.358],[-0.168,-0.369]],"o":[[-1.039,0.706],[-0.927,-1.358],[1.038,-0.707],[0,0],[0,0]],"v":[[111.73,82.601],[108.177,81.423],[108.379,77.684],[112.151,79.11],[113.367,81.116]],"c":false},"hd":false}},{"ty":"st","c":{"a":0,"k":[0.341,0.055,0.176,1]},"o":{"a":0,"k":100},"w":{"a":0,"k":0.5},"lc":2,"lj":2,"ml":4},{"ty":"tr","p":{"a":0,"k":[110.452,80.166]},"a":{"a":0,"k":[110.452,80.166]},"s":{"a":0,"k":[100,100]},"r":{"a":0,"k":0},"o":{"a":0,"k":100},"sk":{"a":0,"k":0},"sa":{"a":0,"k":0}}],"nm":"Object","hd":false},{"ty":"gr","it":[{"ty":"sh","d":1,"ks":{"a":0,"k":{"i":[[0,0],[0.924,1.358],[-1.036,0.707],[-0.926,-1.358],[-0.168,-0.369]],"o":[[-1.039,0.706],[-0.927,-1.358],[1.038,-0.707],[0,0],[0,0]],"v":[[111.73,82.601],[108.177,81.423],[108.379,77.684],[112.151,79.11],[113.367,81.116]],"c":false},"hd":false}},{"ty":"fl","c":{"a":0,"k":[1,0.875,0.012,1]},"hd":false,"o":{"a":0,"k":100},"r":1},{"ty":"tr","p":{"a":0,"k":[110.452,80.166]},"a":{"a":0,"k":[110.452,80.166]},"s":{"a":0,"k":[100,100]},"r":{"a":0,"k":0},"o":{"a":0,"k":100},"sk":{"a":0,"k":0},"sa":{"a":0,"k":0}}],"nm":"Object","hd":false},{"ty":"tr","p":{"a":0,"k":[110.452,80.166]},"a":{"a":0,"k":[110.452,80.166]},"s":{"a":0,"k":[100,100]},"r":{"a":0,"k":0},"o":{"a":0,"k":100},"sk":{"a":0,"k":0},"sa":{"a":0,"k":0}}],"nm":"Vector_6","ln":"Vector_6","hd":false},{"ty":"gr","it":[{"ty":"sh","d":1,"ks":{"a":0,"k":{"i":[[0,0],[3.401,0.443],[4.492,-0.257],[0.834,-1.717],[-3.671,-1.048],[0,0],[-0.834,-1.42],[0,0],[0,0],[-4.712,1.107],[-1.209,1.001],[0,0]],"o":[[2.146,-1.779],[-3.401,-0.447],[-3.903,0.226],[-1.854,3.816],[0,0],[0,0],[0,0],[0,0],[0,0],[2.471,-0.579],[0,0],[0,0]],"v":[[120.769,72.761],[120.348,64.751],[112.192,68.775],[105.753,72.017],[109.306,80.226],[110.967,77.994],[112.53,79.696],[113.364,81.116],[114.935,80.862],[116.643,74.503],[120.769,72.761],[120.769,72.761]],"c":true},"hd":false}},{"ty":"st","c":{"a":0,"k":[0.341,0.055,0.176,1]},"o":{"a":0,"k":100},"w":{"a":0,"k":0.5},"lc":2,"lj":2,"ml":4},{"ty":"fl","c":{"a":0,"k":[0.341,0.055,0.176,1]},"hd":false,"o":{"a":0,"k":100},"r":1},{"ty":"tr","p":{"a":0,"k":[113.822,72.917]},"a":{"a":0,"k":[113.822,72.917]},"s":{"a":0,"k":[100,100]},"r":{"a":0,"k":0},"o":{"a":0,"k":100},"sk":{"a":0,"k":0},"sa":{"a":0,"k":0}}],"nm":"Vector_5","ln":"Vector_5","hd":false},{"ty":"gr","it":[{"ty":"sh","d":1,"ks":{"a":0,"k":{"i":[[0,0],[-1.426,0.893]],"o":[[0,0],[0,0]],"v":[[120.769,79.879],[123.181,80.049]],"c":false},"hd":false}},{"ty":"st","c":{"a":0,"k":[0.341,0.055,0.176,1]},"o":{"a":0,"k":100},"w":{"a":0,"k":0.5},"lc":2,"lj":2,"ml":4},{"ty":"tr","p":{"a":0,"k":[121.975,80.143]},"a":{"a":0,"k":[121.975,80.143]},"s":{"a":0,"k":[100,100]},"r":{"a":0,"k":0},"o":{"a":0,"k":100},"sk":{"a":0,"k":0},"sa":{"a":0,"k":0}}],"nm":"Vector_4","ln":"Vector_4","hd":false},{"ty":"gr","it":[{"ty":"sh","d":1,"ks":{"a":0,"k":{"i":[[0,0],[0,0],[0,0],[0,0],[-1.674,0],[3.491,4.613],[-0.217,0.915],[2.028,2.43],[0.344,0.456],[0.168,0.26],[0.223,-0.115],[0,0],[0,0],[0,0],[0,0]],"o":[[0,0],[0,0],[0,0],[-0.853,-1.478],[1.674,0],[-0.691,-1.02],[0.353,-1.494],[-0.483,-0.579],[-0.344,-0.459],[-0.136,-0.21],[0,0],[0,0],[0,0],[0,0],[0,0]],"v":[[111.029,82.839],[113.336,88.931],[122.484,88.931],[121.126,86.5],[122.958,84.892],[124.334,78.843],[125.931,77.309],[121.575,73.536],[120.202,71.853],[119.154,70.997],[118.525,70.83],[108.841,76.255],[109.65,81.069],[111.032,82.842],[111.029,82.839]],"c":true},"hd":false}},{"ty":"st","c":{"a":0,"k":[0.341,0.055,0.176,1]},"o":{"a":0,"k":100},"w":{"a":0,"k":0.5},"lc":2,"lj":2,"ml":4},{"ty":"fl","c":{"a":0,"k":[1,0.875,0.012,1]},"hd":false,"o":{"a":0,"k":100},"r":1},{"ty":"tr","p":{"a":0,"k":[117.402,79.853]},"a":{"a":0,"k":[117.402,79.853]},"s":{"a":0,"k":[100,100]},"r":{"a":0,"k":0},"o":{"a":0,"k":100},"sk":{"a":0,"k":0},"sa":{"a":0,"k":0}}],"nm":"Vector_3","ln":"Vector_3","hd":false},{"ty":"gr","it":[{"ty":"gr","it":[{"ty":"sh","d":1,"ks":{"a":0,"k":{"i":[[0,0],[-0.986,-8.6],[0,0],[0,0],[0,0],[0,0]],"o":[[0,0],[0,0],[-3.1,-11.309],[0.108,-3.094],[0,0],[0,0]],"v":[[126.613,94.619],[132.162,120.545],[106.37,120.712],[108.01,94.368],[113.333,88.931],[122.45,88.943]],"c":false},"hd":false}},{"ty":"st","c":{"a":0,"k":[0.341,0.055,0.176,1]},"o":{"a":0,"k":100},"w":{"a":0,"k":0.5},"lc":2,"lj":2,"ml":4},{"ty":"tr","p":{"a":0,"k":[118.74,104.821]},"a":{"a":0,"k":[118.74,104.821]},"s":{"a":0,"k":[100,100]},"r":{"a":0,"k":0},"o":{"a":0,"k":100},"sk":{"a":0,"k":0},"sa":{"a":0,"k":0}}],"nm":"Object","hd":false},{"ty":"gr","it":[{"ty":"sh","d":1,"ks":{"a":0,"k":{"i":[[0,0],[-0.986,-8.6],[0,0],[0,0],[0,0],[0,0]],"o":[[0,0],[0,0],[-3.1,-11.309],[0.108,-3.094],[0,0],[0,0]],"v":[[126.613,94.619],[132.162,120.545],[106.37,120.712],[108.01,94.368],[113.333,88.931],[122.45,88.943]],"c":false},"hd":false}},{"ty":"fl","c":{"a":0,"k":[0.835,1,0.773,1]},"hd":false,"o":{"a":0,"k":100},"r":1},{"ty":"tr","p":{"a":0,"k":[118.74,104.821]},"a":{"a":0,"k":[118.74,104.821]},"s":{"a":0,"k":[100,100]},"r":{"a":0,"k":0},"o":{"a":0,"k":100},"sk":{"a":0,"k":0},"sa":{"a":0,"k":0}}],"nm":"Object","hd":false},{"ty":"tr","p":{"a":0,"k":[118.74,104.821]},"a":{"a":0,"k":[118.74,104.821]},"s":{"a":0,"k":[100,100]},"r":{"a":0,"k":0},"o":{"a":0,"k":100},"sk":{"a":0,"k":0},"sa":{"a":0,"k":0}}],"nm":"Vector_2","ln":"Vector_2","hd":false},{"ty":"gr","it":[{"ty":"gr","it":[{"ty":"sh","d":1,"ks":{"a":0,"k":{"i":[[0,0],[-6.033,-1.612],[-1.398,2.114],[0,0],[9.641,1.96],[0,0]],"o":[[4.297,0.068],[1.51,-0.183],[0,0],[-1.848,5.146],[-7.74,-1.571],[0,0]],"v":[[122.595,88.937],[139.478,99.272],[142.835,95.717],[151.466,98.445],[134.815,109.815],[121.52,100.252]],"c":false},"hd":false}},{"ty":"st","c":{"a":0,"k":[0.341,0.055,0.176,1]},"o":{"a":0,"k":100},"w":{"a":0,"k":0.5},"lc":2,"lj":2,"ml":4},{"ty":"tr","p":{"a":0,"k":[136.493,99.525]},"a":{"a":0,"k":[136.493,99.525]},"s":{"a":0,"k":[100,100]},"r":{"a":0,"k":0},"o":{"a":0,"k":100},"sk":{"a":0,"k":0},"sa":{"a":0,"k":0}}],"nm":"Object","hd":false},{"ty":"gr","it":[{"ty":"sh","d":1,"ks":{"a":0,"k":{"i":[[0,0],[-6.033,-1.612],[-1.398,2.114],[0,0],[9.641,1.96],[0,0]],"o":[[4.297,0.068],[1.51,-0.183],[0,0],[-1.848,5.146],[-7.74,-1.571],[0,0]],"v":[[122.595,88.937],[139.478,99.272],[142.835,95.717],[151.466,98.445],[134.815,109.815],[121.52,100.252]],"c":false},"hd":false}},{"ty":"fl","c":{"a":0,"k":[0.341,0.859,0.035,1]},"hd":false,"o":{"a":0,"k":100},"r":1},{"ty":"tr","p":{"a":0,"k":[136.493,99.525]},"a":{"a":0,"k":[136.493,99.525]},"s":{"a":0,"k":[100,100]},"r":{"a":0,"k":0},"o":{"a":0,"k":100},"sk":{"a":0,"k":0},"sa":{"a":0,"k":0}}],"nm":"Object","hd":false},{"ty":"tr","p":{"a":0,"k":[136.493,99.525]},"a":{"a":0,"k":[136.493,99.525]},"s":{"a":0,"k":[100,100]},"r":{"a":0,"k":0},"o":{"a":0,"k":100},"sk":{"a":0,"k":0},"sa":{"a":0,"k":0}}],"nm":"Vector","ln":"Vector","hd":false},{"ty":"tr","p":{"a":0,"k":[118.283,93.446]},"a":{"a":0,"k":[118.283,93.446]},"s":{"a":0,"k":[100,100]},"r":{"a":1,"k":[{"t":0,"s":[0],"i":{"x":[0.833],"y":[0.833]},"o":{"x":[0.167],"y":[0.167]},"e":[3.081]},{"t":32,"s":[3.081],"i":{"x":[0.833],"y":[0.833]},"o":{"x":[0.167],"y":[0.167]},"e":[-0.058]},{"t":50,"s":[-0.058],"i":{"x":[0.833],"y":[0.833]},"o":{"x":[0.167],"y":[0.167]},"e":[4.431]},{"t":73,"s":[4.431],"i":{"x":[0.833],"y":[0.833]},"o":{"x":[0.167],"y":[0.167]},"e":[0.074]},{"t":104,"s":[0.074],"i":{"x":[0.833],"y":[0.833]},"o":{"x":[0.167],"y":[0.167]},"e":[11.227]},{"t":119,"s":[11.227],"i":{"x":[0.833],"y":[0.833]},"o":{"x":[0.167],"y":[0.167]},"e":[0.92]},{"t":140,"s":[0.92],"i":{"x":[0.833],"y":[0.833]},"o":{"x":[0.167],"y":[0.167]},"e":[0]},{"t":151,"s":[0]}]},"o":{"a":0,"k":100},"sk":{"a":0,"k":0},"sa":{"a":0,"k":0}}],"nm":"head","ln":"head","hd":false},{"ty":"tr","p":{"a":1,"k":[{"t":0,"s":[109.571,106.954],"i":{"x":[0.833],"y":[0.833]},"o":{"x":[0.167],"y":[0.167]},"e":[108.571,107.954]},{"t":34.5,"s":[108.571,107.954],"i":{"x":[0.833],"y":[0.833]},"o":{"x":[0.167],"y":[0.167]},"e":[109.571,106.954]},{"t":71.4,"s":[109.571,106.954],"i":{"x":[0.833],"y":[0.833]},"o":{"x":[0.167],"y":[0.167]},"e":[107.571,110.954]},{"t":105,"s":[107.571,110.954],"i":{"x":[0.833],"y":[0.833]},"o":{"x":[0.167],"y":[0.167]},"e":[108.571,107.954]},{"t":112.6,"s":[108.571,107.954],"i":{"x":[0.833],"y":[0.833]},"o":{"x":[0.167],"y":[0.167]},"e":[109.571,106.954]},{"t":155,"s":[109.571,106.954]}]},"a":{"a":0,"k":[123.571,106.954]},"s":{"a":0,"k":[100,100]},"r":{"a":1,"k":[{"t":0,"s":[0],"i":{"x":[0.833],"y":[0.833]},"o":{"x":[0.167],"y":[0.167]},"e":[-3.444]},{"t":29.1,"s":[-3.444],"i":{"x":[0.833],"y":[0.833]},"o":{"x":[0.167],"y":[0.167]},"e":[-1.411]},{"t":34.5,"s":[-1.411],"i":{"x":[0.833],"y":[0.833]},"o":{"x":[0.167],"y":[0.167]},"e":[0]},{"t":71.4,"s":[0],"i":{"x":[0.833],"y":[0.833]},"o":{"x":[0.167],"y":[0.167]},"e":[-3.085]},{"t":105,"s":[-3.085],"i":{"x":[0.833],"y":[0.833]},"o":{"x":[0.167],"y":[0.167]},"e":[0.833]},{"t":112.6,"s":[0.833],"i":{"x":[0.833],"y":[0.833]},"o":{"x":[0.167],"y":[0.167]},"e":[0]},{"t":155,"s":[0]}]},"o":{"a":0,"k":100},"sk":{"a":0,"k":0},"sa":{"a":0,"k":0}}],"nm":"car-body","ln":"car-body","hd":false}],"ln":"car"}],"markers":[]}