{"v":"5.1.20","fr":60,"ip":0,"op":544,"w":170,"h":170,"nm":"render","ddd":0,"assets":[{"id":"comp_0","layers":[{"ddd":0,"ind":1,"ty":4,"nm":"dust 11","sr":1,"ks":{"o":{"a":0,"k":100,"ix":11},"r":{"a":0,"k":0,"ix":10},"p":{"a":1,"k":[{"i":{"x":0.833,"y":0.833},"o":{"x":0.167,"y":0.167},"n":"0p833_0p833_0p167_0p167","t":121,"s":[167,3.167,0],"e":[3,69.667,0],"to":[-27.3333339691162,11.0833330154419,0],"ti":[27.3333339691162,-11.0833330154419,0]},{"t":151}],"ix":2},"a":{"a":0,"k":[0,0,0],"ix":1},"s":{"a":0,"k":[100,100,100],"ix":6}},"ao":0,"shapes":[{"ty":"gr","it":[{"d":1,"ty":"el","s":{"a":1,"k":[{"i":{"x":[0.667,0.667],"y":[1,1]},"o":{"x":[0.167,0.167],"y":[0.167,0.167]},"n":["0p667_1_0p167_0p167","0p667_1_0p167_0p167"],"t":121,"s":[0,0],"e":[5,5]},{"i":{"x":[0.833,0.833],"y":[0.833,0.833]},"o":{"x":[0.333,0.333],"y":[0,0]},"n":["0p833_0p833_0p333_0","0p833_0p833_0p333_0"],"t":136,"s":[5,5],"e":[0,0]},{"t":151}],"ix":2},"p":{"a":0,"k":[0,0],"ix":3},"nm":"Ellipse Path 1","mn":"ADBE Vector Shape - Ellipse","hd":false},{"ty":"fl","c":{"a":0,"k":[0.886274516582,0.886274516582,0.886274516582,1],"ix":4},"o":{"a":0,"k":100,"ix":5},"r":1,"nm":"Fill 1","mn":"ADBE Vector Graphic - Fill","hd":false},{"ty":"tr","p":{"a":0,"k":[0,0],"ix":2},"a":{"a":0,"k":[0,0],"ix":1},"s":{"a":0,"k":[100,100],"ix":3},"r":{"a":0,"k":0,"ix":6},"o":{"a":0,"k":100,"ix":7},"sk":{"a":0,"k":0,"ix":4},"sa":{"a":0,"k":0,"ix":5},"nm":"Transform"}],"nm":"Ellipse 1","np":2,"cix":2,"ix":1,"mn":"ADBE Vector Group","hd":false}],"ip":121,"op":136,"st":91,"bm":0},{"ddd":0,"ind":2,"ty":4,"nm":"dust","sr":1,"ks":{"o":{"a":0,"k":100,"ix":11},"r":{"a":0,"k":0,"ix":10},"p":{"a":1,"k":[{"i":{"x":0.833,"y":0.833},"o":{"x":0.167,"y":0.167},"n":"0p833_0p833_0p167_0p167","t":-15,"s":[167,3.167,0],"e":[3,69.667,0],"to":[-27.3333339691162,11.0833330154419,0],"ti":[27.3333339691162,-11.0833330154419,0]},{"t":15}],"ix":2},"a":{"a":0,"k":[0,0,0],"ix":1},"s":{"a":0,"k":[100,100,100],"ix":6}},"ao":0,"shapes":[{"ty":"gr","it":[{"d":1,"ty":"el","s":{"a":1,"k":[{"i":{"x":[0.667,0.667],"y":[1,1]},"o":{"x":[0.167,0.167],"y":[0.167,0.167]},"n":["0p667_1_0p167_0p167","0p667_1_0p167_0p167"],"t":-15,"s":[0,0],"e":[5,5]},{"i":{"x":[0.833,0.833],"y":[0.833,0.833]},"o":{"x":[0.333,0.333],"y":[0,0]},"n":["0p833_0p833_0p333_0","0p833_0p833_0p333_0"],"t":0,"s":[5,5],"e":[0,0]},{"t":15}],"ix":2},"p":{"a":0,"k":[0,0],"ix":3},"nm":"Ellipse Path 1","mn":"ADBE Vector Shape - Ellipse","hd":false},{"ty":"fl","c":{"a":0,"k":[0.886274516582,0.886274516582,0.886274516582,1],"ix":4},"o":{"a":0,"k":100,"ix":5},"r":1,"nm":"Fill 1","mn":"ADBE Vector Graphic - Fill","hd":false},{"ty":"tr","p":{"a":0,"k":[0,0],"ix":2},"a":{"a":0,"k":[0,0],"ix":1},"s":{"a":0,"k":[100,100],"ix":3},"r":{"a":0,"k":0,"ix":6},"o":{"a":0,"k":100,"ix":7},"sk":{"a":0,"k":0,"ix":4},"sa":{"a":0,"k":0,"ix":5},"nm":"Transform"}],"nm":"Ellipse 1","np":2,"cix":2,"ix":1,"mn":"ADBE Vector Group","hd":false}],"ip":0,"op":16,"st":-45,"bm":0},{"ddd":0,"ind":3,"ty":4,"nm":"dust 2","sr":1,"ks":{"o":{"a":0,"k":100,"ix":11},"r":{"a":0,"k":0,"ix":10},"p":{"a":1,"k":[{"i":{"x":0.833,"y":0.833},"o":{"x":0.167,"y":0.167},"n":"0p833_0p833_0p167_0p167","t":0,"s":[167,57.833,0],"e":[3,124.333,0],"to":[-27.3333339691162,11.0833330154419,0],"ti":[27.3333339691162,-11.0833330154419,0]},{"t":30}],"ix":2},"a":{"a":0,"k":[0,0,0],"ix":1},"s":{"a":0,"k":[100,100,100],"ix":6}},"ao":0,"shapes":[{"ty":"gr","it":[{"d":1,"ty":"el","s":{"a":1,"k":[{"i":{"x":[0.667,0.667],"y":[1,1]},"o":{"x":[0.167,0.167],"y":[0.167,0.167]},"n":["0p667_1_0p167_0p167","0p667_1_0p167_0p167"],"t":0,"s":[0,0],"e":[5,5]},{"i":{"x":[0.833,0.833],"y":[0.833,0.833]},"o":{"x":[0.333,0.333],"y":[0,0]},"n":["0p833_0p833_0p333_0","0p833_0p833_0p333_0"],"t":15,"s":[5,5],"e":[0,0]},{"t":30}],"ix":2},"p":{"a":0,"k":[0,0],"ix":3},"nm":"Ellipse Path 1","mn":"ADBE Vector Shape - Ellipse","hd":false},{"ty":"fl","c":{"a":0,"k":[0.886274516582,0.886274516582,0.886274516582,1],"ix":4},"o":{"a":0,"k":100,"ix":5},"r":1,"nm":"Fill 1","mn":"ADBE Vector Graphic - Fill","hd":false},{"ty":"tr","p":{"a":0,"k":[0,0],"ix":2},"a":{"a":0,"k":[0,0],"ix":1},"s":{"a":0,"k":[100,100],"ix":3},"r":{"a":0,"k":0,"ix":6},"o":{"a":0,"k":100,"ix":7},"sk":{"a":0,"k":0,"ix":4},"sa":{"a":0,"k":0,"ix":5},"nm":"Transform"}],"nm":"Ellipse 1","np":2,"cix":2,"ix":1,"mn":"ADBE Vector Group","hd":false}],"ip":0,"op":31,"st":-30,"bm":0},{"ddd":0,"ind":4,"ty":4,"nm":"dust 3","sr":1,"ks":{"o":{"a":0,"k":100,"ix":11},"r":{"a":0,"k":0,"ix":10},"p":{"a":1,"k":[{"i":{"x":0.833,"y":0.833},"o":{"x":0.167,"y":0.167},"n":"0p833_0p833_0p167_0p167","t":15,"s":[167,99.167,0],"e":[3,165.667,0],"to":[-27.3333339691162,11.0833330154419,0],"ti":[27.3333339691162,-11.0833330154419,0]},{"t":45}],"ix":2},"a":{"a":0,"k":[0,0,0],"ix":1},"s":{"a":0,"k":[100,100,100],"ix":6}},"ao":0,"shapes":[{"ty":"gr","it":[{"d":1,"ty":"el","s":{"a":1,"k":[{"i":{"x":[0.667,0.667],"y":[1,1]},"o":{"x":[0.167,0.167],"y":[0.167,0.167]},"n":["0p667_1_0p167_0p167","0p667_1_0p167_0p167"],"t":15,"s":[0,0],"e":[5,5]},{"i":{"x":[0.833,0.833],"y":[0.833,0.833]},"o":{"x":[0.333,0.333],"y":[0,0]},"n":["0p833_0p833_0p333_0","0p833_0p833_0p333_0"],"t":30,"s":[5,5],"e":[0,0]},{"t":45}],"ix":2},"p":{"a":0,"k":[0,0],"ix":3},"nm":"Ellipse Path 1","mn":"ADBE Vector Shape - Ellipse","hd":false},{"ty":"fl","c":{"a":0,"k":[0.886274516582,0.886274516582,0.886274516582,1],"ix":4},"o":{"a":0,"k":100,"ix":5},"r":1,"nm":"Fill 1","mn":"ADBE Vector Graphic - Fill","hd":false},{"ty":"tr","p":{"a":0,"k":[0,0],"ix":2},"a":{"a":0,"k":[0,0],"ix":1},"s":{"a":0,"k":[100,100],"ix":3},"r":{"a":0,"k":0,"ix":6},"o":{"a":0,"k":100,"ix":7},"sk":{"a":0,"k":0,"ix":4},"sa":{"a":0,"k":0,"ix":5},"nm":"Transform"}],"nm":"Ellipse 1","np":2,"cix":2,"ix":1,"mn":"ADBE Vector Group","hd":false}],"ip":15,"op":46,"st":-15,"bm":0},{"ddd":0,"ind":5,"ty":4,"nm":"dust 4","sr":1,"ks":{"o":{"a":0,"k":100,"ix":11},"r":{"a":0,"k":0,"ix":10},"p":{"a":1,"k":[{"i":{"x":0.833,"y":0.833},"o":{"x":0.167,"y":0.167},"n":"0p833_0p833_0p167_0p167","t":30,"s":[167,36.5,0],"e":[3,103,0],"to":[-27.3333339691162,11.0833330154419,0],"ti":[27.3333339691162,-11.0833330154419,0]},{"t":60}],"ix":2},"a":{"a":0,"k":[0,0,0],"ix":1},"s":{"a":0,"k":[100,100,100],"ix":6}},"ao":0,"shapes":[{"ty":"gr","it":[{"d":1,"ty":"el","s":{"a":1,"k":[{"i":{"x":[0.667,0.667],"y":[1,1]},"o":{"x":[0.167,0.167],"y":[0.167,0.167]},"n":["0p667_1_0p167_0p167","0p667_1_0p167_0p167"],"t":30,"s":[0,0],"e":[5,5]},{"i":{"x":[0.833,0.833],"y":[0.833,0.833]},"o":{"x":[0.333,0.333],"y":[0,0]},"n":["0p833_0p833_0p333_0","0p833_0p833_0p333_0"],"t":45,"s":[5,5],"e":[0,0]},{"t":60}],"ix":2},"p":{"a":0,"k":[0,0],"ix":3},"nm":"Ellipse Path 1","mn":"ADBE Vector Shape - Ellipse","hd":false},{"ty":"fl","c":{"a":0,"k":[0.886274516582,0.886274516582,0.886274516582,1],"ix":4},"o":{"a":0,"k":100,"ix":5},"r":1,"nm":"Fill 1","mn":"ADBE Vector Graphic - Fill","hd":false},{"ty":"tr","p":{"a":0,"k":[0,0],"ix":2},"a":{"a":0,"k":[0,0],"ix":1},"s":{"a":0,"k":[100,100],"ix":3},"r":{"a":0,"k":0,"ix":6},"o":{"a":0,"k":100,"ix":7},"sk":{"a":0,"k":0,"ix":4},"sa":{"a":0,"k":0,"ix":5},"nm":"Transform"}],"nm":"Ellipse 1","np":2,"cix":2,"ix":1,"mn":"ADBE Vector Group","hd":false}],"ip":30,"op":61,"st":0,"bm":0},{"ddd":0,"ind":6,"ty":4,"nm":"dust 5","sr":1,"ks":{"o":{"a":0,"k":100,"ix":11},"r":{"a":0,"k":0,"ix":10},"p":{"a":1,"k":[{"i":{"x":0.833,"y":0.833},"o":{"x":0.167,"y":0.167},"n":"0p833_0p833_0p167_0p167","t":45,"s":[167,83.167,0],"e":[3,149.667,0],"to":[-27.3333339691162,11.0833330154419,0],"ti":[27.3333339691162,-11.0833330154419,0]},{"t":75}],"ix":2},"a":{"a":0,"k":[0,0,0],"ix":1},"s":{"a":0,"k":[100,100,100],"ix":6}},"ao":0,"shapes":[{"ty":"gr","it":[{"d":1,"ty":"el","s":{"a":1,"k":[{"i":{"x":[0.667,0.667],"y":[1,1]},"o":{"x":[0.167,0.167],"y":[0.167,0.167]},"n":["0p667_1_0p167_0p167","0p667_1_0p167_0p167"],"t":45,"s":[0,0],"e":[5,5]},{"i":{"x":[0.833,0.833],"y":[0.833,0.833]},"o":{"x":[0.333,0.333],"y":[0,0]},"n":["0p833_0p833_0p333_0","0p833_0p833_0p333_0"],"t":60,"s":[5,5],"e":[0,0]},{"t":75}],"ix":2},"p":{"a":0,"k":[0,0],"ix":3},"nm":"Ellipse Path 1","mn":"ADBE Vector Shape - Ellipse","hd":false},{"ty":"fl","c":{"a":0,"k":[0.886274516582,0.886274516582,0.886274516582,1],"ix":4},"o":{"a":0,"k":100,"ix":5},"r":1,"nm":"Fill 1","mn":"ADBE Vector Graphic - Fill","hd":false},{"ty":"tr","p":{"a":0,"k":[0,0],"ix":2},"a":{"a":0,"k":[0,0],"ix":1},"s":{"a":0,"k":[100,100],"ix":3},"r":{"a":0,"k":0,"ix":6},"o":{"a":0,"k":100,"ix":7},"sk":{"a":0,"k":0,"ix":4},"sa":{"a":0,"k":0,"ix":5},"nm":"Transform"}],"nm":"Ellipse 1","np":2,"cix":2,"ix":1,"mn":"ADBE Vector Group","hd":false}],"ip":45,"op":76,"st":15,"bm":0},{"ddd":0,"ind":7,"ty":4,"nm":"dust 10","sr":1,"ks":{"o":{"a":0,"k":100,"ix":11},"r":{"a":0,"k":0,"ix":10},"p":{"a":1,"k":[{"i":{"x":0.833,"y":0.833},"o":{"x":0.167,"y":0.167},"n":"0p833_0p833_0p167_0p167","t":60,"s":[167,3.167,0],"e":[3,69.667,0],"to":[-27.3333339691162,11.0833330154419,0],"ti":[27.3333339691162,-11.0833330154419,0]},{"t":90}],"ix":2},"a":{"a":0,"k":[0,0,0],"ix":1},"s":{"a":0,"k":[100,100,100],"ix":6}},"ao":0,"shapes":[{"ty":"gr","it":[{"d":1,"ty":"el","s":{"a":1,"k":[{"i":{"x":[0.667,0.667],"y":[1,1]},"o":{"x":[0.167,0.167],"y":[0.167,0.167]},"n":["0p667_1_0p167_0p167","0p667_1_0p167_0p167"],"t":60,"s":[0,0],"e":[5,5]},{"i":{"x":[0.833,0.833],"y":[0.833,0.833]},"o":{"x":[0.333,0.333],"y":[0,0]},"n":["0p833_0p833_0p333_0","0p833_0p833_0p333_0"],"t":75,"s":[5,5],"e":[0,0]},{"t":90}],"ix":2},"p":{"a":0,"k":[0,0],"ix":3},"nm":"Ellipse Path 1","mn":"ADBE Vector Shape - Ellipse","hd":false},{"ty":"fl","c":{"a":0,"k":[0.886274516582,0.886274516582,0.886274516582,1],"ix":4},"o":{"a":0,"k":100,"ix":5},"r":1,"nm":"Fill 1","mn":"ADBE Vector Graphic - Fill","hd":false},{"ty":"tr","p":{"a":0,"k":[0,0],"ix":2},"a":{"a":0,"k":[0,0],"ix":1},"s":{"a":0,"k":[100,100],"ix":3},"r":{"a":0,"k":0,"ix":6},"o":{"a":0,"k":100,"ix":7},"sk":{"a":0,"k":0,"ix":4},"sa":{"a":0,"k":0,"ix":5},"nm":"Transform"}],"nm":"Ellipse 1","np":2,"cix":2,"ix":1,"mn":"ADBE Vector Group","hd":false}],"ip":60,"op":91,"st":30,"bm":0},{"ddd":0,"ind":8,"ty":4,"nm":"dust 9","sr":1,"ks":{"o":{"a":0,"k":100,"ix":11},"r":{"a":0,"k":0,"ix":10},"p":{"a":1,"k":[{"i":{"x":0.833,"y":0.833},"o":{"x":0.167,"y":0.167},"n":"0p833_0p833_0p167_0p167","t":75,"s":[167,57.833,0],"e":[3,124.333,0],"to":[-27.3333339691162,11.0833330154419,0],"ti":[27.3333339691162,-11.0833330154419,0]},{"t":105}],"ix":2},"a":{"a":0,"k":[0,0,0],"ix":1},"s":{"a":0,"k":[100,100,100],"ix":6}},"ao":0,"shapes":[{"ty":"gr","it":[{"d":1,"ty":"el","s":{"a":1,"k":[{"i":{"x":[0.667,0.667],"y":[1,1]},"o":{"x":[0.167,0.167],"y":[0.167,0.167]},"n":["0p667_1_0p167_0p167","0p667_1_0p167_0p167"],"t":75,"s":[0,0],"e":[5,5]},{"i":{"x":[0.833,0.833],"y":[0.833,0.833]},"o":{"x":[0.333,0.333],"y":[0,0]},"n":["0p833_0p833_0p333_0","0p833_0p833_0p333_0"],"t":90,"s":[5,5],"e":[0,0]},{"t":105}],"ix":2},"p":{"a":0,"k":[0,0],"ix":3},"nm":"Ellipse Path 1","mn":"ADBE Vector Shape - Ellipse","hd":false},{"ty":"fl","c":{"a":0,"k":[0.886274516582,0.886274516582,0.886274516582,1],"ix":4},"o":{"a":0,"k":100,"ix":5},"r":1,"nm":"Fill 1","mn":"ADBE Vector Graphic - Fill","hd":false},{"ty":"tr","p":{"a":0,"k":[0,0],"ix":2},"a":{"a":0,"k":[0,0],"ix":1},"s":{"a":0,"k":[100,100],"ix":3},"r":{"a":0,"k":0,"ix":6},"o":{"a":0,"k":100,"ix":7},"sk":{"a":0,"k":0,"ix":4},"sa":{"a":0,"k":0,"ix":5},"nm":"Transform"}],"nm":"Ellipse 1","np":2,"cix":2,"ix":1,"mn":"ADBE Vector Group","hd":false}],"ip":75,"op":106,"st":45,"bm":0},{"ddd":0,"ind":9,"ty":4,"nm":"dust 8","sr":1,"ks":{"o":{"a":0,"k":100,"ix":11},"r":{"a":0,"k":0,"ix":10},"p":{"a":1,"k":[{"i":{"x":0.833,"y":0.833},"o":{"x":0.167,"y":0.167},"n":"0p833_0p833_0p167_0p167","t":90,"s":[167,99.167,0],"e":[3,165.667,0],"to":[-27.3333339691162,11.0833330154419,0],"ti":[27.3333339691162,-11.0833330154419,0]},{"t":120}],"ix":2},"a":{"a":0,"k":[0,0,0],"ix":1},"s":{"a":0,"k":[100,100,100],"ix":6}},"ao":0,"shapes":[{"ty":"gr","it":[{"d":1,"ty":"el","s":{"a":1,"k":[{"i":{"x":[0.667,0.667],"y":[1,1]},"o":{"x":[0.167,0.167],"y":[0.167,0.167]},"n":["0p667_1_0p167_0p167","0p667_1_0p167_0p167"],"t":90,"s":[0,0],"e":[5,5]},{"i":{"x":[0.833,0.833],"y":[0.833,0.833]},"o":{"x":[0.333,0.333],"y":[0,0]},"n":["0p833_0p833_0p333_0","0p833_0p833_0p333_0"],"t":105,"s":[5,5],"e":[0,0]},{"t":120}],"ix":2},"p":{"a":0,"k":[0,0],"ix":3},"nm":"Ellipse Path 1","mn":"ADBE Vector Shape - Ellipse","hd":false},{"ty":"fl","c":{"a":0,"k":[0.886274516582,0.886274516582,0.886274516582,1],"ix":4},"o":{"a":0,"k":100,"ix":5},"r":1,"nm":"Fill 1","mn":"ADBE Vector Graphic - Fill","hd":false},{"ty":"tr","p":{"a":0,"k":[0,0],"ix":2},"a":{"a":0,"k":[0,0],"ix":1},"s":{"a":0,"k":[100,100],"ix":3},"r":{"a":0,"k":0,"ix":6},"o":{"a":0,"k":100,"ix":7},"sk":{"a":0,"k":0,"ix":4},"sa":{"a":0,"k":0,"ix":5},"nm":"Transform"}],"nm":"Ellipse 1","np":2,"cix":2,"ix":1,"mn":"ADBE Vector Group","hd":false}],"ip":90,"op":121,"st":60,"bm":0},{"ddd":0,"ind":10,"ty":4,"nm":"dust 7","sr":1,"ks":{"o":{"a":0,"k":100,"ix":11},"r":{"a":0,"k":0,"ix":10},"p":{"a":1,"k":[{"i":{"x":0.833,"y":0.833},"o":{"x":0.167,"y":0.167},"n":"0p833_0p833_0p167_0p167","t":105,"s":[167,36.5,0],"e":[3,103,0],"to":[-27.3333339691162,11.0833330154419,0],"ti":[27.3333339691162,-11.0833330154419,0]},{"t":135}],"ix":2},"a":{"a":0,"k":[0,0,0],"ix":1},"s":{"a":0,"k":[100,100,100],"ix":6}},"ao":0,"shapes":[{"ty":"gr","it":[{"d":1,"ty":"el","s":{"a":1,"k":[{"i":{"x":[0.667,0.667],"y":[1,1]},"o":{"x":[0.167,0.167],"y":[0.167,0.167]},"n":["0p667_1_0p167_0p167","0p667_1_0p167_0p167"],"t":105,"s":[0,0],"e":[5,5]},{"i":{"x":[0.833,0.833],"y":[0.833,0.833]},"o":{"x":[0.333,0.333],"y":[0,0]},"n":["0p833_0p833_0p333_0","0p833_0p833_0p333_0"],"t":120,"s":[5,5],"e":[0,0]},{"t":135}],"ix":2},"p":{"a":0,"k":[0,0],"ix":3},"nm":"Ellipse Path 1","mn":"ADBE Vector Shape - Ellipse","hd":false},{"ty":"fl","c":{"a":0,"k":[0.886274516582,0.886274516582,0.886274516582,1],"ix":4},"o":{"a":0,"k":100,"ix":5},"r":1,"nm":"Fill 1","mn":"ADBE Vector Graphic - Fill","hd":false},{"ty":"tr","p":{"a":0,"k":[0,0],"ix":2},"a":{"a":0,"k":[0,0],"ix":1},"s":{"a":0,"k":[100,100],"ix":3},"r":{"a":0,"k":0,"ix":6},"o":{"a":0,"k":100,"ix":7},"sk":{"a":0,"k":0,"ix":4},"sa":{"a":0,"k":0,"ix":5},"nm":"Transform"}],"nm":"Ellipse 1","np":2,"cix":2,"ix":1,"mn":"ADBE Vector Group","hd":false}],"ip":105,"op":136,"st":75,"bm":0},{"ddd":0,"ind":11,"ty":4,"nm":"dust 12","sr":1,"ks":{"o":{"a":0,"k":100,"ix":11},"r":{"a":0,"k":0,"ix":10},"p":{"a":1,"k":[{"i":{"x":0.833,"y":0.833},"o":{"x":0.167,"y":0.167},"n":"0p833_0p833_0p167_0p167","t":120,"s":[167,83.167,0],"e":[3,149.667,0],"to":[-27.3333339691162,11.0833330154419,0],"ti":[27.3333339691162,-11.0833330154419,0]},{"t":150}],"ix":2},"a":{"a":0,"k":[0,0,0],"ix":1},"s":{"a":0,"k":[100,100,100],"ix":6}},"ao":0,"shapes":[{"ty":"gr","it":[{"d":1,"ty":"el","s":{"a":1,"k":[{"i":{"x":[0.667,0.667],"y":[1,1]},"o":{"x":[0.167,0.167],"y":[0.167,0.167]},"n":["0p667_1_0p167_0p167","0p667_1_0p167_0p167"],"t":120,"s":[0,0],"e":[5,5]},{"i":{"x":[0.833,0.833],"y":[0.833,0.833]},"o":{"x":[0.333,0.333],"y":[0,0]},"n":["0p833_0p833_0p333_0","0p833_0p833_0p333_0"],"t":135,"s":[5,5],"e":[0,0]},{"t":150}],"ix":2},"p":{"a":0,"k":[0,0],"ix":3},"nm":"Ellipse Path 1","mn":"ADBE Vector Shape - Ellipse","hd":false},{"ty":"fl","c":{"a":0,"k":[0.886274516582,0.886274516582,0.886274516582,1],"ix":4},"o":{"a":0,"k":100,"ix":5},"r":1,"nm":"Fill 1","mn":"ADBE Vector Graphic - Fill","hd":false},{"ty":"tr","p":{"a":0,"k":[0,0],"ix":2},"a":{"a":0,"k":[0,0],"ix":1},"s":{"a":0,"k":[100,100],"ix":3},"r":{"a":0,"k":0,"ix":6},"o":{"a":0,"k":100,"ix":7},"sk":{"a":0,"k":0,"ix":4},"sa":{"a":0,"k":0,"ix":5},"nm":"Transform"}],"nm":"Ellipse 1","np":2,"cix":2,"ix":1,"mn":"ADBE Vector Group","hd":false}],"ip":120,"op":136,"st":90,"bm":0},{"ddd":0,"ind":12,"ty":4,"nm":"dust 6","sr":1,"ks":{"o":{"a":0,"k":100,"ix":11},"r":{"a":0,"k":0,"ix":10},"p":{"a":1,"k":[{"i":{"x":0.833,"y":0.833},"o":{"x":0.167,"y":0.167},"n":"0p833_0p833_0p167_0p167","t":-16,"s":[167,83.167,0],"e":[3,149.667,0],"to":[-27.3333339691162,11.0833330154419,0],"ti":[27.3333339691162,-11.0833330154419,0]},{"t":14}],"ix":2},"a":{"a":0,"k":[0,0,0],"ix":1},"s":{"a":0,"k":[100,100,100],"ix":6}},"ao":0,"shapes":[{"ty":"gr","it":[{"d":1,"ty":"el","s":{"a":1,"k":[{"i":{"x":[0.667,0.667],"y":[1,1]},"o":{"x":[0.167,0.167],"y":[0.167,0.167]},"n":["0p667_1_0p167_0p167","0p667_1_0p167_0p167"],"t":-16,"s":[0,0],"e":[5,5]},{"i":{"x":[0.833,0.833],"y":[0.833,0.833]},"o":{"x":[0.333,0.333],"y":[0,0]},"n":["0p833_0p833_0p333_0","0p833_0p833_0p333_0"],"t":-1,"s":[5,5],"e":[0,0]},{"t":14}],"ix":2},"p":{"a":0,"k":[0,0],"ix":3},"nm":"Ellipse Path 1","mn":"ADBE Vector Shape - Ellipse","hd":false},{"ty":"fl","c":{"a":0,"k":[0.886274516582,0.886274516582,0.886274516582,1],"ix":4},"o":{"a":0,"k":100,"ix":5},"r":1,"nm":"Fill 1","mn":"ADBE Vector Graphic - Fill","hd":false},{"ty":"tr","p":{"a":0,"k":[0,0],"ix":2},"a":{"a":0,"k":[0,0],"ix":1},"s":{"a":0,"k":[100,100],"ix":3},"r":{"a":0,"k":0,"ix":6},"o":{"a":0,"k":100,"ix":7},"sk":{"a":0,"k":0,"ix":4},"sa":{"a":0,"k":0,"ix":5},"nm":"Transform"}],"nm":"Ellipse 1","np":2,"cix":2,"ix":1,"mn":"ADBE Vector Group","hd":false}],"ip":0,"op":15,"st":-46,"bm":0}]},{"id":"comp_1","layers":[{"ddd":0,"ind":1,"ty":4,"nm":"cody-hat Outlines","parent":6,"sr":1,"ks":{"o":{"a":0,"k":100,"ix":11},"r":{"a":1,"k":[{"i":{"x":[0.833],"y":[1]},"o":{"x":[0.333],"y":[0]},"n":["0p833_1_0p333_0"],"t":0,"s":[0],"e":[-3]},{"i":{"x":[0.833],"y":[1]},"o":{"x":[0.167],"y":[0]},"n":["0p833_1_0p167_0"],"t":65,"s":[-3],"e":[2]},{"i":{"x":[0.833],"y":[1]},"o":{"x":[0.167],"y":[0]},"n":["0p833_1_0p167_0"],"t":204,"s":[2],"e":[-3]},{"i":{"x":[0.833],"y":[1]},"o":{"x":[0.167],"y":[0]},"n":["0p833_1_0p167_0"],"t":336,"s":[-3],"e":[2]},{"i":{"x":[0.667],"y":[1]},"o":{"x":[0.167],"y":[0]},"n":["0p667_1_0p167_0"],"t":476,"s":[2],"e":[0]},{"t":543}],"ix":10},"p":{"a":0,"k":[22.537,3.931,0],"ix":2},"a":{"a":0,"k":[12.537,9.431,0],"ix":1},"s":{"a":0,"k":[100,100,100],"ix":6}},"ao":0,"shapes":[{"ty":"gr","it":[{"ind":0,"ty":"sh","ix":1,"ks":{"a":0,"k":{"i":[[-0.258,0.053],[0.078,0.376],[0.258,-0.054],[-0.078,-0.376]],"o":[[0.258,-0.054],[-0.077,-0.375],[-0.258,0.053],[0.078,0.375]],"v":[[0.141,0.68],[0.467,-0.096],[-0.141,-0.68],[-0.467,0.098]],"c":true},"ix":2},"nm":"Path 1","mn":"ADBE Vector Shape - Group","hd":false},{"ind":1,"ty":"sh","ix":2,"ks":{"a":0,"k":{"i":[[0,0],[0.071,-1.072],[0.147,-0.563],[0.025,-0.058],[-0.119,0.218],[0.149,0.286]],"o":[[0,0],[-0.061,0.906],[-0.028,0.103],[-0.168,0.376],[0.119,-0.217],[-0.403,-0.78]],"v":[[-0.582,-3.773],[1.089,-0.439],[0.727,2.184],[0.647,2.429],[1.598,2.063],[1.818,-1.218]],"c":true},"ix":2},"nm":"Path 2","mn":"ADBE Vector Shape - Group","hd":false},{"ty":"fl","c":{"a":0,"k":[0.458999992819,0.337000020345,0.234999997008,1],"ix":4},"o":{"a":0,"k":100,"ix":5},"r":1,"nm":"Fill 1","mn":"ADBE Vector Graphic - Fill","hd":false},{"ty":"tr","p":{"a":0,"k":[6.458,18.864],"ix":2},"a":{"a":0,"k":[0,0],"ix":1},"s":{"a":0,"k":[100,100],"ix":3},"r":{"a":0,"k":0,"ix":6},"o":{"a":0,"k":100,"ix":7},"sk":{"a":0,"k":0,"ix":4},"sa":{"a":0,"k":0,"ix":5},"nm":"Transform"}],"nm":"flap detail","np":3,"cix":2,"ix":1,"mn":"ADBE Vector Group","hd":false},{"ty":"gr","it":[{"ind":0,"ty":"sh","ix":1,"ks":{"a":0,"k":{"i":[[0,0],[0,0],[0,0],[0,0]],"o":[[0,0],[0,0],[0,0],[0,0]],"v":[[-0.46,-0.358],[0.46,0.615],[0.393,-0.046],[-0.074,-0.615]],"c":true},"ix":2},"nm":"Path 1","mn":"ADBE Vector Shape - Group","hd":false},{"ind":1,"ty":"sh","ix":2,"ks":{"a":0,"k":{"i":[[0,0],[-0.791,-3.641],[0,0],[-2.457,2.737]],"o":[[0,0],[0,0],[0,0],[0,0]],"v":[[-0.991,-0.279],[-3.383,7.173],[-1.832,8.599],[0.549,1.375]],"c":true},"ix":2},"nm":"Path 2","mn":"ADBE Vector Shape - Group","hd":false},{"ind":2,"ty":"sh","ix":3,"ks":{"a":0,"k":{"i":[[0,0],[-0.625,-0.696],[-1.297,0.278]],"o":[[0,0],[0.625,0.695],[0,0]],"v":[[6.885,-10.23],[5.892,-9.518],[10.738,-8.297]],"c":true},"ix":2},"nm":"Path 3","mn":"ADBE Vector Shape - Group","hd":false},{"ind":3,"ty":"sh","ix":4,"ks":{"a":0,"k":{"i":[[-0.458,0.675],[-1.261,-0.155],[0.465,-0.74],[0.721,-0.355],[-0.472,1.539]],"o":[[0.543,-0.801],[1.26,0.156],[-0.464,0.739],[-0.722,0.355],[0.297,-0.966]],"v":[[1.727,-6.46],[4.161,-7.856],[5.919,-5.428],[3.057,-1.88],[0.727,-4.494]],"c":true},"ix":2},"nm":"Path 4","mn":"ADBE Vector Shape - Group","hd":false},{"ty":"fl","c":{"a":0,"k":[0.286000001197,0.233999992819,0.206999999402,1],"ix":4},"o":{"a":0,"k":100,"ix":5},"r":1,"nm":"Fill 1","mn":"ADBE Vector Graphic - Fill","hd":false},{"ty":"tr","p":{"a":0,"k":[6.884,10.826],"ix":2},"a":{"a":0,"k":[0,0],"ix":1},"s":{"a":0,"k":[100,100],"ix":3},"r":{"a":0,"k":0,"ix":6},"o":{"a":0,"k":100,"ix":7},"sk":{"a":0,"k":0,"ix":4},"sa":{"a":0,"k":0,"ix":5},"nm":"Transform"}],"nm":"strap detail 1","np":5,"cix":2,"ix":2,"mn":"ADBE Vector Group","hd":false},{"ty":"gr","it":[{"ind":0,"ty":"sh","ix":1,"ks":{"a":0,"k":{"i":[[0,0],[0,0],[-0.303,0.428],[0,0],[0,0],[0,0],[0,0],[-0.085,-0.466],[0,0]],"o":[[0,0],[0,0],[0.303,-0.429],[0,0],[0,0],[0,0],[0,0],[0.086,0.466],[0,0]],"v":[[-1.404,-0.027],[-1.124,-0.557],[-0.066,-1.008],[0.541,-1.865],[1.404,-1.324],[0.69,-0.38],[0.96,-0.124],[0.671,0.829],[0.571,1.865]],"c":true},"ix":2},"nm":"Path 1","mn":"ADBE Vector Shape - Group","hd":false},{"ty":"fl","c":{"a":0,"k":[0.87599995931,0.839999988032,0.783999992819,1],"ix":4},"o":{"a":0,"k":100,"ix":5},"r":1,"nm":"Fill 1","mn":"ADBE Vector Graphic - Fill","hd":false},{"ty":"tr","p":{"a":0,"k":[6.99,10.708],"ix":2},"a":{"a":0,"k":[0,0],"ix":1},"s":{"a":0,"k":[100,100],"ix":3},"r":{"a":0,"k":0,"ix":6},"o":{"a":0,"k":100,"ix":7},"sk":{"a":0,"k":0,"ix":4},"sa":{"a":0,"k":0,"ix":5},"nm":"Transform"}],"nm":"strap detail 2","np":2,"cix":2,"ix":3,"mn":"ADBE Vector Group","hd":false},{"ty":"gr","it":[{"ind":0,"ty":"sh","ix":1,"ks":{"a":0,"k":{"i":[[0,0],[-0.941,-0.419],[-2.15,-0.078],[-0.177,0.146],[0.606,0.157],[2.436,-3.196],[-0.391,-0.573],[-1.869,0.048],[-0.241,0.678],[1.145,0.667],[1.185,-0.081]],"o":[[0,0],[0.94,0.418],[2.151,0.078],[0.178,-0.147],[-0.607,-0.157],[-2.437,3.197],[0.392,0.571],[1.868,-0.047],[0.36,-1.011],[-1.092,-0.637],[0,0]],"v":[[-0.29,-4.324],[0.436,-3.37],[4.564,-2.119],[6.921,-2.151],[0.673,-5.473],[-4.49,-1.822],[-5.303,3.855],[-2.025,5.448],[2.173,0.624],[0.943,-2.536],[-1.669,-3.248]],"c":true},"ix":2},"nm":"Path 1","mn":"ADBE Vector Shape - Group","hd":false},{"ty":"fl","c":{"a":0,"k":[0.755999995213,0.704000016755,0.602999997606,1],"ix":4},"o":{"a":0,"k":100,"ix":5},"r":1,"nm":"Fill 1","mn":"ADBE Vector Graphic - Fill","hd":false},{"ty":"tr","p":{"a":0,"k":[12,5.496],"ix":2},"a":{"a":0,"k":[0,0],"ix":1},"s":{"a":0,"k":[100,100],"ix":3},"r":{"a":0,"k":0,"ix":6},"o":{"a":0,"k":100,"ix":7},"sk":{"a":0,"k":0,"ix":4},"sa":{"a":0,"k":0,"ix":5},"nm":"Transform"}],"nm":"goggles frame","np":2,"cix":2,"ix":4,"mn":"ADBE Vector Group","hd":false},{"ty":"gr","it":[{"ind":0,"ty":"sh","ix":1,"ks":{"a":0,"k":{"i":[[-2.03,1.373],[-1.657,-0.782],[-0.068,-0.302],[1.325,0.162],[0.393,-1.694],[1.296,0.126],[0.566,1.919]],"o":[[0.833,-0.563],[1.657,0.782],[0.069,0.3],[-1.325,-0.161],[-0.394,1.695],[-1.296,-0.126],[-0.565,-1.919]],"v":[[-2.246,-4.919],[1.37,-5.45],[7.139,-2.567],[5.145,-1.225],[2.573,2.024],[-2.142,5.785],[-6.578,2.639]],"c":true},"ix":2},"nm":"Path 1","mn":"ADBE Vector Shape - Group","hd":false},{"ty":"fl","c":{"a":0,"k":[0.6,0.514999988032,0.475,1],"ix":4},"o":{"a":0,"k":100,"ix":5},"r":1,"nm":"Fill 1","mn":"ADBE Vector Graphic - Fill","hd":false},{"ty":"tr","p":{"a":0,"k":[11.783,5.911],"ix":2},"a":{"a":0,"k":[0,0],"ix":1},"s":{"a":0,"k":[100,100],"ix":3},"r":{"a":0,"k":0,"ix":6},"o":{"a":0,"k":100,"ix":7},"sk":{"a":0,"k":0,"ix":4},"sa":{"a":0,"k":0,"ix":5},"nm":"Transform"}],"nm":"goggles depth","np":2,"cix":2,"ix":5,"mn":"ADBE Vector Group","hd":false},{"ty":"gr","it":[{"ind":0,"ty":"sh","ix":1,"ks":{"a":0,"k":{"i":[[0,0],[1.164,-3.898],[-0.39,-0.474],[-0.404,-7.282],[-0.303,-0.465],[-0.399,0.965],[0.495,3.885],[0,0],[0,0]],"o":[[0,0],[-1.164,3.898],[0.389,0.474],[0.174,3.111],[0.304,0.465],[0.189,-0.457],[-0.235,-1.849],[0,0],[0,0]],"v":[[0.68,-12.274],[-4.549,-9.164],[-2.974,-3.386],[1.458,6.716],[1.071,12.682],[3.421,11.384],[4.744,-2.505],[1.313,-6.675],[1.861,-11.418]],"c":true},"ix":2},"nm":"Path 1","mn":"ADBE Vector Shape - Group","hd":false},{"ty":"fl","c":{"a":0,"k":[0.760000011968,0.592999985639,0.41699999641,1],"ix":4},"o":{"a":0,"k":100,"ix":5},"r":1,"nm":"Fill 1","mn":"ADBE Vector Graphic - Fill","hd":false},{"ty":"tr","p":{"a":0,"k":[5.239,19.422],"ix":2},"a":{"a":0,"k":[0,0],"ix":1},"s":{"a":0,"k":[100,100],"ix":3},"r":{"a":0,"k":0,"ix":6},"o":{"a":0,"k":100,"ix":7},"sk":{"a":0,"k":0,"ix":4},"sa":{"a":0,"k":0,"ix":5},"nm":"Transform"}],"nm":"back flap","np":2,"cix":2,"ix":6,"mn":"ADBE Vector Group","hd":false},{"ty":"gr","it":[{"ind":0,"ty":"sh","ix":1,"ks":{"a":0,"k":{"i":[[0,0],[3.321,-3.209],[0,0],[-1.02,1.078],[-1.763,-0.695]],"o":[[0,0],[-3.32,3.209],[0,0],[1.059,-1.118],[1.764,0.695]],"v":[[4.397,-4.58],[-1.866,-2.05],[-4.276,5.259],[-3.205,0.96],[1.753,-0.259]],"c":true},"ix":2},"nm":"Path 1","mn":"ADBE Vector Shape - Group","hd":false},{"ty":"fl","c":{"a":0,"k":[0.760000011968,0.592999985639,0.41699999641,1],"ix":4},"o":{"a":0,"k":100,"ix":5},"r":1,"nm":"Fill 1","mn":"ADBE Vector Graphic - Fill","hd":false},{"ty":"tr","p":{"a":0,"k":[4.397,6.82],"ix":2},"a":{"a":0,"k":[0,0],"ix":1},"s":{"a":0,"k":[100,100],"ix":3},"r":{"a":0,"k":0,"ix":6},"o":{"a":0,"k":100,"ix":7},"sk":{"a":0,"k":0,"ix":4},"sa":{"a":0,"k":0,"ix":5},"nm":"Transform"}],"nm":"top of head","np":2,"cix":2,"ix":7,"mn":"ADBE Vector Group","hd":false},{"ty":"gr","it":[{"ind":0,"ty":"sh","ix":1,"ks":{"a":0,"k":{"i":[[0,0],[-1.055,-2.152],[1.076,-1.204],[-0.24,0.675],[0.306,1.338],[0,0],[1.416,1.14],[-4.267,6.162],[0,0]],"o":[[0,0],[1.056,2.151],[-1.077,1.203],[0.24,-0.674],[-0.305,-1.338],[0,0],[-1.415,-1.141],[2.688,-3.88],[0,0]],"v":[[1.354,-4.234],[4.693,-0.465],[3.685,14.676],[0.56,15.418],[0.867,5.703],[-1.307,1.611],[-3.959,-1.611],[-3.219,-11.917],[4.817,-15.19]],"c":true},"ix":2},"nm":"Path 1","mn":"ADBE Vector Shape - Group","hd":false},{"ty":"fl","c":{"a":0,"k":[0.458999992819,0.337000020345,0.234999997008,1],"ix":4},"o":{"a":0,"k":100,"ix":5},"r":1,"nm":"Fill 1","mn":"ADBE Vector Graphic - Fill","hd":false},{"ty":"tr","p":{"a":0,"k":[5.749,16.687],"ix":2},"a":{"a":0,"k":[0,0],"ix":1},"s":{"a":0,"k":[100,100],"ix":3},"r":{"a":0,"k":0,"ix":6},"o":{"a":0,"k":100,"ix":7},"sk":{"a":0,"k":0,"ix":4},"sa":{"a":0,"k":0,"ix":5},"nm":"Transform"}],"nm":"top depth","np":2,"cix":2,"ix":8,"mn":"ADBE Vector Group","hd":false},{"ty":"gr","it":[{"ind":0,"ty":"sh","ix":1,"ks":{"a":0,"k":{"i":[[0,0],[0.567,-0.333],[1.255,-0.794],[0.728,-0.758],[1.313,-0.047],[0,0],[0,0],[0,0],[0,0]],"o":[[0,0],[0,0],[-1.254,0.793],[-0.728,0.757],[-1.312,0.047],[0,0],[0,0],[0,0],[0,0]],"v":[[6.041,-3.831],[6.299,-1.74],[4.086,-1.665],[-1.4,3.643],[-5.331,6.4],[-5.195,2.316],[-5.695,-1.962],[-1.596,-6.447],[1.168,-6.18]],"c":true},"ix":2},"nm":"Path 1","mn":"ADBE Vector Shape - Group","hd":false},{"ty":"fl","c":{"a":0,"k":[0.29199999641,0.252000008377,0.233999992819,1],"ix":4},"o":{"a":0,"k":100,"ix":5},"r":1,"nm":"Fill 1","mn":"ADBE Vector Graphic - Fill","hd":false},{"ty":"tr","p":{"a":0,"k":[12.283,7.607],"ix":2},"a":{"a":0,"k":[0,0],"ix":1},"s":{"a":0,"k":[100,100],"ix":3},"r":{"a":0,"k":0,"ix":6},"o":{"a":0,"k":100,"ix":7},"sk":{"a":0,"k":0,"ix":4},"sa":{"a":0,"k":0,"ix":5},"nm":"Transform"}],"nm":"misc details","np":2,"cix":2,"ix":9,"mn":"ADBE Vector Group","hd":false},{"ty":"gr","it":[{"ind":0,"ty":"sh","ix":1,"ks":{"a":0,"k":{"i":[[0,0],[-1.793,-0.29],[0,0]],"o":[[0,0],[1.651,0.267],[0,0]],"v":[[-1.798,0.615],[0.377,-1.367],[1.455,1.656]],"c":true},"ix":2},"nm":"Path 1","mn":"ADBE Vector Shape - Group","hd":false},{"ty":"fl","c":{"a":0,"k":[0.405000005984,0.255000005984,0.10800000359,1],"ix":4},"o":{"a":0,"k":100,"ix":5},"r":1,"nm":"Fill 1","mn":"ADBE Vector Graphic - Fill","hd":false},{"ty":"tr","p":{"a":0,"k":[17.128,5.47],"ix":2},"a":{"a":0,"k":[0,0],"ix":1},"s":{"a":0,"k":[100,100],"ix":3},"r":{"a":0,"k":0,"ix":6},"o":{"a":0,"k":100,"ix":7},"sk":{"a":0,"k":0,"ix":4},"sa":{"a":0,"k":0,"ix":5},"nm":"Transform"}],"nm":"cover","np":2,"cix":2,"ix":10,"mn":"ADBE Vector Group","hd":false}],"ip":0,"op":544,"st":0,"bm":0},{"ddd":0,"ind":2,"ty":4,"nm":"cody-vest Outlines","parent":6,"sr":1,"ks":{"o":{"a":0,"k":100,"ix":11},"r":{"a":0,"k":0,"ix":10},"p":{"a":0,"k":[24.5,44,0],"ix":2},"a":{"a":0,"k":[24,18.5,0],"ix":1},"s":{"a":0,"k":[100,100,100],"ix":6}},"ao":0,"shapes":[{"ty":"gr","it":[{"ind":0,"ty":"sh","ix":1,"ks":{"a":0,"k":{"i":[[10.885,4.38],[-4.159,13.733],[0,0],[-2.975,-6.58]],"o":[[0,0],[0,0],[-0.482,4.698],[0,0]],"v":[[-8.354,10.898],[-4.02,-15.279],[-1.257,-13.7],[8.355,11.217]],"c":true},"ix":2},"nm":"Path 1","mn":"ADBE Vector Shape - Group","hd":false},{"ind":1,"ty":"sh","ix":2,"ks":{"a":0,"k":{"i":[[0,0],[0,-5],[3.298,-0.366],[-0.103,-1.646],[-11.503,1.248],[13.366,9.209]],"o":[[0,0],[0,5],[-0.97,3.465],[0,0],[0,0],[0,0]],"v":[[-31.287,-13.269],[-27.814,-4.723],[-35.868,4.32],[-39.319,19.41],[-16.816,10.754],[-28.012,-17.236]],"c":true},"ix":2},"nm":"Path 2","mn":"ADBE Vector Shape - Group","hd":false},{"ty":"fl","c":{"a":0,"k":[0.819999964097,0.745999983245,0.639999988032,1],"ix":4},"o":{"a":0,"k":100,"ix":5},"r":1,"nm":"Fill 1","mn":"ADBE Vector Graphic - Fill","hd":false},{"ty":"tr","p":{"a":0,"k":[39.323,17.236],"ix":2},"a":{"a":0,"k":[0,0],"ix":1},"s":{"a":0,"k":[100,100],"ix":3},"r":{"a":0,"k":0,"ix":6},"o":{"a":0,"k":100,"ix":7},"sk":{"a":0,"k":0,"ix":4},"sa":{"a":0,"k":0,"ix":5},"nm":"Transform"}],"nm":"Group 1","np":3,"cix":2,"ix":1,"mn":"ADBE Vector Group","hd":false}],"ip":0,"op":544,"st":0,"bm":0},{"ddd":0,"ind":3,"ty":4,"nm":"cody-arm-right Outlines","parent":6,"sr":1,"ks":{"o":{"a":0,"k":100,"ix":11},"r":{"a":1,"k":[{"i":{"x":[0.833],"y":[1]},"o":{"x":[0.333],"y":[0]},"n":["0p833_1_0p333_0"],"t":0,"s":[-50],"e":[-1]},{"i":{"x":[0.833],"y":[1]},"o":{"x":[0.167],"y":[0]},"n":["0p833_1_0p167_0"],"t":65,"s":[-1],"e":[-55]},{"i":{"x":[0.833],"y":[1]},"o":{"x":[0.167],"y":[0]},"n":["0p833_1_0p167_0"],"t":135,"s":[-55],"e":[8]},{"i":{"x":[0.833],"y":[1]},"o":{"x":[0.167],"y":[0]},"n":["0p833_1_0p167_0"],"t":204,"s":[8],"e":[-31]},{"i":{"x":[0.833],"y":[1]},"o":{"x":[0.167],"y":[0]},"n":["0p833_1_0p167_0"],"t":270,"s":[-31],"e":[-1]},{"i":{"x":[0.833],"y":[1]},"o":{"x":[0.167],"y":[0]},"n":["0p833_1_0p167_0"],"t":336,"s":[-1],"e":[-55]},{"i":{"x":[0.833],"y":[1]},"o":{"x":[0.167],"y":[0]},"n":["0p833_1_0p167_0"],"t":405,"s":[-55],"e":[8]},{"i":{"x":[0.667],"y":[1]},"o":{"x":[0.167],"y":[0]},"n":["0p667_1_0p167_0"],"t":476,"s":[8],"e":[-50]},{"t":543}],"ix":10},"p":{"a":1,"k":[{"i":{"x":0.667,"y":1},"o":{"x":0.333,"y":0},"n":"0p667_1_0p333_0","t":0,"s":[9.285,36.251,0],"e":[8.579,39.249,0],"to":[-0.11757360398769,0.49968245625496,0],"ti":[-0.05736377835274,0.06232066825032,0]},{"i":{"x":0.667,"y":1},"o":{"x":0.333,"y":0},"n":"0p667_1_0p333_0","t":65,"s":[8.579,39.249,0],"e":[9.629,35.877,0],"to":[0.05736377835274,-0.06232066825032,0],"ti":[0.07305296510458,-0.00747315958142,0]},{"i":{"x":0.667,"y":1},"o":{"x":0.333,"y":0},"n":"0p667_1_0p333_0","t":135,"s":[9.629,35.877,0],"e":[8.141,39.294,0],"to":[-0.07305296510458,0.00747315958142,0],"ti":[0.21582227945328,-0.23307958245277,0]},{"i":{"x":0.667,"y":1},"o":{"x":0.333,"y":0},"n":"0p667_1_0p333_0","t":204,"s":[8.141,39.294,0],"e":[8.334,37.275,0],"to":[-0.21582227945328,0.23307958245277,0],"ti":[-0.0205982401967,0.02979934960604,0]},{"i":{"x":0.667,"y":1},"o":{"x":0.333,"y":0},"n":"0p667_1_0p333_0","t":270,"s":[8.334,37.275,0],"e":[8.265,39.115,0],"to":[0.0205982401967,-0.02979934960604,0],"ti":[-0.02456327527761,0.25055861473083,0]},{"i":{"x":0.667,"y":1},"o":{"x":0.333,"y":0},"n":"0p667_1_0p333_0","t":336,"s":[8.265,39.115,0],"e":[8.482,35.772,0],"to":[0.02456327527761,-0.25055861473083,0],"ti":[-0.00738600222394,-0.08169002085924,0]},{"i":{"x":0.667,"y":1},"o":{"x":0.333,"y":0},"n":"0p667_1_0p333_0","t":405,"s":[8.482,35.772,0],"e":[8.309,39.605,0],"to":[0.00738600222394,0.08169002085924,0],"ti":[-0.13389523327351,-0.07979970425367,0]},{"i":{"x":0.667,"y":1},"o":{"x":0.333,"y":0},"n":"0p667_1_0p333_0","t":476,"s":[8.309,39.605,0],"e":[9.285,36.251,0],"to":[0.13389523327351,0.07979970425367,0],"ti":[-0.16264232993126,0.55904632806778,0]},{"t":543}],"ix":2},"a":{"a":0,"k":[25.25,26.75,0],"ix":1},"s":{"a":0,"k":[100,100,100],"ix":6}},"ao":0,"shapes":[{"ty":"gr","it":[{"ind":0,"ty":"sh","ix":1,"ks":{"a":0,"k":{"i":[[-0.012,0.083],[4.681,0.961],[2.035,3.791],[4.749,-3.491],[0.022,0.076],[-2.314,-13.83],[-5.999,-3.743],[-1.233,5.031],[-0.038,0.247]],"o":[[0.68,-4.729],[-3.367,-0.692],[-2.106,-3.92],[-0.117,0.087],[-1.927,-4.818],[1.874,11.198],[4.394,2.743],[0.057,-0.232],[0.013,-0.083]],"v":[[15.254,10.451],[8.152,0.212],[-1.403,-6.29],[-6.402,-13.005],[-6.798,-12.968],[-14.953,-7.103],[3.434,15.868],[15.075,11.419],[15.217,10.701]],"c":true},"ix":2},"nm":"Path 1","mn":"ADBE Vector Shape - Group","hd":false},{"ty":"fl","c":{"a":0,"k":[0.405000005984,0.255000005984,0.10800000359,1],"ix":4},"o":{"a":0,"k":100,"ix":5},"r":1,"nm":"Fill 1","mn":"ADBE Vector Graphic - Fill","hd":false},{"ty":"tr","p":{"a":0,"k":[15.347,17.067],"ix":2},"a":{"a":0,"k":[0,0],"ix":1},"s":{"a":0,"k":[100,100],"ix":3},"r":{"a":0,"k":0,"ix":6},"o":{"a":0,"k":100,"ix":7},"sk":{"a":0,"k":0,"ix":4},"sa":{"a":0,"k":0,"ix":5},"nm":"Transform"}],"nm":"arm","np":2,"cix":2,"ix":1,"mn":"ADBE Vector Group","hd":false}],"ip":0,"op":544,"st":0,"bm":0},{"ddd":0,"ind":4,"ty":4,"nm":"cody-arm-left Outlines","parent":6,"sr":1,"ks":{"o":{"a":0,"k":100,"ix":11},"r":{"a":1,"k":[{"i":{"x":[0.833],"y":[1]},"o":{"x":[0.333],"y":[0]},"n":["0p833_1_0p333_0"],"t":0,"s":[56],"e":[76]},{"i":{"x":[0.833],"y":[1]},"o":{"x":[0.167],"y":[0]},"n":["0p833_1_0p167_0"],"t":65,"s":[76],"e":[65]},{"i":{"x":[0.833],"y":[1]},"o":{"x":[0.167],"y":[0]},"n":["0p833_1_0p167_0"],"t":135,"s":[65],"e":[13]},{"i":{"x":[0.833],"y":[1]},"o":{"x":[0.167],"y":[0]},"n":["0p833_1_0p167_0"],"t":204,"s":[13],"e":[38]},{"i":{"x":[0.833],"y":[1]},"o":{"x":[0.167],"y":[0]},"n":["0p833_1_0p167_0"],"t":270,"s":[38],"e":[76]},{"i":{"x":[0.833],"y":[1]},"o":{"x":[0.167],"y":[0]},"n":["0p833_1_0p167_0"],"t":336,"s":[76],"e":[38]},{"i":{"x":[0.833],"y":[1]},"o":{"x":[0.167],"y":[0]},"n":["0p833_1_0p167_0"],"t":405,"s":[38],"e":[13]},{"i":{"x":[0.667],"y":[1]},"o":{"x":[0.167],"y":[0]},"n":["0p667_1_0p167_0"],"t":476,"s":[13],"e":[56]},{"t":543}],"ix":10},"p":{"a":0,"k":[38.616,36.383,0],"ix":2},"a":{"a":0,"k":[6.756,28.958,0],"ix":1},"s":{"a":0,"k":[100,100,100],"ix":6}},"ao":0,"shapes":[{"ty":"gr","it":[{"ind":0,"ty":"sh","ix":1,"ks":{"a":0,"k":{"i":[[1.827,-0.277],[0.14,-1.11],[-0.844,0.278]],"o":[[-0.834,0.126],[-0.141,1.109],[0.843,-0.277]],"v":[[0.422,-1.734],[-2.108,0.624],[-0.14,1.733]],"c":true},"ix":2},"nm":"Path 1","mn":"ADBE Vector Shape - Group","hd":false},{"ty":"fl","c":{"a":0,"k":[0.277000008377,0.170999998205,0.071999994914,1],"ix":4},"o":{"a":0,"k":100,"ix":5},"r":1,"nm":"Fill 1","mn":"ADBE Vector Graphic - Fill","hd":false},{"ty":"tr","p":{"a":0,"k":[30.875,2.797],"ix":2},"a":{"a":0,"k":[0,0],"ix":1},"s":{"a":0,"k":[100,100],"ix":3},"r":{"a":0,"k":0,"ix":6},"o":{"a":0,"k":100,"ix":7},"sk":{"a":0,"k":0,"ix":4},"sa":{"a":0,"k":0,"ix":5},"nm":"Transform"}],"nm":"index","np":2,"cix":2,"ix":1,"mn":"ADBE Vector Group","hd":false},{"ty":"gr","it":[{"ind":0,"ty":"sh","ix":1,"ks":{"a":0,"k":{"i":[[-1.125,1.109],[0.235,-2.086],[-2.671,-0.555],[-0.175,1.297]],"o":[[-1.828,0.139],[-0.14,1.249],[0,0],[0.281,-2.08]],"v":[[1.898,-5.201],[-1.758,-0.486],[1.335,5.201],[-0.493,-0.208]],"c":true},"ix":2},"nm":"Path 1","mn":"ADBE Vector Shape - Group","hd":false},{"ty":"fl","c":{"a":0,"k":[0.277000008377,0.170999998205,0.071999994914,1],"ix":4},"o":{"a":0,"k":100,"ix":5},"r":1,"nm":"Fill 1","mn":"ADBE Vector Graphic - Fill","hd":false},{"ty":"tr","p":{"a":0,"k":[27.853,10.841],"ix":2},"a":{"a":0,"k":[0,0],"ix":1},"s":{"a":0,"k":[100,100],"ix":3},"r":{"a":0,"k":0,"ix":6},"o":{"a":0,"k":100,"ix":7},"sk":{"a":0,"k":0,"ix":4},"sa":{"a":0,"k":0,"ix":5},"nm":"Transform"}],"nm":"mit","np":2,"cix":2,"ix":2,"mn":"ADBE Vector Group","hd":false},{"ty":"gr","it":[{"ind":0,"ty":"sh","ix":1,"ks":{"a":0,"k":{"i":[[-10.496,10.842],[-3.69,0.579],[0.912,-1.549],[0,0],[6.575,-3.86],[0,0],[0.193,7.72]],"o":[[4.609,-4.761],[1.822,-0.286],[-0.587,0.996],[0,0],[-13.482,22.234],[0,0],[-0.135,-5.413]],"v":[[4.399,-6.844],[14.942,-18.702],[15.926,-15.026],[15.153,-13.501],[13.044,-2.475],[-10.112,16.882],[-16.278,8.824]],"c":true},"ix":2},"nm":"Path 1","mn":"ADBE Vector Shape - Group","hd":false},{"ty":"fl","c":{"a":0,"k":[0.405000005984,0.255000005984,0.10800000359,1],"ix":4},"o":{"a":0,"k":100,"ix":5},"r":1,"nm":"Fill 1","mn":"ADBE Vector Graphic - Fill","hd":false},{"ty":"tr","p":{"a":0,"k":[16.635,18.725],"ix":2},"a":{"a":0,"k":[0,0],"ix":1},"s":{"a":0,"k":[100,100],"ix":3},"r":{"a":0,"k":0,"ix":6},"o":{"a":0,"k":100,"ix":7},"sk":{"a":0,"k":0,"ix":4},"sa":{"a":0,"k":0,"ix":5},"nm":"Transform"}],"nm":"arm","np":2,"cix":2,"ix":3,"mn":"ADBE Vector Group","hd":false}],"ip":0,"op":544,"st":0,"bm":0},{"ddd":0,"ind":5,"ty":4,"nm":"cody-leg-right Outlines","parent":6,"sr":1,"ks":{"o":{"a":0,"k":100,"ix":11},"r":{"a":1,"k":[{"i":{"x":[0.833],"y":[1]},"o":{"x":[0.333],"y":[0]},"n":["0p833_1_0p333_0"],"t":0,"s":[0],"e":[7]},{"i":{"x":[0.833],"y":[1]},"o":{"x":[0.167],"y":[0]},"n":["0p833_1_0p167_0"],"t":65,"s":[7],"e":[15]},{"i":{"x":[0.833],"y":[1]},"o":{"x":[0.167],"y":[0]},"n":["0p833_1_0p167_0"],"t":135,"s":[15],"e":[3]},{"i":{"x":[0.833],"y":[1]},"o":{"x":[0.167],"y":[0]},"n":["0p833_1_0p167_0"],"t":204,"s":[3],"e":[15]},{"i":{"x":[0.833],"y":[1]},"o":{"x":[0.167],"y":[0]},"n":["0p833_1_0p167_0"],"t":270,"s":[15],"e":[7]},{"i":{"x":[0.833],"y":[1]},"o":{"x":[0.167],"y":[0]},"n":["0p833_1_0p167_0"],"t":336,"s":[7],"e":[25]},{"i":{"x":[0.833],"y":[1]},"o":{"x":[0.167],"y":[0]},"n":["0p833_1_0p167_0"],"t":405,"s":[25],"e":[-7]},{"i":{"x":[0.667],"y":[1]},"o":{"x":[0.167],"y":[0]},"n":["0p667_1_0p167_0"],"t":476,"s":[-7],"e":[0]},{"t":543}],"ix":10},"p":{"a":0,"k":[12.75,80.75,0],"ix":2},"a":{"a":0,"k":[10.75,12.75,0],"ix":1},"s":{"a":0,"k":[100,100,100],"ix":6}},"ao":0,"shapes":[{"ty":"gr","it":[{"ind":0,"ty":"sh","ix":1,"ks":{"a":0,"k":{"i":[[-9.512,0.058],[8.412,-7.998]],"o":[[-0.294,0.23],[-0.033,-0.163]],"v":[[21.594,-2.687],[4.841,2.751]],"c":true},"ix":2},"nm":"Path 1","mn":"ADBE Vector Shape - Group","hd":false},{"ty":"fl","c":{"a":0,"k":[0.278431385756,0.172549024224,0.070588238537,1],"ix":4},"o":{"a":0,"k":100,"ix":5},"r":1,"nm":"Fill 1","mn":"ADBE Vector Graphic - Fill","hd":false},{"ty":"tr","p":{"a":0,"k":[3,0],"ix":2},"a":{"a":0,"k":[0,0],"ix":1},"s":{"a":0,"k":[100,100],"ix":3},"r":{"a":0,"k":9,"ix":6},"o":{"a":0,"k":100,"ix":7},"sk":{"a":0,"k":0,"ix":4},"sa":{"a":0,"k":0,"ix":5},"nm":"Transform"}],"nm":")","np":2,"cix":2,"ix":1,"mn":"ADBE Vector Group","hd":false},{"ty":"gr","it":[{"ind":0,"ty":"sh","ix":1,"ks":{"a":0,"k":{"i":[[0.905,-1.422],[1.067,0.344],[-0.905,1.423],[-1.067,-0.344]],"o":[[-0.906,1.422],[-1.067,-0.344],[0.906,-1.422],[1.067,0.345]],"v":[[1.932,0.624],[-1.639,2.576],[-1.932,-0.624],[1.64,-2.576]],"c":true},"ix":2},"nm":"Path 1","mn":"ADBE Vector Shape - Group","hd":false},{"ty":"fl","c":{"a":0,"k":[0.13300000359,0.122000002394,0.122000002394,1],"ix":4},"o":{"a":0,"k":100,"ix":5},"r":1,"nm":"Fill 1","mn":"ADBE Vector Graphic - Fill","hd":false},{"ty":"tr","p":{"a":0,"k":[46.651,16.835],"ix":2},"a":{"a":0,"k":[0,0],"ix":1},"s":{"a":0,"k":[100,100],"ix":3},"r":{"a":0,"k":0,"ix":6},"o":{"a":0,"k":100,"ix":7},"sk":{"a":0,"k":0,"ix":4},"sa":{"a":0,"k":0,"ix":5},"nm":"Transform"}],"nm":"dot","np":2,"cix":2,"ix":2,"mn":"ADBE Vector Group","hd":false},{"ty":"gr","it":[{"ind":0,"ty":"sh","ix":1,"ks":{"a":0,"k":{"i":[[1.025,-1.61],[1.208,0.39],[-1.025,1.61],[-1.207,-0.389]],"o":[[-1.025,1.61],[-1.208,-0.389],[1.025,-1.61],[1.208,0.39]],"v":[[2.187,0.706],[-1.855,2.915],[-2.186,-0.706],[1.855,-2.915]],"c":true},"ix":2},"nm":"Path 1","mn":"ADBE Vector Shape - Group","hd":false},{"ty":"fl","c":{"a":0,"k":[0.13300000359,0.122000002394,0.122000002394,1],"ix":4},"o":{"a":0,"k":100,"ix":5},"r":1,"nm":"Fill 1","mn":"ADBE Vector Graphic - Fill","hd":false},{"ty":"tr","p":{"a":0,"k":[36.398,14.572],"ix":2},"a":{"a":0,"k":[0,0],"ix":1},"s":{"a":0,"k":[100,100],"ix":3},"r":{"a":0,"k":0,"ix":6},"o":{"a":0,"k":100,"ix":7},"sk":{"a":0,"k":0,"ix":4},"sa":{"a":0,"k":0,"ix":5},"nm":"Transform"}],"nm":"dot","np":2,"cix":2,"ix":3,"mn":"ADBE Vector Group","hd":false},{"ty":"gr","it":[{"ind":0,"ty":"sh","ix":1,"ks":{"a":0,"k":{"i":[[0.996,-1.536],[1.064,0.69],[-0.996,1.536],[-1.063,-0.69]],"o":[[-0.996,1.536],[-1.063,-0.689],[0.996,-1.536],[1.063,0.689]],"v":[[1.926,1.248],[-1.803,2.781],[-1.926,-1.248],[1.803,-2.781]],"c":true},"ix":2},"nm":"Path 1","mn":"ADBE Vector Shape - Group","hd":false},{"ty":"fl","c":{"a":0,"k":[0.13300000359,0.122000002394,0.122000002394,1],"ix":4},"o":{"a":0,"k":100,"ix":5},"r":1,"nm":"Fill 1","mn":"ADBE Vector Graphic - Fill","hd":false},{"ty":"tr","p":{"a":0,"k":[42.969,13.41],"ix":2},"a":{"a":0,"k":[0,0],"ix":1},"s":{"a":0,"k":[100,100],"ix":3},"r":{"a":0,"k":0,"ix":6},"o":{"a":0,"k":100,"ix":7},"sk":{"a":0,"k":0,"ix":4},"sa":{"a":0,"k":0,"ix":5},"nm":"Transform"}],"nm":"dot","np":2,"cix":2,"ix":4,"mn":"ADBE Vector Group","hd":false},{"ty":"gr","it":[{"ind":0,"ty":"sh","ix":1,"ks":{"a":0,"k":{"i":[[1.106,-2.938],[1.701,-0.137],[-1.107,2.938],[-2.638,0.213]],"o":[[-1.106,2.938],[-1.7,0.137],[1.106,-2.938],[2.639,-0.212]],"v":[[5.146,-0.173],[-2.372,5.357],[-5.146,0.423],[1.635,-5.283]],"c":true},"ix":2},"nm":"Path 1","mn":"ADBE Vector Shape - Group","hd":false},{"ty":"fl","c":{"a":0,"k":[0.13300000359,0.122000002394,0.122000002394,1],"ix":4},"o":{"a":0,"k":100,"ix":5},"r":1,"nm":"Fill 1","mn":"ADBE Vector Graphic - Fill","hd":false},{"ty":"tr","p":{"a":0,"k":[37.369,22.764],"ix":2},"a":{"a":0,"k":[0,0],"ix":1},"s":{"a":0,"k":[100,100],"ix":3},"r":{"a":0,"k":0,"ix":6},"o":{"a":0,"k":100,"ix":7},"sk":{"a":0,"k":0,"ix":4},"sa":{"a":0,"k":0,"ix":5},"nm":"Transform"}],"nm":"dot","np":2,"cix":2,"ix":5,"mn":"ADBE Vector Group","hd":false},{"ty":"gr","it":[{"ind":0,"ty":"sh","ix":1,"ks":{"a":0,"k":{"i":[[9.833,1.038],[0.186,-10.927],[-4.546,-1.516],[-10.244,-5.037],[-0.685,-0.553],[-2.252,0.993],[6.456,5.542],[2.873,1.153]],"o":[[-6.924,-0.731],[-0.09,5.288],[7.52,2.506],[0.791,0.389],[0.603,0.487],[3.604,-1.588],[-6.046,-5.191],[-3.389,-1.361]],"v":[[-3.439,-14.635],[-25.153,-0.318],[-16.784,11.208],[5.207,12.686],[7.382,14.173],[11.463,14.13],[23.556,-4.008],[10.117,-6.322]],"c":true},"ix":2},"nm":"Path 1","mn":"ADBE Vector Shape - Group","hd":false},{"ty":"fl","c":{"a":0,"k":[0.405000005984,0.255000005984,0.10800000359,1],"ix":4},"o":{"a":0,"k":100,"ix":5},"r":1,"nm":"Fill 1","mn":"ADBE Vector Graphic - Fill","hd":false},{"ty":"tr","p":{"a":0,"k":[25.154,14.717],"ix":2},"a":{"a":0,"k":[0,0],"ix":1},"s":{"a":0,"k":[100,100],"ix":3},"r":{"a":0,"k":0,"ix":6},"o":{"a":0,"k":100,"ix":7},"sk":{"a":0,"k":0,"ix":4},"sa":{"a":0,"k":0,"ix":5},"nm":"Transform"}],"nm":"leg","np":2,"cix":2,"ix":6,"mn":"ADBE Vector Group","hd":false}],"ip":0,"op":544,"st":0,"bm":0},{"ddd":0,"ind":6,"ty":4,"nm":"cody-body Outlines","parent":7,"sr":1,"ks":{"o":{"a":0,"k":100,"ix":11},"r":{"a":1,"k":[{"i":{"x":[0.833],"y":[1]},"o":{"x":[0.333],"y":[0]},"n":["0p833_1_0p333_0"],"t":0,"s":[0],"e":[3]},{"i":{"x":[0.833],"y":[1]},"o":{"x":[0.167],"y":[0]},"n":["0p833_1_0p167_0"],"t":135,"s":[3],"e":[-3]},{"i":{"x":[0.833],"y":[1]},"o":{"x":[0.167],"y":[0]},"n":["0p833_1_0p167_0"],"t":270,"s":[-3],"e":[3]},{"i":{"x":[0.667],"y":[1]},"o":{"x":[0.167],"y":[0]},"n":["0p667_1_0p167_0"],"t":405,"s":[3],"e":[0]},{"t":543}],"ix":10},"p":{"a":0,"k":[59.5,-10.5,0],"ix":2},"a":{"a":0,"k":[26.5,71.5,0],"ix":1},"s":{"a":0,"k":[100,100,100],"ix":6}},"ao":0,"shapes":[{"ty":"gr","it":[{"ind":0,"ty":"sh","ix":1,"ks":{"a":0,"k":{"i":[[0.194,-1.099],[0.55,0.097],[-0.194,1.099],[-0.549,-0.097]],"o":[[-0.193,1.099],[-0.549,-0.097],[0.194,-1.099],[0.55,0.097]],"v":[[0.995,0.175],[-0.352,1.99],[-0.995,-0.176],[0.351,-1.99]],"c":true},"ix":2},"nm":"Path 1","mn":"ADBE Vector Shape - Group","hd":false},{"ty":"fl","c":{"a":0,"k":[0.13300000359,0.122000002394,0.122000002394,1],"ix":4},"o":{"a":0,"k":100,"ix":5},"r":1,"nm":"Fill 1","mn":"ADBE Vector Graphic - Fill","hd":false},{"ty":"tr","p":{"a":1,"k":[{"i":{"x":0.667,"y":0.278},"o":{"x":0.333,"y":0},"n":"0p667_0p278_0p333_0","t":95,"s":[34.468,7.176],"e":[31.658,7.531],"to":[-0.30310261249542,-0.07577615976334],"ti":[0.84166729450226,0.21041823923588]},{"i":{"x":0.667,"y":1},"o":{"x":0.308,"y":1},"n":"0p667_1_0p308_1","t":115,"s":[31.658,7.531],"e":[30.468,6.176],"to":[-1.009556889534,-0.25239092111588],"ti":[0,0]},{"i":{"x":0.667,"y":0.667},"o":{"x":0.333,"y":0.333},"n":"0p667_0p667_0p333_0p333","t":135,"s":[30.468,6.176],"e":[30.468,6.176],"to":[0,0],"ti":[0,0]},{"i":{"x":0.687,"y":0},"o":{"x":0.333,"y":0},"n":"0p687_0_0p333_0","t":316,"s":[30.468,6.176],"e":[31.685,7.556],"to":[0,0],"ti":[-1.009556889534,-0.25239092111588]},{"i":{"x":0.667,"y":1},"o":{"x":0.333,"y":0.728},"n":"0p667_1_0p333_0p728","t":336,"s":[31.685,7.556],"e":[34.468,7.176],"to":[0.84166729450226,0.21041823923588],"ti":[-0.30310261249542,-0.07577615976334]},{"t":356}],"ix":2},"a":{"a":0,"k":[0,0],"ix":1},"s":{"a":1,"k":[{"i":{"x":[0.667,0.667],"y":[1,1]},"o":{"x":[0.333,0.333],"y":[0,0]},"n":["0p667_1_0p333_0","0p667_1_0p333_0"],"t":95,"s":[100,100],"e":[0,0]},{"i":{"x":[0.667,0.667],"y":[1,1]},"o":{"x":[0.333,0.333],"y":[0,0]},"n":["0p667_1_0p333_0","0p667_1_0p333_0"],"t":135,"s":[0,0],"e":[0,0]},{"i":{"x":[0.667,0.667],"y":[1,1]},"o":{"x":[0.333,0.333],"y":[0,0]},"n":["0p667_1_0p333_0","0p667_1_0p333_0"],"t":316,"s":[0,0],"e":[100,100]},{"t":356}],"ix":3},"r":{"a":0,"k":0,"ix":6},"o":{"a":0,"k":100,"ix":7},"sk":{"a":0,"k":0,"ix":4},"sa":{"a":0,"k":0,"ix":5},"nm":"Transform"}],"nm":"mouth","np":2,"cix":2,"ix":1,"mn":"ADBE Vector Group","hd":false},{"ty":"gr","it":[{"ind":0,"ty":"sh","ix":1,"ks":{"a":0,"k":{"i":[[-0.969,-0.906],[-0.793,0.99],[1.763,-0.083]],"o":[[0.969,0.907],[0.794,-0.99],[-1.763,0.084]],"v":[[-1.515,0.45],[1.69,0.298],[-0.072,-1.351]],"c":true},"ix":2},"nm":"Path 1","mn":"ADBE Vector Shape - Group","hd":false},{"ty":"fl","c":{"a":0,"k":[0.13300000359,0.122000002394,0.122000002394,1],"ix":4},"o":{"a":0,"k":100,"ix":5},"r":1,"nm":"Fill 1","mn":"ADBE Vector Graphic - Fill","hd":false},{"ty":"tr","p":{"a":0,"k":[34.425,1.357],"ix":2},"a":{"a":0,"k":[0,0],"ix":1},"s":{"a":0,"k":[100,100],"ix":3},"r":{"a":0,"k":0,"ix":6},"o":{"a":0,"k":100,"ix":7},"sk":{"a":0,"k":0,"ix":4},"sa":{"a":0,"k":0,"ix":5},"nm":"Transform"}],"nm":"nose","np":2,"cix":2,"ix":2,"mn":"ADBE Vector Group","hd":false},{"ty":"gr","it":[{"ind":0,"ty":"sh","ix":1,"ks":{"a":0,"k":{"i":[[-0.049,-0.542],[-0.397,0.036],[0.049,0.542],[0.397,-0.037]],"o":[[0.049,0.542],[0.398,-0.037],[-0.05,-0.542],[-0.398,0.036]],"v":[[-0.719,0.065],[0.09,0.981],[0.719,-0.066],[-0.09,-0.98]],"c":true},"ix":2},"nm":"Path 1","mn":"ADBE Vector Shape - Group","hd":false},{"ty":"fl","c":{"a":0,"k":[0.13300000359,0.122000002394,0.122000002394,1],"ix":4},"o":{"a":0,"k":100,"ix":5},"r":1,"nm":"Fill 1","mn":"ADBE Vector Graphic - Fill","hd":false},{"ty":"tr","p":{"a":0,"k":[25.837,3.455],"ix":2},"a":{"a":0,"k":[0,0],"ix":1},"s":{"a":1,"k":[{"i":{"x":[0.667,0.667],"y":[1,1]},"o":{"x":[0.333,0.333],"y":[0,0]},"n":["0p667_1_0p333_0","0p667_1_0p333_0"],"t":75,"s":[100,100],"e":[100,0]},{"i":{"x":[0.667,0.667],"y":[1,1]},"o":{"x":[0.333,0.333],"y":[0,0]},"n":["0p667_1_0p333_0","0p667_1_0p333_0"],"t":85,"s":[100,0],"e":[100,100]},{"i":{"x":[0.667,0.667],"y":[1,1]},"o":{"x":[0.333,0.333],"y":[0,0]},"n":["0p667_1_0p333_0","0p667_1_0p333_0"],"t":95,"s":[100,100],"e":[100,100]},{"i":{"x":[0.667,0.667],"y":[1,1]},"o":{"x":[0.333,0.333],"y":[0,0]},"n":["0p667_1_0p333_0","0p667_1_0p333_0"],"t":214,"s":[100,100],"e":[100,0]},{"i":{"x":[0.667,0.667],"y":[1,1]},"o":{"x":[0.333,0.333],"y":[0,0]},"n":["0p667_1_0p333_0","0p667_1_0p333_0"],"t":224,"s":[100,0],"e":[100,100]},{"i":{"x":[0.667,0.667],"y":[1,1]},"o":{"x":[0.333,0.333],"y":[0,0]},"n":["0p667_1_0p333_0","0p667_1_0p333_0"],"t":234,"s":[100,100],"e":[100,100]},{"i":{"x":[0.667,0.667],"y":[1,1]},"o":{"x":[0.333,0.333],"y":[0,0]},"n":["0p667_1_0p333_0","0p667_1_0p333_0"],"t":415,"s":[100,100],"e":[100,0]},{"i":{"x":[0.667,0.667],"y":[1,1]},"o":{"x":[0.333,0.333],"y":[0,0]},"n":["0p667_1_0p333_0","0p667_1_0p333_0"],"t":425,"s":[100,0],"e":[100,100]},{"t":435}],"ix":3},"r":{"a":0,"k":-35,"ix":6},"o":{"a":0,"k":100,"ix":7},"sk":{"a":0,"k":0,"ix":4},"sa":{"a":0,"k":0,"ix":5},"nm":"Transform"}],"nm":"eye","np":2,"cix":2,"ix":3,"mn":"ADBE Vector Group","hd":false},{"ty":"gr","it":[{"ind":0,"ty":"sh","ix":1,"ks":{"a":0,"k":{"i":[[-1.023,-0.98],[2.121,-4.704],[1.275,1.23],[-1.371,2.984]],"o":[[0.793,0.759],[-2.121,4.704],[-1.275,-1.231],[1.371,-2.984]],"v":[[2.698,-5.265],[3.643,1.611],[-3.371,4.803],[-4.393,-3.639]],"c":true},"ix":2},"nm":"Path 1","mn":"ADBE Vector Shape - Group","hd":false},{"ty":"fl","c":{"a":0,"k":[0.691999966491,0.517000026329,0.21699999641,1],"ix":4},"o":{"a":0,"k":100,"ix":5},"r":1,"nm":"Fill 1","mn":"ADBE Vector Graphic - Fill","hd":false},{"ty":"tr","p":{"a":0,"k":[33.465,6.315],"ix":2},"a":{"a":0,"k":[0,0],"ix":1},"s":{"a":0,"k":[100,100],"ix":3},"r":{"a":0,"k":0,"ix":6},"o":{"a":0,"k":100,"ix":7},"sk":{"a":0,"k":0,"ix":4},"sa":{"a":0,"k":0,"ix":5},"nm":"Transform"}],"nm":"face","np":2,"cix":2,"ix":4,"mn":"ADBE Vector Group","hd":false},{"ty":"gr","it":[{"ind":0,"ty":"sh","ix":1,"ks":{"a":0,"k":{"i":[[-3.15,2.723],[14.411,9.729],[11.491,-1.767],[-6.742,-19.629],[-0.733,-1.393],[-4.887,-0.652]],"o":[[6.271,-5.419],[-8.363,-5.646],[-5.079,0.782],[0.596,1.737],[2.227,4.715],[4.885,0.651]],"v":[[14.294,21.641],[3.182,-4.708],[-9.824,-22.597],[-13.822,9.687],[-11.818,14.366],[0.1,23.153]],"c":true},"ix":2},"nm":"Path 1","mn":"ADBE Vector Shape - Group","hd":false},{"ty":"fl","c":{"a":0,"k":[0.556999954523,0.361000001197,0.150999989229,1],"ix":4},"o":{"a":0,"k":100,"ix":5},"r":1,"nm":"Fill 1","mn":"ADBE Vector Graphic - Fill","hd":false},{"ty":"tr","p":{"a":0,"k":[34.822,54.564],"ix":2},"a":{"a":0,"k":[0,0],"ix":1},"s":{"a":0,"k":[100,100],"ix":3},"r":{"a":0,"k":0,"ix":6},"o":{"a":0,"k":100,"ix":7},"sk":{"a":0,"k":0,"ix":4},"sa":{"a":0,"k":0,"ix":5},"nm":"Transform"}],"nm":"tummy","np":2,"cix":2,"ix":5,"mn":"ADBE Vector Group","hd":false},{"ty":"gr","it":[{"ind":0,"ty":"sh","ix":1,"ks":{"a":0,"k":{"i":[[-4.149,9.611],[0.918,2.85],[2.712,4.335],[0,0],[-0.625,4.854],[0.681,2.281],[3.993,-2.077],[0,0],[2.308,-3.893],[0.432,-9.57],[-3.933,-15.583],[-4.512,-1.616]],"o":[[1.95,-4.517],[-4.884,-15.152],[0,0],[0,0],[1.094,-8.503],[-0.68,-2.281],[-3.992,2.078],[0,0],[-4.169,7.029],[-0.291,6.473],[1.636,6.476],[5.262,1.883]],"v":[[26.41,32.078],[27.463,19.519],[13.518,2.143],[10.583,-15.429],[6.67,-27.117],[6.164,-45.385],[-6.379,-45.722],[-10.107,-37.816],[-13.745,-24.402],[-21.911,-6.537],[-27.039,35.688],[-18.669,47.216]],"c":true},"ix":2},"nm":"Path 1","mn":"ADBE Vector Shape - Group","hd":false},{"ty":"fl","c":{"a":0,"k":[0.405000005984,0.255000005984,0.10800000359,1],"ix":4},"o":{"a":0,"k":100,"ix":5},"r":1,"nm":"Fill 1","mn":"ADBE Vector Graphic - Fill","hd":false},{"ty":"tr","p":{"a":0,"k":[28.051,47.51],"ix":2},"a":{"a":0,"k":[0,0],"ix":1},"s":{"a":0,"k":[100,100],"ix":3},"r":{"a":0,"k":0,"ix":6},"o":{"a":0,"k":100,"ix":7},"sk":{"a":0,"k":0,"ix":4},"sa":{"a":0,"k":0,"ix":5},"nm":"Transform"}],"nm":"body","np":2,"cix":2,"ix":6,"mn":"ADBE Vector Group","hd":false}],"ip":0,"op":544,"st":0,"bm":0},{"ddd":0,"ind":7,"ty":4,"nm":"rocket-body Outlines","sr":1,"ks":{"o":{"a":0,"k":100,"ix":11},"r":{"a":1,"k":[{"i":{"x":[0.833],"y":[0.877]},"o":{"x":[0.167],"y":[0.167]},"n":["0p833_0p877_0p167_0p167"],"t":0,"s":[-2],"e":[2]},{"i":{"x":[0.833],"y":[1]},"o":{"x":[0.167],"y":[0.254]},"n":["0p833_1_0p167_0p254"],"t":32,"s":[2],"e":[4]},{"i":{"x":[0.833],"y":[0.743]},"o":{"x":[0.167],"y":[0]},"n":["0p833_0p743_0p167_0"],"t":65,"s":[4],"e":[2]},{"i":{"x":[0.833],"y":[1]},"o":{"x":[0.167],"y":[0.121]},"n":["0p833_1_0p167_0p121"],"t":101,"s":[2],"e":[-2]},{"i":{"x":[0.833],"y":[0.873]},"o":{"x":[0.167],"y":[0]},"n":["0p833_0p873_0p167_0"],"t":135,"s":[-2],"e":[2]},{"i":{"x":[0.833],"y":[1]},"o":{"x":[0.167],"y":[0.246]},"n":["0p833_1_0p167_0p246"],"t":170,"s":[2],"e":[4]},{"i":{"x":[0.833],"y":[0.742]},"o":{"x":[0.167],"y":[0]},"n":["0p833_0p742_0p167_0"],"t":204,"s":[4],"e":[2]},{"i":{"x":[0.833],"y":[1]},"o":{"x":[0.167],"y":[0.121]},"n":["0p833_1_0p167_0p121"],"t":238,"s":[2],"e":[-2]},{"i":{"x":[0.833],"y":[0.875]},"o":{"x":[0.167],"y":[0]},"n":["0p833_0p875_0p167_0"],"t":270,"s":[-2],"e":[2]},{"i":{"x":[0.833],"y":[1]},"o":{"x":[0.167],"y":[0.25]},"n":["0p833_1_0p167_0p25"],"t":303,"s":[2],"e":[4]},{"i":{"x":[0.833],"y":[0.743]},"o":{"x":[0.167],"y":[0]},"n":["0p833_0p743_0p167_0"],"t":336,"s":[4],"e":[2]},{"i":{"x":[0.833],"y":[1]},"o":{"x":[0.167],"y":[0.121]},"n":["0p833_1_0p167_0p121"],"t":372,"s":[2],"e":[-2]},{"i":{"x":[0.833],"y":[0.873]},"o":{"x":[0.167],"y":[0]},"n":["0p833_0p873_0p167_0"],"t":406,"s":[-2],"e":[2]},{"i":{"x":[0.833],"y":[1]},"o":{"x":[0.167],"y":[0.246]},"n":["0p833_1_0p167_0p246"],"t":441,"s":[2],"e":[4]},{"i":{"x":[0.833],"y":[0.75]},"o":{"x":[0.167],"y":[0]},"n":["0p833_0p75_0p167_0"],"t":475,"s":[4],"e":[2]},{"i":{"x":[0.833],"y":[0.833]},"o":{"x":[0.167],"y":[0.125]},"n":["0p833_0p833_0p167_0p125"],"t":509,"s":[2],"e":[-2]},{"t":543}],"ix":10},"p":{"a":1,"k":[{"i":{"x":0.667,"y":1},"o":{"x":0.333,"y":0},"n":"0p667_1_0p333_0","t":0,"s":[107.5,95.5,0],"e":[107.5,103.5,0],"to":[0,1.33333337306976,0],"ti":[0,0,0]},{"i":{"x":0.667,"y":1},"o":{"x":0.333,"y":0},"n":"0p667_1_0p333_0","t":135,"s":[107.5,103.5,0],"e":[107.5,95.5,0],"to":[0,0,0],"ti":[0,0,0]},{"i":{"x":0.667,"y":1},"o":{"x":0.333,"y":0},"n":"0p667_1_0p333_0","t":270,"s":[107.5,95.5,0],"e":[107.5,103.5,0],"to":[0,0,0],"ti":[0,0,0]},{"i":{"x":0.667,"y":1},"o":{"x":0.333,"y":0},"n":"0p667_1_0p333_0","t":405,"s":[107.5,103.5,0],"e":[107.5,95.5,0],"to":[0,0,0],"ti":[0,1.33333337306976,0]},{"t":543}],"ix":2},"a":{"a":0,"k":[68,7,0],"ix":1},"s":{"a":0,"k":[100,100,100],"ix":6}},"ao":0,"shapes":[{"ty":"gr","it":[{"ind":0,"ty":"sh","ix":1,"ks":{"a":0,"k":{"i":[[11.604,-4.428],[4.853,-3.304],[-6.864,2.059],[-8.812,3.884]],"o":[[-8.371,3.194],[3.703,1.955],[5.347,-1.604],[-9.56,-1.513]],"v":[[-6.652,-3.749],[-26.297,6.277],[-4.457,6.009],[26.298,-6.776]],"c":true},"ix":2},"nm":"Path 1","mn":"ADBE Vector Shape - Group","hd":false},{"ty":"fl","c":{"a":0,"k":[0,0.301960796118,0.490196079016,1],"ix":4},"o":{"a":0,"k":30,"ix":5},"r":1,"nm":"Fill 1","mn":"ADBE Vector Graphic - Fill","hd":false},{"ty":"tr","p":{"a":0,"k":[61.191,7.655],"ix":2},"a":{"a":0,"k":[0,0],"ix":1},"s":{"a":0,"k":[100,100],"ix":3},"r":{"a":0,"k":0,"ix":6},"o":{"a":0,"k":100,"ix":7},"sk":{"a":0,"k":0,"ix":4},"sa":{"a":0,"k":0,"ix":5},"nm":"Transform"}],"nm":"cody shadow","np":2,"cix":2,"ix":1,"mn":"ADBE Vector Group","hd":false},{"ty":"gr","it":[{"ind":0,"ty":"sh","ix":1,"ks":{"a":0,"k":{"i":[[-0.916,0.312],[0,0],[0,0],[-0.697,0.18],[0,0],[-2.084,0.325],[-1.985,0.073],[-1.854,-0.092],[-1.814,-0.238],[-1.949,-0.454],[-0.495,-0.11],[0,0],[-0.113,-0.278],[0.192,-0.217],[0.463,0.122],[0,0],[0.558,0.115],[2.629,0.244],[1.777,0.04],[1.955,-0.121],[1.661,-0.235],[1.436,-0.37],[0,0],[0.665,-0.215],[0,0],[0,0],[0.893,-0.361],[0,0],[3.125,-1.826],[0,0],[0,0],[0.373,-0.239],[0.361,-0.242],[0.574,-0.445],[0.476,-0.401],[0,0],[0.299,0.084],[0.086,0.211],[-0.548,0.541],[0,0],[-0.907,0.702],[-0.76,0.537],[-0.383,0.277],[-0.435,0.279],[0,0],[0,0],[-4.415,2.01],[0,0]],"o":[[0,0],[0,0],[0.728,-0.239],[0,0],[1.521,-0.389],[1.826,-0.242],[2.013,-0.095],[1.829,0.076],[2.746,0.315],[0.526,0.122],[0,0],[0.364,0.115],[0.113,0.273],[-0.242,0.277],[0,0],[-0.48,-0.09],[-1.89,-0.39],[-1.769,-0.193],[-1.787,-0.055],[-1.942,0.099],[-2.009,0.334],[0,0],[-0.643,0.164],[0,0],[0,0],[-0.854,0.283],[0,0],[-3.155,1.379],[0,0],[0,0],[-0.418,0.256],[-0.387,0.267],[-0.736,0.493],[-0.75,0.55],[0,0],[-0.33,0.243],[-0.225,-0.063],[-0.068,-0.167],[0,0],[0.448,-0.399],[0.597,-0.488],[0.345,-0.244],[0.401,-0.272],[0,0],[0,0],[2.55,-1.566],[0,0],[0.866,-0.363]],"v":[[-7.311,-6.392],[-6.291,-6.756],[-4.675,-7.27],[-2.53,-7.874],[-2.105,-7.984],[3.246,-9.045],[9.022,-9.593],[14.852,-9.598],[20.346,-9.124],[27.467,-7.792],[28.98,-7.446],[32.334,-6.44],[33.074,-5.829],[32.945,-5.033],[31.837,-4.789],[28.544,-5.684],[26.987,-5.997],[20.116,-7.115],[14.775,-7.466],[9.138,-7.366],[3.588,-6.77],[-1.533,-5.725],[-2.021,-5.6],[-3.993,-5.052],[-4.795,-4.81],[-6.55,-4.222],[-9.139,-3.238],[-11.78,-2.185],[-21.704,2.677],[-22.381,3.054],[-24.556,4.368],[-25.754,5.112],[-26.879,5.873],[-28.883,7.277],[-30.88,8.798],[-31.614,9.389],[-32.59,9.635],[-33.079,9.204],[-32.701,8.052],[-32.003,7.457],[-29.988,5.835],[-27.913,4.302],[-26.825,3.527],[-25.567,2.704],[-23.817,1.572],[-22.722,0.93],[-12.658,-4.236],[-9.989,-5.342]],"c":true},"ix":2},"nm":"Path 1","mn":"ADBE Vector Shape - Group","hd":false},{"ty":"fl","c":{"a":0,"k":[1,1,1,1],"ix":4},"o":{"a":0,"k":20,"ix":5},"r":1,"nm":"Fill 1","mn":"ADBE Vector Graphic - Fill","hd":false},{"ty":"tr","p":{"a":0,"k":[63.924,12.463],"ix":2},"a":{"a":0,"k":[0,0],"ix":1},"s":{"a":0,"k":[100,100],"ix":3},"r":{"a":0,"k":0,"ix":6},"o":{"a":0,"k":100,"ix":7},"sk":{"a":0,"k":0,"ix":4},"sa":{"a":0,"k":0,"ix":5},"nm":"Transform"}],"nm":"highlight","np":2,"cix":2,"ix":2,"mn":"ADBE Vector Group","hd":false},{"ty":"gr","it":[{"ind":0,"ty":"sh","ix":1,"ks":{"a":0,"k":{"i":[[0,0],[25.162,-10.949],[0,0],[2.598,4.181],[-19.3,10.245]],"o":[[1.375,3.368],[-25.161,10.948],[0,0],[0,0],[22.378,-11.877]],"v":[[39.437,-24.28],[4.564,16.668],[-34.891,23.537],[-39.551,17.622],[6.162,10.324]],"c":true},"ix":2},"nm":"Path 1","mn":"ADBE Vector Shape - Group","hd":false},{"ty":"fl","c":{"a":0,"k":[0,0.301960796118,0.490196079016,1],"ix":4},"o":{"a":0,"k":50,"ix":5},"r":1,"nm":"Fill 1","mn":"ADBE Vector Graphic - Fill","hd":false},{"ty":"tr","p":{"a":0,"k":[68.666,33.04],"ix":2},"a":{"a":0,"k":[0,0],"ix":1},"s":{"a":0,"k":[100,100],"ix":3},"r":{"a":0,"k":0,"ix":6},"o":{"a":0,"k":100,"ix":7},"sk":{"a":0,"k":0,"ix":4},"sa":{"a":0,"k":0,"ix":5},"nm":"Transform"}],"nm":"body shadow","np":2,"cix":2,"ix":3,"mn":"ADBE Vector Group","hd":false},{"ty":"gr","it":[{"ind":0,"ty":"sh","ix":1,"ks":{"a":0,"k":{"i":[[0,0],[-0.865,-2.12],[9.475,-10.872]],"o":[[14.32,1.157],[0.868,2.127],[0,0]],"v":[[-13.075,-16.467],[12.962,-7.934],[0.255,16.467]],"c":true},"ix":2},"nm":"Path 1","mn":"ADBE Vector Shape - Group","hd":false},{"ty":"fl","c":{"a":0,"k":[0.004000000393,0.430999995213,0.616000007181,1],"ix":4},"o":{"a":0,"k":100,"ix":5},"r":1,"nm":"Fill 1","mn":"ADBE Vector Graphic - Fill","hd":false},{"ty":"tr","p":{"a":0,"k":[95.142,16.694],"ix":2},"a":{"a":0,"k":[0,0],"ix":1},"s":{"a":0,"k":[100,100],"ix":3},"r":{"a":0,"k":0,"ix":6},"o":{"a":0,"k":100,"ix":7},"sk":{"a":0,"k":0,"ix":4},"sa":{"a":0,"k":0,"ix":5},"nm":"Transform"}],"nm":"tip","np":2,"cix":2,"ix":4,"mn":"ADBE Vector Group","hd":false},{"ty":"gr","it":[{"ind":0,"ty":"sh","ix":1,"ks":{"a":0,"k":{"i":[[10.417,-4.251],[-0.321,-0.785],[-10.418,4.252],[1.051,2.576]],"o":[[-10.417,4.251],[0.32,0.784],[10.417,-4.251],[-1.051,-2.576]],"v":[[0.732,-4.993],[-19.727,8.799],[4.539,4.335],[18.997,-7.007]],"c":true},"ix":2},"nm":"Path 1","mn":"ADBE Vector Shape - Group","hd":false},{"ty":"fl","c":{"a":0,"k":[0.004000000393,0.430999995213,0.616000007181,1],"ix":4},"o":{"a":0,"k":100,"ix":5},"r":1,"nm":"Fill 1","mn":"ADBE Vector Graphic - Fill","hd":false},{"ty":"tr","p":{"a":0,"k":[26.287,41.539],"ix":2},"a":{"a":0,"k":[0,0],"ix":1},"s":{"a":0,"k":[100,100],"ix":3},"r":{"a":0,"k":0,"ix":6},"o":{"a":0,"k":100,"ix":7},"sk":{"a":0,"k":0,"ix":4},"sa":{"a":0,"k":0,"ix":5},"nm":"Transform"}],"nm":"flap middle","np":2,"cix":2,"ix":5,"mn":"ADBE Vector Group","hd":false},{"ty":"gr","it":[{"ind":0,"ty":"sh","ix":1,"ks":{"a":0,"k":{"i":[[-25.637,9.783],[-1.374,-3.368],[25.162,-10.949],[0,0],[4.112,10.076],[0,0]],"o":[[25.637,-9.783],[1.375,3.368],[-25.161,10.948],[0,0],[-4.113,-10.077],[0,0]],"v":[[-10.053,-26.422],[43.512,-21.568],[8.639,19.38],[-30.816,26.249],[-39.513,12.317],[-43.048,-3.722]],"c":true},"ix":2},"nm":"Path 1","mn":"ADBE Vector Shape - Group","hd":false},{"ty":"fl","c":{"a":0,"k":[0.004000000393,0.541000007181,0.773000021542,1],"ix":4},"o":{"a":0,"k":100,"ix":5},"r":1,"nm":"Fill 1","mn":"ADBE Vector Graphic - Fill","hd":false},{"ty":"tr","p":{"a":0,"k":[64.591,30.328],"ix":2},"a":{"a":0,"k":[0,0],"ix":1},"s":{"a":0,"k":[100,100],"ix":3},"r":{"a":0,"k":0,"ix":6},"o":{"a":0,"k":100,"ix":7},"sk":{"a":0,"k":0,"ix":4},"sa":{"a":0,"k":0,"ix":5},"nm":"Transform"}],"nm":"body","np":2,"cix":2,"ix":6,"mn":"ADBE Vector Group","hd":false},{"ty":"gr","it":[{"ind":0,"ty":"sh","ix":1,"ks":{"a":0,"k":{"i":[[0,0],[10.514,-10.896],[1.202,-2.13],[-0.832,0.34],[-0.832,0.34],[-1.513,-1.326],[0,0]],"o":[[-2.127,-3.309],[-9.249,9.587],[-0.164,0.291],[0.833,-0.34],[0.832,-0.34],[1.283,1.125],[0,0]],"v":[[19.136,-1.368],[-3.091,-5.606],[-19.095,15.542],[-18.105,16.162],[-1.616,9.433],[2.077,9.675],[3.843,11.383]],"c":true},"ix":2},"nm":"Path 1","mn":"ADBE Vector Shape - Group","hd":false},{"ty":"fl","c":{"a":0,"k":[0.004000000393,0.430999995213,0.616000007181,1],"ix":4},"o":{"a":0,"k":100,"ix":5},"r":1,"nm":"Fill 1","mn":"ADBE Vector Graphic - Fill","hd":false},{"ty":"tr","p":{"a":0,"k":[19.136,16.576],"ix":2},"a":{"a":0,"k":[0,0],"ix":1},"s":{"a":0,"k":[100,100],"ix":3},"r":{"a":0,"k":0,"ix":6},"o":{"a":0,"k":100,"ix":7},"sk":{"a":0,"k":0,"ix":4},"sa":{"a":0,"k":0,"ix":5},"nm":"Transform"}],"nm":"flap top","np":2,"cix":2,"ix":7,"mn":"ADBE Vector Group","hd":false},{"ty":"gr","it":[{"ind":0,"ty":"sh","ix":1,"ks":{"a":0,"k":{"i":[[12.408,6.692],[-0.076,1.003],[0,0],[0,0],[0.615,-3.484]],"o":[[0,0],[0.13,-1.702],[0,0],[0.322,1.561],[0,0]],"v":[[-10.671,1.145],[-9.692,-0.858],[-9.625,-3.314],[10.224,-4.905],[10.357,3.557]],"c":true},"ix":2},"nm":"Path 1","mn":"ADBE Vector Shape - Group","hd":false},{"ty":"fl","c":{"a":0,"k":[0,0.301960796118,0.490196108818,1],"ix":4},"o":{"a":0,"k":100,"ix":5},"r":1,"nm":"Fill 1","mn":"ADBE Vector Graphic - Fill","hd":false},{"ty":"tr","p":{"a":0,"k":[43.478,57.92],"ix":2},"a":{"a":0,"k":[0,0],"ix":1},"s":{"a":0,"k":[100,100],"ix":3},"r":{"a":0,"k":0,"ix":6},"o":{"a":0,"k":100,"ix":7},"sk":{"a":0,"k":0,"ix":4},"sa":{"a":0,"k":0,"ix":5},"nm":"Transform"}],"nm":"flap bottom shadow","np":2,"cix":2,"ix":8,"mn":"ADBE Vector Group","hd":false},{"ty":"gr","it":[{"ind":0,"ty":"sh","ix":1,"ks":{"a":0,"k":{"i":[[0,0],[15.136,0.429],[2.349,0.68],[-0.833,0.34],[-0.832,0.34],[-0.152,2.006],[0,0]],"o":[[0.795,3.853],[-13.315,-0.377],[-0.32,-0.093],[0.832,-0.34],[0.833,-0.34],[0.129,-1.701],[0,0]],"v":[[18.742,-9.294],[5.827,9.286],[-20.404,5.376],[-20.13,4.239],[-3.642,-2.49],[-1.173,-5.247],[-1.106,-7.703]],"c":true},"ix":2},"nm":"Path 1","mn":"ADBE Vector Shape - Group","hd":false},{"ty":"fl","c":{"a":0,"k":[0.004000000393,0.430999995213,0.616000007181,1],"ix":4},"o":{"a":0,"k":100,"ix":5},"r":1,"nm":"Fill 1","mn":"ADBE Vector Graphic - Fill","hd":false},{"ty":"tr","p":{"a":0,"k":[34.96,62.309],"ix":2},"a":{"a":0,"k":[0,0],"ix":1},"s":{"a":0,"k":[100,100],"ix":3},"r":{"a":0,"k":0,"ix":6},"o":{"a":0,"k":100,"ix":7},"sk":{"a":0,"k":0,"ix":4},"sa":{"a":0,"k":0,"ix":5},"nm":"Transform"}],"nm":"flap bottom","np":2,"cix":2,"ix":9,"mn":"ADBE Vector Group","hd":false}],"ip":0,"op":544,"st":0,"bm":0},{"ddd":0,"ind":8,"ty":4,"nm":"cody-leg-left Outlines","parent":6,"sr":1,"ks":{"o":{"a":0,"k":100,"ix":11},"r":{"a":1,"k":[{"i":{"x":[0.833],"y":[1]},"o":{"x":[0.333],"y":[0]},"n":["0p833_1_0p333_0"],"t":0,"s":[0],"e":[-7]},{"i":{"x":[0.833],"y":[1]},"o":{"x":[0.167],"y":[0]},"n":["0p833_1_0p167_0"],"t":65,"s":[-7],"e":[15]},{"i":{"x":[0.581],"y":[1.216]},"o":{"x":[0.235],"y":[0]},"n":["0p581_1p216_0p235_0"],"t":135,"s":[15],"e":[21]},{"i":{"x":[0.833],"y":[1]},"o":{"x":[0.272],"y":[0.135]},"n":["0p833_1_0p272_0p135"],"t":204,"s":[21],"e":[15]},{"i":{"x":[0.833],"y":[1]},"o":{"x":[0.235],"y":[0]},"n":["0p833_1_0p235_0"],"t":270,"s":[15],"e":[-7]},{"i":{"x":[0.833],"y":[1]},"o":{"x":[0.167],"y":[0]},"n":["0p833_1_0p167_0"],"t":336,"s":[-7],"e":[15]},{"i":{"x":[0.581],"y":[0.939]},"o":{"x":[0.235],"y":[0]},"n":["0p581_0p939_0p235_0"],"t":405,"s":[15],"e":[-7]},{"i":{"x":[0.667],"y":[1]},"o":{"x":[0.272],"y":[-0.117]},"n":["0p667_1_0p272_-0p117"],"t":476,"s":[-7],"e":[0]},{"t":543}],"ix":10},"p":{"a":0,"k":[39,70.75,0],"ix":2},"a":{"a":0,"k":[6.5,14.25,0],"ix":1},"s":{"a":0,"k":[100,100,100],"ix":6}},"ao":0,"shapes":[{"ty":"gr","it":[{"ind":0,"ty":"sh","ix":1,"ks":{"a":0,"k":{"i":[[0.116,0.881],[0.098,-1.175],[-1.179,1.937]],"o":[[-0.124,-0.933],[-0.169,2.02],[0,0]],"v":[[1.311,-2.585],[-1.258,0.951],[0.327,1.581]],"c":true},"ix":2},"nm":"Path 1","mn":"ADBE Vector Shape - Group","hd":false},{"ty":"fl","c":{"a":0,"k":[0.13300000359,0.122000002394,0.122000002394,1],"ix":4},"o":{"a":0,"k":100,"ix":5},"r":1,"nm":"Fill 1","mn":"ADBE Vector Graphic - Fill","hd":false},{"ty":"tr","p":{"a":0,"k":[38.076,23.359],"ix":2},"a":{"a":0,"k":[0,0],"ix":1},"s":{"a":0,"k":[100,100],"ix":3},"r":{"a":0,"k":0,"ix":6},"o":{"a":0,"k":100,"ix":7},"sk":{"a":0,"k":0,"ix":4},"sa":{"a":0,"k":0,"ix":5},"nm":"Transform"}],"nm":"dot","np":2,"cix":2,"ix":1,"mn":"ADBE Vector Group","hd":false},{"ty":"gr","it":[{"ind":0,"ty":"sh","ix":1,"ks":{"a":0,"k":{"i":[[0.861,-1.449],[-0.788,-0.797],[-0.861,1.449],[0.789,0.797]],"o":[[-0.861,1.45],[0.788,0.797],[0.861,-1.449],[-0.788,-0.797]],"v":[[-1.428,-1.443],[-1.56,2.624],[1.426,1.443],[1.559,-2.624]],"c":true},"ix":2},"nm":"Path 1","mn":"ADBE Vector Shape - Group","hd":false},{"ty":"fl","c":{"a":0,"k":[0.13300000359,0.122000002394,0.122000002394,1],"ix":4},"o":{"a":0,"k":100,"ix":5},"r":1,"nm":"Fill 1","mn":"ADBE Vector Graphic - Fill","hd":false},{"ty":"tr","p":{"a":0,"k":[36.778,17.779],"ix":2},"a":{"a":0,"k":[0,0],"ix":1},"s":{"a":0,"k":[100,100],"ix":3},"r":{"a":0,"k":0,"ix":6},"o":{"a":0,"k":100,"ix":7},"sk":{"a":0,"k":0,"ix":4},"sa":{"a":0,"k":0,"ix":5},"nm":"Transform"}],"nm":"dot","np":2,"cix":2,"ix":2,"mn":"ADBE Vector Group","hd":false},{"ty":"gr","it":[{"ind":0,"ty":"sh","ix":1,"ks":{"a":0,"k":{"i":[[0.861,-1.45],[-0.788,-0.796],[-0.861,1.45],[0.788,0.798]],"o":[[-0.861,1.449],[0.788,0.798],[0.861,-1.449],[-0.789,-0.797]],"v":[[-1.428,-1.443],[-1.559,2.624],[1.428,1.443],[1.56,-2.625]],"c":true},"ix":2},"nm":"Path 1","mn":"ADBE Vector Shape - Group","hd":false},{"ty":"fl","c":{"a":0,"k":[0.13300000359,0.122000002394,0.122000002394,1],"ix":4},"o":{"a":0,"k":100,"ix":5},"r":1,"nm":"Fill 1","mn":"ADBE Vector Graphic - Fill","hd":false},{"ty":"tr","p":{"a":0,"k":[32.905,15.926],"ix":2},"a":{"a":0,"k":[0,0],"ix":1},"s":{"a":0,"k":[100,100],"ix":3},"r":{"a":0,"k":0,"ix":6},"o":{"a":0,"k":100,"ix":7},"sk":{"a":0,"k":0,"ix":4},"sa":{"a":0,"k":0,"ix":5},"nm":"Transform"}],"nm":"dot","np":2,"cix":2,"ix":3,"mn":"ADBE Vector Group","hd":false},{"ty":"gr","it":[{"ind":0,"ty":"sh","ix":1,"ks":{"a":0,"k":{"i":[[2.124,-2.312],[-0.644,-1.579],[-2.124,2.313],[1,2.451]],"o":[[-2.123,2.313],[0.645,1.58],[2.123,-2.312],[-1,-2.451]],"v":[[-2.477,-4.34],[-4.023,4.865],[1.633,5.116],[3.667,-3.508]],"c":true},"ix":2},"nm":"Path 1","mn":"ADBE Vector Shape - Group","hd":false},{"ty":"fl","c":{"a":0,"k":[0.13300000359,0.122000002394,0.122000002394,1],"ix":4},"o":{"a":0,"k":100,"ix":5},"r":1,"nm":"Fill 1","mn":"ADBE Vector Graphic - Fill","hd":false},{"ty":"tr","p":{"a":0,"k":[31.998,26.07],"ix":2},"a":{"a":0,"k":[0,0],"ix":1},"s":{"a":0,"k":[100,100],"ix":3},"r":{"a":0,"k":0,"ix":6},"o":{"a":0,"k":100,"ix":7},"sk":{"a":0,"k":0,"ix":4},"sa":{"a":0,"k":0,"ix":5},"nm":"Transform"}],"nm":"dot","np":2,"cix":2,"ix":4,"mn":"ADBE Vector Group","hd":false},{"ty":"gr","it":[{"ind":0,"ty":"sh","ix":1,"ks":{"a":0,"k":{"i":[[-3.063,0.717],[-0.603,-2.878],[8.208,-0.505],[-0.985,4.429]],"o":[[2.244,-0.525],[0.926,4.419],[-5.565,0.342],[0.694,-3.118]],"v":[[1.539,-10.478],[7.263,-6.269],[-1.913,10.82],[-3.706,-3.627]],"c":true},"ix":2},"nm":"Path 1","mn":"ADBE Vector Shape - Group","hd":false},{"ty":"fl","c":{"a":0,"k":[0.405000005984,0.255000005984,0.10800000359,1],"ix":4},"o":{"a":0,"k":100,"ix":5},"r":1,"nm":"Fill 1","mn":"ADBE Vector Graphic - Fill","hd":false},{"ty":"tr","p":{"a":0,"k":[32.115,21.718],"ix":2},"a":{"a":0,"k":[0,0],"ix":1},"s":{"a":0,"k":[100,100],"ix":3},"r":{"a":0,"k":0,"ix":6},"o":{"a":0,"k":100,"ix":7},"sk":{"a":0,"k":0,"ix":4},"sa":{"a":0,"k":0,"ix":5},"nm":"Transform"}],"nm":"bottom","np":2,"cix":2,"ix":5,"mn":"ADBE Vector Group","hd":false},{"ty":"gr","it":[{"ind":0,"ty":"sh","ix":1,"ks":{"a":0,"k":{"i":[[1.324,2.021],[1.855,0.138],[0.842,0.505],[10.102,7.239],[2.524,-3.716],[-6.863,-5.249],[-3.962,-1.728],[-1.572,2.641]],"o":[[-2.399,-3.662],[-4.546,-0.336],[-3.101,-1.861],[-2.832,-2.031],[-3.715,5.469],[4.097,3.135],[16.018,6.985],[1.634,-2.744]],"v":[[18.038,3.634],[14.965,-5.289],[7.726,-3.605],[-3.892,-15.727],[-14.475,-10.855],[-15.778,14.175],[-0.955,13.421],[17.28,10.453]],"c":true},"ix":2},"nm":"Path 1","mn":"ADBE Vector Shape - Group","hd":false},{"ty":"fl","c":{"a":0,"k":[0.277999997606,0.172999991623,0.078000005086,1],"ix":4},"o":{"a":0,"k":100,"ix":5},"r":1,"nm":"Fill 1","mn":"ADBE Vector Graphic - Fill","hd":false},{"ty":"tr","p":{"a":0,"k":[19.362,16.361],"ix":2},"a":{"a":0,"k":[0,0],"ix":1},"s":{"a":0,"k":[100,100],"ix":3},"r":{"a":0,"k":0,"ix":6},"o":{"a":0,"k":100,"ix":7},"sk":{"a":0,"k":0,"ix":4},"sa":{"a":0,"k":0,"ix":5},"nm":"Transform"}],"nm":"leg","np":2,"cix":2,"ix":6,"mn":"ADBE Vector Group","hd":false}],"ip":0,"op":544,"st":0,"bm":0},{"ddd":0,"ind":9,"ty":4,"nm":"flames","parent":7,"sr":0.5,"ks":{"o":{"a":0,"k":100,"ix":11},"r":{"a":0,"k":-22,"ix":10},"p":{"a":0,"k":[27.13,41.97,0],"ix":2},"a":{"a":0,"k":[-0.5,0,0],"ix":1},"s":{"a":1,"k":[{"i":{"x":[0.833,0.833,0.833],"y":[0.972,1,1]},"o":{"x":[0.167,0.167,0.167],"y":[0.167,0,0]},"n":["0p833_0p972_0p167_0p167","0p833_1_0p167_0","0p833_1_0p167_0"],"t":0,"s":[160,114.424,100],"e":[130,114.424,100]},{"i":{"x":[0.833,0.833,0.833],"y":[0.98,1,1]},"o":{"x":[0.167,0.167,0.167],"y":[-0.042,0,0]},"n":["0p833_0p98_0p167_-0p042","0p833_1_0p167_0","0p833_1_0p167_0"],"t":8,"s":[130,114.424,100],"e":[150,114.424,100]},{"i":{"x":[0.833,0.833,0.833],"y":[1.057,1,1]},"o":{"x":[0.167,0.167,0.167],"y":[-0.029,0,0]},"n":["0p833_1p057_0p167_-0p029","0p833_1_0p167_0","0p833_1_0p167_0"],"t":16,"s":[150,114.424,100],"e":[135,114.424,100]},{"i":{"x":[0.833,0.833,0.833],"y":[1.015,1,1]},"o":{"x":[0.167,0.167,0.167],"y":[0.032,0,0]},"n":["0p833_1p015_0p167_0p032","0p833_1_0p167_0","0p833_1_0p167_0"],"t":24.5,"s":[135,114.424,100],"e":[160,114.424,100]},{"i":{"x":[0.833,0.833,0.833],"y":[0.971,1,1]},"o":{"x":[0.167,0.167,0.167],"y":[0.015,0,0]},"n":["0p833_0p971_0p167_0p015","0p833_1_0p167_0","0p833_1_0p167_0"],"t":32.5,"s":[160,114.424,100],"e":[130,114.424,100]},{"i":{"x":[0.833,0.833,0.833],"y":[0.98,1,1]},"o":{"x":[0.167,0.167,0.167],"y":[-0.039,0,0]},"n":["0p833_0p98_0p167_-0p039","0p833_1_0p167_0","0p833_1_0p167_0"],"t":42,"s":[130,114.424,100],"e":[150,114.424,100]},{"i":{"x":[0.833,0.833,0.833],"y":[1.059,1,1]},"o":{"x":[0.167,0.167,0.167],"y":[-0.029,0,0]},"n":["0p833_1p059_0p167_-0p029","0p833_1_0p167_0","0p833_1_0p167_0"],"t":50.5,"s":[150,114.424,100],"e":[135,114.424,100]},{"i":{"x":[0.833,0.833,0.833],"y":[1.015,1,1]},"o":{"x":[0.167,0.167,0.167],"y":[0.031,0,0]},"n":["0p833_1p015_0p167_0p031","0p833_1_0p167_0","0p833_1_0p167_0"],"t":59.5,"s":[135,114.424,100],"e":[160,114.424,100]},{"i":{"x":[0.833,0.833,0.833],"y":[0.97,1,1]},"o":{"x":[0.167,0.167,0.167],"y":[0.015,0,0]},"n":["0p833_0p97_0p167_0p015","0p833_1_0p167_0","0p833_1_0p167_0"],"t":67.5,"s":[160,114.424,100],"e":[130,114.424,100]},{"i":{"x":[0.833,0.833,0.833],"y":[0.98,1,1]},"o":{"x":[0.167,0.167,0.167],"y":[-0.038,0,0]},"n":["0p833_0p98_0p167_-0p038","0p833_1_0p167_0","0p833_1_0p167_0"],"t":77,"s":[130,114.424,100],"e":[150,114.424,100]},{"i":{"x":[0.833,0.833,0.833],"y":[1.059,1,1]},"o":{"x":[0.167,0.167,0.167],"y":[-0.029,0,0]},"n":["0p833_1p059_0p167_-0p029","0p833_1_0p167_0","0p833_1_0p167_0"],"t":85,"s":[150,114.424,100],"e":[135,114.424,100]},{"i":{"x":[0.833,0.833,0.833],"y":[1.017,1,1]},"o":{"x":[0.167,0.167,0.167],"y":[0.031,0,0]},"n":["0p833_1p017_0p167_0p031","0p833_1_0p167_0","0p833_1_0p167_0"],"t":94,"s":[135,114.424,100],"e":[160,114.424,100]},{"i":{"x":[0.833,0.833,0.833],"y":[0.974,1,1]},"o":{"x":[0.167,0.167,0.167],"y":[0.014,0,0]},"n":["0p833_0p974_0p167_0p014","0p833_1_0p167_0","0p833_1_0p167_0"],"t":102,"s":[160,114.424,100],"e":[130,114.424,100]},{"i":{"x":[0.833,0.833,0.833],"y":[0.977,1,1]},"o":{"x":[0.167,0.167,0.167],"y":[-0.044,0,0]},"n":["0p833_0p977_0p167_-0p044","0p833_1_0p167_0","0p833_1_0p167_0"],"t":110,"s":[130,114.424,100],"e":[150,114.424,100]},{"i":{"x":[0.833,0.833,0.833],"y":[1.052,1,1]},"o":{"x":[0.167,0.167,0.167],"y":[-0.025,0,0]},"n":["0p833_1p052_0p167_-0p025","0p833_1_0p167_0","0p833_1_0p167_0"],"t":119,"s":[150,114.424,100],"e":[135,114.424,100]},{"i":{"x":[0.833,0.833,0.833],"y":[1.017,1,1]},"o":{"x":[0.167,0.167,0.167],"y":[0.035,0,0]},"n":["0p833_1p017_0p167_0p035","0p833_1_0p167_0","0p833_1_0p167_0"],"t":126.5,"s":[135,114.424,100],"e":[160,114.424,100]},{"i":{"x":[0.833,0.833,0.833],"y":[0.973,1,1]},"o":{"x":[0.167,0.167,0.167],"y":[0.013,0,0]},"n":["0p833_0p973_0p167_0p013","0p833_1_0p167_0","0p833_1_0p167_0"],"t":135,"s":[160,114.424,100],"e":[130,114.424,100]},{"i":{"x":[0.833,0.833,0.833],"y":[0.979,1,1]},"o":{"x":[0.167,0.167,0.167],"y":[-0.043,0,0]},"n":["0p833_0p979_0p167_-0p043","0p833_1_0p167_0","0p833_1_0p167_0"],"t":143,"s":[130,114.424,100],"e":[150,114.424,100]},{"i":{"x":[0.833,0.833,0.833],"y":[1.054,1,1]},"o":{"x":[0.167,0.167,0.167],"y":[-0.027,0,0]},"n":["0p833_1p054_0p167_-0p027","0p833_1_0p167_0","0p833_1_0p167_0"],"t":151.5,"s":[150,114.424,100],"e":[135,114.424,100]},{"i":{"x":[0.833,0.833,0.833],"y":[1.016,1,1]},"o":{"x":[0.167,0.167,0.167],"y":[0.034,0,0]},"n":["0p833_1p016_0p167_0p034","0p833_1_0p167_0","0p833_1_0p167_0"],"t":159.5,"s":[135,114.424,100],"e":[160,114.424,100]},{"i":{"x":[0.833,0.833,0.833],"y":[0.971,1,1]},"o":{"x":[0.167,0.167,0.167],"y":[0.015,0,0]},"n":["0p833_0p971_0p167_0p015","0p833_1_0p167_0","0p833_1_0p167_0"],"t":168,"s":[160,114.424,100],"e":[130,114.424,100]},{"i":{"x":[0.833,0.833,0.833],"y":[0.979,1,1]},"o":{"x":[0.167,0.167,0.167],"y":[-0.039,0,0]},"n":["0p833_0p979_0p167_-0p039","0p833_1_0p167_0","0p833_1_0p167_0"],"t":177.5,"s":[130,114.424,100],"e":[150,114.424,100]},{"i":{"x":[0.833,0.833,0.833],"y":[1,1,1]},"o":{"x":[0.167,0.167,0.167],"y":[-0.028,0,0]},"n":["0p833_1_0p167_-0p028","0p833_1_0p167_0","0p833_1_0p167_0"],"t":186,"s":[150,114.424,100],"e":[135,114.424,100]},{"i":{"x":[0.833,0.833,0.833],"y":[1,1,1]},"o":{"x":[0.167,0.167,0.167],"y":[0,0,0]},"n":["0p833_1_0p167_0","0p833_1_0p167_0","0p833_1_0p167_0"],"t":194.5,"s":[135,114.424,100],"e":[150,114.424,100]},{"i":{"x":[0.833,0.833,0.833],"y":[1.054,1,1]},"o":{"x":[0.167,0.167,0.167],"y":[0,0,0]},"n":["0p833_1p054_0p167_0","0p833_1_0p167_0","0p833_1_0p167_0"],"t":203,"s":[150,114.424,100],"e":[135,114.424,100]},{"i":{"x":[0.833,0.833,0.833],"y":[1.018,1,1]},"o":{"x":[0.167,0.167,0.167],"y":[0.034,0,0]},"n":["0p833_1p018_0p167_0p034","0p833_1_0p167_0","0p833_1_0p167_0"],"t":211.5,"s":[135,114.424,100],"e":[160,114.424,100]},{"i":{"x":[0.833,0.833,0.833],"y":[0.974,1,1]},"o":{"x":[0.167,0.167,0.167],"y":[0.013,0,0]},"n":["0p833_0p974_0p167_0p013","0p833_1_0p167_0","0p833_1_0p167_0"],"t":220.5,"s":[160,114.424,100],"e":[130,114.424,100]},{"i":{"x":[0.833,0.833,0.833],"y":[0.979,1,1]},"o":{"x":[0.167,0.167,0.167],"y":[-0.044,0,0]},"n":["0p833_0p979_0p167_-0p044","0p833_1_0p167_0","0p833_1_0p167_0"],"t":228.5,"s":[130,114.424,100],"e":[150,114.424,100]},{"i":{"x":[0.833,0.833,0.833],"y":[1.056,1,1]},"o":{"x":[0.167,0.167,0.167],"y":[-0.027,0,0]},"n":["0p833_1p056_0p167_-0p027","0p833_1_0p167_0","0p833_1_0p167_0"],"t":237.5,"s":[150,114.424,100],"e":[135,114.424,100]},{"i":{"x":[0.833,0.833,0.833],"y":[1.017,1,1]},"o":{"x":[0.167,0.167,0.167],"y":[0.033,0,0]},"n":["0p833_1p017_0p167_0p033","0p833_1_0p167_0","0p833_1_0p167_0"],"t":246,"s":[135,114.424,100],"e":[160,114.424,100]},{"i":{"x":[0.833,0.833,0.833],"y":[1,1,1]},"o":{"x":[0.167,0.167,0.167],"y":[0.014,0,0]},"n":["0p833_1_0p167_0p014","0p833_1_0p167_0","0p833_1_0p167_0"],"t":254.5,"s":[160,114.424,100],"e":[130,114.424,100]},{"i":{"x":[0.833,0.833,0.833],"y":[1,1,1]},"o":{"x":[0.167,0.167,0.167],"y":[0,0,0]},"n":["0p833_1_0p167_0","0p833_1_0p167_0","0p833_1_0p167_0"],"t":263,"s":[130,114.424,100],"e":[160,114.424,100]},{"i":{"x":[0.833,0.833,0.833],"y":[0.972,1,1]},"o":{"x":[0.167,0.167,0.167],"y":[0,0,0]},"n":["0p833_0p972_0p167_0","0p833_1_0p167_0","0p833_1_0p167_0"],"t":271.5,"s":[160,114.424,100],"e":[130,114.424,100]},{"i":{"x":[0.833,0.833,0.833],"y":[0.98,1,1]},"o":{"x":[0.167,0.167,0.167],"y":[-0.042,0,0]},"n":["0p833_0p98_0p167_-0p042","0p833_1_0p167_0","0p833_1_0p167_0"],"t":279.5,"s":[130,114.424,100],"e":[150,114.424,100]},{"i":{"x":[0.833,0.833,0.833],"y":[1.057,1,1]},"o":{"x":[0.167,0.167,0.167],"y":[-0.029,0,0]},"n":["0p833_1p057_0p167_-0p029","0p833_1_0p167_0","0p833_1_0p167_0"],"t":287.5,"s":[150,114.424,100],"e":[135,114.424,100]},{"i":{"x":[0.833,0.833,0.833],"y":[1.015,1,1]},"o":{"x":[0.167,0.167,0.167],"y":[0.032,0,0]},"n":["0p833_1p015_0p167_0p032","0p833_1_0p167_0","0p833_1_0p167_0"],"t":296,"s":[135,114.424,100],"e":[160,114.424,100]},{"i":{"x":[0.833,0.833,0.833],"y":[0.971,1,1]},"o":{"x":[0.167,0.167,0.167],"y":[0.015,0,0]},"n":["0p833_0p971_0p167_0p015","0p833_1_0p167_0","0p833_1_0p167_0"],"t":304,"s":[160,114.424,100],"e":[130,114.424,100]},{"i":{"x":[0.833,0.833,0.833],"y":[0.98,1,1]},"o":{"x":[0.167,0.167,0.167],"y":[-0.039,0,0]},"n":["0p833_0p98_0p167_-0p039","0p833_1_0p167_0","0p833_1_0p167_0"],"t":313.5,"s":[130,114.424,100],"e":[150,114.424,100]},{"i":{"x":[0.833,0.833,0.833],"y":[1.059,1,1]},"o":{"x":[0.167,0.167,0.167],"y":[-0.029,0,0]},"n":["0p833_1p059_0p167_-0p029","0p833_1_0p167_0","0p833_1_0p167_0"],"t":322,"s":[150,114.424,100],"e":[135,114.424,100]},{"i":{"x":[0.833,0.833,0.833],"y":[1.015,1,1]},"o":{"x":[0.167,0.167,0.167],"y":[0.031,0,0]},"n":["0p833_1p015_0p167_0p031","0p833_1_0p167_0","0p833_1_0p167_0"],"t":331,"s":[135,114.424,100],"e":[160,114.424,100]},{"i":{"x":[0.833,0.833,0.833],"y":[0.97,1,1]},"o":{"x":[0.167,0.167,0.167],"y":[0.015,0,0]},"n":["0p833_0p97_0p167_0p015","0p833_1_0p167_0","0p833_1_0p167_0"],"t":339,"s":[160,114.424,100],"e":[130,114.424,100]},{"i":{"x":[0.833,0.833,0.833],"y":[0.98,1,1]},"o":{"x":[0.167,0.167,0.167],"y":[-0.038,0,0]},"n":["0p833_0p98_0p167_-0p038","0p833_1_0p167_0","0p833_1_0p167_0"],"t":348.5,"s":[130,114.424,100],"e":[150,114.424,100]},{"i":{"x":[0.833,0.833,0.833],"y":[1.059,1,1]},"o":{"x":[0.167,0.167,0.167],"y":[-0.029,0,0]},"n":["0p833_1p059_0p167_-0p029","0p833_1_0p167_0","0p833_1_0p167_0"],"t":356.5,"s":[150,114.424,100],"e":[135,114.424,100]},{"i":{"x":[0.833,0.833,0.833],"y":[1.017,1,1]},"o":{"x":[0.167,0.167,0.167],"y":[0.031,0,0]},"n":["0p833_1p017_0p167_0p031","0p833_1_0p167_0","0p833_1_0p167_0"],"t":365.5,"s":[135,114.424,100],"e":[160,114.424,100]},{"i":{"x":[0.833,0.833,0.833],"y":[0.974,1,1]},"o":{"x":[0.167,0.167,0.167],"y":[0.014,0,0]},"n":["0p833_0p974_0p167_0p014","0p833_1_0p167_0","0p833_1_0p167_0"],"t":373.5,"s":[160,114.424,100],"e":[130,114.424,100]},{"i":{"x":[0.833,0.833,0.833],"y":[0.977,1,1]},"o":{"x":[0.167,0.167,0.167],"y":[-0.044,0,0]},"n":["0p833_0p977_0p167_-0p044","0p833_1_0p167_0","0p833_1_0p167_0"],"t":381.5,"s":[130,114.424,100],"e":[150,114.424,100]},{"i":{"x":[0.833,0.833,0.833],"y":[1.052,1,1]},"o":{"x":[0.167,0.167,0.167],"y":[-0.025,0,0]},"n":["0p833_1p052_0p167_-0p025","0p833_1_0p167_0","0p833_1_0p167_0"],"t":390.5,"s":[150,114.424,100],"e":[135,114.424,100]},{"i":{"x":[0.833,0.833,0.833],"y":[1.017,1,1]},"o":{"x":[0.167,0.167,0.167],"y":[0.035,0,0]},"n":["0p833_1p017_0p167_0p035","0p833_1_0p167_0","0p833_1_0p167_0"],"t":398,"s":[135,114.424,100],"e":[160,114.424,100]},{"i":{"x":[0.833,0.833,0.833],"y":[0.973,1,1]},"o":{"x":[0.167,0.167,0.167],"y":[0.013,0,0]},"n":["0p833_0p973_0p167_0p013","0p833_1_0p167_0","0p833_1_0p167_0"],"t":406.5,"s":[160,114.424,100],"e":[130,114.424,100]},{"i":{"x":[0.833,0.833,0.833],"y":[0.979,1,1]},"o":{"x":[0.167,0.167,0.167],"y":[-0.043,0,0]},"n":["0p833_0p979_0p167_-0p043","0p833_1_0p167_0","0p833_1_0p167_0"],"t":414.5,"s":[130,114.424,100],"e":[150,114.424,100]},{"i":{"x":[0.833,0.833,0.833],"y":[1.054,1,1]},"o":{"x":[0.167,0.167,0.167],"y":[-0.027,0,0]},"n":["0p833_1p054_0p167_-0p027","0p833_1_0p167_0","0p833_1_0p167_0"],"t":423,"s":[150,114.424,100],"e":[135,114.424,100]},{"i":{"x":[0.833,0.833,0.833],"y":[1.016,1,1]},"o":{"x":[0.167,0.167,0.167],"y":[0.034,0,0]},"n":["0p833_1p016_0p167_0p034","0p833_1_0p167_0","0p833_1_0p167_0"],"t":431,"s":[135,114.424,100],"e":[160,114.424,100]},{"i":{"x":[0.833,0.833,0.833],"y":[0.971,1,1]},"o":{"x":[0.167,0.167,0.167],"y":[0.015,0,0]},"n":["0p833_0p971_0p167_0p015","0p833_1_0p167_0","0p833_1_0p167_0"],"t":439.5,"s":[160,114.424,100],"e":[130,114.424,100]},{"i":{"x":[0.833,0.833,0.833],"y":[0.979,1,1]},"o":{"x":[0.167,0.167,0.167],"y":[-0.039,0,0]},"n":["0p833_0p979_0p167_-0p039","0p833_1_0p167_0","0p833_1_0p167_0"],"t":449,"s":[130,114.424,100],"e":[150,114.424,100]},{"i":{"x":[0.833,0.833,0.833],"y":[1,1,1]},"o":{"x":[0.167,0.167,0.167],"y":[-0.028,0,0]},"n":["0p833_1_0p167_-0p028","0p833_1_0p167_0","0p833_1_0p167_0"],"t":457.5,"s":[150,114.424,100],"e":[135,114.424,100]},{"i":{"x":[0.833,0.833,0.833],"y":[1,1,1]},"o":{"x":[0.167,0.167,0.167],"y":[0,0,0]},"n":["0p833_1_0p167_0","0p833_1_0p167_0","0p833_1_0p167_0"],"t":466,"s":[135,114.424,100],"e":[150,114.424,100]},{"i":{"x":[0.833,0.833,0.833],"y":[1.054,1,1]},"o":{"x":[0.167,0.167,0.167],"y":[0,0,0]},"n":["0p833_1p054_0p167_0","0p833_1_0p167_0","0p833_1_0p167_0"],"t":474.5,"s":[150,114.424,100],"e":[135,114.424,100]},{"i":{"x":[0.833,0.833,0.833],"y":[1.018,1,1]},"o":{"x":[0.167,0.167,0.167],"y":[0.034,0,0]},"n":["0p833_1p018_0p167_0p034","0p833_1_0p167_0","0p833_1_0p167_0"],"t":483,"s":[135,114.424,100],"e":[160,114.424,100]},{"i":{"x":[0.833,0.833,0.833],"y":[0.974,1,1]},"o":{"x":[0.167,0.167,0.167],"y":[0.013,0,0]},"n":["0p833_0p974_0p167_0p013","0p833_1_0p167_0","0p833_1_0p167_0"],"t":492,"s":[160,114.424,100],"e":[130,114.424,100]},{"i":{"x":[0.833,0.833,0.833],"y":[0.979,1,1]},"o":{"x":[0.167,0.167,0.167],"y":[-0.044,0,0]},"n":["0p833_0p979_0p167_-0p044","0p833_1_0p167_0","0p833_1_0p167_0"],"t":500,"s":[130,114.424,100],"e":[150,114.424,100]},{"i":{"x":[0.833,0.833,0.833],"y":[1.056,1,1]},"o":{"x":[0.167,0.167,0.167],"y":[-0.027,0,0]},"n":["0p833_1p056_0p167_-0p027","0p833_1_0p167_0","0p833_1_0p167_0"],"t":509,"s":[150,114.424,100],"e":[135,114.424,100]},{"i":{"x":[0.833,0.833,0.833],"y":[1.017,1,1]},"o":{"x":[0.167,0.167,0.167],"y":[0.033,0,0]},"n":["0p833_1p017_0p167_0p033","0p833_1_0p167_0","0p833_1_0p167_0"],"t":517.5,"s":[135,114.424,100],"e":[160,114.424,100]},{"i":{"x":[0.833,0.833,0.833],"y":[1,1,1]},"o":{"x":[0.167,0.167,0.167],"y":[0.014,0,0]},"n":["0p833_1_0p167_0p014","0p833_1_0p167_0","0p833_1_0p167_0"],"t":526,"s":[160,114.424,100],"e":[130,114.424,100]},{"i":{"x":[0.833,0.833,0.833],"y":[0.833,1,1]},"o":{"x":[0.167,0.167,0.167],"y":[0,0,0]},"n":["0p833_0p833_0p167_0","0p833_1_0p167_0","0p833_1_0p167_0"],"t":534.5,"s":[130,114.424,100],"e":[160,114.424,100]},{"t":543}],"ix":6}},"ao":0,"shapes":[{"ty":"gr","it":[{"ind":0,"ty":"sh","ix":1,"ks":{"a":0,"k":{"i":[[-0.125,0],[0,0],[-15.75,0]],"o":[[-15.5,0],[0,0],[0,-5.125]],"v":[[-0.25,-12.375],[-29.375,-0.125],[-0.25,12.125]],"c":true},"ix":2},"nm":"Path 1","mn":"ADBE Vector Shape - Group","hd":false},{"ty":"fl","c":{"a":0,"k":[0.941176533699,0.454901993275,0,1],"ix":4},"o":{"a":0,"k":100,"ix":5},"r":1,"nm":"Fill 1","mn":"ADBE Vector Graphic - Fill","hd":false},{"ty":"tr","p":{"a":0,"k":[0,0],"ix":2},"a":{"a":0,"k":[0,0],"ix":1},"s":{"a":0,"k":[80.873,57.281],"ix":3},"r":{"a":0,"k":0,"ix":6},"o":{"a":0,"k":100,"ix":7},"sk":{"a":0,"k":0,"ix":4},"sa":{"a":0,"k":0,"ix":5},"nm":"Transform"}],"nm":"orange","np":2,"cix":2,"ix":1,"mn":"ADBE Vector Group","hd":false},{"ty":"gr","it":[{"ind":0,"ty":"sh","ix":1,"ks":{"a":0,"k":{"i":[[-0.125,0],[0,0],[-15.75,0]],"o":[[-15.5,0],[0,0],[0,-5.125]],"v":[[-0.25,-12.375],[-29.375,-0.125],[-0.25,12.125]],"c":true},"ix":2},"nm":"Path 1","mn":"ADBE Vector Shape - Group","hd":false},{"ty":"fl","c":{"a":0,"k":[0.988235354424,0.68235296011,0,1],"ix":4},"o":{"a":0,"k":100,"ix":5},"r":1,"nm":"Fill 1","mn":"ADBE Vector Graphic - Fill","hd":false},{"ty":"tr","p":{"a":0,"k":[0,0],"ix":2},"a":{"a":0,"k":[0,0],"ix":1},"s":{"a":0,"k":[125.768,79.788],"ix":3},"r":{"a":0,"k":0,"ix":6},"o":{"a":0,"k":100,"ix":7},"sk":{"a":0,"k":0,"ix":4},"sa":{"a":0,"k":0,"ix":5},"nm":"Transform"}],"nm":"yellow","np":2,"cix":2,"ix":2,"mn":"ADBE Vector Group","hd":false}],"ip":0,"op":544,"st":0,"bm":0}]}],"layers":[{"ddd":0,"ind":1,"ty":0,"nm":"dust","refId":"comp_0","sr":1,"ks":{"o":{"a":0,"k":100,"ix":11},"r":{"a":0,"k":0,"ix":10},"p":{"a":0,"k":[85,85,0],"ix":2},"a":{"a":0,"k":[85,85,0],"ix":1},"s":{"a":0,"k":[100,100,100],"ix":6}},"ao":0,"w":170,"h":170,"ip":0,"op":136,"st":0,"bm":0},{"ddd":0,"ind":2,"ty":0,"nm":"dust","refId":"comp_0","sr":1,"ks":{"o":{"a":0,"k":100,"ix":11},"r":{"a":0,"k":0,"ix":10},"p":{"a":0,"k":[85,85,0],"ix":2},"a":{"a":0,"k":[85,85,0],"ix":1},"s":{"a":0,"k":[100,100,100],"ix":6}},"ao":0,"w":170,"h":170,"ip":136,"op":272,"st":136,"bm":0},{"ddd":0,"ind":3,"ty":0,"nm":"dust","refId":"comp_0","sr":1,"ks":{"o":{"a":0,"k":100,"ix":11},"r":{"a":0,"k":0,"ix":10},"p":{"a":0,"k":[85,85,0],"ix":2},"a":{"a":0,"k":[85,85,0],"ix":1},"s":{"a":0,"k":[100,100,100],"ix":6}},"ao":0,"w":170,"h":170,"ip":272,"op":408,"st":272,"bm":0},{"ddd":0,"ind":4,"ty":0,"nm":"dust","refId":"comp_0","sr":1,"ks":{"o":{"a":0,"k":100,"ix":11},"r":{"a":0,"k":0,"ix":10},"p":{"a":0,"k":[85,85,0],"ix":2},"a":{"a":0,"k":[85,85,0],"ix":1},"s":{"a":0,"k":[100,100,100],"ix":6}},"ao":0,"w":170,"h":170,"ip":408,"op":544,"st":408,"bm":0},{"ddd":0,"ind":5,"ty":0,"nm":"cody riding","refId":"comp_1","sr":1,"ks":{"o":{"a":0,"k":100,"ix":11},"r":{"a":0,"k":0,"ix":10},"p":{"a":0,"k":[85,85,0],"ix":2},"a":{"a":0,"k":[85,85,0],"ix":1},"s":{"a":0,"k":[100,100,100],"ix":6}},"ao":0,"w":170,"h":170,"ip":0,"op":544,"st":0,"bm":0}],"markers":[]}