{"v":"4.8.0","meta":{"g":"LottieFiles AE 1.0.0","a":"","k":"","d":"","tc":"#FFFFFF"},"fr":30,"ip":0,"op":150,"w":500,"h":500,"nm":"Sloth Full","ddd":0,"assets":[{"id":"comp_0","layers":[{"ddd":0,"ind":1,"ty":3,"nm":"Full sloth controller ","sr":1,"ks":{"o":{"a":0,"k":0,"ix":11},"r":{"a":0,"k":0,"ix":10},"p":{"a":1,"k":[{"i":{"x":0.667,"y":1},"o":{"x":0.333,"y":0},"t":30,"s":[2000,2388,0],"to":[0,-85.5,0],"ti":[0,64.667,0]},{"i":{"x":0.667,"y":1},"o":{"x":0.333,"y":0},"t":60.5,"s":[2000,1875,0],"to":[0,-64.667,0],"ti":[0,0,0]},{"i":{"x":0.667,"y":1},"o":{"x":0.167,"y":0},"t":91,"s":[2000,2000,0],"to":[0,0,0],"ti":[0,0,0]},{"i":{"x":0.667,"y":1},"o":{"x":0.333,"y":0},"t":120,"s":[2000,1875,0],"to":[0,0,0],"ti":[0,-20.833,0]},{"t":149,"s":[2000,2000,0]}],"ix":2},"a":{"a":0,"k":[0,0,0],"ix":1},"s":{"a":0,"k":[100,100,100],"ix":6}},"ao":0,"ip":0,"op":150,"st":0,"bm":0},{"ddd":0,"ind":2,"ty":4,"nm":"R Eye 2","parent":1,"sr":1,"ks":{"o":{"a":0,"k":100,"ix":11},"r":{"a":0,"k":0,"ix":10},"p":{"a":1,"k":[{"i":{"x":0.667,"y":1},"o":{"x":0.333,"y":0},"t":30,"s":[-324,-500,0],"to":[0,-2.667,0],"ti":[0,2.667,0]},{"t":31,"s":[-324,-516,0]}],"ix":2},"a":{"a":0,"k":[352,-482,0],"ix":1},"s":{"a":1,"k":[{"i":{"x":[0.667,0.667,0.667],"y":[1,1,1]},"o":{"x":[0.333,0.333,0.333],"y":[0,0,0]},"t":0,"s":[100,100,100]},{"i":{"x":[0.667,0.667,0.667],"y":[1,1,1]},"o":{"x":[0.333,0.333,0.333],"y":[0,0,0]},"t":4,"s":[100,10,100]},{"i":{"x":[0.667,0.667,0.667],"y":[1,1,1]},"o":{"x":[0.333,0.333,0.333],"y":[0,0,0]},"t":8,"s":[100,100,100]},{"i":{"x":[0.667,0.667,0.667],"y":[1,1,1]},"o":{"x":[0.333,0.333,0.333],"y":[0,0,0]},"t":12,"s":[100,100,100]},{"i":{"x":[0.667,0.667,0.667],"y":[1,1,1]},"o":{"x":[0.333,0.333,0.333],"y":[0,0,0]},"t":16,"s":[100,10,100]},{"i":{"x":[0.667,0.667,0.667],"y":[1,1,1]},"o":{"x":[0.333,0.333,0.333],"y":[0,0,0]},"t":20,"s":[100,100,100]},{"i":{"x":[0.833,0.833,0.833],"y":[1,1,1]},"o":{"x":[0.167,0.167,0.167],"y":[0,0,0]},"t":27,"s":[100,100,100]},{"t":34,"s":[0,0,100]}],"ix":6}},"ao":0,"shapes":[{"ty":"gr","it":[{"d":1,"ty":"el","s":{"a":0,"k":[200,200],"ix":2},"p":{"a":0,"k":[0,0],"ix":3},"nm":"Ellipse Path 1","mn":"ADBE Vector Shape - Ellipse","hd":false},{"ty":"st","c":{"a":0,"k":[0.709803981407,0.780391977348,0.776471007104,1],"ix":3},"o":{"a":0,"k":100,"ix":4},"w":{"a":0,"k":0,"ix":5},"lc":1,"lj":1,"ml":4,"bm":0,"nm":"Stroke 1","mn":"ADBE Vector Graphic - Stroke","hd":false},{"ty":"fl","c":{"a":0,"k":[0.450980422076,0.141176470588,0.341176470588,1],"ix":4},"o":{"a":0,"k":100,"ix":5},"r":1,"bm":0,"nm":"Fill 1","mn":"ADBE Vector Graphic - Fill","hd":false},{"ty":"tr","p":{"a":0,"k":[352,-482],"ix":2},"a":{"a":0,"k":[0,0],"ix":1},"s":{"a":0,"k":[100,100],"ix":3},"r":{"a":0,"k":0,"ix":6},"o":{"a":0,"k":100,"ix":7},"sk":{"a":0,"k":0,"ix":4},"sa":{"a":0,"k":0,"ix":5},"nm":"Transform"}],"nm":"Ellipse 1","np":3,"cix":2,"bm":0,"ix":1,"mn":"ADBE Vector Group","hd":false}],"ip":0,"op":150,"st":0,"bm":0},{"ddd":0,"ind":3,"ty":4,"nm":"L Eye","parent":1,"sr":1,"ks":{"o":{"a":0,"k":100,"ix":11},"r":{"a":0,"k":0,"ix":10},"p":{"a":1,"k":[{"i":{"x":0.667,"y":1},"o":{"x":0.333,"y":0},"t":30,"s":[346,-484,0],"to":[0,-5,0],"ti":[0,5,0]},{"t":31,"s":[346,-514,0]}],"ix":2},"a":{"a":0,"k":[352,-484,0],"ix":1},"s":{"a":1,"k":[{"i":{"x":[0.667,0.667,0.667],"y":[1,1,1]},"o":{"x":[0.333,0.333,0.333],"y":[0,0,0]},"t":0,"s":[100,100,100]},{"i":{"x":[0.667,0.667,0.667],"y":[1,1,1]},"o":{"x":[0.333,0.333,0.333],"y":[0,0,0]},"t":4,"s":[100,10,100]},{"i":{"x":[0.667,0.667,0.667],"y":[1,1,1]},"o":{"x":[0.333,0.333,0.333],"y":[0,0,0]},"t":8,"s":[100,100,100]},{"i":{"x":[0.667,0.667,0.667],"y":[1,1,1]},"o":{"x":[0.333,0.333,0.333],"y":[0,0,0]},"t":12,"s":[100,100,100]},{"i":{"x":[0.667,0.667,0.667],"y":[1,1,1]},"o":{"x":[0.333,0.333,0.333],"y":[0,0,0]},"t":16,"s":[100,10,100]},{"i":{"x":[0.667,0.667,0.667],"y":[1,1,1]},"o":{"x":[0.333,0.333,0.333],"y":[0,0,0]},"t":20,"s":[100,100,100]},{"i":{"x":[0.833,0.833,0.833],"y":[1,1,1]},"o":{"x":[0.167,0.167,0.167],"y":[0,0,0]},"t":27,"s":[100,100,100]},{"t":34,"s":[0,0,100]}],"ix":6}},"ao":0,"shapes":[{"ty":"gr","it":[{"d":1,"ty":"el","s":{"a":0,"k":[200,200],"ix":2},"p":{"a":0,"k":[0,0],"ix":3},"nm":"Ellipse Path 1","mn":"ADBE Vector Shape - Ellipse","hd":false},{"ty":"st","c":{"a":0,"k":[0.709803981407,0.780391977348,0.776471007104,1],"ix":3},"o":{"a":0,"k":100,"ix":4},"w":{"a":0,"k":0,"ix":5},"lc":1,"lj":1,"ml":4,"bm":0,"nm":"Stroke 1","mn":"ADBE Vector Graphic - Stroke","hd":false},{"ty":"fl","c":{"a":0,"k":[0.450980422076,0.141176470588,0.341176470588,1],"ix":4},"o":{"a":0,"k":100,"ix":5},"r":1,"bm":0,"nm":"Fill 1","mn":"ADBE Vector Graphic - Fill","hd":false},{"ty":"tr","p":{"a":0,"k":[352,-482],"ix":2},"a":{"a":0,"k":[0,0],"ix":1},"s":{"a":0,"k":[100,100],"ix":3},"r":{"a":0,"k":0,"ix":6},"o":{"a":0,"k":100,"ix":7},"sk":{"a":0,"k":0,"ix":4},"sa":{"a":0,"k":0,"ix":5},"nm":"Transform"}],"nm":"Ellipse 1","np":3,"cix":2,"bm":0,"ix":1,"mn":"ADBE Vector Group","hd":false}],"ip":0,"op":150,"st":0,"bm":0},{"ddd":0,"ind":4,"ty":4,"nm":"Close eye R","parent":1,"sr":1,"ks":{"o":{"a":0,"k":100,"ix":11},"r":{"a":0,"k":0,"ix":10},"p":{"a":0,"k":[367.129,-495.252,0],"ix":2},"a":{"a":0,"k":[121.72,44.569,0],"ix":1},"s":{"a":1,"k":[{"i":{"x":[0.667,0.667,0.667],"y":[1,1,1]},"o":{"x":[0.333,0.333,0.333],"y":[0,0,0]},"t":27,"s":[0,100,100]},{"t":34,"s":[100,100,100]}],"ix":6}},"ao":0,"shapes":[{"ty":"gr","it":[{"ind":0,"ty":"sh","ix":1,"ks":{"a":0,"k":{"i":[[0,0],[1.908,0.73],[0,0],[4.027,1.45],[7.948,2.467],[15.803,2.06],[7.931,0.202],[8.044,-0.525],[17.494,-3.524],[0,0],[1.907,9.467],[-4.733,3.981],[-20.728,5.501],[-10.779,0.684],[-10.654,-1.417],[-18.536,-9.695],[-8.195,-6.38],[-3.756,-3.653],[-1.823,-1.935],[-2.161,-2.607],[7.203,-5.967],[5.121,1.371]],"o":[[-1.427,-0.393],[0,0],[-3.982,-1.602],[-7.95,-3.071],[-15.853,-5.055],[-7.915,-0.91],[-7.928,-0.163],[-16.072,1.323],[0,0],[-9.466,1.906],[-1.307,-6.491],[15.904,-13.318],[10.391,-2.681],[10.777,-0.484],[21.283,2.965],[9.251,4.9],[4.059,3.25],[1.884,1.81],[1.862,2.039],[5.969,7.202],[-4.392,3.642],[0,0]],"v":[[93.245,41.621],[87.761,39.385],[81.879,36.864],[69.99,32.056],[46.179,23.633],[-1.318,12.948],[-25.058,11.261],[-48.967,11.959],[-98.764,19.826],[-99.57,19.988],[-120.163,6.3],[-114.248,-10.559],[-58.192,-38.856],[-26.318,-43.835],[5.934,-42.507],[66.25,-23.209],[92.499,-6.336],[104.345,3.817],[109.92,9.394],[115.501,15.782],[113.267,39.629],[98.067,42.948]],"c":true},"ix":2},"nm":"Path 1","mn":"ADBE Vector Shape - Group","hd":false},{"ty":"fl","c":{"a":0,"k":[0.450238485897,0.141227752087,0.342166885675,1],"ix":4},"o":{"a":0,"k":100,"ix":5},"r":1,"bm":0,"nm":"Fill 1","mn":"ADBE Vector Graphic - Fill","hd":false},{"ty":"tr","p":{"a":0,"k":[121.72,44.569],"ix":2},"a":{"a":0,"k":[0,0],"ix":1},"s":{"a":0,"k":[100,100],"ix":3},"r":{"a":0,"k":0,"ix":6},"o":{"a":0,"k":100,"ix":7},"sk":{"a":0,"k":0,"ix":4},"sa":{"a":0,"k":0,"ix":5},"nm":"Transform"}],"nm":"Group 1","np":4,"cix":2,"bm":0,"ix":1,"mn":"ADBE Vector Group","hd":false}],"ip":0,"op":150,"st":0,"bm":0},{"ddd":0,"ind":5,"ty":4,"nm":"Close eye L","parent":1,"sr":1,"ks":{"o":{"a":0,"k":100,"ix":11},"r":{"a":0,"k":0,"ix":10},"p":{"a":0,"k":[-345.053,-492.572,0],"ix":2},"a":{"a":0,"k":[121.663,45.434,0],"ix":1},"s":{"a":1,"k":[{"i":{"x":[0.667,0.667,0.667],"y":[1,1,1]},"o":{"x":[0.333,0.333,0.333],"y":[0,0,0]},"t":27,"s":[0,100,100]},{"t":34,"s":[100,100,100]}],"ix":6}},"ao":0,"shapes":[{"ty":"gr","it":[{"ind":0,"ty":"sh","ix":1,"ks":{"a":0,"k":{"i":[[-3.333,4.124],[-1.851,2.047],[-1.876,1.819],[-4.042,3.271],[-9.224,4.949],[-21.265,3.078],[-10.78,-0.426],[-10.405,-2.626],[-15.976,-13.233],[6.159,-7.437],[6.07,1.175],[0,0],[16.079,1.238],[7.929,-0.206],[7.91,-0.95],[15.825,-5.139],[7.933,-3.113],[3.975,-1.623],[0,0],[1.426,-0.399],[0,0],[2.528,9.007]],"o":[[2.147,-2.619],[1.814,-1.946],[3.735,-3.674],[8.161,-6.425],[18.484,-9.793],[10.646,-1.475],[10.782,0.627],[20.757,5.392],[7.436,6.16],[-4.224,5.098],[0,0],[-17.513,-3.43],[-8.046,-0.484],[-7.927,0.244],[-15.792,2.145],[-7.934,2.509],[-4.02,1.472],[0,0],[-1.904,0.739],[0,0],[-9.005,2.528],[-1.542,-5.492]],"v":[[-116.663,15.611],[-111.117,9.194],[-105.57,3.588],[-93.779,-6.628],[-67.62,-23.641],[-7.408,-43.259],[24.837,-44.758],[56.737,-39.949],[112.943,-11.95],[115.254,12.67],[98.451,18.682],[97.62,18.516],[47.781,10.915],[23.868,10.344],[0.138,12.155],[-47.3,23.094],[-71.067,31.643],[-82.931,36.514],[-88.798,39.067],[-94.271,41.331],[-98.988,42.656],[-119.871,30.926]],"c":true},"ix":2},"nm":"Path 1","mn":"ADBE Vector Shape - Group","hd":false},{"ty":"fl","c":{"a":0,"k":[0.450238485897,0.141227752087,0.342166885675,1],"ix":4},"o":{"a":0,"k":100,"ix":5},"r":1,"bm":0,"nm":"Fill 1","mn":"ADBE Vector Graphic - Fill","hd":false},{"ty":"tr","p":{"a":0,"k":[121.663,45.434],"ix":2},"a":{"a":0,"k":[0,0],"ix":1},"s":{"a":0,"k":[100,100],"ix":3},"r":{"a":0,"k":0,"ix":6},"o":{"a":0,"k":100,"ix":7},"sk":{"a":0,"k":0,"ix":4},"sa":{"a":0,"k":0,"ix":5},"nm":"Transform"}],"nm":"Group 1","np":4,"cix":2,"bm":0,"ix":1,"mn":"ADBE Vector Group","hd":false}],"ip":0,"op":150,"st":0,"bm":0},{"ddd":0,"ind":6,"ty":4,"nm":"Head","parent":1,"sr":1,"ks":{"o":{"a":0,"k":100,"ix":11},"r":{"a":0,"k":0,"ix":10},"p":{"a":0,"k":[15.223,-691.616,0],"ix":2},"a":{"a":0,"k":[896.508,805.093,0],"ix":1},"s":{"a":0,"k":[100,100,100],"ix":6}},"ao":0,"shapes":[{"ty":"gr","it":[{"ind":0,"ty":"sh","ix":1,"ks":{"a":0,"k":{"i":[[4.114,-3.847],[4.194,-3.093],[4.317,-2.687],[9.615,-3.632],[21.619,0.286],[18.847,8.248],[8.441,5.608],[3.928,3.237],[4.109,4.162],[-6.341,6.26],[-5.484,-1.672],[0,0],[-3.971,-1.347],[-4.071,-1.262],[-7.973,-2.022],[-14.984,-0.216],[-7.909,1],[-8.095,1.602],[-8.205,2.216],[-4.131,1.173],[-3.525,0.854],[0,0],[-2.099,-8.664]],"o":[[-4.32,4.02],[-4.103,3.01],[-8.711,5.197],[-19.18,7.307],[-21.989,-0.404],[-9.421,-4.178],[-4.17,-2.903],[-4.041,-3.244],[-6.26,-6.34],[4.366,-4.311],[0,0],[3.497,1.075],[4.063,1.395],[8.092,2.629],[15.938,4.115],[7.646,-0.003],[7.927,-0.752],[8.095,-1.602],[4.142,-1.022],[4.014,-1.132],[0,0],[8.664,-2.101],[1.421,5.865]],"v":[[113.477,-4.755],[101.271,5.308],[88.568,13.692],[61.021,26.896],[-0.735,38.087],[-62.517,24.218],[-89.381,9.609],[-101.641,0.626],[-113.327,-9.934],[-113.182,-32.749],[-97.128,-36.701],[-94.695,-35.951],[-82.91,-31.808],[-70.77,-27.679],[-46.668,-20.648],[-0.077,-13.903],[23.321,-15.182],[47.343,-18.965],[71.805,-24.754],[84.156,-28.19],[96.125,-31.642],[98.678,-32.26],[118.167,-20.374]],"c":true},"ix":2},"nm":"Path 1","mn":"ADBE Vector Shape - Group","hd":false},{"ty":"fl","c":{"a":0,"k":[0.450238485897,0.141227752087,0.342166885675,1],"ix":4},"o":{"a":0,"k":100,"ix":5},"r":1,"bm":0,"nm":"Fill 1","mn":"ADBE Vector Graphic - Fill","hd":false},{"ty":"tr","p":{"a":0,"k":[880.725,1215.598],"ix":2},"a":{"a":0,"k":[-3,14],"ix":1},"s":{"a":1,"k":[{"i":{"x":[0.667,0.667],"y":[1,1]},"o":{"x":[0.333,0.333],"y":[0,0]},"t":30,"s":[50,50]},{"t":36,"s":[100,100]}],"ix":3},"r":{"a":0,"k":0,"ix":6},"o":{"a":0,"k":100,"ix":7},"sk":{"a":0,"k":0,"ix":4},"sa":{"a":0,"k":0,"ix":5},"nm":"Transform"}],"nm":"Group 1","np":4,"cix":2,"bm":0,"ix":1,"mn":"ADBE Vector Group","hd":false},{"ty":"gr","it":[{"ind":0,"ty":"sh","ix":1,"ks":{"a":0,"k":{"i":[[-0.614,0.38],[-8.569,4.464],[-8.589,4.065],[-8.735,3.436],[-9.304,1.983],[0,0],[-1.751,-8.212],[5.485,-3.228],[9.275,-2.934],[9.599,-1.785],[9.756,-0.963],[9.985,0.351],[-0.043,1.235]],"o":[[8.506,-5.171],[8.598,-4.359],[8.594,-4.058],[8.734,-3.46],[0,0],[8.211,-1.751],[1.4,6.567],[-8.49,4.981],[-9.271,2.953],[-9.603,1.78],[-9.784,0.858],[-1.235,-0.042],[0.026,-0.775]],"v":[[-61.266,22.167],[-35.579,8.05],[-9.816,-4.618],[16.021,-16.278],[42.86,-24.898],[42.946,-24.917],[60.985,-13.219],[53.809,3.064],[26.936,14.474],[-1.537,21.156],[-30.599,25.229],[-60.183,26.318],[-62.342,24.003]],"c":true},"ix":2},"nm":"Path 1","mn":"ADBE Vector Shape - Group","hd":false},{"ty":"fl","c":{"a":0,"k":[0.450238485897,0.141227752087,0.342166885675,1],"ix":4},"o":{"a":0,"k":100,"ix":5},"r":1,"bm":0,"nm":"Fill 1","mn":"ADBE Vector Graphic - Fill","hd":false},{"ty":"tr","p":{"a":0,"k":[1308.078,1542.832],"ix":2},"a":{"a":0,"k":[0,0],"ix":1},"s":{"a":0,"k":[100,100],"ix":3},"r":{"a":0,"k":0,"ix":6},"o":{"a":0,"k":100,"ix":7},"sk":{"a":0,"k":0,"ix":4},"sa":{"a":0,"k":0,"ix":5},"nm":"Transform"}],"nm":"Group 2","np":4,"cix":2,"bm":0,"ix":2,"mn":"ADBE Vector Group","hd":false},{"ty":"gr","it":[{"ind":0,"ty":"sh","ix":1,"ks":{"a":0,"k":{"i":[[0,0],[0.605,227.643],[298.836,138.877],[0,0],[-1.6,49.847],[24.198,-21.818],[55.371,-8.523]],"o":[[212.144,-84.84],[-0.723,-272.119],[0,0],[18.547,-40.13],[1.045,-32.565],[-44.158,39.815],[0,0]],"v":[[-34.796,691.083],[315.402,224.601],[-120.929,-487.887],[-119.511,-490.865],[-93.138,-640.864],[-154.86,-669.264],[-316.007,-574.659]],"c":false},"ix":2},"nm":"Path 1","mn":"ADBE Vector Shape - Group","hd":false},{"ty":"st","c":{"a":0,"k":[0.450238485897,0.141227752087,0.342166885675,1],"ix":3},"o":{"a":0,"k":100,"ix":4},"w":{"a":0,"k":32,"ix":5},"lc":2,"lj":2,"bm":0,"nm":"Stroke 1","mn":"ADBE Vector Graphic - Stroke","hd":false},{"ty":"tr","p":{"a":0,"k":[1397.01,838.537],"ix":2},"a":{"a":0,"k":[0,0],"ix":1},"s":{"a":0,"k":[100,100],"ix":3},"r":{"a":0,"k":0,"ix":6},"o":{"a":0,"k":100,"ix":7},"sk":{"a":0,"k":0,"ix":4},"sa":{"a":0,"k":0,"ix":5},"nm":"Transform"}],"nm":"Group 3","np":2,"cix":2,"bm":0,"ix":3,"mn":"ADBE Vector Group","hd":false},{"ty":"gr","it":[{"ind":0,"ty":"sh","ix":1,"ks":{"a":0,"k":{"i":[[0,0],[17.964,53.379],[14.871,-25.664],[0,0]],"o":[[46.096,-49.586],[-9.461,-28.113],[-81.575,140.775],[0,0]],"v":[[121.82,103.108],[139.719,-71.359],[77.537,-77.444],[-167.915,96.733]],"c":false},"ix":2},"nm":"Path 1","mn":"ADBE Vector Shape - Group","hd":false},{"ty":"st","c":{"a":0,"k":[0.450238485897,0.141227752087,0.342166885675,1],"ix":3},"o":{"a":0,"k":100,"ix":4},"w":{"a":0,"k":32,"ix":5},"lc":2,"lj":1,"ml":10,"bm":0,"nm":"Stroke 1","mn":"ADBE Vector Graphic - Stroke","hd":false},{"ty":"tr","p":{"a":0,"k":[942.815,183.108],"ix":2},"a":{"a":0,"k":[0,0],"ix":1},"s":{"a":0,"k":[100,100],"ix":3},"r":{"a":0,"k":0,"ix":6},"o":{"a":0,"k":100,"ix":7},"sk":{"a":0,"k":0,"ix":4},"sa":{"a":0,"k":0,"ix":5},"nm":"Transform"}],"nm":"Group 4","np":2,"cix":2,"bm":0,"ix":4,"mn":"ADBE Vector Group","hd":false},{"ty":"gr","it":[{"ind":0,"ty":"sh","ix":1,"ks":{"a":0,"k":{"i":[[-0.065,-24.521],[97.382,-89.666],[75.117,29.939],[17.044,116.44],[-120.088,14.807],[-72.632,-72.209],[0,0]],"o":[[0.285,107.498],[-34.777,-39.42],[-122.62,-48.91],[-12.232,-83.565],[158.969,-19.598],[0,0],[4.4,23.27]],"v":[[268.532,-51.096],[139.165,261.865],[-23.064,148.328],[-256.585,-44.161],[-82.015,-242.268],[261.756,-122.938],[261.756,-122.899]],"c":true},"ix":2},"nm":"Path 1","mn":"ADBE Vector Shape - Group","hd":false},{"ty":"fl","c":{"a":0,"k":[0.468252383961,0.472034349629,0.44265313242,1],"ix":4},"o":{"a":0,"k":100,"ix":5},"r":1,"bm":0,"nm":"Fill 1","mn":"ADBE Vector Graphic - Fill","hd":false},{"ty":"tr","p":{"a":0,"k":[1282.638,1064.761],"ix":2},"a":{"a":0,"k":[0,0],"ix":1},"s":{"a":0,"k":[100,100],"ix":3},"r":{"a":0,"k":0,"ix":6},"o":{"a":0,"k":100,"ix":7},"sk":{"a":0,"k":0,"ix":4},"sa":{"a":0,"k":0,"ix":5},"nm":"Transform"}],"nm":"Group 5","np":4,"cix":2,"bm":0,"ix":5,"mn":"ADBE Vector Group","hd":false},{"ty":"gr","it":[{"ind":0,"ty":"sh","ix":1,"ks":{"a":0,"k":{"i":[[11.787,-83.628],[122.359,-49.561],[34.486,-40.341],[0.289,108.66],[-3.47,21.083],[-164.185,-19.32]],"o":[[-16.425,116.53],[-76.774,31.079],[-100.338,-89.568],[-0.058,-22.081],[71.969,-75.188],[120.165,14.169]],"v":[[259.518,-47.271],[27.021,146.457],[-137.033,263.767],[-271.247,-51.4],[-266.073,-116.262],[83.896,-244.447]],"c":true},"ix":2},"nm":"Path 1","mn":"ADBE Vector Shape - Group","hd":false},{"ty":"fl","c":{"a":0,"k":[0.468252383961,0.472034349629,0.44265313242,1],"ix":4},"o":{"a":0,"k":100,"ix":5},"r":1,"bm":0,"nm":"Fill 1","mn":"ADBE Vector Graphic - Fill","hd":false},{"ty":"tr","p":{"a":0,"k":[486.343,1068.616],"ix":2},"a":{"a":0,"k":[0,0],"ix":1},"s":{"a":0,"k":[100,100],"ix":3},"r":{"a":0,"k":0,"ix":6},"o":{"a":0,"k":100,"ix":7},"sk":{"a":0,"k":0,"ix":4},"sa":{"a":0,"k":0,"ix":5},"nm":"Transform"}],"nm":"Group 6","np":4,"cix":2,"bm":0,"ix":6,"mn":"ADBE Vector Group","hd":false},{"ty":"gr","it":[{"ind":0,"ty":"sh","ix":1,"ks":{"a":0,"k":{"i":[[0.692,-0.029],[9.053,0.852],[8.859,1.743],[8.51,2.88],[7.7,4.859],[-4.49,7.115],[-6.082,-1.322],[0,0],[-7.971,-3.378],[-7.805,-4.003],[-7.792,-4.328],[-7.67,-5.164],[0.693,-1.034]],"o":[[-9.278,0.323],[-9.021,-0.958],[-8.853,-1.748],[-8.513,-2.86],[-7.116,-4.49],[3.514,-5.568],[0,0],[8.582,1.883],[7.975,3.357],[7.802,4.008],[7.76,4.432],[1.034,0.694],[-0.417,0.619]],"v":[[55.892,25.777],[28.476,24.655],[1.633,20.641],[-24.585,14.118],[-49.137,2.996],[-53.889,-18.019],[-37.767,-24.779],[-37.642,-24.746],[-13.037,-16.402],[10.467,-4.948],[33.84,7.59],[57.07,21.652],[57.686,24.781]],"c":true},"ix":2},"nm":"Path 1","mn":"ADBE Vector Shape - Group","hd":false},{"ty":"fl","c":{"a":0,"k":[0.450238485897,0.141227752087,0.342166885675,1],"ix":4},"o":{"a":0,"k":100,"ix":5},"r":1,"bm":0,"nm":"Fill 1","mn":"ADBE Vector Graphic - Fill","hd":false},{"ty":"tr","p":{"a":0,"k":[463.196,1537.386],"ix":2},"a":{"a":0,"k":[0,0],"ix":1},"s":{"a":0,"k":[100,100],"ix":3},"r":{"a":0,"k":0,"ix":6},"o":{"a":0,"k":100,"ix":7},"sk":{"a":0,"k":0,"ix":4},"sa":{"a":0,"k":0,"ix":5},"nm":"Transform"}],"nm":"Group 7","np":4,"cix":2,"bm":0,"ix":7,"mn":"ADBE Vector Group","hd":false},{"ty":"gr","it":[{"ind":0,"ty":"sh","ix":1,"ks":{"a":0,"k":{"i":[[0,0],[0.586,220.809],[-481.454,56.559]],"o":[[-201.905,-85.253],[-0.908,-341.797],[0,0]],"v":[[-12.79,622.253],[-346.54,165.367],[347.448,-622.253]],"c":false},"ix":2},"nm":"Path 1","mn":"ADBE Vector Shape - Group","hd":false},{"ty":"st","c":{"a":0,"k":[0.450238485897,0.141227752087,0.342166885675,1],"ix":3},"o":{"a":0,"k":100,"ix":4},"w":{"a":0,"k":32,"ix":5},"lc":2,"lj":1,"ml":10,"bm":0,"nm":"Stroke 1","mn":"ADBE Vector Graphic - Stroke","hd":false},{"ty":"tr","p":{"a":0,"k":[427.448,902.105],"ix":2},"a":{"a":0,"k":[0,0],"ix":1},"s":{"a":0,"k":[100,100],"ix":3},"r":{"a":0,"k":0,"ix":6},"o":{"a":0,"k":100,"ix":7},"sk":{"a":0,"k":0,"ix":4},"sa":{"a":0,"k":0,"ix":5},"nm":"Transform"}],"nm":"Group 8","np":2,"cix":2,"bm":0,"ix":8,"mn":"ADBE Vector Group","hd":false},{"ty":"gr","it":[{"ind":0,"ty":"sh","ix":1,"ks":{"a":0,"k":{"i":[[-0.021,-7.833],[22.405,-0.06],[0.021,7.833],[-22.404,0.06]],"o":[[0.021,7.832],[-22.404,0.06],[-0.02,-7.832],[22.404,-0.059]],"v":[[40.563,-3.173],[0.042,14.18],[-40.57,-2.958],[-0.033,-14.184]],"c":true},"ix":2},"nm":"Path 1","mn":"ADBE Vector Shape - Group","hd":false},{"ty":"fl","c":{"a":0,"k":[0.996211152918,0.981041882085,0.984832883349,1],"ix":4},"o":{"a":0,"k":100,"ix":5},"r":1,"bm":0,"nm":"Fill 1","mn":"ADBE Vector Graphic - Fill","hd":false},{"ty":"tr","p":{"a":0,"k":[885.96,1024.214],"ix":2},"a":{"a":0,"k":[0,0],"ix":1},"s":{"a":0,"k":[100,100],"ix":3},"r":{"a":0,"k":0,"ix":6},"o":{"a":0,"k":100,"ix":7},"sk":{"a":0,"k":0,"ix":4},"sa":{"a":0,"k":0,"ix":5},"nm":"Transform"}],"nm":"Group 9","np":4,"cix":2,"bm":0,"ix":9,"mn":"ADBE Vector Group","hd":false},{"ty":"gr","it":[{"ind":0,"ty":"sh","ix":1,"ks":{"a":0,"k":{"i":[[-0.089,-33.494],[55.027,-0.146],[0.089,33.493],[-55.026,0.146]],"o":[[0.089,33.494],[-55.025,0.146],[-0.088,-33.494],[55.026,-0.147]],"v":[[99.633,-13.366],[0.195,60.646],[-99.634,-12.836],[-0.127,-60.646]],"c":true},"ix":2},"nm":"Path 1","mn":"ADBE Vector Shape - Group","hd":false},{"ty":"fl","c":{"a":0,"k":[0.450238485897,0.141227752087,0.342166885675,1],"ix":4},"o":{"a":0,"k":100,"ix":5},"r":1,"bm":0,"nm":"Fill 1","mn":"ADBE Vector Graphic - Fill","hd":false},{"ty":"tr","p":{"a":0,"k":[883.198,1052.745],"ix":2},"a":{"a":0,"k":[0,0],"ix":1},"s":{"a":0,"k":[100,100],"ix":3},"r":{"a":0,"k":0,"ix":6},"o":{"a":0,"k":100,"ix":7},"sk":{"a":0,"k":0,"ix":4},"sa":{"a":0,"k":0,"ix":5},"nm":"Transform"}],"nm":"Group 10","np":4,"cix":2,"bm":0,"ix":10,"mn":"ADBE Vector Group","hd":false},{"ty":"gr","it":[{"ind":0,"ty":"sh","ix":1,"ks":{"a":0,"k":{"i":[[-0.065,-24.521],[97.382,-89.666],[270.353,-0.719],[0,0],[100.377,89.606],[0.288,108.66],[-3.469,21.083],[-195.2,0.518],[-71.035,-68.881],[-106.762,0.284],[-34.228,-182.947],[0,0]],"o":[[0.285,107.498],[-99.508,91.726],[0,0],[-267.524,0.711],[-100.338,-89.568],[-0.059,-22.081],[30.418,-186.566],[106.763,-0.284],[70.708,-69.258],[192.799,-0.512],[0,0],[4.4,23.27]],"v":[[667.924,-38.815],[538.556,274.146],[1.169,431.07],[1.13,431.07],[-533.937,279.902],[-668.15,-35.265],[-662.977,-100.126],[-275.696,-429.811],[-0.863,-318.937],[273.377,-431.27],[661.147,-110.656],[661.147,-110.618]],"c":true},"ix":2},"nm":"Path 1","mn":"ADBE Vector Shape - Group","hd":false},{"ty":"fl","c":{"a":0,"k":[0.996211152918,0.981041882085,0.984832883349,1],"ix":4},"o":{"a":0,"k":100,"ix":5},"r":1,"bm":0,"nm":"Fill 1","mn":"ADBE Vector Graphic - Fill","hd":false},{"ty":"tr","p":{"a":0,"k":[883.246,1052.48],"ix":2},"a":{"a":0,"k":[0,0],"ix":1},"s":{"a":0,"k":[100,100],"ix":3},"r":{"a":0,"k":0,"ix":6},"o":{"a":0,"k":100,"ix":7},"sk":{"a":0,"k":0,"ix":4},"sa":{"a":0,"k":0,"ix":5},"nm":"Transform"}],"nm":"Group 11","np":4,"cix":2,"bm":0,"ix":11,"mn":"ADBE Vector Group","hd":false},{"ty":"gr","it":[{"ind":0,"ty":"sh","ix":1,"ks":{"a":0,"k":{"i":[[-0.04,-13.64],[450.559,-1.2],[1,368.88],[-0.8,15.08],[-436.841,1.16],[-22.8,343.68]],"o":[[0.96,368.92],[-450.521,1.199],[-0.04,-14.92],[22.16,346.2],[435.239,-1.16],[0.761,13.76]],"v":[[815.763,-252.264],[1.443,293.336],[-815.758,-247.904],[-814.638,-292.904],[1.443,215.296],[814.601,-293.344]],"c":true},"ix":2},"nm":"Path 1","mn":"ADBE Vector Shape - Group","hd":false},{"ty":"fl","c":{"a":0,"k":[0.749019622803,0.525490224361,0.47058826685,1],"ix":4},"o":{"a":0,"k":100,"ix":5},"r":1,"bm":0,"nm":"Fill 1","mn":"ADBE Vector Graphic - Fill","hd":false},{"ty":"tr","p":{"a":0,"k":[896.665,1315.395],"ix":2},"a":{"a":0,"k":[0,0],"ix":1},"s":{"a":0,"k":[100,100],"ix":3},"r":{"a":0,"k":0,"ix":6},"o":{"a":0,"k":100,"ix":7},"sk":{"a":0,"k":0,"ix":4},"sa":{"a":0,"k":0,"ix":5},"nm":"Transform"}],"nm":"Group 13","np":4,"cix":2,"bm":0,"ix":12,"mn":"ADBE Vector Group","hd":false},{"ty":"gr","it":[{"ind":0,"ty":"sh","ix":1,"ks":{"a":0,"k":{"i":[[-0.721,-271.316],[450.528,-1.198],[0.98,368.902],[-517.311,34.275],[-47.484,81.976],[-9.482,-28.15],[24.93,-63.549],[-22.593,20.389],[1.029,-32.547],[13.002,-55.984]],"o":[[0.98,368.901],[-450.528,1.197],[-0.939,-353.566],[62.461,-32.086],[14.866,-25.629],[12.582,37.414],[69.144,-33.797],[24.194,-21.82],[-1.031,31.477],[297.009,139.372]],"v":[[815.731,218.161],[1.446,763.762],[-815.772,222.496],[-70.93,-569.763],[123.66,-739.33],[185.866,-733.209],[185.061,-583.104],[345.483,-675.723],[407.213,-647.311],[381.99,-493.084]],"c":true},"ix":2},"nm":"Path 1","mn":"ADBE Vector Shape - Group","hd":false},{"ty":"fl","c":{"a":0,"k":[0.928911635455,0.76966827991,0.580090092678,1],"ix":4},"o":{"a":0,"k":100,"ix":5},"r":1,"bm":0,"nm":"Fill 1","mn":"ADBE Vector Graphic - Fill","hd":false},{"ty":"tr","p":{"a":0,"k":[896.68,844.977],"ix":2},"a":{"a":0,"k":[0,0],"ix":1},"s":{"a":0,"k":[100,100],"ix":3},"r":{"a":0,"k":0,"ix":6},"o":{"a":0,"k":100,"ix":7},"sk":{"a":0,"k":0,"ix":4},"sa":{"a":0,"k":0,"ix":5},"nm":"Transform"}],"nm":"Group 14","np":4,"cix":2,"bm":0,"ix":13,"mn":"ADBE Vector Group","hd":false}],"ip":0,"op":150,"st":0,"bm":0},{"ddd":0,"ind":7,"ty":4,"nm":"R Nail ","parent":10,"sr":1,"ks":{"o":{"a":0,"k":100,"ix":11},"r":{"a":1,"k":[{"i":{"x":[0.667],"y":[1]},"o":{"x":[0.333],"y":[0]},"t":30,"s":[-20]},{"t":36,"s":[0]}],"ix":10},"p":{"a":0,"k":[592.669,461.719,0],"ix":2},"a":{"a":0,"k":[130.703,166.769,0],"ix":1},"s":{"a":0,"k":[100,100,100],"ix":6}},"ao":0,"shapes":[{"ty":"gr","it":[{"ind":0,"ty":"sh","ix":1,"ks":{"a":0,"k":{"i":[[-7.733,-8.045],[-8.447,7.902],[-61.338,1.04],[75.047,-6.223],[20.811,-18.38],[-12.379,-7.272],[-13.168,-10.259]],"o":[[8.016,8.34],[21.745,-20.339],[47.495,-0.805],[-52.358,4.342],[-10.759,9.504],[9.248,5.432],[6.983,5.439]],"v":[[-66.556,61.963],[-36.825,62.867],[91.209,8.048],[-18.225,-64.546],[-127.944,-17.886],[-124.457,16.099],[-90.506,39.35]],"c":true},"ix":2},"nm":"Path 1","mn":"ADBE Vector Shape - Group","hd":false},{"ty":"st","c":{"a":0,"k":[0.450238485897,0.141227752087,0.342166885675,1],"ix":3},"o":{"a":0,"k":100,"ix":4},"w":{"a":0,"k":32,"ix":5},"lc":2,"lj":1,"ml":10,"bm":0,"nm":"Stroke 1","mn":"ADBE Vector Graphic - Stroke","hd":false},{"ty":"tr","p":{"a":0,"k":[218.703,150.769],"ix":2},"a":{"a":0,"k":[0,0],"ix":1},"s":{"a":0,"k":[100,100],"ix":3},"r":{"a":0,"k":0,"ix":6},"o":{"a":0,"k":100,"ix":7},"sk":{"a":0,"k":0,"ix":4},"sa":{"a":0,"k":0,"ix":5},"nm":"Transform"}],"nm":"Group 1","np":2,"cix":2,"bm":0,"ix":1,"mn":"ADBE Vector Group","hd":false},{"ty":"gr","it":[{"ind":0,"ty":"sh","ix":1,"ks":{"a":0,"k":{"i":[[-13.88,-8.4],[-11.881,-9.24],[-7.4,-7.64],[-9.439,8.64],[-59.76,1],[28.279,20.04],[21.64,-19.76],[8.92,9.24],[6.52,5.08],[7.2,4.64],[0.4,-0.32]],"o":[[8.72,5.28],[6.52,5.08],[8.919,9.2],[22.361,-20.48],[25.639,-0.44],[-56.801,2.92],[-9.44,8.68],[-7.4,-7.6],[-8.961,-6.96],[-0.4,0.28],[-12.361,10.48]],"v":[[-107.665,1.681],[-76.545,23.241],[-54.145,44.281],[-21.186,45.201],[105.135,-8.039],[90.455,-51.439],[-30.025,1.601],[-62.985,0.681],[-85.385,-20.319],[-109.705,-37.639],[-110.905,-36.679]],"c":true},"ix":2},"nm":"Path 1","mn":"ADBE Vector Shape - Group","hd":false},{"ty":"fl","c":{"a":0,"k":[0.796078503132,0.68235296011,0.756862819195,1],"ix":4},"o":{"a":0,"k":100,"ix":5},"r":1,"bm":0,"nm":"Fill 1","mn":"ADBE Vector Graphic - Fill","hd":false},{"ty":"tr","p":{"a":0,"k":[204.762,166.867],"ix":2},"a":{"a":0,"k":[0,0],"ix":1},"s":{"a":0,"k":[100,100],"ix":3},"r":{"a":0,"k":0,"ix":6},"o":{"a":0,"k":100,"ix":7},"sk":{"a":0,"k":0,"ix":4},"sa":{"a":0,"k":0,"ix":5},"nm":"Transform"}],"nm":"Group 2","np":4,"cix":2,"bm":0,"ix":2,"mn":"ADBE Vector Group","hd":false},{"ty":"gr","it":[{"ind":0,"ty":"sh","ix":1,"ks":{"a":0,"k":{"i":[[-7.395,-7.631],[-9.459,8.655],[-59.768,1.012],[75.047,-6.224],[21.252,-17.951],[-13.882,-8.393],[-11.854,-9.234]],"o":[[8.923,9.207],[22.341,-20.443],[47.495,-0.805],[-49.837,4.133],[-12.392,10.466],[8.73,5.277],[6.524,5.082]],"v":[[-68.841,60.782],[-35.851,61.697],[90.467,8.466],[-18.966,-64.128],[-125.57,-20.159],[-122.362,18.207],[-91.247,39.766]],"c":true},"ix":2},"nm":"Path 1","mn":"ADBE Vector Shape - Group","hd":false},{"ty":"fl","c":{"a":0,"k":[1,1,1,1],"ix":4},"o":{"a":0,"k":100,"ix":5},"r":1,"bm":0,"nm":"Fill 1","mn":"ADBE Vector Graphic - Fill","hd":false},{"ty":"tr","p":{"a":0,"k":[219.445,150.352],"ix":2},"a":{"a":0,"k":[0,0],"ix":1},"s":{"a":0,"k":[100,100],"ix":3},"r":{"a":0,"k":0,"ix":6},"o":{"a":0,"k":100,"ix":7},"sk":{"a":0,"k":0,"ix":4},"sa":{"a":0,"k":0,"ix":5},"nm":"Transform"}],"nm":"Group 3","np":4,"cix":2,"bm":0,"ix":3,"mn":"ADBE Vector Group","hd":false}],"ip":0,"op":150,"st":0,"bm":0},{"ddd":0,"ind":8,"ty":4,"nm":"R Nail ","parent":10,"sr":1,"ks":{"o":{"a":0,"k":100,"ix":11},"r":{"a":1,"k":[{"i":{"x":[0.667],"y":[1]},"o":{"x":[0.333],"y":[0]},"t":30,"s":[-18]},{"t":36,"s":[0]}],"ix":10},"p":{"a":0,"k":[624.826,645.493,0],"ix":2},"a":{"a":0,"k":[104.768,149.414,0],"ix":1},"s":{"a":0,"k":[100,100,100],"ix":6}},"ao":0,"shapes":[{"ty":"gr","it":[{"ind":0,"ty":"sh","ix":1,"ks":{"a":0,"k":{"i":[[-43.066,-43.484],[-51.45,9.36],[25.369,27.036],[44.554,-1.788],[18.389,0]],"o":[[14.408,14.548],[105.191,-19.136],[-17.122,-18.247],[-78.761,3.16],[-40.766,0]],"v":[[-113.702,52.023],[-27.014,64.054],[131.399,-55.167],[34.362,-56.503],[-83.598,-67.977]],"c":true},"ix":2},"nm":"Path 1","mn":"ADBE Vector Shape - Group","hd":false},{"ty":"st","c":{"a":0,"k":[0.450238485897,0.141227752087,0.342166885675,1],"ix":3},"o":{"a":0,"k":100,"ix":4},"w":{"a":0,"k":32,"ix":5},"lc":2,"lj":1,"ml":10,"bm":0,"nm":"Stroke 1","mn":"ADBE Vector Graphic - Stroke","hd":false},{"ty":"tr","p":{"a":0,"k":[236.768,153.414],"ix":2},"a":{"a":0,"k":[0,0],"ix":1},"s":{"a":0,"k":[100,100],"ix":3},"r":{"a":0,"k":0,"ix":6},"o":{"a":0,"k":100,"ix":7},"sk":{"a":0,"k":0,"ix":4},"sa":{"a":0,"k":0,"ix":5},"nm":"Transform"}],"nm":"Group 1","np":2,"cix":2,"bm":0,"ix":1,"mn":"ADBE Vector Group","hd":false},{"ty":"gr","it":[{"ind":0,"ty":"sh","ix":1,"ks":{"a":0,"k":{"i":[[-30.36,-30.64],[-51.48,9.36],[19.84,28.519],[61.559,-11.2],[14.4,14.56],[-0.96,19.08]],"o":[[14.399,14.56],[102.639,-18.64],[-27.84,28.08],[-51.441,9.36],[-15.48,-15.64],[-21.16,25.12]],"v":[[-114.715,44.376],[-28.035,56.416],[132.005,-60.704],[-9.835,8.256],[-96.515,-3.784],[-116.795,-58.424]],"c":true},"ix":2},"nm":"Path 1","mn":"ADBE Vector Shape - Group","hd":false},{"ty":"fl","c":{"a":0,"k":[0.796078503132,0.68235296011,0.756862819195,1],"ix":4},"o":{"a":0,"k":100,"ix":5},"r":1,"bm":0,"nm":"Fill 1","mn":"ADBE Vector Graphic - Fill","hd":false},{"ty":"tr","p":{"a":0,"k":[237.8,161.043],"ix":2},"a":{"a":0,"k":[0,0],"ix":1},"s":{"a":0,"k":[100,100],"ix":3},"r":{"a":0,"k":0,"ix":6},"o":{"a":0,"k":100,"ix":7},"sk":{"a":0,"k":0,"ix":4},"sa":{"a":0,"k":0,"ix":5},"nm":"Transform"}],"nm":"Group 2","np":4,"cix":2,"bm":0,"ix":2,"mn":"ADBE Vector Group","hd":false},{"ty":"gr","it":[{"ind":0,"ty":"sh","ix":1,"ks":{"a":0,"k":{"i":[[-43.066,-43.484],[-51.45,9.36],[25.369,27.036],[44.554,-1.788],[18.389,0]],"o":[[14.408,14.548],[105.191,-19.136],[-17.122,-18.247],[-78.761,3.16],[-40.766,0]],"v":[[-113.702,52.023],[-27.014,64.054],[131.399,-55.167],[34.362,-56.503],[-83.598,-67.977]],"c":true},"ix":2},"nm":"Path 1","mn":"ADBE Vector Shape - Group","hd":false},{"ty":"fl","c":{"a":0,"k":[1,1,1,1],"ix":4},"o":{"a":0,"k":100,"ix":5},"r":1,"bm":0,"nm":"Fill 1","mn":"ADBE Vector Graphic - Fill","hd":false},{"ty":"tr","p":{"a":0,"k":[236.768,153.414],"ix":2},"a":{"a":0,"k":[0,0],"ix":1},"s":{"a":0,"k":[100,100],"ix":3},"r":{"a":0,"k":0,"ix":6},"o":{"a":0,"k":100,"ix":7},"sk":{"a":0,"k":0,"ix":4},"sa":{"a":0,"k":0,"ix":5},"nm":"Transform"}],"nm":"Group 3","np":4,"cix":2,"bm":0,"ix":3,"mn":"ADBE Vector Group","hd":false}],"ip":0,"op":150,"st":0,"bm":0},{"ddd":0,"ind":9,"ty":4,"nm":"R Nail M","parent":10,"sr":1,"ks":{"o":{"a":0,"k":100,"ix":11},"r":{"a":1,"k":[{"i":{"x":[0.667],"y":[1]},"o":{"x":[0.333],"y":[0]},"t":30,"s":[47]},{"t":36,"s":[0]}],"ix":10},"p":{"a":0,"k":[719.413,625.498,0],"ix":2},"a":{"a":0,"k":[141.379,302.47,0],"ix":1},"s":{"a":0,"k":[100,100,100],"ix":6}},"ao":0,"shapes":[{"ty":"gr","it":[{"ind":0,"ty":"sh","ix":1,"ks":{"a":0,"k":{"i":[[-37.936,-30.454],[-26.316,85.37],[19.277,-6.331],[63.167,-56.084]],"o":[[0,0],[36.131,-117.213],[-19.277,6.331],[-23.333,20.717]],"v":[[-41.172,110.058],[57.248,45.099],[-14.338,-124.138],[-70.046,4.771]],"c":true},"ix":2},"nm":"Path 1","mn":"ADBE Vector Shape - Group","hd":false},{"ty":"st","c":{"a":0,"k":[0.450238485897,0.141227752087,0.342166885675,1],"ix":3},"o":{"a":0,"k":100,"ix":4},"w":{"a":0,"k":32,"ix":5},"lc":2,"lj":1,"ml":10,"bm":0,"nm":"Stroke 1","mn":"ADBE Vector Graphic - Stroke","hd":false},{"ty":"tr","p":{"a":0,"k":[173.379,210.47],"ix":2},"a":{"a":0,"k":[0,0],"ix":1},"s":{"a":0,"k":[100,100],"ix":3},"r":{"a":0,"k":0,"ix":6},"o":{"a":0,"k":100,"ix":7},"sk":{"a":0,"k":0,"ix":4},"sa":{"a":0,"k":0,"ix":5},"nm":"Transform"}],"nm":"Group 1","np":2,"cix":2,"bm":0,"ix":1,"mn":"ADBE Vector Group","hd":false},{"ty":"gr","it":[{"ind":0,"ty":"sh","ix":1,"ks":{"a":0,"k":{"i":[[-37.921,-30.44],[-26.319,85.399],[7.04,24.88],[1.281,-4.2],[0,0],[6.52,10.561],[1.2,-1.08]],"o":[[0,0],[11.241,-36.44],[-0.96,4.04],[-26.319,85.4],[-10.28,-8.24],[-1.16,1.081],[-23.359,20.719]],"v":[[-33.42,77.451],[65.019,12.491],[68.38,-79.589],[65.019,-67.269],[-33.42,-2.309],[-58.74,-31.07],[-62.261,-27.829]],"c":true},"ix":2},"nm":"Path 1","mn":"ADBE Vector Shape - Group","hd":false},{"ty":"fl","c":{"a":0,"k":[0.796078503132,0.68235296011,0.756862819195,1],"ix":4},"o":{"a":0,"k":100,"ix":5},"r":1,"bm":0,"nm":"Fill 1","mn":"ADBE Vector Graphic - Fill","hd":false},{"ty":"tr","p":{"a":0,"k":[165.609,243.058],"ix":2},"a":{"a":0,"k":[0,0],"ix":1},"s":{"a":0,"k":[100,100],"ix":3},"r":{"a":0,"k":0,"ix":6},"o":{"a":0,"k":100,"ix":7},"sk":{"a":0,"k":0,"ix":4},"sa":{"a":0,"k":0,"ix":5},"nm":"Transform"}],"nm":"Group 2","np":4,"cix":2,"bm":0,"ix":2,"mn":"ADBE Vector Group","hd":false},{"ty":"gr","it":[{"ind":0,"ty":"sh","ix":1,"ks":{"a":0,"k":{"i":[[-37.936,-30.454],[-26.316,85.37],[19.277,-6.331],[63.167,-56.084]],"o":[[0,0],[36.131,-117.213],[-19.277,6.331],[-23.333,20.717]],"v":[[-41.172,110.058],[57.248,45.099],[-14.338,-124.138],[-70.046,4.771]],"c":true},"ix":2},"nm":"Path 1","mn":"ADBE Vector Shape - Group","hd":false},{"ty":"fl","c":{"a":0,"k":[1,1,1,1],"ix":4},"o":{"a":0,"k":100,"ix":5},"r":1,"bm":0,"nm":"Fill 1","mn":"ADBE Vector Graphic - Fill","hd":false},{"ty":"tr","p":{"a":0,"k":[173.379,210.47],"ix":2},"a":{"a":0,"k":[0,0],"ix":1},"s":{"a":0,"k":[100,100],"ix":3},"r":{"a":0,"k":0,"ix":6},"o":{"a":0,"k":100,"ix":7},"sk":{"a":0,"k":0,"ix":4},"sa":{"a":0,"k":0,"ix":5},"nm":"Transform"}],"nm":"Group 3","np":4,"cix":2,"bm":0,"ix":3,"mn":"ADBE Vector Group","hd":false}],"ip":0,"op":150,"st":0,"bm":0},{"ddd":0,"ind":10,"ty":4,"nm":"R hand","parent":1,"sr":1,"ks":{"o":{"a":0,"k":100,"ix":11},"r":{"a":1,"k":[{"i":{"x":[0.667],"y":[1]},"o":{"x":[0.333],"y":[0]},"t":23,"s":[-5]},{"t":36,"s":[0]}],"ix":10},"p":{"a":0,"k":[317.205,29.034,0],"ix":2},"a":{"a":0,"k":[-4.052,57.79,0],"ix":1},"s":{"a":0,"k":[100,100,100],"ix":6}},"ao":0,"shapes":[{"ty":"gr","it":[{"ind":0,"ty":"sh","ix":1,"ks":{"a":0,"k":{"i":[[-2.13,-0.22],[-36.075,-17.821],[-30.692,-26.078],[-25.941,-30.296],[-22.897,-31.633],[-11.933,-14.873],[-13.612,-12.03],[-16.054,-5.822],[-18.675,-4.243],[-77.108,-10.58],[0,0],[0,0],[-1.967,-5.741],[-1.613,-5.711],[-2.06,-11.737],[2.792,-24.42],[13.121,-21.785],[21.205,-12.852],[23.197,-5.6],[0,0],[5.858,-0.796],[11.707,-0.767],[2.914,-0.024],[0,0],[0,0],[5.785,0.33],[0,0],[0,0],[0,0],[0,0],[5.88,1.021],[0,0],[38.816,26.708],[16.894,16.195],[14.622,18.088],[23.164,39.979],[8.048,21.669],[2.643,11.323],[0.379,12.099],[-3.052,0.096],[-1.036,-1.471],[0,0],[-5.558,-9.766],[-5.181,-9.868],[0,0],[-27.865,-34.119],[-15.897,-15.04],[-17.935,-12.224],[-19.752,-8.589],[-20.99,-4.458],[0,0],[-5.47,-0.671],[0,0],[0,0],[0,0],[0,0],[-5.494,0.116],[0,0],[0,0],[-2.733,0.131],[-10.67,1.735],[-5.323,0.853],[0,0],[-17.465,10.752],[-10.317,17.11],[-2.28,20.627],[3.552,21.127],[2.993,10.367],[1.729,5.082],[1.825,4.286],[0,0],[77.565,16.397],[20.003,6.965],[15.654,13.857],[12.589,15.626],[11.527,15.867],[24.775,29.355],[13.707,13.272],[6.898,6.57],[7.548,5.773],[33.137,18.685],[34.886,18.672],[0,0],[-1.416,2.645]],"o":[[39.972,4.184],[36.2,17.673],[30.896,25.902],[25.732,30.492],[11.473,15.799],[11.937,14.837],[13.591,12.026],[16.966,5.937],[75.637,16.004],[0,0],[0,0],[2.608,6.14],[1.917,5.64],[3.286,11.402],[3.943,23.484],[-2.669,24.314],[-13.108,21.798],[-21.287,13.03],[0,0],[-5.853,0.946],[-11.731,1.862],[-2.924,0.137],[0,0],[0,0],[-5.841,0.11],[0,0],[0,0],[0,0],[0,0],[-5.767,-0.708],[0,0],[-46.738,-9.177],[-19.478,-13.275],[-17,-16.079],[-29.666,-35.92],[-11.48,-20.073],[-4.052,-10.817],[-2.647,-11.345],[-0.096,-3.054],[1.931,-0.06],[0,0],[6.564,9.464],[5.712,9.731],[0,0],[19.882,39.704],[13.853,17.152],[15.803,15.167],[17.82,12.445],[19.67,8.913],[0,0],[5.276,0.941],[0,0],[0,0],[0,0],[0,0],[5.523,0.319],[0,0],[0,0],[2.747,-0.022],[10.889,-0.729],[5.361,-0.731],[0,0],[20.686,-4.993],[17.455,-10.641],[10.284,-17.126],[2.404,-20.647],[-1.858,-10.565],[-1.465,-5.185],[-1.687,-4.976],[0,0],[-77.969,-10.711],[-19.457,-4.454],[-20.824,-7.534],[-15.722,-13.915],[-12.562,-15.659],[-22.99,-31.77],[-12.496,-14.545],[-6.658,-6.845],[-7.297,-6.103],[-29.74,-23.666],[-33.296,-18.502],[0,0],[-2.643,-1.416],[1.072,-2.004]],"v":[[-402.702,-378.733],[-288.004,-344.065],[-187.288,-277.63],[-102.735,-192.207],[-30.77,-97.983],[4.092,-51.713],[42.085,-10.714],[86.549,16.896],[141.238,31.427],[371.537,69.579],[380.632,70.828],[384.111,79.024],[390.568,96.198],[395.845,113.219],[403.739,147.973],[406.68,220.085],[383.774,290.811],[330.335,343.318],[262.529,369.565],[245.012,373.229],[227.436,375.603],[192.305,378.49],[183.533,378.926],[174.799,378.901],[157.325,378.843],[139.931,378.182],[122.582,377.168],[113.908,376.652],[105.305,375.729],[88.097,373.88],[70.82,371.823],[53.218,368.828],[-76.841,313.45],[-131.625,269.229],[-179.243,217.99],[-256.711,102.75],[-286.123,40.051],[-296.201,6.812],[-301.277,-28.074],[-295.923,-33.776],[-291.225,-31.429],[-291.089,-31.233],[-273.138,-2.194],[-257.112,27.302],[-226.925,86.704],[-154.496,197.702],[-109.676,245.943],[-58.846,286.989],[-2.134,318.293],[59.367,337.424],[75.262,340.13],[91.713,342.083],[108.29,343.869],[116.576,344.763],[124.863,345.25],[141.433,346.216],[157.98,346.849],[174.485,346.903],[182.738,346.937],[190.93,346.52],[223.491,343.845],[239.584,341.694],[255.321,338.386],[313.761,315.944],[356.418,274.205],[374.867,216.62],[372.204,153.405],[365.053,121.925],[360.271,106.499],[354.801,91.865],[367.375,101.308],[134.407,62.688],[75.712,47.005],[20.917,13.286],[-20.853,-31.668],[-56.653,-79.163],[-127.174,-171.548],[-166.085,-213.716],[-186.814,-233.402],[-208.654,-251.75],[-303.173,-315.054],[-405.8,-368.525],[-405.832,-368.542],[-408.056,-375.893]],"c":true},"ix":2},"nm":"Path 1","mn":"ADBE Vector Shape - Group","hd":false},{"ty":"fl","c":{"a":0,"k":[0.450238485897,0.141227752087,0.342166885675,1],"ix":4},"o":{"a":0,"k":100,"ix":5},"r":1,"bm":0,"nm":"Fill 1","mn":"ADBE Vector Graphic - Fill","hd":false},{"ty":"tr","p":{"a":0,"k":[409.722,379.203],"ix":2},"a":{"a":0,"k":[0,0],"ix":1},"s":{"a":0,"k":[100,100],"ix":3},"r":{"a":0,"k":0,"ix":6},"o":{"a":0,"k":100,"ix":7},"sk":{"a":0,"k":0,"ix":4},"sa":{"a":0,"k":0,"ix":5},"nm":"Transform"}],"nm":"Group 1","np":4,"cix":2,"bm":0,"ix":1,"mn":"ADBE Vector Group","hd":false},{"ty":"gr","it":[{"ind":0,"ty":"sh","ix":1,"ks":{"a":0,"k":{"i":[[12.92,32.6],[-113.84,-94.36],[-0.84,-0.68],[-2.121,-1.64],[-64.441,-8.4],[0,0],[75.08,12.88],[0,-54.302],[45.751,-9.747],[64.248,50.125],[0.429,0.338]],"o":[[17.479,48.32],[0.84,0.72],[2.08,1.72],[46.6,36.641],[437.04,56.88],[0,0],[-32.6,63.88],[0,53.402],[-79.7,16.98],[-0.432,-0.337],[-119.16,-93.559]],"v":[[-341.405,-188.474],[-149.605,102.286],[-147.086,104.366],[-140.805,109.406],[25.435,181.846],[318.795,-89.194],[71.115,-131.234],[137.579,12.237],[67.115,94.582],[-160.313,41.619],[-161.605,40.606]],"c":true},"ix":2},"nm":"Path 1","mn":"ADBE Vector Shape - Group","hd":false},{"ty":"fl","c":{"a":0,"k":[0.749019622803,0.525490224361,0.47058826685,1],"ix":4},"o":{"a":0,"k":100,"ix":5},"r":1,"bm":0,"nm":"Fill 1","mn":"ADBE Vector Graphic - Fill","hd":false},{"ty":"tr","p":{"a":0,"k":[460.388,553.852],"ix":2},"a":{"a":0,"k":[0,0],"ix":1},"s":{"a":0,"k":[100,100],"ix":3},"r":{"a":0,"k":0,"ix":6},"o":{"a":0,"k":100,"ix":7},"sk":{"a":0,"k":0,"ix":4},"sa":{"a":0,"k":0,"ix":5},"nm":"Transform"}],"nm":"Group 2","np":4,"cix":2,"bm":0,"ix":2,"mn":"ADBE Vector Group","hd":false},{"ty":"gr","it":[{"ind":0,"ty":"sh","ix":1,"ks":{"a":0,"k":{"i":[[50.92,15.44],[0,0],[0,0],[0,0],[-143.88,-113],[-64.44,-8.4],[0,0],[72.04,24.601],[143.88,116.48],[20.399,12.72],[4.399,2.6]],"o":[[0,0],[0,0],[0,0],[0,0],[46.601,36.64],[437.04,56.88],[0,0],[-97.84,-33.439],[-17.279,-13.961],[-4.281,-2.681],[-38,-22.24]],"v":[[-458.7,-393.5],[-440.7,-336.22],[-406.42,-227.101],[-350.62,-49.54],[-144.58,264.18],[21.66,336.62],[315.021,65.58],[28.62,12.859],[-256.66,-288.18],[-313.059,-328.34],[-326.099,-336.22]],"c":true},"ix":2},"nm":"Path 1","mn":"ADBE Vector Shape - Group","hd":false},{"ty":"fl","c":{"a":0,"k":[0.928911635455,0.76966827991,0.580090092678,1],"ix":4},"o":{"a":0,"k":100,"ix":5},"r":1,"bm":0,"nm":"Fill 1","mn":"ADBE Vector Graphic - Fill","hd":false},{"ty":"tr","p":{"a":0,"k":[464.162,399.078],"ix":2},"a":{"a":0,"k":[0,0],"ix":1},"s":{"a":0,"k":[100,100],"ix":3},"r":{"a":0,"k":0,"ix":6},"o":{"a":0,"k":100,"ix":7},"sk":{"a":0,"k":0,"ix":4},"sa":{"a":0,"k":0,"ix":5},"nm":"Transform"}],"nm":"Group 3","np":4,"cix":2,"bm":0,"ix":3,"mn":"ADBE Vector Group","hd":false}],"ip":0,"op":150,"st":0,"bm":0},{"ddd":0,"ind":11,"ty":4,"nm":"L Nail","parent":14,"sr":1,"ks":{"o":{"a":0,"k":100,"ix":11},"r":{"a":1,"k":[{"i":{"x":[0.667],"y":[1]},"o":{"x":[0.333],"y":[0]},"t":33,"s":[18]},{"t":39,"s":[0]}],"ix":10},"p":{"a":0,"k":[298.287,655.584,0],"ix":2},"a":{"a":0,"k":[368.768,159.414,0],"ix":1},"s":{"a":0,"k":[100,100,100],"ix":6}},"ao":0,"shapes":[{"ty":"gr","it":[{"ind":0,"ty":"sh","ix":1,"ks":{"a":0,"k":{"i":[[43.066,-43.484],[51.45,9.36],[-25.369,27.036],[-44.555,-1.788],[-18.389,0]],"o":[[-14.408,14.548],[-105.191,-19.136],[17.121,-18.247],[78.76,3.16],[40.767,0]],"v":[[113.702,52.023],[27.013,64.054],[-131.399,-55.167],[-34.362,-56.503],[83.597,-67.977]],"c":true},"ix":2},"nm":"Path 1","mn":"ADBE Vector Shape - Group","hd":false},{"ty":"st","c":{"a":0,"k":[0.450238485897,0.141227752087,0.342166885675,1],"ix":3},"o":{"a":0,"k":100,"ix":4},"w":{"a":0,"k":32,"ix":5},"lc":2,"lj":1,"ml":10,"bm":0,"nm":"Stroke 1","mn":"ADBE Vector Graphic - Stroke","hd":false},{"ty":"tr","p":{"a":0,"k":[236.768,153.414],"ix":2},"a":{"a":0,"k":[0,0],"ix":1},"s":{"a":0,"k":[100,100],"ix":3},"r":{"a":0,"k":0,"ix":6},"o":{"a":0,"k":100,"ix":7},"sk":{"a":0,"k":0,"ix":4},"sa":{"a":0,"k":0,"ix":5},"nm":"Transform"}],"nm":"Group 1","np":2,"cix":2,"bm":0,"ix":1,"mn":"ADBE Vector Group","hd":false},{"ty":"gr","it":[{"ind":0,"ty":"sh","ix":1,"ks":{"a":0,"k":{"i":[[30.36,-30.64],[51.48,9.36],[-19.84,28.519],[-61.559,-11.2],[-14.4,14.56],[0.96,19.08]],"o":[[-14.399,14.56],[-102.639,-18.64],[27.84,28.08],[51.441,9.36],[15.48,-15.64],[21.16,25.12]],"v":[[114.716,44.376],[28.036,56.416],[-132.004,-60.704],[9.836,8.256],[96.516,-3.784],[116.796,-58.424]],"c":true},"ix":2},"nm":"Path 1","mn":"ADBE Vector Shape - Group","hd":false},{"ty":"fl","c":{"a":0,"k":[0.796078503132,0.68235296011,0.756862819195,1],"ix":4},"o":{"a":0,"k":100,"ix":5},"r":1,"bm":0,"nm":"Fill 1","mn":"ADBE Vector Graphic - Fill","hd":false},{"ty":"tr","p":{"a":0,"k":[235.734,161.043],"ix":2},"a":{"a":0,"k":[0,0],"ix":1},"s":{"a":0,"k":[100,100],"ix":3},"r":{"a":0,"k":0,"ix":6},"o":{"a":0,"k":100,"ix":7},"sk":{"a":0,"k":0,"ix":4},"sa":{"a":0,"k":0,"ix":5},"nm":"Transform"}],"nm":"Group 2","np":4,"cix":2,"bm":0,"ix":2,"mn":"ADBE Vector Group","hd":false},{"ty":"gr","it":[{"ind":0,"ty":"sh","ix":1,"ks":{"a":0,"k":{"i":[[43.066,-43.484],[51.45,9.36],[-25.369,27.036],[-44.555,-1.788],[-18.389,0]],"o":[[-14.408,14.548],[-105.191,-19.136],[17.121,-18.247],[78.76,3.16],[40.767,0]],"v":[[113.702,52.023],[27.013,64.054],[-131.399,-55.167],[-34.362,-56.503],[83.597,-67.977]],"c":true},"ix":2},"nm":"Path 1","mn":"ADBE Vector Shape - Group","hd":false},{"ty":"fl","c":{"a":0,"k":[1,1,1,1],"ix":4},"o":{"a":0,"k":100,"ix":5},"r":1,"bm":0,"nm":"Fill 1","mn":"ADBE Vector Graphic - Fill","hd":false},{"ty":"tr","p":{"a":0,"k":[236.768,153.414],"ix":2},"a":{"a":0,"k":[0,0],"ix":1},"s":{"a":0,"k":[100,100],"ix":3},"r":{"a":0,"k":0,"ix":6},"o":{"a":0,"k":100,"ix":7},"sk":{"a":0,"k":0,"ix":4},"sa":{"a":0,"k":0,"ix":5},"nm":"Transform"}],"nm":"Group 3","np":4,"cix":2,"bm":0,"ix":3,"mn":"ADBE Vector Group","hd":false}],"ip":0,"op":150,"st":0,"bm":0},{"ddd":0,"ind":12,"ty":4,"nm":"L Nail M","parent":14,"sr":1,"ks":{"o":{"a":0,"k":100,"ix":11},"r":{"a":1,"k":[{"i":{"x":[0.667],"y":[1]},"o":{"x":[0.333],"y":[0]},"t":33,"s":[-47]},{"t":39,"s":[0]}],"ix":10},"p":{"a":0,"k":[207.699,637.59,0],"ix":2},"a":{"a":0,"k":[209.379,314.469,0],"ix":1},"s":{"a":0,"k":[100,100,100],"ix":6}},"ao":0,"shapes":[{"ty":"gr","it":[{"ind":0,"ty":"sh","ix":1,"ks":{"a":0,"k":{"i":[[37.936,-30.454],[26.316,85.37],[-19.278,-6.331],[-63.167,-56.084]],"o":[[0,0],[-36.131,-117.213],[19.277,6.331],[23.333,20.717]],"v":[[41.172,110.058],[-57.248,45.099],[14.339,-124.138],[70.046,4.771]],"c":true},"ix":2},"nm":"Path 1","mn":"ADBE Vector Shape - Group","hd":false},{"ty":"st","c":{"a":0,"k":[0.450238485897,0.141227752087,0.342166885675,1],"ix":3},"o":{"a":0,"k":100,"ix":4},"w":{"a":0,"k":32,"ix":5},"lc":2,"lj":1,"ml":10,"bm":0,"nm":"Stroke 1","mn":"ADBE Vector Graphic - Stroke","hd":false},{"ty":"tr","p":{"a":0,"k":[173.379,210.47],"ix":2},"a":{"a":0,"k":[0,0],"ix":1},"s":{"a":0,"k":[100,100],"ix":3},"r":{"a":0,"k":0,"ix":6},"o":{"a":0,"k":100,"ix":7},"sk":{"a":0,"k":0,"ix":4},"sa":{"a":0,"k":0,"ix":5},"nm":"Transform"}],"nm":"Group 1","np":2,"cix":2,"bm":0,"ix":1,"mn":"ADBE Vector Group","hd":false},{"ty":"gr","it":[{"ind":0,"ty":"sh","ix":1,"ks":{"a":0,"k":{"i":[[37.921,-30.44],[26.319,85.399],[-7.04,24.88],[-1.281,-4.2],[0,0],[-6.521,10.561],[-1.2,-1.08]],"o":[[0,0],[-11.241,-36.44],[0.96,4.04],[26.319,85.4],[10.28,-8.24],[1.16,1.081],[23.359,20.719]],"v":[[33.419,77.451],[-65.02,12.491],[-68.381,-79.589],[-65.02,-67.269],[33.419,-2.309],[58.739,-31.07],[62.26,-27.829]],"c":true},"ix":2},"nm":"Path 1","mn":"ADBE Vector Shape - Group","hd":false},{"ty":"fl","c":{"a":0,"k":[0.796078503132,0.68235296011,0.756862819195,1],"ix":4},"o":{"a":0,"k":100,"ix":5},"r":1,"bm":0,"nm":"Fill 1","mn":"ADBE Vector Graphic - Fill","hd":false},{"ty":"tr","p":{"a":0,"k":[181.15,243.058],"ix":2},"a":{"a":0,"k":[0,0],"ix":1},"s":{"a":0,"k":[100,100],"ix":3},"r":{"a":0,"k":0,"ix":6},"o":{"a":0,"k":100,"ix":7},"sk":{"a":0,"k":0,"ix":4},"sa":{"a":0,"k":0,"ix":5},"nm":"Transform"}],"nm":"Group 2","np":4,"cix":2,"bm":0,"ix":2,"mn":"ADBE Vector Group","hd":false},{"ty":"gr","it":[{"ind":0,"ty":"sh","ix":1,"ks":{"a":0,"k":{"i":[[37.936,-30.454],[26.316,85.37],[-19.278,-6.331],[-63.167,-56.084]],"o":[[0,0],[-36.131,-117.213],[19.277,6.331],[23.333,20.717]],"v":[[41.172,110.058],[-57.248,45.099],[14.339,-124.138],[70.046,4.771]],"c":true},"ix":2},"nm":"Path 1","mn":"ADBE Vector Shape - Group","hd":false},{"ty":"fl","c":{"a":0,"k":[1,1,1,1],"ix":4},"o":{"a":0,"k":100,"ix":5},"r":1,"bm":0,"nm":"Fill 1","mn":"ADBE Vector Graphic - Fill","hd":false},{"ty":"tr","p":{"a":0,"k":[173.379,210.47],"ix":2},"a":{"a":0,"k":[0,0],"ix":1},"s":{"a":0,"k":[100,100],"ix":3},"r":{"a":0,"k":0,"ix":6},"o":{"a":0,"k":100,"ix":7},"sk":{"a":0,"k":0,"ix":4},"sa":{"a":0,"k":0,"ix":5},"nm":"Transform"}],"nm":"Group 3","np":4,"cix":2,"bm":0,"ix":3,"mn":"ADBE Vector Group","hd":false}],"ip":0,"op":150,"st":0,"bm":0},{"ddd":0,"ind":13,"ty":4,"nm":"L Nail","parent":14,"sr":1,"ks":{"o":{"a":0,"k":100,"ix":11},"r":{"a":1,"k":[{"i":{"x":[0.667],"y":[1]},"o":{"x":[0.333],"y":[0]},"t":33,"s":[20]},{"t":39,"s":[0]}],"ix":10},"p":{"a":0,"k":[332.443,481.81,0],"ix":2},"a":{"a":0,"k":[308.703,186.769,0],"ix":1},"s":{"a":0,"k":[100,100,100],"ix":6}},"ao":0,"shapes":[{"ty":"gr","it":[{"ind":0,"ty":"sh","ix":1,"ks":{"a":0,"k":{"i":[[7.733,-8.045],[8.447,7.902],[61.339,1.04],[-75.046,-6.223],[-20.811,-18.38],[12.379,-7.272],[13.169,-10.259]],"o":[[-8.016,8.34],[-21.744,-20.339],[-47.494,-0.805],[52.359,4.342],[10.76,9.504],[-9.248,5.432],[-6.982,5.439]],"v":[[66.557,61.963],[36.824,62.867],[-91.21,8.048],[18.224,-64.546],[127.943,-17.886],[124.458,16.099],[90.505,39.35]],"c":true},"ix":2},"nm":"Path 1","mn":"ADBE Vector Shape - Group","hd":false},{"ty":"st","c":{"a":0,"k":[0.450238485897,0.141227752087,0.342166885675,1],"ix":3},"o":{"a":0,"k":100,"ix":4},"w":{"a":0,"k":32,"ix":5},"lc":2,"lj":1,"ml":10,"bm":0,"nm":"Stroke 1","mn":"ADBE Vector Graphic - Stroke","hd":false},{"ty":"tr","p":{"a":0,"k":[218.703,150.769],"ix":2},"a":{"a":0,"k":[0,0],"ix":1},"s":{"a":0,"k":[100,100],"ix":3},"r":{"a":0,"k":0,"ix":6},"o":{"a":0,"k":100,"ix":7},"sk":{"a":0,"k":0,"ix":4},"sa":{"a":0,"k":0,"ix":5},"nm":"Transform"}],"nm":"Group 1","np":2,"cix":2,"bm":0,"ix":1,"mn":"ADBE Vector Group","hd":false},{"ty":"gr","it":[{"ind":0,"ty":"sh","ix":1,"ks":{"a":0,"k":{"i":[[13.88,-8.4],[11.881,-9.24],[7.4,-7.64],[9.439,8.64],[59.76,1],[-28.279,20.04],[-21.64,-19.76],[-8.92,9.24],[-6.52,5.08],[-7.2,4.64],[-0.4,-0.32]],"o":[[-8.72,5.28],[-6.52,5.08],[-8.919,9.2],[-22.361,-20.48],[-25.64,-0.44],[56.801,2.92],[9.44,8.68],[7.4,-7.6],[8.961,-6.96],[0.4,0.28],[12.361,10.48]],"v":[[107.667,1.681],[76.547,23.241],[54.147,44.281],[21.188,45.201],[-105.133,-8.039],[-90.453,-51.439],[30.027,1.601],[62.987,0.681],[85.387,-20.319],[109.707,-37.639],[110.907,-36.679]],"c":true},"ix":2},"nm":"Path 1","mn":"ADBE Vector Shape - Group","hd":false},{"ty":"fl","c":{"a":0,"k":[0.796078503132,0.68235296011,0.756862819195,1],"ix":4},"o":{"a":0,"k":100,"ix":5},"r":1,"bm":0,"nm":"Fill 1","mn":"ADBE Vector Graphic - Fill","hd":false},{"ty":"tr","p":{"a":0,"k":[232.643,166.867],"ix":2},"a":{"a":0,"k":[0,0],"ix":1},"s":{"a":0,"k":[100,100],"ix":3},"r":{"a":0,"k":0,"ix":6},"o":{"a":0,"k":100,"ix":7},"sk":{"a":0,"k":0,"ix":4},"sa":{"a":0,"k":0,"ix":5},"nm":"Transform"}],"nm":"Group 2","np":4,"cix":2,"bm":0,"ix":2,"mn":"ADBE Vector Group","hd":false},{"ty":"gr","it":[{"ind":0,"ty":"sh","ix":1,"ks":{"a":0,"k":{"i":[[7.394,-7.631],[9.459,8.655],[59.768,1.012],[-75.047,-6.224],[-21.251,-17.951],[13.883,-8.393],[11.854,-9.234]],"o":[[-8.923,9.207],[-22.341,-20.443],[-47.495,-0.805],[49.837,4.133],[12.393,10.466],[-8.729,5.277],[-6.524,5.082]],"v":[[68.841,60.782],[35.851,61.697],[-90.467,8.466],[18.966,-64.128],[125.569,-20.159],[122.362,18.207],[91.247,39.766]],"c":true},"ix":2},"nm":"Path 1","mn":"ADBE Vector Shape - Group","hd":false},{"ty":"fl","c":{"a":0,"k":[1,1,1,1],"ix":4},"o":{"a":0,"k":100,"ix":5},"r":1,"bm":0,"nm":"Fill 1","mn":"ADBE Vector Graphic - Fill","hd":false},{"ty":"tr","p":{"a":0,"k":[217.961,150.352],"ix":2},"a":{"a":0,"k":[0,0],"ix":1},"s":{"a":0,"k":[100,100],"ix":3},"r":{"a":0,"k":0,"ix":6},"o":{"a":0,"k":100,"ix":7},"sk":{"a":0,"k":0,"ix":4},"sa":{"a":0,"k":0,"ix":5},"nm":"Transform"}],"nm":"Group 3","np":4,"cix":2,"bm":0,"ix":3,"mn":"ADBE Vector Group","hd":false}],"ip":0,"op":150,"st":0,"bm":0},{"ddd":0,"ind":14,"ty":4,"nm":"L Hand","parent":1,"sr":1,"ks":{"o":{"a":0,"k":100,"ix":11},"r":{"a":1,"k":[{"i":{"x":[0.667],"y":[1]},"o":{"x":[0.333],"y":[0]},"t":26,"s":[5]},{"t":39,"s":[0]}],"ix":10},"p":{"a":0,"k":[-319.096,47.612,0],"ix":2},"a":{"a":0,"k":[925.273,76.46,0],"ix":1},"s":{"a":0,"k":[100,100,100],"ix":6}},"ao":0,"shapes":[{"ty":"gr","it":[{"ind":0,"ty":"sh","ix":1,"ks":{"a":0,"k":{"i":[[0,0],[33.296,-18.502],[29.741,-23.666],[7.298,-6.104],[6.658,-6.845],[12.495,-14.545],[22.99,-31.771],[12.561,-15.659],[15.721,-13.915],[20.824,-7.534],[19.458,-4.454],[77.969,-10.71],[0,0],[1.686,-4.977],[1.465,-5.186],[1.859,-10.564],[-2.403,-20.646],[-10.283,-17.126],[-17.455,-10.64],[-20.686,-4.994],[0,0],[-5.36,-0.732],[-10.89,-0.728],[-2.747,-0.021],[0,0],[0,0],[-5.523,0.318],[0,0],[0,0],[0,0],[0,0],[-5.276,0.94],[0,0],[-19.668,8.913],[-17.819,12.445],[-15.803,15.167],[-13.853,17.152],[-19.882,39.704],[0,0],[-5.712,9.73],[-6.564,9.464],[0,0],[-2.51,-1.741],[0.043,-1.798],[2.648,-11.344],[4.052,-10.818],[11.481,-20.073],[29.666,-35.92],[17.001,-16.079],[19.479,-13.274],[46.739,-9.177],[0,0],[5.768,-0.708],[0,0],[0,0],[0,0],[0,0],[5.841,0.109],[0,0],[0,0],[2.924,0.138],[11.731,1.863],[5.852,0.947],[0,0],[21.287,13.031],[13.108,21.798],[2.668,24.313],[-3.942,23.484],[-3.285,11.402],[-1.918,5.641],[-2.608,6.14],[0,0],[0,0],[-75.637,16.004],[-16.966,5.938],[-13.59,12.026],[-11.937,14.838],[-11.474,15.799],[-25.733,30.491],[-30.895,25.902],[-36.201,17.673],[-39.971,4.184],[-0.313,-2.983],[1.885,-1.012]],"o":[[-34.886,18.672],[-33.136,18.686],[-7.547,5.772],[-6.897,6.57],[-13.708,13.273],[-24.775,29.356],[-11.528,15.866],[-12.59,15.626],[-15.654,13.857],[-20.003,6.965],[-77.564,16.398],[0,0],[-1.824,4.286],[-1.729,5.082],[-2.993,10.367],[-3.552,21.127],[2.281,20.628],[10.318,17.109],[17.466,10.752],[0,0],[5.322,0.854],[10.67,1.735],[2.732,0.131],[0,0],[0,0],[5.494,0.116],[0,0],[0,0],[0,0],[0,0],[5.47,-0.672],[0,0],[20.99,-4.458],[19.753,-8.589],[17.935,-12.223],[15.897,-15.04],[27.864,-34.118],[0,0],[5.181,-9.869],[5.559,-9.766],[0,0],[1.741,-2.509],[1.588,1.101],[-0.379,12.098],[-2.642,11.324],[-8.047,21.669],[-23.164,39.978],[-14.621,18.088],[-16.893,16.196],[-38.816,26.708],[0,0],[-5.88,1.022],[0,0],[0,0],[0,0],[0,0],[-5.785,0.33],[0,0],[0,0],[-2.914,-0.025],[-11.706,-0.766],[-5.859,-0.795],[0,0],[-23.197,-5.599],[-21.205,-12.851],[-13.121,-21.785],[-2.792,-24.42],[2.06,-11.738],[1.613,-5.711],[1.966,-5.74],[0,0],[0,0],[77.108,-10.58],[18.676,-4.244],[16.054,-5.822],[13.612,-12.029],[11.933,-14.872],[22.896,-31.632],[25.94,-30.296],[30.692,-26.077],[36.075,-17.82],[2.985,-0.311],[0.235,2.26],[0,0]],"v":[[406.082,-368.479],[303.455,-315.009],[208.936,-251.703],[187.097,-233.356],[166.369,-213.671],[127.457,-171.502],[56.936,-79.117],[21.136,-31.622],[-20.635,13.332],[-75.429,47.051],[-134.125,62.734],[-367.092,101.354],[-354.518,91.911],[-359.987,106.545],[-364.77,121.971],[-371.921,153.45],[-374.585,216.666],[-356.136,274.252],[-313.478,315.99],[-255.038,338.433],[-239.3,341.74],[-223.208,343.892],[-190.647,346.565],[-182.455,346.982],[-174.203,346.949],[-157.697,346.896],[-141.149,346.263],[-124.58,345.296],[-116.294,344.81],[-108.007,343.914],[-91.431,342.13],[-74.979,340.177],[-59.085,337.471],[2.415,318.34],[59.129,287.034],[109.958,245.989],[154.779,197.747],[227.207,86.75],[257.395,27.348],[273.421,-2.148],[291.371,-31.187],[291.487,-31.354],[299.183,-32.747],[301.56,-28.028],[296.484,6.857],[286.405,40.097],[256.994,102.797],[179.526,218.035],[131.908,269.275],[77.123,313.496],[-52.935,368.874],[-70.537,371.868],[-87.815,373.926],[-105.022,375.775],[-113.626,376.698],[-122.299,377.215],[-139.649,378.228],[-157.043,378.889],[-174.515,378.947],[-183.251,378.972],[-192.023,378.536],[-227.152,375.648],[-244.728,373.275],[-262.246,369.611],[-330.053,343.364],[-383.491,290.856],[-406.397,220.132],[-403.456,148.019],[-395.563,113.266],[-390.284,96.243],[-383.828,79.069],[-380.348,70.874],[-371.253,69.626],[-140.955,31.473],[-86.266,16.941],[-41.802,-10.668],[-3.809,-51.667],[31.054,-97.937],[103.018,-192.16],[187.57,-277.585],[288.287,-344.02],[402.985,-378.687],[408.954,-373.85],[406.119,-368.497]],"c":true},"ix":2},"nm":"Path 1","mn":"ADBE Vector Shape - Group","hd":false},{"ty":"fl","c":{"a":0,"k":[0.450238485897,0.141227752087,0.342166885675,1],"ix":4},"o":{"a":0,"k":100,"ix":5},"r":1,"bm":0,"nm":"Fill 1","mn":"ADBE Vector Graphic - Fill","hd":false},{"ty":"tr","p":{"a":0,"k":[513.107,379.248],"ix":2},"a":{"a":0,"k":[0,0],"ix":1},"s":{"a":0,"k":[100,100],"ix":3},"r":{"a":0,"k":0,"ix":6},"o":{"a":0,"k":100,"ix":7},"sk":{"a":0,"k":0,"ix":4},"sa":{"a":0,"k":0,"ix":5},"nm":"Transform"}],"nm":"Group 1","np":4,"cix":2,"bm":0,"ix":1,"mn":"ADBE Vector Group","hd":false},{"ty":"gr","it":[{"ind":0,"ty":"sh","ix":1,"ks":{"a":0,"k":{"i":[[-12.92,32.6],[113.84,-94.36],[0.84,-0.68],[2.121,-1.64],[64.441,-8.4],[0,0],[-75.08,12.88],[0,-54.302],[-45.752,-9.747],[-64.247,50.125],[-0.43,0.338]],"o":[[-17.479,48.32],[-0.84,0.72],[-2.08,1.72],[-46.6,36.641],[-437.04,56.88],[0,0],[32.6,63.88],[0,53.402],[79.699,16.98],[0.432,-0.337],[119.16,-93.559]],"v":[[341.405,-188.474],[149.605,102.286],[147.086,104.366],[140.805,109.406],[-25.435,181.846],[-318.795,-89.194],[-71.115,-131.234],[-137.58,12.237],[-67.115,94.582],[160.312,41.619],[161.605,40.606]],"c":true},"ix":2},"nm":"Path 1","mn":"ADBE Vector Shape - Group","hd":false},{"ty":"fl","c":{"a":0,"k":[0.749019622803,0.525490224361,0.47058826685,1],"ix":4},"o":{"a":0,"k":100,"ix":5},"r":1,"bm":0,"nm":"Fill 1","mn":"ADBE Vector Graphic - Fill","hd":false},{"ty":"tr","p":{"a":0,"k":[462.724,553.944],"ix":2},"a":{"a":0,"k":[0,0],"ix":1},"s":{"a":0,"k":[100,100],"ix":3},"r":{"a":0,"k":0,"ix":6},"o":{"a":0,"k":100,"ix":7},"sk":{"a":0,"k":0,"ix":4},"sa":{"a":0,"k":0,"ix":5},"nm":"Transform"}],"nm":"Group 2","np":4,"cix":2,"bm":0,"ix":2,"mn":"ADBE Vector Group","hd":false},{"ty":"gr","it":[{"ind":0,"ty":"sh","ix":1,"ks":{"a":0,"k":{"i":[[-50.92,15.44],[0,0],[0,0],[0,0],[143.88,-113],[64.44,-8.4],[0,0],[-72.04,24.601],[-143.88,116.48],[-20.399,12.72],[-4.399,2.6]],"o":[[0,0],[0,0],[0,0],[0,0],[-46.601,36.64],[-437.04,56.88],[0,0],[97.84,-33.439],[17.279,-13.961],[4.281,-2.681],[38,-22.24]],"v":[[458.7,-393.5],[440.7,-336.22],[406.42,-227.101],[350.62,-49.54],[144.58,264.18],[-21.66,336.62],[-315.021,65.58],[-28.62,12.859],[256.66,-288.18],[313.059,-328.34],[326.099,-336.22]],"c":true},"ix":2},"nm":"Path 1","mn":"ADBE Vector Shape - Group","hd":false},{"ty":"fl","c":{"a":0,"k":[0.928911635455,0.76966827991,0.580090092678,1],"ix":4},"o":{"a":0,"k":100,"ix":5},"r":1,"bm":0,"nm":"Fill 1","mn":"ADBE Vector Graphic - Fill","hd":false},{"ty":"tr","p":{"a":0,"k":[458.95,399.17],"ix":2},"a":{"a":0,"k":[0,0],"ix":1},"s":{"a":0,"k":[100,100],"ix":3},"r":{"a":0,"k":0,"ix":6},"o":{"a":0,"k":100,"ix":7},"sk":{"a":0,"k":0,"ix":4},"sa":{"a":0,"k":0,"ix":5},"nm":"Transform"}],"nm":"Group 3","np":4,"cix":2,"bm":0,"ix":3,"mn":"ADBE Vector Group","hd":false}],"ip":0,"op":150,"st":0,"bm":0},{"ddd":0,"ind":15,"ty":4,"nm":"R Leg","parent":1,"sr":1,"ks":{"o":{"a":0,"k":100,"ix":11},"r":{"a":0,"k":0,"ix":10},"p":{"a":0,"k":[745.182,732.342,0],"ix":2},"a":{"a":0,"k":[986.124,187.528,0],"ix":1},"s":{"a":0,"k":[100,100,100],"ix":6}},"ao":0,"shapes":[{"ty":"gr","it":[{"ind":0,"ty":"sh","ix":1,"ks":{"a":0,"k":{"i":[[-78.184,-50.863],[-138.784,138.529],[171.587,-17.056],[389.591,-120.829]],"o":[[134.838,87.72],[231.584,-231.162],[-166.418,16.541],[-172.934,53.634]],"v":[[-353.355,210.284],[260.62,145.417],[153.917,-280.948],[-319.27,-116.536]],"c":true},"ix":2},"nm":"Path 1","mn":"ADBE Vector Shape - Group","hd":false},{"ty":"st","c":{"a":0,"k":[0.450238485897,0.141227752087,0.342166885675,1],"ix":3},"o":{"a":0,"k":100,"ix":4},"w":{"a":0,"k":32,"ix":5},"lc":2,"lj":1,"ml":10,"bm":0,"nm":"Stroke 1","mn":"ADBE Vector Graphic - Stroke","hd":false},{"ty":"tr","p":{"a":0,"k":[680.467,378.004],"ix":2},"a":{"a":0,"k":[0,0],"ix":1},"s":{"a":0,"k":[100,100],"ix":3},"r":{"a":0,"k":0,"ix":6},"o":{"a":0,"k":100,"ix":7},"sk":{"a":0,"k":0,"ix":4},"sa":{"a":0,"k":0,"ix":5},"nm":"Transform"}],"nm":"Group 1","np":2,"cix":2,"bm":0,"ix":1,"mn":"ADBE Vector Group","hd":false},{"ty":"gr","it":[{"ind":0,"ty":"sh","ix":1,"ks":{"a":0,"k":{"i":[[105.279,-105.079],[134.841,87.72],[-26.28,85.24],[-29.641,-19.28],[-138.801,138.519],[-13.801,52.88]],"o":[[-138.801,138.561],[-51.76,-33.681],[12.8,50],[134.841,87.72],[58.919,-58.84],[22.359,77.521]],"v":[[288.843,81.934],[-325.119,146.815],[-394.678,-80.826],[-325.119,32.374],[288.843,-32.505],[394.722,-201.826]],"c":true},"ix":2},"nm":"Path 1","mn":"ADBE Vector Shape - Group","hd":false},{"ty":"fl","c":{"a":0,"k":[0.749019622803,0.525490224361,0.470588237047,1],"ix":4},"o":{"a":0,"k":100,"ix":5},"r":1,"bm":0,"nm":"Fill 1","mn":"ADBE Vector Graphic - Fill","hd":false},{"ty":"tr","p":{"a":0,"k":[652.242,441.473],"ix":2},"a":{"a":0,"k":[0,0],"ix":1},"s":{"a":0,"k":[100,100],"ix":3},"r":{"a":0,"k":0,"ix":6},"o":{"a":0,"k":100,"ix":7},"sk":{"a":0,"k":0,"ix":4},"sa":{"a":0,"k":0,"ix":5},"nm":"Transform"}],"nm":"Group 2","np":4,"cix":2,"bm":0,"ix":2,"mn":"ADBE Vector Group","hd":false},{"ty":"gr","it":[{"ind":0,"ty":"sh","ix":1,"ks":{"a":0,"k":{"i":[[-78.184,-50.863],[-138.784,138.529],[171.587,-17.056],[389.591,-120.829]],"o":[[134.838,87.72],[231.584,-231.162],[-166.418,16.541],[-172.934,53.634]],"v":[[-353.355,210.284],[260.62,145.417],[153.917,-280.948],[-319.27,-116.536]],"c":true},"ix":2},"nm":"Path 1","mn":"ADBE Vector Shape - Group","hd":false},{"ty":"fl","c":{"a":0,"k":[0.928911635455,0.76966827991,0.580090092678,1],"ix":4},"o":{"a":0,"k":100,"ix":5},"r":1,"bm":0,"nm":"Fill 1","mn":"ADBE Vector Graphic - Fill","hd":false},{"ty":"tr","p":{"a":0,"k":[680.467,378.004],"ix":2},"a":{"a":0,"k":[0,0],"ix":1},"s":{"a":0,"k":[100,100],"ix":3},"r":{"a":0,"k":0,"ix":6},"o":{"a":0,"k":100,"ix":7},"sk":{"a":0,"k":0,"ix":4},"sa":{"a":0,"k":0,"ix":5},"nm":"Transform"}],"nm":"Group 3","np":4,"cix":2,"bm":0,"ix":3,"mn":"ADBE Vector Group","hd":false},{"ty":"gr","it":[{"ind":0,"ty":"sh","ix":1,"ks":{"a":0,"k":{"i":[[30.561,20.532],[38.765,-9.458],[6.138,-10.369],[-104.556,38.528]],"o":[[-20.743,-13.937],[-69.587,16.978],[-17.383,29.366],[82.478,-30.392]],"v":[[60.681,-72.803],[-19.165,-61.314],[-164.718,-22.827],[99.623,48.212]],"c":true},"ix":2},"nm":"Path 1","mn":"ADBE Vector Shape - Group","hd":false},{"ty":"st","c":{"a":0,"k":[0.450238485897,0.141227752087,0.342166885675,1],"ix":3},"o":{"a":0,"k":100,"ix":4},"w":{"a":0,"k":32,"ix":5},"lc":2,"lj":1,"ml":10,"bm":0,"nm":"Stroke 1","mn":"ADBE Vector Graphic - Stroke","hd":false},{"ty":"tr","p":{"a":0,"k":[283.418,361.16],"ix":2},"a":{"a":0,"k":[0,0],"ix":1},"s":{"a":0,"k":[100,100],"ix":3},"r":{"a":0,"k":0,"ix":6},"o":{"a":0,"k":100,"ix":7},"sk":{"a":0,"k":0,"ix":4},"sa":{"a":0,"k":0,"ix":5},"nm":"Transform"}],"nm":"Group 4","np":2,"cix":2,"bm":0,"ix":4,"mn":"ADBE Vector Group","hd":false},{"ty":"gr","it":[{"ind":0,"ty":"sh","ix":1,"ks":{"a":0,"k":{"i":[[30.561,20.532],[38.765,-9.458],[6.138,-10.369],[-104.556,38.528]],"o":[[-20.743,-13.937],[-69.587,16.978],[-17.383,29.366],[82.478,-30.392]],"v":[[60.681,-72.803],[-19.165,-61.314],[-164.718,-22.827],[99.623,48.212]],"c":true},"ix":2},"nm":"Path 1","mn":"ADBE Vector Shape - Group","hd":false},{"ty":"fl","c":{"a":0,"k":[1,1,1,1],"ix":4},"o":{"a":0,"k":100,"ix":5},"r":1,"bm":0,"nm":"Fill 1","mn":"ADBE Vector Graphic - Fill","hd":false},{"ty":"tr","p":{"a":0,"k":[283.418,361.16],"ix":2},"a":{"a":0,"k":[0,0],"ix":1},"s":{"a":0,"k":[100,100],"ix":3},"r":{"a":0,"k":0,"ix":6},"o":{"a":0,"k":100,"ix":7},"sk":{"a":0,"k":0,"ix":4},"sa":{"a":0,"k":0,"ix":5},"nm":"Transform"}],"nm":"Group 5","np":4,"cix":2,"bm":0,"ix":5,"mn":"ADBE Vector Group","hd":false},{"ty":"gr","it":[{"ind":0,"ty":"sh","ix":1,"ks":{"a":0,"k":{"i":[[31.02,19.831],[38.54,-10.338],[5.9,-10.505],[-103.653,40.897]],"o":[[-21.055,-13.46],[-69.182,18.557],[-16.711,29.754],[81.764,-32.262]],"v":[[58.732,-73.768],[-20.833,-60.463],[-165.471,-18.674],[100.418,46.331]],"c":true},"ix":2},"nm":"Path 1","mn":"ADBE Vector Shape - Group","hd":false},{"ty":"st","c":{"a":0,"k":[0.450238485897,0.141227752087,0.342166885675,1],"ix":3},"o":{"a":0,"k":100,"ix":4},"w":{"a":0,"k":32,"ix":5},"lc":2,"lj":1,"ml":10,"bm":0,"nm":"Stroke 1","mn":"ADBE Vector Graphic - Stroke","hd":false},{"ty":"tr","p":{"a":0,"k":[262.182,461.593],"ix":2},"a":{"a":0,"k":[0,0],"ix":1},"s":{"a":0,"k":[100,100],"ix":3},"r":{"a":0,"k":0,"ix":6},"o":{"a":0,"k":100,"ix":7},"sk":{"a":0,"k":0,"ix":4},"sa":{"a":0,"k":0,"ix":5},"nm":"Transform"}],"nm":"Group 6","np":2,"cix":2,"bm":0,"ix":6,"mn":"ADBE Vector Group","hd":false},{"ty":"gr","it":[{"ind":0,"ty":"sh","ix":1,"ks":{"a":0,"k":{"i":[[0,0],[5.9,-10.505],[-103.652,40.897]],"o":[[-69.182,18.558],[-16.711,29.754],[0,0]],"v":[[20.05,-73.846],[-124.589,-32.057],[141.3,32.948]],"c":false},"ix":2},"nm":"Path 1","mn":"ADBE Vector Shape - Group","hd":false},{"ty":"fl","c":{"a":0,"k":[1,1,1,1],"ix":4},"o":{"a":0,"k":100,"ix":5},"r":1,"bm":0,"nm":"Fill 1","mn":"ADBE Vector Graphic - Fill","hd":false},{"ty":"tr","p":{"a":0,"k":[221.3,474.974],"ix":2},"a":{"a":0,"k":[0,0],"ix":1},"s":{"a":0,"k":[100,100],"ix":3},"r":{"a":0,"k":0,"ix":6},"o":{"a":0,"k":100,"ix":7},"sk":{"a":0,"k":0,"ix":4},"sa":{"a":0,"k":0,"ix":5},"nm":"Transform"}],"nm":"Group 7","np":4,"cix":2,"bm":0,"ix":7,"mn":"ADBE Vector Group","hd":false},{"ty":"gr","it":[{"ind":0,"ty":"sh","ix":1,"ks":{"a":0,"k":{"i":[[31.134,19.653],[38.478,-10.559],[5.84,-10.538],[-103.416,41.492]],"o":[[-21.131,-13.339],[-69.076,18.954],[-16.54,29.85],[81.579,-32.729]],"v":[[58.235,-74.005],[-21.25,-60.245],[-165.648,-17.628],[100.609,45.852]],"c":true},"ix":2},"nm":"Path 1","mn":"ADBE Vector Shape - Group","hd":false},{"ty":"st","c":{"a":0,"k":[0.450238485897,0.141227752087,0.342166885675,1],"ix":3},"o":{"a":0,"k":100,"ix":4},"w":{"a":0,"k":32,"ix":5},"lc":2,"lj":1,"ml":10,"bm":0,"nm":"Stroke 1","mn":"ADBE Vector Graphic - Stroke","hd":false},{"ty":"tr","p":{"a":0,"k":[305.363,559.044],"ix":2},"a":{"a":0,"k":[0,0],"ix":1},"s":{"a":0,"k":[100,100],"ix":3},"r":{"a":0,"k":0,"ix":6},"o":{"a":0,"k":100,"ix":7},"sk":{"a":0,"k":0,"ix":4},"sa":{"a":0,"k":0,"ix":5},"nm":"Transform"}],"nm":"Group 8","np":2,"cix":2,"bm":0,"ix":8,"mn":"ADBE Vector Group","hd":false},{"ty":"gr","it":[{"ind":0,"ty":"sh","ix":1,"ks":{"a":0,"k":{"i":[[0,0],[5.839,-10.538],[-103.416,41.491]],"o":[[-69.075,18.954],[-16.54,29.85],[0,0]],"v":[[19.539,-73.794],[-124.858,-31.177],[141.398,32.303]],"c":false},"ix":2},"nm":"Path 1","mn":"ADBE Vector Shape - Group","hd":false},{"ty":"fl","c":{"a":0,"k":[1,1,1,1],"ix":4},"o":{"a":0,"k":100,"ix":5},"r":1,"bm":0,"nm":"Fill 1","mn":"ADBE Vector Graphic - Fill","hd":false},{"ty":"tr","p":{"a":0,"k":[264.574,572.594],"ix":2},"a":{"a":0,"k":[0,0],"ix":1},"s":{"a":0,"k":[100,100],"ix":3},"r":{"a":0,"k":0,"ix":6},"o":{"a":0,"k":100,"ix":7},"sk":{"a":0,"k":0,"ix":4},"sa":{"a":0,"k":0,"ix":5},"nm":"Transform"}],"nm":"Group 9","np":4,"cix":2,"bm":0,"ix":9,"mn":"ADBE Vector Group","hd":false},{"ty":"gr","it":[{"ind":0,"ty":"sh","ix":1,"ks":{"a":0,"k":{"i":[[-78.184,-50.863],[-138.784,138.529],[171.587,-17.056],[389.591,-120.829]],"o":[[134.838,87.72],[231.584,-231.162],[-166.418,16.541],[-172.934,53.634]],"v":[[-353.355,210.284],[260.62,145.417],[153.917,-280.948],[-319.27,-116.536]],"c":true},"ix":2},"nm":"Path 1","mn":"ADBE Vector Shape - Group","hd":false},{"ty":"fl","c":{"a":0,"k":[0.836017922794,0.65023354923,0.524163579006,1],"ix":4},"o":{"a":0,"k":100,"ix":5},"r":1,"bm":0,"nm":"Fill 2","mn":"ADBE Vector Graphic - Fill","hd":false},{"ty":"fl","c":{"a":0,"k":[0.836017922794,0.65023354923,0.524163579006,1],"ix":4},"o":{"a":0,"k":100,"ix":5},"r":1,"bm":0,"nm":"Fill 1","mn":"ADBE Vector Graphic - Fill","hd":false},{"ty":"tr","p":{"a":0,"k":[680.467,378.004],"ix":2},"a":{"a":0,"k":[0,0],"ix":1},"s":{"a":0,"k":[100,100],"ix":3},"r":{"a":0,"k":0,"ix":6},"o":{"a":0,"k":100,"ix":7},"sk":{"a":0,"k":0,"ix":4},"sa":{"a":0,"k":0,"ix":5},"nm":"Transform"}],"nm":"Group 10","np":5,"cix":2,"bm":0,"ix":10,"mn":"ADBE Vector Group","hd":false}],"ip":0,"op":150,"st":0,"bm":0},{"ddd":0,"ind":16,"ty":4,"nm":"L Leg","parent":1,"sr":1,"ks":{"o":{"a":0,"k":100,"ix":11},"r":{"a":0,"k":0,"ix":10},"p":{"a":0,"k":[-752.42,795.834,0],"ix":2},"a":{"a":0,"k":[245.383,251.02,0],"ix":1},"s":{"a":0,"k":[100,100,100],"ix":6}},"ao":0,"shapes":[{"ty":"gr","it":[{"ind":0,"ty":"sh","ix":1,"ks":{"a":0,"k":{"i":[[78.183,-50.863],[138.783,138.529],[-171.587,-17.056],[-389.591,-120.829]],"o":[[-134.838,87.72],[-231.584,-231.162],[166.417,16.541],[172.933,53.634]],"v":[[353.356,210.284],[-260.619,145.417],[-153.917,-280.948],[319.271,-116.536]],"c":true},"ix":2},"nm":"Path 1","mn":"ADBE Vector Shape - Group","hd":false},{"ty":"st","c":{"a":0,"k":[0.450238485897,0.141227752087,0.342166885675,1],"ix":3},"o":{"a":0,"k":100,"ix":4},"w":{"a":0,"k":32,"ix":5},"lc":2,"lj":1,"ml":10,"bm":0,"nm":"Stroke 1","mn":"ADBE Vector Graphic - Stroke","hd":false},{"ty":"tr","p":{"a":0,"k":[572.203,378.004],"ix":2},"a":{"a":0,"k":[0,0],"ix":1},"s":{"a":0,"k":[100,100],"ix":3},"r":{"a":0,"k":0,"ix":6},"o":{"a":0,"k":100,"ix":7},"sk":{"a":0,"k":0,"ix":4},"sa":{"a":0,"k":0,"ix":5},"nm":"Transform"}],"nm":"Group 1","np":2,"cix":2,"bm":0,"ix":1,"mn":"ADBE Vector Group","hd":false},{"ty":"gr","it":[{"ind":0,"ty":"sh","ix":1,"ks":{"a":0,"k":{"i":[[51.52,-33.521],[138.8,138.561],[-21.8,77.36],[-59.4,-59.279],[-134.84,87.721],[-12.64,50.6]],"o":[[-134.84,87.72],[-104.72,-104.519],[13.56,53.28],[138.8,138.521],[29.92,-19.439],[25.52,85.081]],"v":[[325.107,146.195],[-288.853,81.314],[-395.053,-201.205],[-288.853,-30.566],[325.107,34.274],[395.027,-80.326]],"c":true},"ix":2},"nm":"Path 1","mn":"ADBE Vector Shape - Group","hd":false},{"ty":"fl","c":{"a":0,"k":[0.749019622803,0.525490224361,0.47058826685,1],"ix":4},"o":{"a":0,"k":100,"ix":5},"r":1,"bm":0,"nm":"Fill 1","mn":"ADBE Vector Graphic - Fill","hd":false},{"ty":"tr","p":{"a":0,"k":[600.438,442.093],"ix":2},"a":{"a":0,"k":[0,0],"ix":1},"s":{"a":0,"k":[100,100],"ix":3},"r":{"a":0,"k":0,"ix":6},"o":{"a":0,"k":100,"ix":7},"sk":{"a":0,"k":0,"ix":4},"sa":{"a":0,"k":0,"ix":5},"nm":"Transform"}],"nm":"Group 2","np":4,"cix":2,"bm":0,"ix":2,"mn":"ADBE Vector Group","hd":false},{"ty":"gr","it":[{"ind":0,"ty":"sh","ix":1,"ks":{"a":0,"k":{"i":[[78.201,-50.881],[138.8,138.561],[-87,73.601],[-55,-5.481],[-199,-73.519],[-70.24,-21.8]],"o":[[-134.84,87.72],[-157.36,-157.079],[41.04,-34.72],[136.4,13.559],[43.76,16.201],[172.96,53.601]],"v":[[316.22,204.5],[-297.74,139.62],[-341.58,-239.38],[-191.02,-286.739],[113.3,-179.02],[282.14,-122.3]],"c":true},"ix":2},"nm":"Path 1","mn":"ADBE Vector Shape - Group","hd":false},{"ty":"fl","c":{"a":0,"k":[0.928911635455,0.76966827991,0.580090092678,1],"ix":4},"o":{"a":0,"k":100,"ix":5},"r":1,"bm":0,"nm":"Fill 1","mn":"ADBE Vector Graphic - Fill","hd":false},{"ty":"tr","p":{"a":0,"k":[609.324,383.787],"ix":2},"a":{"a":0,"k":[0,0],"ix":1},"s":{"a":0,"k":[100,100],"ix":3},"r":{"a":0,"k":0,"ix":6},"o":{"a":0,"k":100,"ix":7},"sk":{"a":0,"k":0,"ix":4},"sa":{"a":0,"k":0,"ix":5},"nm":"Transform"}],"nm":"Group 3","np":4,"cix":2,"bm":0,"ix":3,"mn":"ADBE Vector Group","hd":false},{"ty":"gr","it":[{"ind":0,"ty":"sh","ix":1,"ks":{"a":0,"k":{"i":[[78.183,-50.863],[138.783,138.529],[-171.587,-17.056],[-389.591,-120.829]],"o":[[-134.838,87.72],[-231.584,-231.162],[166.417,16.541],[172.933,53.634]],"v":[[353.356,210.284],[-260.619,145.417],[-153.917,-280.948],[319.271,-116.536]],"c":true},"ix":2},"nm":"Path 1","mn":"ADBE Vector Shape - Group","hd":false},{"ty":"fl","c":{"a":0,"k":[0.836017922794,0.65023354923,0.524163579006,1],"ix":4},"o":{"a":0,"k":100,"ix":5},"r":1,"bm":0,"nm":"Fill 2","mn":"ADBE Vector Graphic - Fill","hd":false},{"ty":"fl","c":{"a":0,"k":[0.836017922794,0.65023354923,0.524163579006,1],"ix":4},"o":{"a":0,"k":100,"ix":5},"r":1,"bm":0,"nm":"Fill 1","mn":"ADBE Vector Graphic - Fill","hd":false},{"ty":"tr","p":{"a":0,"k":[572.203,378.004],"ix":2},"a":{"a":0,"k":[0,0],"ix":1},"s":{"a":0,"k":[100,100],"ix":3},"r":{"a":0,"k":0,"ix":6},"o":{"a":0,"k":100,"ix":7},"sk":{"a":0,"k":0,"ix":4},"sa":{"a":0,"k":0,"ix":5},"nm":"Transform"}],"nm":"Group 4","np":5,"cix":2,"bm":0,"ix":4,"mn":"ADBE Vector Group","hd":false},{"ty":"gr","it":[{"ind":0,"ty":"sh","ix":1,"ks":{"a":0,"k":{"i":[[-30.561,20.532],[-38.764,-9.458],[-6.137,-10.369],[104.557,38.528]],"o":[[20.742,-13.937],[69.587,16.978],[17.383,29.366],[-82.477,-30.392]],"v":[[-60.68,-72.803],[19.164,-61.314],[164.717,-22.827],[-99.624,48.212]],"c":true},"ix":2},"nm":"Path 1","mn":"ADBE Vector Shape - Group","hd":false},{"ty":"st","c":{"a":0,"k":[0.450238485897,0.141227752087,0.342166885675,1],"ix":3},"o":{"a":0,"k":100,"ix":4},"w":{"a":0,"k":32,"ix":5},"lc":2,"lj":1,"ml":10,"bm":0,"nm":"Stroke 1","mn":"ADBE Vector Graphic - Stroke","hd":false},{"ty":"tr","p":{"a":0,"k":[969.253,361.16],"ix":2},"a":{"a":0,"k":[0,0],"ix":1},"s":{"a":0,"k":[100,100],"ix":3},"r":{"a":0,"k":0,"ix":6},"o":{"a":0,"k":100,"ix":7},"sk":{"a":0,"k":0,"ix":4},"sa":{"a":0,"k":0,"ix":5},"nm":"Transform"}],"nm":"Group 5","np":2,"cix":2,"bm":0,"ix":5,"mn":"ADBE Vector Group","hd":false},{"ty":"gr","it":[{"ind":0,"ty":"sh","ix":1,"ks":{"a":0,"k":{"i":[[-30.561,20.532],[-38.764,-9.458],[-6.137,-10.369],[104.557,38.528]],"o":[[20.742,-13.937],[69.587,16.978],[17.383,29.366],[-82.477,-30.392]],"v":[[-60.68,-72.803],[19.164,-61.314],[164.717,-22.827],[-99.624,48.212]],"c":true},"ix":2},"nm":"Path 1","mn":"ADBE Vector Shape - Group","hd":false},{"ty":"fl","c":{"a":0,"k":[1,1,1,1],"ix":4},"o":{"a":0,"k":100,"ix":5},"r":1,"bm":0,"nm":"Fill 1","mn":"ADBE Vector Graphic - Fill","hd":false},{"ty":"tr","p":{"a":0,"k":[969.253,361.16],"ix":2},"a":{"a":0,"k":[0,0],"ix":1},"s":{"a":0,"k":[100,100],"ix":3},"r":{"a":0,"k":0,"ix":6},"o":{"a":0,"k":100,"ix":7},"sk":{"a":0,"k":0,"ix":4},"sa":{"a":0,"k":0,"ix":5},"nm":"Transform"}],"nm":"Group 6","np":4,"cix":2,"bm":0,"ix":6,"mn":"ADBE Vector Group","hd":false},{"ty":"gr","it":[{"ind":0,"ty":"sh","ix":1,"ks":{"a":0,"k":{"i":[[-31.021,19.831],[-38.539,-10.338],[-5.9,-10.505],[103.653,40.897]],"o":[[21.054,-13.46],[69.182,18.557],[16.711,29.754],[-81.765,-32.262]],"v":[[-58.73,-73.768],[20.833,-60.463],[165.471,-18.674],[-100.417,46.331]],"c":true},"ix":2},"nm":"Path 1","mn":"ADBE Vector Shape - Group","hd":false},{"ty":"st","c":{"a":0,"k":[0.450238485897,0.141227752087,0.342166885675,1],"ix":3},"o":{"a":0,"k":100,"ix":4},"w":{"a":0,"k":32,"ix":5},"lc":2,"lj":1,"ml":10,"bm":0,"nm":"Stroke 1","mn":"ADBE Vector Graphic - Stroke","hd":false},{"ty":"tr","p":{"a":0,"k":[990.488,461.593],"ix":2},"a":{"a":0,"k":[0,0],"ix":1},"s":{"a":0,"k":[100,100],"ix":3},"r":{"a":0,"k":0,"ix":6},"o":{"a":0,"k":100,"ix":7},"sk":{"a":0,"k":0,"ix":4},"sa":{"a":0,"k":0,"ix":5},"nm":"Transform"}],"nm":"Group 7","np":2,"cix":2,"bm":0,"ix":7,"mn":"ADBE Vector Group","hd":false},{"ty":"gr","it":[{"ind":0,"ty":"sh","ix":1,"ks":{"a":0,"k":{"i":[[0,0],[-5.901,-10.505],[103.652,40.897]],"o":[[69.182,18.558],[16.711,29.754],[0,0]],"v":[[-20.05,-73.846],[124.589,-32.057],[-141.3,32.948]],"c":false},"ix":2},"nm":"Path 1","mn":"ADBE Vector Shape - Group","hd":false},{"ty":"fl","c":{"a":0,"k":[1,1,1,1],"ix":4},"o":{"a":0,"k":100,"ix":5},"r":1,"bm":0,"nm":"Fill 1","mn":"ADBE Vector Graphic - Fill","hd":false},{"ty":"tr","p":{"a":0,"k":[1031.371,474.974],"ix":2},"a":{"a":0,"k":[0,0],"ix":1},"s":{"a":0,"k":[100,100],"ix":3},"r":{"a":0,"k":0,"ix":6},"o":{"a":0,"k":100,"ix":7},"sk":{"a":0,"k":0,"ix":4},"sa":{"a":0,"k":0,"ix":5},"nm":"Transform"}],"nm":"Group 8","np":4,"cix":2,"bm":0,"ix":8,"mn":"ADBE Vector Group","hd":false},{"ty":"gr","it":[{"ind":0,"ty":"sh","ix":1,"ks":{"a":0,"k":{"i":[[-31.134,19.653],[-38.479,-10.559],[-5.839,-10.538],[103.417,41.492]],"o":[[21.131,-13.339],[69.075,18.954],[16.54,29.85],[-81.578,-32.729]],"v":[[-58.234,-74.005],[21.251,-60.245],[165.647,-17.628],[-100.609,45.852]],"c":true},"ix":2},"nm":"Path 1","mn":"ADBE Vector Shape - Group","hd":false},{"ty":"st","c":{"a":0,"k":[0.450238485897,0.141227752087,0.342166885675,1],"ix":3},"o":{"a":0,"k":100,"ix":4},"w":{"a":0,"k":32,"ix":5},"lc":2,"lj":1,"ml":10,"bm":0,"nm":"Stroke 1","mn":"ADBE Vector Graphic - Stroke","hd":false},{"ty":"tr","p":{"a":0,"k":[947.307,559.044],"ix":2},"a":{"a":0,"k":[0,0],"ix":1},"s":{"a":0,"k":[100,100],"ix":3},"r":{"a":0,"k":0,"ix":6},"o":{"a":0,"k":100,"ix":7},"sk":{"a":0,"k":0,"ix":4},"sa":{"a":0,"k":0,"ix":5},"nm":"Transform"}],"nm":"Group 9","np":2,"cix":2,"bm":0,"ix":9,"mn":"ADBE Vector Group","hd":false},{"ty":"gr","it":[{"ind":0,"ty":"sh","ix":1,"ks":{"a":0,"k":{"i":[[0,0],[-5.839,-10.538],[103.417,41.491]],"o":[[69.075,18.954],[16.54,29.85],[0,0]],"v":[[-19.538,-73.794],[124.859,-31.177],[-141.398,32.303]],"c":false},"ix":2},"nm":"Path 1","mn":"ADBE Vector Shape - Group","hd":false},{"ty":"fl","c":{"a":0,"k":[1,1,1,1],"ix":4},"o":{"a":0,"k":100,"ix":5},"r":1,"bm":0,"nm":"Fill 1","mn":"ADBE Vector Graphic - Fill","hd":false},{"ty":"tr","p":{"a":0,"k":[988.096,572.594],"ix":2},"a":{"a":0,"k":[0,0],"ix":1},"s":{"a":0,"k":[100,100],"ix":3},"r":{"a":0,"k":0,"ix":6},"o":{"a":0,"k":100,"ix":7},"sk":{"a":0,"k":0,"ix":4},"sa":{"a":0,"k":0,"ix":5},"nm":"Transform"}],"nm":"Group 10","np":4,"cix":2,"bm":0,"ix":10,"mn":"ADBE Vector Group","hd":false}],"ip":0,"op":150,"st":0,"bm":0},{"ddd":0,"ind":17,"ty":4,"nm":"Body","parent":1,"sr":1,"ks":{"o":{"a":0,"k":100,"ix":11},"r":{"a":0,"k":0,"ix":10},"p":{"a":0,"k":[-13.626,989.579,0],"ix":2},"a":{"a":0,"k":[743.795,1035.478,0],"ix":1},"s":{"a":0,"k":[100,100,100],"ix":6}},"ao":0,"shapes":[{"ty":"gr","it":[{"ind":0,"ty":"sh","ix":1,"ks":{"a":0,"k":{"i":[[-0.08,0.199],[0,0]],"o":[[0,0],[0.16,-0.48]],"v":[[0.16,-0.519],[-0.16,0.521]],"c":true},"ix":2},"nm":"Path 1","mn":"ADBE Vector Shape - Group","hd":false},{"ty":"fl","c":{"a":0,"k":[0.450238485897,0.141227752087,0.342166885675,1],"ix":4},"o":{"a":0,"k":100,"ix":5},"r":1,"bm":0,"nm":"Fill 1","mn":"ADBE Vector Graphic - Fill","hd":false},{"ty":"tr","p":{"a":0,"k":[322.381,367.44],"ix":2},"a":{"a":0,"k":[0,0],"ix":1},"s":{"a":0,"k":[100,100],"ix":3},"r":{"a":0,"k":0,"ix":6},"o":{"a":0,"k":100,"ix":7},"sk":{"a":0,"k":0,"ix":4},"sa":{"a":0,"k":0,"ix":5},"nm":"Transform"}],"nm":"Group 1","np":4,"cix":2,"bm":0,"ix":1,"mn":"ADBE Vector Group","hd":false},{"ty":"gr","it":[{"ind":0,"ty":"sh","ix":1,"ks":{"a":0,"k":{"i":[[2.56,-6.56],[-0.72,2.199],[0,0]],"o":[[2.56,-7.119],[0,0],[0,0]],"v":[[-2.44,7.1],[2.44,-7.099],[1.24,-3.059]],"c":true},"ix":2},"nm":"Path 1","mn":"ADBE Vector Shape - Group","hd":false},{"ty":"fl","c":{"a":0,"k":[0.450238485897,0.141227752087,0.342166885675,1],"ix":4},"o":{"a":0,"k":100,"ix":5},"r":1,"bm":0,"nm":"Fill 1","mn":"ADBE Vector Graphic - Fill","hd":false},{"ty":"tr","p":{"a":0,"k":[319.781,375.061],"ix":2},"a":{"a":0,"k":[0,0],"ix":1},"s":{"a":0,"k":[100,100],"ix":3},"r":{"a":0,"k":0,"ix":6},"o":{"a":0,"k":100,"ix":7},"sk":{"a":0,"k":0,"ix":4},"sa":{"a":0,"k":0,"ix":5},"nm":"Transform"}],"nm":"Group 2","np":4,"cix":2,"bm":0,"ix":2,"mn":"ADBE Vector Group","hd":false},{"ty":"gr","it":[{"ind":0,"ty":"sh","ix":1,"ks":{"a":0,"k":{"i":[[180.965,-80.688],[0,0],[255.244,115.333],[0,0],[-44.518,192.121],[-29.813,77.729],[0,0],[0,0],[-44.881,-120.907],[-22.895,-98.322]],"o":[[0,0],[-255.814,114.064],[0,0],[-179.717,-81.206],[25.429,-109.746],[41.217,-107.387],[0,0],[0,0],[27.241,73.32],[44.936,192.976]],"v":[[403.586,406.761],[397.637,409.415],[-405.792,407.417],[-405.792,407.417],[-639.277,-62.635],[-550.961,-348.948],[-474.787,-523.479],[474.772,-523.479],[559.721,-325.665],[638.859,-64.526]],"c":true},"ix":2},"nm":"Path 1","mn":"ADBE Vector Shape - Group","hd":false},{"ty":"st","c":{"a":0,"k":[0.450238485897,0.141227752087,0.342166885675,1],"ix":3},"o":{"a":0,"k":100,"ix":4},"w":{"a":0,"k":32,"ix":5},"lc":2,"lj":1,"ml":10,"bm":0,"nm":"Stroke 1","mn":"ADBE Vector Graphic - Stroke","hd":false},{"ty":"tr","p":{"a":0,"k":[763.795,603.479],"ix":2},"a":{"a":0,"k":[0,0],"ix":1},"s":{"a":0,"k":[100,100],"ix":3},"r":{"a":0,"k":0,"ix":6},"o":{"a":0,"k":100,"ix":7},"sk":{"a":0,"k":0,"ix":4},"sa":{"a":0,"k":0,"ix":5},"nm":"Transform"}],"nm":"Group 3","np":2,"cix":2,"bm":0,"ix":3,"mn":"ADBE Vector Group","hd":false},{"ty":"gr","it":[{"ind":0,"ty":"sh","ix":1,"ks":{"a":0,"k":{"i":[[-1.561,-0.601],[14.64,-40.239],[105.84,-47.161],[0,0],[128.44,-3.04],[7.28,16.04],[9.519,-12.12],[119.72,54.16],[36.721,103.64],[1.08,43.88],[-2.56,0.759],[0,2.56],[-7.201,31.04],[-29.841,77.72],[-12.88,28.799],[-0.96,2.16],[-4.519,9.04],[0,0],[0,0],[0,0],[0,0],[99.92,-153.24],[1.44,-2.081],[-352.16,-109.24],[-17.439,-28.72],[-42.721,13.24],[-125.44,17.16],[1.08,1.64],[0,0],[0,0],[0,0],[0,0],[-2.56,-5.16],[-10.48,-23.08],[-1.041,-2.28],[-17.161,-44.68],[-25.44,-109.761],[0,-30.76],[0.08,-3.36],[0.039,-0.4]],"o":[[-1.521,43.56],[-37.44,102.841],[0,0],[-119.961,53.52],[-9.521,-12.16],[-7.279,16],[-128.481,-3.64],[-106,-47.88],[-14.439,-40.6],[2.521,-0.84],[-0.04,-2.56],[0,-30.76],[25.439,-109.761],[17.159,-44.68],[1.04,-2.28],[10.48,-23.08],[2.561,-5.16],[0,0],[0,0],[0,0],[0,0],[-1.359,2.12],[113.16,17.52],[42.72,13.24],[17.4,-28.72],[362.16,-112.32],[-1.121,-1.6],[-99.92,-153.24],[0,0],[0,0],[0,0],[0,0],[4.52,9.04],[0.959,2.16],[12.879,28.799],[29.839,77.72],[7.2,31.04],[0,3.359],[0,0.4],[1.56,0.56]],"v":[[649.56,57.86],[624.96,184.259],[403.8,421.42],[397.88,424.06],[21.52,508.82],[-3.96,466.06],[-29.399,508.7],[-405.56,422.06],[-625.96,182.42],[-649.56,54.98],[-641.92,52.58],[-642,44.94],[-631.359,-47.98],[-543.039,-334.3],[-496.92,-445.54],[-493.92,-452.18],[-470.84,-500.94],[-466.88,-508.82],[-429.96,-508.82],[-429.88,-505.26],[-425.64,-319.22],[-519.88,44.1],[-524.08,50.42],[-92.6,209.74],[-3.96,275.22],[84.64,209.74],[526.16,48.98],[522.919,44.1],[428.68,-319.22],[432.919,-505.26],[432.999,-508.82],[469.919,-508.82],[473.88,-500.94],[496.96,-452.18],[499.96,-445.54],[546.08,-334.3],[634.4,-47.98],[645.039,44.94],[644.919,54.98],[644.88,56.14]],"c":true},"ix":2},"nm":"Path 1","mn":"ADBE Vector Shape - Group","hd":false},{"ty":"fl","c":{"a":0,"k":[0.749019622803,0.525490224361,0.47058826685,1],"ix":4},"o":{"a":0,"k":100,"ix":5},"r":1,"bm":0,"nm":"Fill 1","mn":"ADBE Vector Graphic - Fill","hd":false},{"ty":"tr","p":{"a":0,"k":[755.901,588.821],"ix":2},"a":{"a":0,"k":[0,0],"ix":1},"s":{"a":0,"k":[100,100],"ix":3},"r":{"a":0,"k":0,"ix":6},"o":{"a":0,"k":100,"ix":7},"sk":{"a":0,"k":0,"ix":4},"sa":{"a":0,"k":0,"ix":5},"nm":"Transform"}],"nm":"Group 4","np":4,"cix":2,"bm":0,"ix":4,"mn":"ADBE Vector Group","hd":false},{"ty":"gr","it":[{"ind":0,"ty":"sh","ix":1,"ks":{"a":0,"k":{"i":[[1.28,-35.521],[1.361,-11.28],[10.8,-29.639],[105.84,-47.161],[0,0],[128.44,-3.04],[17,0.48],[119.72,54.16],[36.72,103.64],[2.72,10.36],[2.319,20.4],[0.281,12.279],[0,3.359],[-7.2,31.04],[-29.841,77.72],[-12.88,28.799],[-0.96,2.16],[-4.519,9.04],[0,0],[0,0],[-2.88,-5.84],[-11.279,-25.121],[-1.04,-2.28],[-19.28,-51.96],[-22.88,-98.32]],"o":[[-0.4,11.479],[-3.76,31.64],[-37.44,102.841],[0,0],[-119.96,53.52],[-16.96,0.4],[-128.48,-3.64],[-106,-47.88],[-3.601,-10.081],[-5.36,-19.64],[-1.4,-12.12],[-0.08,-3.36],[0,-30.76],[25.439,-109.761],[17.159,-44.68],[1.04,-2.28],[10.481,-23.08],[2.561,-5.16],[0,0],[0,0],[4.96,10],[0.96,2.16],[14.721,33.12],[27.241,73.319],[8.399,36]],"v":[[648.98,57.66],[646.34,91.82],[624.38,184.059],[403.22,421.22],[397.3,423.86],[20.94,508.62],[-29.979,508.5],[-406.14,421.86],[-626.539,182.22],[-636.06,151.5],[-647.579,91.38],[-650.14,54.78],[-650.26,44.74],[-639.619,-48.18],[-551.299,-334.5],[-505.18,-445.74],[-502.18,-452.38],[-479.1,-501.14],[-475.14,-509.02],[474.42,-509.02],[478.9,-500.14],[503.98,-446.78],[506.98,-440.14],[559.38,-311.22],[638.501,-50.06]],"c":true},"ix":2},"nm":"Path 1","mn":"ADBE Vector Shape - Group","hd":false},{"ty":"fl","c":{"a":0,"k":[0.928911635455,0.76966827991,0.580090092678,1],"ix":4},"o":{"a":0,"k":100,"ix":5},"r":1,"bm":0,"nm":"Fill 1","mn":"ADBE Vector Graphic - Fill","hd":false},{"ty":"tr","p":{"a":0,"k":[764.161,589.021],"ix":2},"a":{"a":0,"k":[0,0],"ix":1},"s":{"a":0,"k":[100,100],"ix":3},"r":{"a":0,"k":0,"ix":6},"o":{"a":0,"k":100,"ix":7},"sk":{"a":0,"k":0,"ix":4},"sa":{"a":0,"k":0,"ix":5},"nm":"Transform"}],"nm":"Group 5","np":4,"cix":2,"bm":0,"ix":5,"mn":"ADBE Vector Group","hd":false}],"ip":0,"op":150,"st":0,"bm":0},{"ddd":0,"ind":18,"ty":4,"nm":"Outer shadow","sr":1,"ks":{"o":{"a":0,"k":100,"ix":11},"r":{"a":0,"k":0,"ix":10},"p":{"a":0,"k":[2000,3536.535,0],"ix":2},"a":{"a":0,"k":[850.85,75.075,0],"ix":1},"s":{"a":1,"k":[{"i":{"x":[0.667,0.667,0.667],"y":[1,1,1]},"o":{"x":[0.333,0.333,0.333],"y":[0,0,0]},"t":30,"s":[20,20,100]},{"i":{"x":[0.667,0.667,0.667],"y":[1,1,1]},"o":{"x":[0.333,0.333,0.333],"y":[0,0,0]},"t":61,"s":[90,90,100]},{"i":{"x":[0.667,0.667,0.667],"y":[1,1,1]},"o":{"x":[0.333,0.333,0.333],"y":[0,0,0]},"t":91,"s":[100,100,100]},{"i":{"x":[0.667,0.667,0.667],"y":[1,1,1]},"o":{"x":[0.333,0.333,0.333],"y":[0,0,0]},"t":120,"s":[90,90,100]},{"t":149,"s":[100,100,100]}],"ix":6}},"ao":0,"shapes":[{"ty":"gr","it":[{"ind":0,"ty":"sh","ix":1,"ks":{"a":0,"k":{"i":[[0,-41.463],[469.912,0],[0,41.463],[-469.911,0]],"o":[[0,41.463],[-469.911,0],[0,-41.463],[469.912,0]],"v":[[850.85,0],[0,75.075],[-850.85,0],[0,-75.075]],"c":true},"ix":2},"nm":"Path 1","mn":"ADBE Vector Shape - Group","hd":false},{"ty":"fl","c":{"a":0,"k":[0.705882370472,0.696993052959,0.694809734821,1],"ix":4},"o":{"a":0,"k":100,"ix":5},"r":1,"bm":0,"nm":"Fill 1","mn":"ADBE Vector Graphic - Fill","hd":false},{"ty":"tr","p":{"a":0,"k":[850.85,75.075],"ix":2},"a":{"a":0,"k":[0,0],"ix":1},"s":{"a":0,"k":[100,100],"ix":3},"r":{"a":0,"k":0,"ix":6},"o":{"a":0,"k":100,"ix":7},"sk":{"a":0,"k":0,"ix":4},"sa":{"a":0,"k":0,"ix":5},"nm":"Transform"}],"nm":"Group 1","np":4,"cix":2,"bm":0,"ix":1,"mn":"ADBE Vector Group","hd":false}],"ip":0,"op":150,"st":0,"bm":0}]}],"layers":[{"ddd":0,"ind":1,"ty":0,"nm":"Cute sloth yoga","refId":"comp_0","sr":1,"ks":{"o":{"a":0,"k":100,"ix":11},"r":{"a":0,"k":0,"ix":10},"p":{"a":0,"k":[247.778,224.847,0],"ix":2},"a":{"a":0,"k":[2000,2000,0],"ix":1},"s":{"a":0,"k":[12,12,100],"ix":6}},"ao":0,"w":4000,"h":4000,"ip":0,"op":150,"st":0,"bm":0}],"markers":[]}