{"v":"5.5.4","fr":30,"ip":0,"op":90,"w":500,"h":500,"nm":"Comp 1","ddd":0,"assets":[{"id":"comp_0","layers":[{"ddd":0,"ind":1,"ty":0,"nm":"Ã¢ÂÂ½ Group","refId":"comp_1","sr":1,"ks":{"o":{"a":0,"k":100,"ix":11},"r":{"a":0,"k":0,"ix":10},"p":{"a":0,"k":[220,167.5,0],"ix":2},"a":{"a":0,"k":[220,167.5,0],"ix":1},"s":{"a":0,"k":[100,100,100],"ix":6}},"ao":0,"w":440,"h":335,"ip":0,"op":91.9080037434896,"st":0,"bm":0}]},{"id":"comp_1","layers":[{"ddd":0,"ind":1,"ty":0,"nm":"Ã¢ÂÂ½ head","refId":"comp_2","sr":1,"ks":{"o":{"a":0,"k":100,"ix":11},"r":{"a":1,"k":[{"i":{"x":[0.667],"y":[1]},"o":{"x":[0.333],"y":[0]},"t":0,"s":[6]},{"i":{"x":[0.833],"y":[0.833]},"o":{"x":[0.333],"y":[0]},"t":39.461,"s":[-9]},{"t":91.4085037231445,"s":[6]}],"ix":10},"p":{"a":0,"k":[226.841,71.902,0],"ix":2},"a":{"a":0,"k":[65,65,0],"ix":1},"s":{"a":0,"k":[100,100,100],"ix":6}},"ao":0,"w":130,"h":130,"ip":0,"op":91.9080037434896,"st":0,"bm":0},{"ddd":0,"ind":2,"ty":0,"nm":"Ã¢ÂÂ½ Cape","refId":"comp_9","sr":1,"ks":{"o":{"a":0,"k":100,"ix":11},"r":{"a":1,"k":[{"i":{"x":[0.667],"y":[1]},"o":{"x":[0.167],"y":[0.167]},"t":0,"s":[0]},{"i":{"x":[0.667],"y":[1]},"o":{"x":[0.333],"y":[0]},"t":12.488,"s":[17]},{"i":{"x":[0.667],"y":[1]},"o":{"x":[0.333],"y":[0]},"t":23.477,"s":[-18]},{"i":{"x":[0.667],"y":[1]},"o":{"x":[0.333],"y":[0]},"t":36.464,"s":[16]},{"i":{"x":[0.667],"y":[1]},"o":{"x":[0.333],"y":[0]},"t":47.453,"s":[-27]},{"i":{"x":[0.573],"y":[0.823]},"o":{"x":[0.172],"y":[0]},"t":58.442,"s":[11]},{"i":{"x":[0.837],"y":[1]},"o":{"x":[0.404],"y":[-0.186]},"t":69.431,"s":[-31.205]},{"i":{"x":[0.833],"y":[1]},"o":{"x":[0.167],"y":[0]},"t":81.918,"s":[12]},{"t":91.4085037231445,"s":[0]}],"ix":10},"p":{"a":0,"k":[161.09,99.203,0],"ix":2},"a":{"a":0,"k":[158,65,0],"ix":1},"s":{"a":0,"k":[100,100,100],"ix":6}},"ao":0,"w":168,"h":108,"ip":0,"op":91.9080037434896,"st":0,"bm":0},{"ddd":0,"ind":3,"ty":0,"nm":"Ã¢ÂÂ½ bottom half","refId":"comp_10","sr":1,"ks":{"o":{"a":0,"k":100,"ix":11},"r":{"a":0,"k":0,"ix":10},"p":{"a":0,"k":[248.012,208.217,0],"ix":2},"a":{"a":0,"k":[191.5,126.5,0],"ix":1},"s":{"a":0,"k":[100,100,100],"ix":6}},"ao":0,"w":383,"h":253,"ip":0,"op":91.9080037434896,"st":0,"bm":0}]},{"id":"comp_2","layers":[{"ddd":0,"ind":1,"ty":4,"nm":"Shape","sr":1,"ks":{"o":{"a":0,"k":100,"ix":11},"r":{"a":0,"k":-23,"ix":10},"p":{"a":0,"k":[85.834,67.292,0],"ix":2},"a":{"a":0,"k":[0,0,0],"ix":1},"s":{"a":0,"k":[100,100,100],"ix":6}},"ao":0,"shapes":[{"ty":"gr","it":[{"ind":0,"ty":"sh","ix":1,"ks":{"a":0,"k":{"i":[[0,-1.82],[-1.82,0],[0,1.82],[1.83,0]],"o":[[0,1.82],[1.83,0],[0,-1.82],[-1.82,0]],"v":[[-3.302,0],[-0.002,3.3],[3.298,0],[-0.002,-3.3]],"c":true},"ix":2},"nm":"Path 1","mn":"ADBE Vector Shape - Group","hd":false},{"ind":1,"ty":"sh","ix":2,"ks":{"a":0,"k":{"i":[[0,0],[0,0],[0,0.38],[-1.11,0],[0,-1.11],[1.12,0],[0.35,0.31]],"o":[[0,0],[-0.18,-0.3],[0,-1.11],[1.12,0],[0,1.11],[-0.51,0],[0,0]],"v":[[0.17,0.541],[-0.87,0.981],[-1.16,-0.049],[0.85,-2.059],[2.87,-0.049],[0.85,1.961],[-0.48,1.461]],"c":true},"ix":2},"nm":"Path 2","mn":"ADBE Vector Shape - Group","hd":false},{"ty":"mm","mm":1,"nm":"Merge Paths 1","mn":"ADBE Vector Filter - Merge","hd":false},{"ty":"fl","c":{"a":0,"k":[1,1,1,1],"ix":4},"o":{"a":0,"k":100,"ix":5},"r":1,"bm":0,"nm":"Fill 1","mn":"ADBE Vector Graphic - Fill","hd":false},{"ty":"tr","p":{"a":0,"k":[0,0],"ix":2},"a":{"a":0,"k":[0,0],"ix":1},"s":{"a":0,"k":[250,250],"ix":3},"r":{"a":0,"k":0,"ix":6},"o":{"a":0,"k":100,"ix":7},"sk":{"a":0,"k":0,"ix":4},"sa":{"a":0,"k":0,"ix":5},"nm":"Transform"}],"nm":"Shape","np":4,"cix":2,"bm":0,"ix":1,"mn":"ADBE Vector Group","hd":false}],"ip":0,"op":91.9080037434896,"st":0,"bm":0},{"ddd":0,"ind":2,"ty":0,"nm":"Ã¢ÂÂ½ Group 8","refId":"comp_3","sr":1,"ks":{"o":{"a":0,"k":100,"ix":11},"r":{"a":0,"k":0,"ix":10},"p":{"a":0,"k":[81.355,49.088,0],"ix":2},"a":{"a":0,"k":[47.5,47.5,0],"ix":1},"s":{"a":0,"k":[100,100,100],"ix":6}},"ao":0,"w":95,"h":95,"ip":0,"op":91.9080037434896,"st":0,"bm":0},{"ddd":0,"ind":3,"ty":0,"nm":"Ã¢ÂÂ½ Group 7","refId":"comp_4","sr":1,"ks":{"o":{"a":0,"k":100,"ix":11},"r":{"a":0,"k":0,"ix":10},"p":{"a":0,"k":[96.39,69.366,0],"ix":2},"a":{"a":0,"k":[29,17.5,0],"ix":1},"s":{"a":0,"k":[100,100,100],"ix":6}},"ao":0,"w":58,"h":35,"ip":0,"op":91.9080037434896,"st":0,"bm":0},{"ddd":0,"ind":4,"ty":0,"nm":"Ã¢ÂÂ½ Group 6","refId":"comp_5","sr":1,"ks":{"o":{"a":0,"k":100,"ix":11},"r":{"a":0,"k":0,"ix":10},"p":{"a":0,"k":[72.78,92.116,0],"ix":2},"a":{"a":0,"k":[10,6.5,0],"ix":1},"s":{"a":0,"k":[100,100,100],"ix":6}},"ao":0,"w":20,"h":13,"ip":0,"op":91.9080037434896,"st":0,"bm":0},{"ddd":0,"ind":5,"ty":0,"nm":"Ã¢ÂÂ½ Group 5","refId":"comp_6","sr":1,"ks":{"o":{"a":0,"k":100,"ix":11},"r":{"a":0,"k":0,"ix":10},"p":{"a":0,"k":[104.62,106.188,0],"ix":2},"a":{"a":0,"k":[10,6.5,0],"ix":1},"s":{"a":0,"k":[100,100,100],"ix":6}},"ao":0,"w":20,"h":13,"ip":0,"op":91.9080037434896,"st":0,"bm":0},{"ddd":0,"ind":6,"ty":0,"nm":"Ã¢ÂÂ½ Group 4","refId":"comp_7","sr":1,"ks":{"o":{"a":0,"k":100,"ix":11},"r":{"a":0,"k":0,"ix":10},"p":{"a":0,"k":[62.792,68.845,0],"ix":2},"a":{"a":0,"k":[61.5,59,0],"ix":1},"s":{"a":0,"k":[100,100,100],"ix":6}},"ao":0,"w":123,"h":118,"ip":0,"op":91.9080037434896,"st":0,"bm":0},{"ddd":0,"ind":7,"ty":0,"nm":"Ã¢ÂÂ½ Group 3","refId":"comp_8","sr":1,"ks":{"o":{"a":0,"k":100,"ix":11},"r":{"a":0,"k":0,"ix":10},"p":{"a":0,"k":[76.53,14.131,0],"ix":2},"a":{"a":0,"k":[14,14,0],"ix":1},"s":{"a":0,"k":[100,100,100],"ix":6}},"ao":0,"w":28,"h":28,"ip":0,"op":91.9080037434896,"st":0,"bm":0}]},{"id":"comp_3","layers":[{"ddd":0,"ind":1,"ty":4,"nm":"Shape","sr":1,"ks":{"o":{"a":0,"k":100,"ix":11},"r":{"a":0,"k":0,"ix":10},"p":{"a":0,"k":[46.723,46.885,0],"ix":2},"a":{"a":0,"k":[0,0,0],"ix":1},"s":{"a":0,"k":[100,100,100],"ix":6}},"ao":0,"shapes":[{"ty":"gr","it":[{"ind":0,"ty":"sh","ix":1,"ks":{"a":0,"k":{"i":[[0,0],[-2.64,2.04],[-3.24,-8.27]],"o":[[0,0],[2.65,-2.05],[0,0]],"v":[[-17.482,-8.855],[-17.072,-16.495],[-8.142,-12.385]],"c":true},"ix":2},"nm":"Path 1","mn":"ADBE Vector Shape - Group","hd":false},{"ind":1,"ty":"sh","ix":2,"ks":{"a":0,"k":{"i":[[-1.07,1.04],[-0.7,-1.01],[1.55,0.18]],"o":[[0.88,-0.87],[0.9,1.28],[-1.48,-0.18]],"v":[[13.479,13.721],[18.139,13.891],[15.499,18.341]],"c":true},"ix":2},"nm":"Path 2","mn":"ADBE Vector Shape - Group","hd":false},{"ty":"mm","mm":1,"nm":"Merge Paths 1","mn":"ADBE Vector Filter - Merge","hd":false},{"ty":"fl","c":{"a":0,"k":[0,0,0,1],"ix":4},"o":{"a":0,"k":100,"ix":5},"r":1,"bm":0,"nm":"Fill 1","mn":"ADBE Vector Graphic - Fill","hd":false},{"ty":"tr","p":{"a":0,"k":[0,0],"ix":2},"a":{"a":0,"k":[0,0],"ix":1},"s":{"a":0,"k":[250,250],"ix":3},"r":{"a":0,"k":0,"ix":6},"o":{"a":0,"k":100,"ix":7},"sk":{"a":0,"k":0,"ix":4},"sa":{"a":0,"k":0,"ix":5},"nm":"Transform"}],"nm":"Shape","np":4,"cix":2,"bm":0,"ix":1,"mn":"ADBE Vector Group","hd":false}],"ip":0,"op":91.9080037434896,"st":0,"bm":0}]},{"id":"comp_4","layers":[{"ddd":0,"ind":1,"ty":4,"nm":"Shape","sr":1,"ks":{"o":{"a":0,"k":100,"ix":11},"r":{"a":0,"k":0,"ix":10},"p":{"a":0,"k":[27.758,17.071,0],"ix":2},"a":{"a":0,"k":[0,0,0],"ix":1},"s":{"a":0,"k":[100,100,100],"ix":6}},"ao":0,"shapes":[{"ty":"gr","it":[{"ind":0,"ty":"sh","ix":1,"ks":{"a":0,"k":{"i":[[5.39,3.22],[1.24,-4.17],[-2.84,0.6]],"o":[[-2.66,-1.58],[-1.24,4.17],[3.1,-0.67]],"v":[[0.848,-5.611],[-10.892,-0.171],[-3.912,6.659]],"c":true},"ix":2},"nm":"Path 1","mn":"ADBE Vector Shape - Group","hd":false},{"ind":1,"ty":"sh","ix":2,"ks":{"a":0,"k":{"i":[[0.97,2.98],[0.24,-0.25],[-1.46,-1.86],[-0.65,-0.38]],"o":[[-0.35,0.01],[-0.97,0.99],[0.51,0.64],[-0.3,-3.46]],"v":[[9.05,-6.728],[8.13,-6.368],[9.27,1.582],[11.07,3.112]],"c":true},"ix":2},"nm":"Path 2","mn":"ADBE Vector Shape - Group","hd":false},{"ty":"mm","mm":1,"nm":"Merge Paths 1","mn":"ADBE Vector Filter - Merge","hd":false},{"ty":"fl","c":{"a":0,"k":[0,0,0,1],"ix":4},"o":{"a":0,"k":100,"ix":5},"r":1,"bm":0,"nm":"Fill 1","mn":"ADBE Vector Graphic - Fill","hd":false},{"ty":"tr","p":{"a":0,"k":[0,0],"ix":2},"a":{"a":0,"k":[0,0],"ix":1},"s":{"a":0,"k":[250,250],"ix":3},"r":{"a":0,"k":0,"ix":6},"o":{"a":0,"k":100,"ix":7},"sk":{"a":0,"k":0,"ix":4},"sa":{"a":0,"k":0,"ix":5},"nm":"Transform"}],"nm":"Shape","np":4,"cix":2,"bm":0,"ix":1,"mn":"ADBE Vector Group","hd":false}],"ip":0,"op":91.9080037434896,"st":0,"bm":0}]},{"id":"comp_5","layers":[{"ddd":0,"ind":1,"ty":4,"nm":"Path","sr":1,"ks":{"o":{"a":0,"k":100,"ix":11},"r":{"a":0,"k":0,"ix":10},"p":{"a":0,"k":[10.091,5.687,0],"ix":2},"a":{"a":0,"k":[0,0,0],"ix":1},"s":{"a":0,"k":[100,100,100],"ix":6}},"ao":0,"shapes":[{"ty":"gr","it":[{"ind":0,"ty":"sh","ix":1,"ks":{"a":0,"k":{"i":[[0.36,0],[0.15,-1],[-2.18,-0.35],[-0.36,0],[-0.16,1],[2.18,0.35]],"o":[[-1.69,0],[-0.2,1.2],[0.38,0.06],[1.69,0],[0.19,-1.2],[-0.38,-0.06]],"v":[[-0.762,-2.275],[-3.942,-0.625],[-0.352,2.185],[0.758,2.275],[3.948,0.625],[0.348,-2.185]],"c":true},"ix":2},"nm":"Path 1","mn":"ADBE Vector Shape - Group","hd":false},{"ty":"fl","c":{"a":0,"k":[0,0,0,1],"ix":4},"o":{"a":0,"k":100,"ix":5},"r":1,"bm":0,"nm":"Fill 1","mn":"ADBE Vector Graphic - Fill","hd":false},{"ty":"tr","p":{"a":0,"k":[0,0],"ix":2},"a":{"a":0,"k":[0,0],"ix":1},"s":{"a":0,"k":[250,250],"ix":3},"r":{"a":0,"k":0,"ix":6},"o":{"a":0,"k":100,"ix":7},"sk":{"a":0,"k":0,"ix":4},"sa":{"a":0,"k":0,"ix":5},"nm":"Transform"}],"nm":"Path","np":2,"cix":2,"bm":0,"ix":1,"mn":"ADBE Vector Group","hd":false}],"ip":0,"op":91.9080037434896,"st":0,"bm":0}]},{"id":"comp_6","layers":[{"ddd":0,"ind":1,"ty":4,"nm":"Path 2","sr":1,"ks":{"o":{"a":0,"k":100,"ix":11},"r":{"a":0,"k":0,"ix":10},"p":{"a":0,"k":[10.352,5.553,0],"ix":2},"a":{"a":0,"k":[0,0,0],"ix":1},"s":{"a":0,"k":[100,100,100],"ix":6}},"ao":0,"shapes":[{"ty":"gr","it":[{"ind":0,"ty":"sh","ix":1,"ks":{"a":0,"k":{"i":[[0,0],[-0.15,-1.4],[-2.57,0.27],[1.53,0.18]],"o":[[0,0],[0.15,1.39],[2.57,-0.27],[-1.53,-0.19]],"v":[[-1.914,-1.735],[-3.584,-1.185],[2.666,2.035],[2.876,0.965]],"c":true},"ix":2},"nm":"Path 1","mn":"ADBE Vector Shape - Group","hd":false},{"ty":"fl","c":{"a":0,"k":[0,0,0,1],"ix":4},"o":{"a":0,"k":100,"ix":5},"r":1,"bm":0,"nm":"Fill 1","mn":"ADBE Vector Graphic - Fill","hd":false},{"ty":"tr","p":{"a":0,"k":[0,0],"ix":2},"a":{"a":0,"k":[0,0],"ix":1},"s":{"a":0,"k":[250,250],"ix":3},"r":{"a":0,"k":0,"ix":6},"o":{"a":0,"k":100,"ix":7},"sk":{"a":0,"k":0,"ix":4},"sa":{"a":0,"k":0,"ix":5},"nm":"Transform"}],"nm":"Path 2","np":2,"cix":2,"bm":0,"ix":1,"mn":"ADBE Vector Group","hd":false}],"ip":0,"op":91.9080037434896,"st":0,"bm":0}]},{"id":"comp_7","layers":[{"ddd":0,"ind":1,"ty":4,"nm":"Path","sr":1,"ks":{"o":{"a":0,"k":100,"ix":11},"r":{"a":0,"k":0,"ix":10},"p":{"a":0,"k":[61.26,59.134,0],"ix":2},"a":{"a":0,"k":[0,0,0],"ix":1},"s":{"a":0,"k":[100,100,100],"ix":6}},"ao":0,"shapes":[{"ty":"gr","it":[{"ind":0,"ty":"sh","ix":1,"ks":{"a":0,"k":{"i":[[-13.5,4.04],[-4.25,-14.49],[16.64,-4.65],[8.09,12.48]],"o":[[6.43,-1.92],[3.03,10.34],[-5.14,1.44],[-6.37,-9.83]],"v":[[-8.791,-22.567],[21.379,-8.837],[12.639,22.603],[-21.911,11.793]],"c":true},"ix":2},"nm":"Path 1","mn":"ADBE Vector Shape - Group","hd":false},{"ty":"st","c":{"a":0,"k":[0,0,0,1],"ix":3},"o":{"a":0,"k":100,"ix":4},"w":{"a":0,"k":1,"ix":5},"lc":1,"lj":1,"ml":4,"bm":0,"nm":"Stroke 1","mn":"ADBE Vector Graphic - Stroke","hd":false},{"ty":"fl","c":{"a":0,"k":[0.929412007332,0.929412007332,0.929412007332,1],"ix":4},"o":{"a":0,"k":100,"ix":5},"r":1,"bm":0,"nm":"Fill 1","mn":"ADBE Vector Graphic - Fill","hd":false},{"ty":"tr","p":{"a":0,"k":[0,0],"ix":2},"a":{"a":0,"k":[0,0],"ix":1},"s":{"a":0,"k":[250,250],"ix":3},"r":{"a":0,"k":0,"ix":6},"o":{"a":0,"k":100,"ix":7},"sk":{"a":0,"k":0,"ix":4},"sa":{"a":0,"k":0,"ix":5},"nm":"Transform"}],"nm":"Path","np":3,"cix":2,"bm":0,"ix":1,"mn":"ADBE Vector Group","hd":false}],"ip":0,"op":91.9080037434896,"st":0,"bm":0}]},{"id":"comp_8","layers":[{"ddd":0,"ind":1,"ty":4,"nm":"Path","sr":1,"ks":{"o":{"a":0,"k":100,"ix":11},"r":{"a":0,"k":0,"ix":10},"p":{"a":0,"k":[12.985,13.095,0],"ix":2},"a":{"a":0,"k":[0,0,0],"ix":1},"s":{"a":0,"k":[100,100,100],"ix":6}},"ao":0,"shapes":[{"ty":"gr","it":[{"ind":0,"ty":"sh","ix":1,"ks":{"a":0,"k":{"i":[[0,0],[-2.78,1.29],[-0.38,-8.85]],"o":[[0,0],[2.79,-1.28],[0,0]],"v":[[-4.15,5.185],[-3.5,-4.745],[4.93,3.945]],"c":false},"ix":2},"nm":"Path 1","mn":"ADBE Vector Shape - Group","hd":false},{"ty":"fl","c":{"a":0,"k":[0,0,0,1],"ix":4},"o":{"a":0,"k":100,"ix":5},"r":1,"bm":0,"nm":"Fill 1","mn":"ADBE Vector Graphic - Fill","hd":false},{"ty":"tr","p":{"a":0,"k":[0,0],"ix":2},"a":{"a":0,"k":[0,0],"ix":1},"s":{"a":0,"k":[250,250],"ix":3},"r":{"a":0,"k":0,"ix":6},"o":{"a":0,"k":100,"ix":7},"sk":{"a":0,"k":0,"ix":4},"sa":{"a":0,"k":0,"ix":5},"nm":"Transform"}],"nm":"Path","np":2,"cix":2,"bm":0,"ix":1,"mn":"ADBE Vector Group","hd":false}],"ip":0,"op":91.9080037434896,"st":0,"bm":0}]},{"id":"comp_9","layers":[{"ddd":0,"ind":1,"ty":4,"nm":"Path","sr":1,"ks":{"o":{"a":0,"k":100,"ix":11},"r":{"a":0,"k":0,"ix":10},"p":{"a":0,"k":[83.158,53.151,0],"ix":2},"a":{"a":0,"k":[0,0,0],"ix":1},"s":{"a":0,"k":[100,100,100],"ix":6}},"ao":0,"shapes":[{"ty":"gr","it":[{"ind":0,"ty":"sh","ix":1,"ks":{"a":0,"k":{"i":[[23.82,-14.76],[0,-5.46],[-15.47,-14.76],[-12.68,3.89],[-14.54,4.67],[0,0],[9.29,6.6]],"o":[[0,0],[0,5.47],[0,0],[11.52,-3.53],[0,0],[0,0],[-9.28,-6.61]],"v":[[-33.101,-14.707],[-27.221,-6.547],[-15.051,20.953],[-1.551,12.493],[33.099,12.103],[33.099,-0.777],[17.939,-7.707]],"c":true},"ix":2},"nm":"Path 1","mn":"ADBE Vector Shape - Group","hd":false},{"ty":"fl","c":{"a":0,"k":[0.5647058823529412,0.07450980392156863,0.996078431372549,1],"ix":4},"o":{"a":0,"k":100,"ix":5},"r":1,"bm":0,"nm":"Fill 1","mn":"ADBE Vector Graphic - Fill","hd":false},{"ty":"tr","p":{"a":0,"k":[0,0],"ix":2},"a":{"a":0,"k":[0,0],"ix":1},"s":{"a":0,"k":[250,250],"ix":3},"r":{"a":0,"k":0,"ix":6},"o":{"a":0,"k":100,"ix":7},"sk":{"a":0,"k":0,"ix":4},"sa":{"a":0,"k":0,"ix":5},"nm":"Transform"}],"nm":"Path","np":2,"cix":2,"bm":0,"ix":1,"mn":"ADBE Vector Group","hd":false}],"ip":0,"op":91.9080037434896,"st":0,"bm":0}]},{"id":"comp_10","layers":[{"ddd":0,"ind":1,"ty":0,"nm":"Ã¢ÂÂ½ collar","refId":"comp_11","sr":1,"ks":{"o":{"a":0,"k":100,"ix":11},"r":{"a":0,"k":0.76,"ix":10},"p":{"a":0,"k":[140.228,43.804,0],"ix":2},"a":{"a":0,"k":[51.5,42.5,0],"ix":1},"s":{"a":0,"k":[100,100,100],"ix":6}},"ao":0,"w":103,"h":85,"ip":0,"op":91.9080037434896,"st":0,"bm":0},{"ddd":0,"ind":2,"ty":4,"nm":"Path","sr":1,"ks":{"o":{"a":0,"k":100,"ix":11},"r":{"a":0,"k":0,"ix":10},"p":{"a":0,"k":[140.572,43.089,0],"ix":2},"a":{"a":0,"k":[0,0,0],"ix":1},"s":{"a":0,"k":[100,100,100],"ix":6}},"ao":0,"shapes":[{"ty":"gr","it":[{"ind":0,"ty":"sh","ix":1,"ks":{"a":0,"k":{"i":[[0,0],[-0.42,-1.05],[-7.86,-4.47],[-4.92,-3.4],[-0.28,2.01],[0.39,1.94],[6.48,2.73],[0.78,-0.72]],"o":[[-0.84,0.76],[1.14,2.92],[5.75,3.26],[1.67,1.15],[0.67,-4.84],[-0.64,-3.14],[-0.97,-0.41],[0,0]],"v":[[-16.552,-12.685],[-20.172,-9.035],[-6.662,4.705],[14.428,16.235],[18.668,14.375],[20.138,1.625],[-10.002,-16.515],[-12.872,-16.015]],"c":true},"ix":2},"nm":"Path 1","mn":"ADBE Vector Shape - Group","hd":false},{"ty":"fl","c":{"a":0,"k":[0.650979995728,0.050980001688,0.450980007648,1],"ix":4},"o":{"a":0,"k":100,"ix":5},"r":1,"bm":0,"nm":"Fill 1","mn":"ADBE Vector Graphic - Fill","hd":false},{"ty":"tr","p":{"a":0,"k":[0,0],"ix":2},"a":{"a":0,"k":[0,0],"ix":1},"s":{"a":0,"k":[250,250],"ix":3},"r":{"a":0,"k":0,"ix":6},"o":{"a":0,"k":100,"ix":7},"sk":{"a":0,"k":0,"ix":4},"sa":{"a":0,"k":0,"ix":5},"nm":"Transform"}],"nm":"Path","np":2,"cix":2,"bm":0,"ix":1,"mn":"ADBE Vector Group","hd":false}],"ip":0,"op":91.9080037434896,"st":0,"bm":0},{"ddd":0,"ind":3,"ty":0,"nm":"Ã¢ÂÂ½ paw","refId":"comp_12","sr":1,"ks":{"o":{"a":0,"k":100,"ix":11},"r":{"a":0,"k":0,"ix":10},"p":{"a":0,"k":[213.485,127.542,0],"ix":2},"a":{"a":0,"k":[6.5,10,0],"ix":1},"s":{"a":0,"k":[100,100,100],"ix":6}},"ao":0,"w":13,"h":20,"ip":0,"op":91.9080037434896,"st":0,"bm":0},{"ddd":0,"ind":4,"ty":0,"nm":"Ã¢ÂÂ½ arm leg","refId":"comp_13","sr":1,"ks":{"o":{"a":0,"k":100,"ix":11},"r":{"a":0,"k":0,"ix":10},"p":{"a":0,"k":[123.653,108.736,0],"ix":2},"a":{"a":0,"k":[61.5,91.5,0],"ix":1},"s":{"a":0,"k":[100,100,100],"ix":6}},"ao":0,"w":123,"h":183,"ip":0,"op":91.9080037434896,"st":0,"bm":0},{"ddd":0,"ind":5,"ty":0,"nm":"Ã¢ÂÂ½ Body","refId":"comp_14","sr":1,"ks":{"o":{"a":0,"k":100,"ix":11},"r":{"a":0,"k":0,"ix":10},"p":{"a":0,"k":[108.657,83.043,0],"ix":2},"a":{"a":0,"k":[64,67.5,0],"ix":1},"s":{"a":0,"k":[100,100,100],"ix":6}},"ao":0,"w":128,"h":135,"ip":0,"op":91.9080037434896,"st":0,"bm":0},{"ddd":0,"ind":6,"ty":0,"nm":"Ã¢ÂÂ½ Tail","refId":"comp_15","sr":1,"ks":{"o":{"a":0,"k":100,"ix":11},"r":{"a":0,"k":0,"ix":10},"p":{"a":0,"k":[47.27,103.535,0],"ix":2},"a":{"a":0,"k":[15,11.5,0],"ix":1},"s":{"a":0,"k":[100,100,100],"ix":6}},"ao":0,"w":30,"h":23,"ip":0,"op":91.9080037434896,"st":0,"bm":0},{"ddd":0,"ind":7,"ty":0,"nm":"Ã¢ÂÂ½ Broom Group","refId":"comp_16","sr":1,"ks":{"o":{"a":0,"k":100,"ix":11},"r":{"a":0,"k":-25,"ix":10},"p":{"a":0,"k":[191.55,131.517,0],"ix":2},"a":{"a":0,"k":[190,44,0],"ix":1},"s":{"a":0,"k":[-100,100,100],"ix":6}},"ao":0,"w":380,"h":88,"ip":0,"op":91.9080037434896,"st":0,"bm":0},{"ddd":0,"ind":8,"ty":0,"nm":"Ã¢ÂÂ½ Group 2","refId":"comp_19","sr":1,"ks":{"o":{"a":0,"k":100,"ix":11},"r":{"a":0,"k":0,"ix":10},"p":{"a":0,"k":[164.616,109,0],"ix":2},"a":{"a":0,"k":[57.5,75,0],"ix":1},"s":{"a":0,"k":[100,100,100],"ix":6}},"ao":0,"w":115,"h":150,"ip":0,"op":91.9080037434896,"st":0,"bm":0}]},{"id":"comp_11","layers":[{"ddd":0,"ind":1,"ty":4,"nm":"Path","sr":1,"ks":{"o":{"a":0,"k":100,"ix":11},"r":{"a":0,"k":0,"ix":10},"p":{"a":0,"k":[51.476,41.7,0],"ix":2},"a":{"a":0,"k":[0,0,0],"ix":1},"s":{"a":0,"k":[100,100,100],"ix":6}},"ao":0,"shapes":[{"ty":"gr","it":[{"ind":0,"ty":"sh","ix":1,"ks":{"a":0,"k":{"i":[[0,0],[-0.43,-1.05],[-7.92,-4.37],[-4.97,-3.33],[-0.25,2.01],[0.42,1.94],[6.51,2.64],[0.78,-0.72]],"o":[[-0.83,0.77],[1.19,2.91],[5.78,3.19],[1.68,1.13],[0.61,-4.85],[-0.68,-3.12],[-0.98,-0.4],[0,0]],"v":[[-16.671,-12.434],[-20.251,-8.734],[-6.551,4.826],[14.689,16.076],[18.899,14.166],[20.199,1.386],[-10.171,-16.344],[-13.051,-15.814]],"c":true},"ix":2},"nm":"Path 1","mn":"ADBE Vector Shape - Group","hd":false},{"ty":"fl","c":{"a":0,"k":[0.5647058823529412,0.07450980392156863,0.996078431372549,1],"ix":4},"o":{"a":0,"k":100,"ix":5},"r":1,"bm":0,"nm":"Fill 1","mn":"ADBE Vector Graphic - Fill","hd":false},{"ty":"tr","p":{"a":0,"k":[0,0],"ix":2},"a":{"a":0,"k":[0,0],"ix":1},"s":{"a":0,"k":[250,250],"ix":3},"r":{"a":0,"k":0,"ix":6},"o":{"a":0,"k":100,"ix":7},"sk":{"a":0,"k":0,"ix":4},"sa":{"a":0,"k":0,"ix":5},"nm":"Transform"}],"nm":"Path","np":2,"cix":2,"bm":0,"ix":1,"mn":"ADBE Vector Group","hd":false}],"ip":0,"op":91.9080037434896,"st":0,"bm":0}]},{"id":"comp_12","layers":[{"ddd":0,"ind":1,"ty":4,"nm":"Path","sr":1,"ks":{"o":{"a":0,"k":100,"ix":11},"r":{"a":0,"k":0,"ix":10},"p":{"a":0,"k":[6.29,9.33,0],"ix":2},"a":{"a":0,"k":[0,0,0],"ix":1},"s":{"a":0,"k":[100,100,100],"ix":6}},"ao":0,"shapes":[{"ty":"gr","it":[{"ind":0,"ty":"sh","ix":1,"ks":{"a":0,"k":{"i":[[0,0],[0,0],[-0.9,-0.79],[-0.31,0.29],[0,0],[0.95,1.59],[0,0]],"o":[[0,0],[0,0],[0.91,0.8],[0.31,-0.29],[0,0],[-0.97,-1.62],[0,0]],"v":[[-1.724,-0.664],[-2.334,1.206],[-1.704,3.196],[0.596,3.106],[2.046,1.486],[1.916,-1.374],[0.546,-3.594]],"c":false},"ix":2},"nm":"Path 1","mn":"ADBE Vector Shape - Group","hd":false},{"ty":"fl","c":{"a":0,"k":[0.196078002453,0.20000000298,0.20000000298,1],"ix":4},"o":{"a":0,"k":100,"ix":5},"r":1,"bm":0,"nm":"Fill 1","mn":"ADBE Vector Graphic - Fill","hd":false},{"ty":"tr","p":{"a":0,"k":[0,0],"ix":2},"a":{"a":0,"k":[0,0],"ix":1},"s":{"a":0,"k":[250,250],"ix":3},"r":{"a":0,"k":0,"ix":6},"o":{"a":0,"k":100,"ix":7},"sk":{"a":0,"k":0,"ix":4},"sa":{"a":0,"k":0,"ix":5},"nm":"Transform"}],"nm":"Path","np":2,"cix":2,"bm":0,"ix":1,"mn":"ADBE Vector Group","hd":false}],"ip":0,"op":91.9080037434896,"st":0,"bm":0}]},{"id":"comp_13","layers":[{"ddd":0,"ind":1,"ty":4,"nm":"Shape","sr":1,"ks":{"o":{"a":0,"k":100,"ix":11},"r":{"a":0,"k":0,"ix":10},"p":{"a":0,"k":[61.308,90.813,0],"ix":2},"a":{"a":0,"k":[0,0,0],"ix":1},"s":{"a":0,"k":[100,100,100],"ix":6}},"ao":0,"shapes":[{"ty":"gr","it":[{"ind":0,"ty":"sh","ix":1,"ks":{"a":0,"k":{"i":[[0.42,-10.43],[-1.47,-3.8],[-1.85,-2.58],[-2.12,3.03],[-0.09,0.88],[-0.17,2.92],[3.43,3.61]],"o":[[-0.22,5.38],[1.15,2.97],[1.86,2.6],[1.24,-1.79],[0.41,-3.91],[0.28,-4.98],[-4.27,-4.5]],"v":[[-24.452,8.212],[-16.962,19.242],[-18.302,31.672],[-5.652,35.062],[-6.172,30.342],[-1.792,18.422],[-7.042,1.452]],"c":true},"ix":2},"nm":"Path 1","mn":"ADBE Vector Shape - Group","hd":false},{"ind":1,"ty":"sh","ix":2,"ks":{"a":0,"k":{"i":[[15.83,-14.9],[-21.8,-15.41],[-1.75,-4.11],[0,6.09],[0.16,1.05],[0,0],[3.47,5.96]],"o":[[0,0],[2.56,1.82],[1.81,4.25],[0,-2.26],[-1.72,-11.19],[0,0],[-2.36,-4.05]],"v":[[-16.142,-29.86],[6.888,-2.74],[13.358,16.57],[24.458,14.42],[23.228,9.59],[20.988,-6.83],[21.088,-25.13]],"c":true},"ix":2},"nm":"Path 2","mn":"ADBE Vector Shape - Group","hd":false},{"ty":"mm","mm":1,"nm":"Merge Paths 1","mn":"ADBE Vector Filter - Merge","hd":false},{"ty":"fl","c":{"a":0,"k":[0.196078002453,0.20000000298,0.20000000298,1],"ix":4},"o":{"a":0,"k":100,"ix":5},"r":1,"bm":0,"nm":"Fill 1","mn":"ADBE Vector Graphic - Fill","hd":false},{"ty":"tr","p":{"a":0,"k":[0,0],"ix":2},"a":{"a":0,"k":[0,0],"ix":1},"s":{"a":0,"k":[250,250],"ix":3},"r":{"a":0,"k":0,"ix":6},"o":{"a":0,"k":100,"ix":7},"sk":{"a":0,"k":0,"ix":4},"sa":{"a":0,"k":0,"ix":5},"nm":"Transform"}],"nm":"Shape","np":4,"cix":2,"bm":0,"ix":1,"mn":"ADBE Vector Group","hd":false}],"ip":0,"op":91.9080037434896,"st":0,"bm":0}]},{"id":"comp_14","layers":[{"ddd":0,"ind":1,"ty":4,"nm":"Path","sr":1,"ks":{"o":{"a":0,"k":100,"ix":11},"r":{"a":0,"k":0,"ix":10},"p":{"a":0,"k":[63.241,66.747,0],"ix":2},"a":{"a":0,"k":[0,0,0],"ix":1},"s":{"a":0,"k":[100,100,100],"ix":6}},"ao":0,"shapes":[{"ty":"gr","it":[{"ind":0,"ty":"sh","ix":1,"ks":{"a":0,"k":{"i":[[26.44,-6.12],[8.59,-6.1],[-4.73,-13.25],[-14.33,2.52],[0,3.87]],"o":[[0,0],[-11.71,8.32],[4.05,11.34],[15.9,-2.81],[0,-3.87]],"v":[[2.833,-25.625],[-9.817,-19.455],[-23.587,14.035],[4.193,25.775],[24.823,-3.875]],"c":true},"ix":2},"nm":"Path 1","mn":"ADBE Vector Shape - Group","hd":false},{"ty":"st","c":{"a":0,"k":[0,0,0,1],"ix":3},"o":{"a":0,"k":100,"ix":4},"w":{"a":0,"k":1,"ix":5},"lc":1,"lj":1,"ml":4,"bm":0,"nm":"Stroke 1","mn":"ADBE Vector Graphic - Stroke","hd":false},{"ty":"fl","c":{"a":0,"k":[0.92965900898,0.92965900898,0.92965900898,1],"ix":4},"o":{"a":0,"k":100,"ix":5},"r":1,"bm":0,"nm":"Fill 1","mn":"ADBE Vector Graphic - Fill","hd":false},{"ty":"tr","p":{"a":0,"k":[0,0],"ix":2},"a":{"a":0,"k":[0,0],"ix":1},"s":{"a":0,"k":[250,250],"ix":3},"r":{"a":0,"k":0,"ix":6},"o":{"a":0,"k":100,"ix":7},"sk":{"a":0,"k":0,"ix":4},"sa":{"a":0,"k":0,"ix":5},"nm":"Transform"}],"nm":"Path","np":3,"cix":2,"bm":0,"ix":1,"mn":"ADBE Vector Group","hd":false}],"ip":0,"op":91.9080037434896,"st":0,"bm":0}]},{"id":"comp_15","layers":[{"ddd":0,"ind":1,"ty":4,"nm":"Path","sr":1,"ks":{"o":{"a":0,"k":100,"ix":11},"r":{"a":0,"k":0,"ix":10},"p":{"a":0,"k":[14.122,10.385,0],"ix":2},"a":{"a":0,"k":[0,0,0],"ix":1},"s":{"a":0,"k":[100,100,100],"ix":6}},"ao":0,"shapes":[{"ty":"gr","it":[{"ind":0,"ty":"sh","ix":1,"ks":{"a":0,"k":{"i":[[0,0],[1.42,-3.64],[-7.5,1.07]],"o":[[0,0],[-0.95,2.46],[7.5,-1.07]],"v":[[1.595,-2.942],[-5.245,-2.092],[2.395,3.798]],"c":true},"ix":2},"nm":"Path 1","mn":"ADBE Vector Shape - Group","hd":false},{"ty":"fl","c":{"a":0,"k":[0.196078002453,0.20000000298,0.20000000298,1],"ix":4},"o":{"a":0,"k":100,"ix":5},"r":1,"bm":0,"nm":"Fill 1","mn":"ADBE Vector Graphic - Fill","hd":false},{"ty":"tr","p":{"a":0,"k":[0,0],"ix":2},"a":{"a":0,"k":[0,0],"ix":1},"s":{"a":0,"k":[250,250],"ix":3},"r":{"a":0,"k":0,"ix":6},"o":{"a":0,"k":100,"ix":7},"sk":{"a":0,"k":0,"ix":4},"sa":{"a":0,"k":0,"ix":5},"nm":"Transform"}],"nm":"Path","np":2,"cix":2,"bm":0,"ix":1,"mn":"ADBE Vector Group","hd":false}],"ip":0,"op":91.9080037434896,"st":0,"bm":0}]},{"id":"comp_16","layers":[{"ddd":0,"ind":1,"ty":0,"nm":"Ã¢ÂÂ½ Broom back","refId":"comp_17","sr":1,"ks":{"o":{"a":0,"k":100,"ix":11},"r":{"a":0,"k":0,"ix":10},"p":{"a":0,"k":[75,48.202,0],"ix":2},"a":{"a":0,"k":[75,39,0],"ix":1},"s":{"a":0,"k":[100,100,100],"ix":6}},"ao":0,"w":150,"h":78,"ip":0,"op":91.9080037434896,"st":0,"bm":0},{"ddd":0,"ind":2,"ty":0,"nm":"Ã¢ÂÂ½ Broom handle","refId":"comp_18","sr":1,"ks":{"o":{"a":0,"k":100,"ix":11},"r":{"a":0,"k":0,"ix":10},"p":{"a":0,"k":[258.711,31.25,0],"ix":2},"a":{"a":0,"k":[120,31.5,0],"ix":1},"s":{"a":0,"k":[100,100,100],"ix":6}},"ao":0,"w":240,"h":63,"ip":0,"op":91.9080037434896,"st":0,"bm":0}]},{"id":"comp_17","layers":[{"ddd":0,"ind":1,"ty":4,"nm":"Shape","sr":1,"ks":{"o":{"a":0,"k":100,"ix":11},"r":{"a":0,"k":0,"ix":10},"p":{"a":0,"k":[78.135,46.23,0],"ix":2},"a":{"a":0,"k":[0,0,0],"ix":1},"s":{"a":0,"k":[100,100,100],"ix":6}},"ao":0,"shapes":[{"ty":"gr","it":[{"ind":0,"ty":"sh","ix":1,"ks":{"a":0,"k":{"i":[[0,0],[10.99,1],[0,0],[0,0],[0,0],[0,0],[4.93,4.28],[-2.22,-1.97],[0,0],[-5.4,-4.82],[2.51,1.73],[-3.63,6.35],[0,0],[0.02,0.94]],"o":[[0,0],[-11,-1],[0,0],[-2.5,-1.11],[0,0],[-5.79,-2.39],[2.27,2.89],[0,0],[0,0],[-1.77,-0.59],[18.46,21.39],[0,0],[0.72,-0.02],[0,0]],"v":[[19.483,3.32],[0.933,7.43],[-14.897,1.53],[-11.377,2.28],[-19.597,-4.2],[-12.517,-1.36],[-28.617,-12.39],[-20.767,-3.42],[-28.097,-7.74],[-19.517,2.08],[-24.657,-0.87],[19.683,4.75],[27.343,4.46],[28.613,2.72]],"c":true},"ix":2},"nm":"Path 1","mn":"ADBE Vector Shape - Group","hd":false},{"ind":1,"ty":"sh","ix":2,"ks":{"a":0,"k":{"i":[[0.3,0],[0,0],[0,0.39],[0,0],[-0.3,0],[0,0],[0,-0.39],[0,0]],"o":[[0,0],[-0.3,0],[0,0],[0,-0.39],[0,0],[0.3,0],[0,0],[0,0.39]],"v":[[22.813,5.154],[22.563,5.154],[22.013,4.444],[22.013,-2.766],[22.563,-3.476],[22.813,-3.476],[23.363,-2.766],[23.363,4.444]],"c":true},"ix":2},"nm":"Path 2","mn":"ADBE Vector Shape - Group","hd":false},{"ind":2,"ty":"sh","ix":3,"ks":{"a":0,"k":{"i":[[0.3,0],[0,0],[0,0.39],[0,0],[-0.29,0],[0,0],[0,-0.39],[0,0]],"o":[[0,0],[-0.29,0],[0,0],[0,-0.39],[0,0],[0.3,0],[0,0],[0,0.39]],"v":[[20.67,5.154],[20.41,5.154],[19.87,4.444],[19.87,-2.766],[20.41,-3.476],[20.67,-3.476],[21.22,-2.766],[21.22,4.444]],"c":true},"ix":2},"nm":"Path 3","mn":"ADBE Vector Shape - Group","hd":false},{"ty":"mm","mm":1,"nm":"Merge Paths 1","mn":"ADBE Vector Filter - Merge","hd":false},{"ty":"fl","c":{"a":0,"k":[0.126216992736,0.126216992736,0.126216992736,1],"ix":4},"o":{"a":0,"k":100,"ix":5},"r":1,"bm":0,"nm":"Fill 1","mn":"ADBE Vector Graphic - Fill","hd":false},{"ty":"tr","p":{"a":0,"k":[0,0],"ix":2},"a":{"a":0,"k":[0,0],"ix":1},"s":{"a":0,"k":[250,250],"ix":3},"r":{"a":0,"k":0,"ix":6},"o":{"a":0,"k":100,"ix":7},"sk":{"a":0,"k":0,"ix":4},"sa":{"a":0,"k":0,"ix":5},"nm":"Transform"}],"nm":"Shape","np":5,"cix":2,"bm":0,"ix":1,"mn":"ADBE Vector Group","hd":false}],"ip":0,"op":91.9080037434896,"st":0,"bm":0},{"ddd":0,"ind":2,"ty":4,"nm":"Shape","sr":1,"ks":{"o":{"a":0,"k":100,"ix":11},"r":{"a":0,"k":0,"ix":10},"p":{"a":0,"k":[75.089,38.939,0],"ix":2},"a":{"a":0,"k":[0,0,0],"ix":1},"s":{"a":0,"k":[100,100,100],"ix":6}},"ao":0,"shapes":[{"ty":"gr","it":[{"ind":0,"ty":"sh","ix":1,"ks":{"a":0,"k":{"i":[[0,0],[7.48,3.13],[3.93,1.24],[-3.3,-2.14],[7.47,2.82],[-3.63,-3.21],[0,0],[-5.4,-4.82],[2.52,1.72],[-3.62,6.34],[0,0],[0.02,1.04],[0,0],[0.8,-0.01]],"o":[[0,0],[-12.31,-5.15],[0,0],[-4.05,-0.66],[0,0],[0,0],[0,0],[-1.78,-0.59],[17.02,19.3],[0,0],[0.8,-0.03],[0,0],[-0.02,-1.03],[0,0]],"v":[[21.065,-0.157],[8.765,-13.217],[-21.435,-13.467],[-16.255,-10.127],[-29.835,-12.647],[-19.545,-0.507],[-26.875,-4.827],[-18.295,4.993],[-23.445,2.053],[20.895,7.673],[28.425,7.383],[29.835,5.453],[29.755,1.583],[28.285,-0.257]],"c":true},"ix":2},"nm":"Path 1","mn":"ADBE Vector Shape - Group","hd":false},{"ind":1,"ty":"sh","ix":2,"ks":{"a":0,"k":{"i":[[0,0],[10.99,1],[0,0],[0,0],[0,0],[0,0],[4.93,4.28],[-2.22,-1.97],[0,0],[-5.4,-4.82],[2.51,1.73],[-3.63,6.35],[0,0],[0.02,0.94]],"o":[[0,0],[-11,-1],[0,0],[-2.5,-1.11],[0,0],[-5.79,-2.39],[2.27,2.89],[0,0],[0,0],[-1.77,-0.59],[18.46,21.39],[0,0],[0.72,-0.02],[0,0]],"v":[[20.701,6.236],[2.151,10.346],[-13.679,4.446],[-10.159,5.196],[-18.379,-1.284],[-11.299,1.556],[-27.399,-9.474],[-19.549,-0.504],[-26.879,-4.824],[-18.299,4.996],[-23.439,2.046],[20.901,7.666],[28.561,7.376],[29.831,5.636]],"c":true},"ix":2},"nm":"Path 2","mn":"ADBE Vector Shape - Group","hd":false},{"ind":2,"ty":"sh","ix":3,"ks":{"a":0,"k":{"i":[[0.3,0],[0,0],[0,0.39],[0,0],[-0.3,0],[0,0],[0,-0.39],[0,0]],"o":[[0,0],[-0.3,0],[0,0],[0,-0.39],[0,0],[0.3,0],[0,0],[0,0.39]],"v":[[24.032,8.07],[23.782,8.07],[23.232,7.36],[23.232,0.15],[23.782,-0.56],[24.032,-0.56],[24.582,0.15],[24.582,7.36]],"c":true},"ix":2},"nm":"Path 3","mn":"ADBE Vector Shape - Group","hd":false},{"ind":3,"ty":"sh","ix":4,"ks":{"a":0,"k":{"i":[[0.3,0],[0,0],[0,0.39],[0,0],[-0.29,0],[0,0],[0,-0.39],[0,0]],"o":[[0,0],[-0.29,0],[0,0],[0,-0.39],[0,0],[0.3,0],[0,0],[0,0.39]],"v":[[21.888,8.07],[21.628,8.07],[21.088,7.36],[21.088,0.15],[21.628,-0.56],[21.888,-0.56],[22.438,0.15],[22.438,7.36]],"c":true},"ix":2},"nm":"Path 4","mn":"ADBE Vector Shape - Group","hd":false},{"ty":"mm","mm":1,"nm":"Merge Paths 1","mn":"ADBE Vector Filter - Merge","hd":false},{"ty":"fl","c":{"a":0,"k":[0,0,0,1],"ix":4},"o":{"a":0,"k":100,"ix":5},"r":1,"bm":0,"nm":"Fill 1","mn":"ADBE Vector Graphic - Fill","hd":false},{"ty":"tr","p":{"a":0,"k":[0,0],"ix":2},"a":{"a":0,"k":[0,0],"ix":1},"s":{"a":0,"k":[250,250],"ix":3},"r":{"a":0,"k":0,"ix":6},"o":{"a":0,"k":100,"ix":7},"sk":{"a":0,"k":0,"ix":4},"sa":{"a":0,"k":0,"ix":5},"nm":"Transform"}],"nm":"Shape","np":6,"cix":2,"bm":0,"ix":1,"mn":"ADBE Vector Group","hd":false}],"ip":0,"op":91.9080037434896,"st":0,"bm":0}]},{"id":"comp_18","layers":[{"ddd":0,"ind":1,"ty":4,"nm":"Path","sr":1,"ks":{"o":{"a":0,"k":100,"ix":11},"r":{"a":0,"k":0,"ix":10},"p":{"a":0,"k":[121.561,33.452,0],"ix":2},"a":{"a":0,"k":[0,0,0],"ix":1},"s":{"a":0,"k":[100,100,100],"ix":6}},"ao":0,"shapes":[{"ty":"gr","it":[{"ind":0,"ty":"sh","ix":1,"ks":{"a":0,"k":{"i":[[-35.74,15.8],[0.22,3.07],[0.16,0.36],[55.6,-1.02],[0,0]],"o":[[0,0],[-0.03,-0.42],[-5.19,4.34],[0,0],[10.69,-0.21]],"v":[[45.041,-6.344],[46.841,-10.284],[46.541,-11.474],[-46.859,9.746],[-46.229,11.476]],"c":true},"ix":2},"nm":"Path 1","mn":"ADBE Vector Shape - Group","hd":false},{"ty":"fl","c":{"a":0,"k":[0.713724970818,0.42352899909,0.337255001068,1],"ix":4},"o":{"a":0,"k":100,"ix":5},"r":1,"bm":0,"nm":"Fill 1","mn":"ADBE Vector Graphic - Fill","hd":false},{"ty":"tr","p":{"a":0,"k":[0,0],"ix":2},"a":{"a":0,"k":[0,0],"ix":1},"s":{"a":0,"k":[250,250],"ix":3},"r":{"a":0,"k":0,"ix":6},"o":{"a":0,"k":100,"ix":7},"sk":{"a":0,"k":0,"ix":4},"sa":{"a":0,"k":0,"ix":5},"nm":"Transform"}],"nm":"Path","np":2,"cix":2,"bm":0,"ix":1,"mn":"ADBE Vector Group","hd":false}],"ip":0,"op":91.9080037434896,"st":0,"bm":0},{"ddd":0,"ind":2,"ty":4,"nm":"Shape","sr":1,"ks":{"o":{"a":0,"k":100,"ix":11},"r":{"a":0,"k":0,"ix":10},"p":{"a":0,"k":[119.39,31.314,0],"ix":2},"a":{"a":0,"k":[0,0,0],"ix":1},"s":{"a":0,"k":[100,100,100],"ix":6}},"ao":0,"shapes":[{"ty":"gr","it":[{"ind":0,"ty":"sh","ix":1,"ks":{"a":0,"k":{"i":[[0,0],[-40.88,18.06],[0.22,3.08],[1.16,-0.79],[61.3,-1.38]],"o":[[0,0],[0,0],[-0.14,-1.94],[0,0],[0,0]],"v":[[-47.727,12.355],[45.913,-5.485],[47.713,-9.435],[44.613,-12.145],[-46.957,8.135]],"c":true},"ix":2},"nm":"Path 1","mn":"ADBE Vector Shape - Group","hd":false},{"ind":1,"ty":"sh","ix":2,"ks":{"a":0,"k":{"i":[[-35.74,15.8],[0.22,3.07],[0.16,0.36],[55.6,-1.02],[0,0]],"o":[[0,0],[-0.03,-0.42],[-5.19,4.34],[0,0],[10.69,-0.21]],"v":[[45.909,-5.489],[47.709,-9.429],[47.409,-10.619],[-45.991,10.601],[-45.361,12.331]],"c":true},"ix":2},"nm":"Path 2","mn":"ADBE Vector Shape - Group","hd":false},{"ty":"mm","mm":1,"nm":"Merge Paths 1","mn":"ADBE Vector Filter - Merge","hd":false},{"ty":"fl","c":{"a":0,"k":[0.890196025372,0.61960798502,0.447059005499,1],"ix":4},"o":{"a":0,"k":100,"ix":5},"r":1,"bm":0,"nm":"Fill 1","mn":"ADBE Vector Graphic - Fill","hd":false},{"ty":"tr","p":{"a":0,"k":[0,0],"ix":2},"a":{"a":0,"k":[0,0],"ix":1},"s":{"a":0,"k":[250,250],"ix":3},"r":{"a":0,"k":0,"ix":6},"o":{"a":0,"k":100,"ix":7},"sk":{"a":0,"k":0,"ix":4},"sa":{"a":0,"k":0,"ix":5},"nm":"Transform"}],"nm":"Shape","np":4,"cix":2,"bm":0,"ix":1,"mn":"ADBE Vector Group","hd":false}],"ip":0,"op":91.9080037434896,"st":0,"bm":0}]},{"id":"comp_19","layers":[{"ddd":0,"ind":1,"ty":4,"nm":"Shape","sr":1,"ks":{"o":{"a":0,"k":100,"ix":11},"r":{"a":0,"k":0,"ix":10},"p":{"a":0,"k":[57.436,74.694,0],"ix":2},"a":{"a":0,"k":[0,0,0],"ix":1},"s":{"a":0,"k":[100,100,100],"ix":6}},"ao":0,"shapes":[{"ty":"gr","it":[{"ind":0,"ty":"sh","ix":1,"ks":{"a":0,"k":{"i":[[0,0],[0.17,-3.21],[0.33,-2.37],[-1,-1.28],[0.69,-0.89],[2.47,0.65],[0.22,1.88],[0,0],[-1.93,0.72]],"o":[[3.01,-1.11],[-0.09,1.77],[-0.57,4.04],[0.95,1.24],[-1.4,1.81],[-2.51,-0.67],[0,0],[-0.24,-2.04],[0,0]],"v":[[-16.06,3.218],[-7.72,8.028],[-8.32,14.258],[-10.07,24.238],[-9.43,28.208],[-16.9,29.288],[-20.36,25.448],[-22.12,10.348],[-21.57,5.258]],"c":true},"ix":2},"nm":"Path 1","mn":"ADBE Vector Shape - Group","hd":false},{"ind":1,"ty":"sh","ix":2,"ks":{"a":0,"k":{"i":[[0,0],[-9.66,-18.9],[3.08,-2.36],[2.1,2.1],[0,0]],"o":[[0,0],[0.75,1.47],[-1.95,1.49],[-3.8,-3.8],[0,0]],"v":[[6.997,-29.71],[21.387,5.94],[20.977,13.18],[13.777,12.51],[-1.743,-11.63]],"c":true},"ix":2},"nm":"Path 2","mn":"ADBE Vector Shape - Group","hd":false},{"ty":"mm","mm":1,"nm":"Merge Paths 1","mn":"ADBE Vector Filter - Merge","hd":false},{"ty":"fl","c":{"a":0,"k":[0.196078002453,0.20000000298,0.20000000298,1],"ix":4},"o":{"a":0,"k":100,"ix":5},"r":1,"bm":0,"nm":"Fill 1","mn":"ADBE Vector Graphic - Fill","hd":false},{"ty":"tr","p":{"a":0,"k":[0,0],"ix":2},"a":{"a":0,"k":[0,0],"ix":1},"s":{"a":0,"k":[250,250],"ix":3},"r":{"a":0,"k":0,"ix":6},"o":{"a":0,"k":100,"ix":7},"sk":{"a":0,"k":0,"ix":4},"sa":{"a":0,"k":0,"ix":5},"nm":"Transform"}],"nm":"Shape","np":4,"cix":2,"bm":0,"ix":1,"mn":"ADBE Vector Group","hd":false}],"ip":0,"op":91.9080037434896,"st":0,"bm":0}]}],"layers":[{"ddd":0,"ind":1,"ty":0,"nm":"Ã¢ÂÂ½ panda-logo","refId":"comp_0","sr":1,"ks":{"o":{"a":0,"k":100,"ix":11},"r":{"a":0,"k":0,"ix":10},"p":{"a":1,"k":[{"i":{"x":0.667,"y":1},"o":{"x":0.333,"y":0},"t":0,"s":[232.168,324.957,0],"to":[9.993,-4.64,0],"ti":[0,0,0]},{"i":{"x":0.667,"y":1},"o":{"x":0.333,"y":0},"t":47,"s":[292.125,297.12,0],"to":[0,0,0],"ti":[6.765,-3.141,0]},{"t":91.000003706506,"s":[232.168,324.957,0]}],"ix":2},"a":{"a":0,"k":[220,167.5,0],"ix":1},"s":{"a":0,"k":[100,100,100],"ix":6}},"ao":0,"w":440,"h":335,"ip":0,"op":91.9080037434896,"st":0,"bm":0}],"markers":[]}