{"v":"5.5.10","fr":25,"ip":0,"op":15,"w":550,"h":550,"nm":"icon","ddd":0,"assets":[{"id":"comp_0","layers":[{"ddd":0,"ind":1,"ty":0,"nm":"Ã©Â¢ÂÃ¥ÂÂÃ¦ÂÂ","refId":"comp_1","sr":1,"ks":{"o":{"a":0,"k":100,"ix":11},"r":{"a":0,"k":0,"ix":10},"p":{"a":1,"k":[{"i":{"x":0.833,"y":0.833},"o":{"x":0.167,"y":0.167},"t":0,"s":[375.033,387.959,0],"to":[0,1.667,0],"ti":[-1.667,-1.667,0]},{"i":{"x":0.833,"y":0.833},"o":{"x":0.167,"y":0.167},"t":6,"s":[375.033,397.959,0],"to":[1.667,1.667,0],"ti":[-1.667,3.333,0]},{"i":{"x":0.833,"y":0.833},"o":{"x":0.167,"y":0.167},"t":12,"s":[385.033,397.959,0],"to":[1.667,-3.333,0],"ti":[1.667,1.667,0]},{"i":{"x":0.833,"y":0.833},"o":{"x":0.167,"y":0.167},"t":18,"s":[385.033,377.959,0],"to":[-1.667,-1.667,0],"ti":[1.667,-1.667,0]},{"t":24,"s":[375.033,387.959,0]}],"ix":2},"a":{"a":0,"k":[300.58,314.507,0],"ix":1},"s":{"a":0,"k":[100,100,100],"ix":6}},"ao":0,"w":400,"h":400,"ip":0,"op":25,"st":0,"bm":0},{"ddd":0,"ind":2,"ty":0,"nm":"bg","refId":"comp_2","sr":1,"ks":{"o":{"a":0,"k":100,"ix":11},"r":{"a":0,"k":0,"ix":10},"p":{"a":0,"k":[275,275,0],"ix":2},"a":{"a":0,"k":[275,275,0],"ix":1},"s":{"a":0,"k":[100,100,100],"ix":6}},"ao":0,"w":550,"h":550,"ip":0,"op":25,"st":0,"bm":0}]},{"id":"comp_1","layers":[{"ddd":0,"ind":1,"ty":4,"nm":"Ã¨ÂÂ®Ã§ÂºÂ¢ 2","sr":1,"ks":{"o":{"a":0,"k":75,"ix":11},"r":{"a":1,"k":[{"i":{"x":[0.833],"y":[0.833]},"o":{"x":[0.167],"y":[0.167]},"t":0,"s":[-20]},{"i":{"x":[0.833],"y":[0.833]},"o":{"x":[0.167],"y":[0.167]},"t":4,"s":[-30]},{"i":{"x":[0.833],"y":[0.833]},"o":{"x":[0.167],"y":[0.167]},"t":8,"s":[-20]},{"t":12,"s":[-30]}],"ix":10},"p":{"a":1,"k":[{"i":{"x":0.833,"y":0.833},"o":{"x":0.167,"y":0.167},"t":0,"s":[223,123.5,0],"to":[-0.083,1,0],"ti":[-0.917,0.667,0]},{"i":{"x":0.833,"y":0.833},"o":{"x":0.167,"y":0.167},"t":4,"s":[222.5,129.5,0],"to":[0.917,-0.667,0],"ti":[-0.333,1.167,0]},{"i":{"x":0.833,"y":0.833},"o":{"x":0.167,"y":0.167},"t":8,"s":[228.5,119.5,0],"to":[0.333,-1.167,0],"ti":[0.667,-0.5,0]},{"t":12,"s":[224.5,122.5,0]}],"ix":2},"a":{"a":0,"k":[21.829,-74.847,0],"ix":1},"s":{"a":0,"k":[85,85,100],"ix":6}},"ao":0,"shapes":[{"ty":"gr","it":[{"d":1,"ty":"el","s":{"a":0,"k":[31.877,17.881],"ix":2},"p":{"a":0,"k":[0,0],"ix":3},"nm":"Ã¦Â¤Â­Ã¥ÂÂÃ¨Â·Â¯Ã¥Â¾Â 1","mn":"ADBE Vector Shape - Ellipse","hd":false},{"ty":"fl","c":{"a":0,"k":[1,0.344224877451,0.365260195265,1],"ix":4},"o":{"a":0,"k":100,"ix":5},"r":1,"bm":0,"nm":"Ã¥Â¡Â«Ã¥ÂÂ 1","mn":"ADBE Vector Graphic - Fill","hd":false},{"ty":"tr","p":{"a":0,"k":[29.438,-78.06],"ix":2},"a":{"a":0,"k":[0,0],"ix":1},"s":{"a":0,"k":[100,100],"ix":3},"r":{"a":0,"k":0,"ix":6},"o":{"a":0,"k":100,"ix":7},"sk":{"a":0,"k":0,"ix":4},"sa":{"a":0,"k":0,"ix":5},"nm":"Ã¥ÂÂÃ¦ÂÂ¢"}],"nm":"Ã¦Â¤Â­Ã¥ÂÂ 1","np":2,"cix":2,"bm":0,"ix":1,"mn":"ADBE Vector Group","hd":false}],"ip":0,"op":25,"st":0,"bm":0},{"ddd":0,"ind":2,"ty":4,"nm":"Ã¨ÂÂ®Ã§ÂºÂ¢","sr":1,"ks":{"o":{"a":0,"k":50,"ix":11},"r":{"a":1,"k":[{"i":{"x":[0.833],"y":[0.833]},"o":{"x":[0.167],"y":[0.167]},"t":0,"s":[-20]},{"i":{"x":[0.833],"y":[0.833]},"o":{"x":[0.167],"y":[0.167]},"t":4,"s":[-30]},{"i":{"x":[0.833],"y":[0.833]},"o":{"x":[0.167],"y":[0.167]},"t":8,"s":[-20]},{"t":12,"s":[-30]}],"ix":10},"p":{"a":1,"k":[{"i":{"x":0.833,"y":0.833},"o":{"x":0.167,"y":0.167},"t":0,"s":[223,123.5,0],"to":[-0.083,1,0],"ti":[-0.917,0.667,0]},{"i":{"x":0.833,"y":0.833},"o":{"x":0.167,"y":0.167},"t":4,"s":[222.5,129.5,0],"to":[0.917,-0.667,0],"ti":[-0.333,1.167,0]},{"i":{"x":0.833,"y":0.833},"o":{"x":0.167,"y":0.167},"t":8,"s":[228.5,119.5,0],"to":[0.333,-1.167,0],"ti":[0.667,-0.5,0]},{"t":12,"s":[224.5,122.5,0]}],"ix":2},"a":{"a":0,"k":[21.829,-74.847,0],"ix":1},"s":{"a":0,"k":[119,119,100],"ix":6}},"ao":0,"shapes":[{"ty":"gr","it":[{"d":1,"ty":"el","s":{"a":0,"k":[31.877,17.881],"ix":2},"p":{"a":0,"k":[0,0],"ix":3},"nm":"Ã¦Â¤Â­Ã¥ÂÂÃ¨Â·Â¯Ã¥Â¾Â 1","mn":"ADBE Vector Shape - Ellipse","hd":false},{"ty":"fl","c":{"a":0,"k":[1,0.344224877451,0.365260195265,1],"ix":4},"o":{"a":0,"k":100,"ix":5},"r":1,"bm":0,"nm":"Ã¥Â¡Â«Ã¥ÂÂ 1","mn":"ADBE Vector Graphic - Fill","hd":false},{"ty":"tr","p":{"a":0,"k":[29.438,-78.06],"ix":2},"a":{"a":0,"k":[0,0],"ix":1},"s":{"a":0,"k":[100,100],"ix":3},"r":{"a":0,"k":0,"ix":6},"o":{"a":0,"k":100,"ix":7},"sk":{"a":0,"k":0,"ix":4},"sa":{"a":0,"k":0,"ix":5},"nm":"Ã¥ÂÂÃ¦ÂÂ¢"}],"nm":"Ã¦Â¤Â­Ã¥ÂÂ 1","np":2,"cix":2,"bm":0,"ix":1,"mn":"ADBE Vector Group","hd":false}],"ip":0,"op":25,"st":0,"bm":0},{"ddd":0,"ind":3,"ty":4,"nm":"Ã¥ÂÂ´Ã¥Â·Â´","sr":1,"ks":{"o":{"a":0,"k":100,"ix":11},"r":{"a":0,"k":0,"ix":10},"p":{"a":0,"k":[200,200,0],"ix":2},"a":{"a":0,"k":[0,0,0],"ix":1},"s":{"a":0,"k":[100,100,100],"ix":6}},"ao":0,"shapes":[{"ty":"gr","it":[{"ind":0,"ty":"sh","ix":1,"ks":{"a":1,"k":[{"i":{"x":0.833,"y":0.833},"o":{"x":0.167,"y":0.167},"t":0,"s":[{"i":[[19.172,8.071],[0,0],[-17.325,-6.718],[0,0]],"o":[[-22.728,-9.567],[0,0],[16.832,6.527],[0,0]],"v":[[108.728,-93.183],[63.345,-95.791],[105.575,-82.282],[129.117,-65.89]],"c":true}]},{"i":{"x":0.833,"y":0.833},"o":{"x":0.167,"y":0.167},"t":4,"s":[{"i":[[19.172,8.071],[0,0],[-19.538,-10.757],[0,0]],"o":[[-22.728,-9.567],[0,0],[18.675,10.282],[0,0]],"v":[[114.478,-95.433],[70.095,-95.041],[113.825,-91.282],[131.367,-61.14]],"c":true}]},{"i":{"x":0.833,"y":0.833},"o":{"x":0.167,"y":0.167},"t":8,"s":[{"i":[[19.172,8.071],[0,0],[-19.538,-10.757],[0,0]],"o":[[-22.728,-9.567],[0,0],[18.675,10.282],[0,0]],"v":[[116.978,-103.183],[71.595,-102.541],[115.075,-95.532],[132.367,-65.39]],"c":true}]},{"i":{"x":0.833,"y":0.833},"o":{"x":0.167,"y":0.167},"t":12,"s":[{"i":[[19.172,8.071],[0,0],[-19.538,-10.757],[0,0]],"o":[[-22.728,-9.567],[0,0],[18.675,10.282],[0,0]],"v":[[116.728,-95.933],[67.845,-96.291],[108.075,-79.782],[132.367,-65.14]],"c":true}]},{"i":{"x":0.833,"y":0.833},"o":{"x":0.167,"y":0.167},"t":16,"s":[{"i":[[15.101,6.123],[0,0],[-19.538,-10.757],[0,0]],"o":[[-22.978,-9.317],[0,0],[18.675,10.282],[0,0]],"v":[[118.978,-92.933],[69.595,-94.791],[115.825,-84.032],[132.367,-63.14]],"c":true}]},{"i":{"x":0.833,"y":0.833},"o":{"x":0.167,"y":0.167},"t":20,"s":[{"i":[[15.101,6.123],[0,0],[-19.072,-11.562],[0,0]],"o":[[-22.978,-9.317],[0,0],[12.425,7.532],[0,0]],"v":[[115.978,-94.933],[69.595,-97.291],[111.825,-80.532],[131.117,-66.39]],"c":true}]},{"t":24,"s":[{"i":[[20.522,13.183],[0,0],[-18.966,-11.736],[0,0]],"o":[[-20.862,-13.401],[0,0],[17.425,10.782],[0,0]],"v":[[112.728,-89.933],[63.595,-95.791],[112.325,-86.782],[130.867,-54.39]],"c":true}]}],"ix":2},"nm":"Ã¨Â·Â¯Ã¥Â¾Â 1","mn":"ADBE Vector Shape - Group","hd":false},{"ty":"fl","c":{"a":0,"k":[1,0.395327818627,0.49008585612,1],"ix":4},"o":{"a":0,"k":100,"ix":5},"r":1,"bm":0,"nm":"Ã¥Â¡Â«Ã¥ÂÂ 1","mn":"ADBE Vector Graphic - Fill","hd":false},{"ty":"tr","p":{"a":0,"k":[0,0],"ix":2},"a":{"a":0,"k":[0,0],"ix":1},"s":{"a":0,"k":[100,100],"ix":3},"r":{"a":0,"k":0,"ix":6},"o":{"a":0,"k":100,"ix":7},"sk":{"a":0,"k":0,"ix":4},"sa":{"a":0,"k":0,"ix":5},"nm":"Ã¥ÂÂÃ¦ÂÂ¢"}],"nm":"Ã¥Â½Â¢Ã§ÂÂ¶ 1","np":2,"cix":2,"bm":0,"ix":1,"mn":"ADBE Vector Group","hd":false}],"ip":0,"op":25,"st":0,"bm":0},{"ddd":0,"ind":4,"ty":4,"nm":"Ã¦ÂÂ","sr":1,"ks":{"o":{"a":0,"k":100,"ix":11},"r":{"a":0,"k":0,"ix":10},"p":{"a":0,"k":[233,198,0],"ix":2},"a":{"a":0,"k":[0,0,0],"ix":1},"s":{"a":0,"k":[100,100,100],"ix":6}},"ao":0,"shapes":[{"ty":"gr","it":[{"ind":0,"ty":"sh","ix":1,"ks":{"a":1,"k":[{"i":{"x":0.833,"y":0.833},"o":{"x":0.167,"y":0.167},"t":0,"s":[{"i":[[12.21,-8.436],[-5.105,-7.429],[-4.961,0.799],[3.245,6.89]],"o":[[-11.78,8.139],[3.692,5.373],[7.96,-1.282],[-2.021,-4.291]],"v":[[-15.325,-102.421],[-33.073,-80.781],[-12.333,-88.518],[9.195,-102.286]],"c":true}]},{"i":{"x":0.833,"y":0.833},"o":{"x":0.167,"y":0.167},"t":8,"s":[{"i":[[14.096,-4.642],[-3.677,-4.969],[-4.417,3.518],[3.245,6.89]],"o":[[-13.425,4.421],[2.697,3.644],[6.307,-5.022],[-2.021,-4.291]],"v":[[-15.325,-102.421],[-32.073,-82.531],[-12.333,-88.518],[9.695,-104.286]],"c":true}]},{"i":{"x":0.833,"y":0.833},"o":{"x":0.167,"y":0.167},"t":12,"s":[{"i":[[12.21,-8.436],[-5.105,-7.429],[-4.961,0.799],[3.245,6.89]],"o":[[-11.78,8.139],[3.692,5.373],[7.96,-1.282],[-2.021,-4.291]],"v":[[-15.325,-102.421],[-33.073,-80.781],[-12.333,-88.518],[9.195,-102.286]],"c":true}]},{"i":{"x":0.833,"y":0.833},"o":{"x":0.167,"y":0.167},"t":20,"s":[{"i":[[14.096,-4.642],[-3.677,-4.969],[-4.417,3.518],[3.245,6.89]],"o":[[-13.425,4.421],[2.697,3.644],[6.307,-5.022],[-2.021,-4.291]],"v":[[-15.325,-102.421],[-32.073,-82.531],[-12.333,-88.518],[9.695,-104.286]],"c":true}]},{"t":24,"s":[{"i":[[12.21,-8.436],[-5.105,-7.429],[-4.961,0.799],[3.245,6.89]],"o":[[-11.78,8.139],[3.692,5.373],[7.96,-1.282],[-2.021,-4.291]],"v":[[-15.325,-102.421],[-33.073,-80.781],[-12.333,-88.518],[9.195,-102.286]],"c":true}]}],"ix":2},"nm":"Ã¨Â·Â¯Ã¥Â¾Â 1","mn":"ADBE Vector Shape - Group","hd":false},{"ty":"fl","c":{"a":0,"k":[1,1,1,1],"ix":4},"o":{"a":0,"k":100,"ix":5},"r":1,"bm":0,"nm":"Ã¥Â¡Â«Ã¥ÂÂ 1","mn":"ADBE Vector Graphic - Fill","hd":false},{"ty":"tr","p":{"a":0,"k":[0,0],"ix":2},"a":{"a":0,"k":[0,0],"ix":1},"s":{"a":0,"k":[100,100],"ix":3},"r":{"a":0,"k":0,"ix":6},"o":{"a":0,"k":100,"ix":7},"sk":{"a":0,"k":0,"ix":4},"sa":{"a":0,"k":0,"ix":5},"nm":"Ã¥ÂÂÃ¦ÂÂ¢"}],"nm":"Ã¥Â½Â¢Ã§ÂÂ¶ 1","np":2,"cix":2,"bm":0,"ix":1,"mn":"ADBE Vector Group","hd":false}],"ip":0,"op":25,"st":0,"bm":0},{"ddd":0,"ind":5,"ty":4,"nm":"Ã¥Â·Â¦Ã©Â³Â 2","sr":1,"ks":{"o":{"a":0,"k":100,"ix":11},"r":{"a":0,"k":0,"ix":10},"p":{"a":0,"k":[195,156,0],"ix":2},"a":{"a":0,"k":[-35.765,-44.018,0],"ix":1},"s":{"a":0,"k":[90.871,90.871,100],"ix":6}},"ao":0,"shapes":[{"ty":"gr","it":[{"ind":0,"ty":"sh","ix":1,"ks":{"a":1,"k":[{"i":{"x":0.833,"y":0.833},"o":{"x":0.167,"y":0.167},"t":0,"s":[{"i":[[27.549,-1.851],[-18.5,6.5],[-0.539,5.573]],"o":[[-27.11,1.821],[18.5,-6.5],[0.539,-5.573]],"v":[[-83.947,-57.574],[-64.519,-25.729],[-34.653,-45.323]],"c":true}]},{"i":{"x":0.833,"y":0.833},"o":{"x":0.167,"y":0.167},"t":4,"s":[{"i":[[25.768,8.616],[-24.343,-1.507],[-0.264,3.923]],"o":[[-27.749,-9.279],[19.571,1.212],[0.264,-3.923]],"v":[[-62.488,-68.304],[-57.917,-40.311],[-31.076,-46.974]],"c":true}]},{"i":{"x":0.833,"y":0.833},"o":{"x":0.167,"y":0.167},"t":8,"s":[{"i":[[26.723,18.783],[-24.343,-1.507],[-1.06,6.639]],"o":[[-23.938,-16.825],[19.571,1.212],[0.539,-3.372]],"v":[[-60.288,-80.134],[-57.366,-48.289],[-29.701,-46.424]],"c":true}]},{"i":{"x":0.833,"y":0.833},"o":{"x":0.167,"y":0.167},"t":12,"s":[{"i":[[25.898,-1.3],[-18.5,6.5],[1.037,7.75]],"o":[[-27.137,1.363],[18.5,-6.5],[-0.562,-4.198]],"v":[[-80.921,-57.849],[-58.467,-27.93],[-34.928,-48.074]],"c":true}]},{"i":{"x":0.833,"y":0.833},"o":{"x":0.167,"y":0.167},"t":16,"s":[{"i":[[25.768,8.616],[-24.343,-1.507],[-0.287,4.331]],"o":[[-27.749,-9.279],[19.571,1.212],[-0.287,-5.848]],"v":[[-68.541,-70.505],[-56.266,-40.861],[-30.526,-45.048]],"c":true}]},{"i":{"x":0.833,"y":0.833},"o":{"x":0.167,"y":0.167},"t":20,"s":[{"i":[[20.946,15.757],[-24.07,-3.933],[-0.814,4.473]],"o":[[-23.382,-17.589],[19.4,3.17],[0.814,-4.473]],"v":[[-60.838,-81.234],[-62.318,-48.289],[-31.076,-46.699]],"c":true}]},{"t":24,"s":[{"i":[[25.623,-1.3],[-18.5,6.5],[1.387,5.573]],"o":[[-27.136,1.377],[18.5,-6.5],[-1.387,-5.573]],"v":[[-79.271,-57.299],[-62.318,-26.005],[-33.553,-46.699]],"c":true}]}],"ix":2},"nm":"Ã¨Â·Â¯Ã¥Â¾Â 1","mn":"ADBE Vector Shape - Group","hd":false},{"ty":"fl","c":{"a":0,"k":[0.780392216701,0.803921628466,0.85882358925,1],"ix":4},"o":{"a":0,"k":100,"ix":5},"r":1,"bm":0,"nm":"Ã¥Â¡Â«Ã¥ÂÂ 1","mn":"ADBE Vector Graphic - Fill","hd":false},{"ty":"tr","p":{"a":0,"k":[0,0],"ix":2},"a":{"a":0,"k":[0,0],"ix":1},"s":{"a":0,"k":[100,100],"ix":3},"r":{"a":0,"k":0,"ix":6},"o":{"a":0,"k":100,"ix":7},"sk":{"a":0,"k":0,"ix":4},"sa":{"a":0,"k":0,"ix":5},"nm":"Ã¥ÂÂÃ¦ÂÂ¢"}],"nm":"Ã¥Â½Â¢Ã§ÂÂ¶ 1","np":2,"cix":2,"bm":0,"ix":1,"mn":"ADBE Vector Group","hd":false}],"ip":0,"op":25,"st":0,"bm":0},{"ddd":0,"ind":6,"ty":4,"nm":"Ã¥Â·Â¦Ã©Â³Â","sr":1,"ks":{"o":{"a":0,"k":100,"ix":11},"r":{"a":0,"k":0,"ix":10},"p":{"a":0,"k":[195,156,0],"ix":2},"a":{"a":0,"k":[-35.765,-44.018,0],"ix":1},"s":{"a":0,"k":[90.871,90.871,100],"ix":6}},"ao":0,"shapes":[{"ty":"gr","it":[{"ind":0,"ty":"sh","ix":1,"ks":{"a":1,"k":[{"i":{"x":0.833,"y":0.833},"o":{"x":0.167,"y":0.167},"t":0,"s":[{"i":[[26.5,-6],[-3.5,-7.5],[-18.5,6.5],[0,0],[0,0]],"o":[[-26.5,6],[3.5,7.5],[18.5,-6.5],[0,0],[0,0]],"v":[[-90,-59.5],[-123.5,-24.5],[-78,-15],[-35,-38.5],[-27.5,-50]],"c":true}]},{"i":{"x":0.833,"y":0.833},"o":{"x":0.167,"y":0.167},"t":4,"s":[{"i":[[25.768,8.616],[-3.5,-7.5],[-24.343,-1.507],[0,0],[0,0]],"o":[[-27.749,-9.279],[3.5,7.5],[19.571,1.212],[0,0],[0,0]],"v":[[-70.742,-74.906],[-119.098,-72.92],[-79.651,-36.459],[-35,-38.5],[-27.5,-50]],"c":true}]},{"i":{"x":0.833,"y":0.833},"o":{"x":0.167,"y":0.167},"t":8,"s":[{"i":[[26.723,18.783],[-3.5,-7.5],[-24.343,-1.507],[0,0],[0,0]],"o":[[-23.938,-16.825],[3.5,7.5],[19.571,1.212],[0,0],[0,0]],"v":[[-64.689,-86.461],[-116.897,-81.724],[-71.947,-46.363],[-35,-38.5],[-27.5,-50]],"c":true}]},{"i":{"x":0.833,"y":0.833},"o":{"x":0.167,"y":0.167},"t":12,"s":[{"i":[[26.5,-6],[-3.5,-7.5],[-18.5,6.5],[0,0],[0,0]],"o":[[-26.5,6],[3.5,7.5],[18.5,-6.5],[0,0],[0,0]],"v":[[-90,-59.5],[-123.5,-24.5],[-78,-15],[-35,-38.5],[-27.5,-50]],"c":true}]},{"i":{"x":0.833,"y":0.833},"o":{"x":0.167,"y":0.167},"t":16,"s":[{"i":[[25.768,8.616],[-3.5,-7.5],[-24.343,-1.507],[0,0],[0,0]],"o":[[-27.749,-9.279],[3.5,7.5],[19.571,1.212],[0,0],[0,0]],"v":[[-70.742,-74.906],[-119.098,-72.92],[-79.651,-36.459],[-35,-38.5],[-27.5,-50]],"c":true}]},{"i":{"x":0.833,"y":0.833},"o":{"x":0.167,"y":0.167},"t":20,"s":[{"i":[[26.723,18.783],[-3.5,-7.5],[-24.343,-1.507],[0,0],[0,0]],"o":[[-23.938,-16.825],[3.5,7.5],[19.571,1.212],[0,0],[0,0]],"v":[[-64.689,-86.461],[-116.897,-81.724],[-71.947,-46.363],[-35,-38.5],[-27.5,-50]],"c":true}]},{"t":24,"s":[{"i":[[26.5,-6],[-3.5,-7.5],[-18.5,6.5],[0,0],[0,0]],"o":[[-26.5,6],[3.5,7.5],[18.5,-6.5],[0,0],[0,0]],"v":[[-90,-59.5],[-123.5,-24.5],[-78,-15],[-35,-38.5],[-27.5,-50]],"c":true}]}],"ix":2},"nm":"Ã¨Â·Â¯Ã¥Â¾Â 1","mn":"ADBE Vector Shape - Group","hd":false},{"ty":"fl","c":{"a":0,"k":[0.862744978362,0.874509983437,0.898038976333,1],"ix":4},"o":{"a":0,"k":100,"ix":5},"r":1,"bm":0,"nm":"Ã¥Â¡Â«Ã¥ÂÂ 1","mn":"ADBE Vector Graphic - Fill","hd":false},{"ty":"tr","p":{"a":0,"k":[0,0],"ix":2},"a":{"a":0,"k":[0,0],"ix":1},"s":{"a":0,"k":[100,100],"ix":3},"r":{"a":0,"k":0,"ix":6},"o":{"a":0,"k":100,"ix":7},"sk":{"a":0,"k":0,"ix":4},"sa":{"a":0,"k":0,"ix":5},"nm":"Ã¥ÂÂÃ¦ÂÂ¢"}],"nm":"Ã¥Â½Â¢Ã§ÂÂ¶ 1","np":2,"cix":2,"bm":0,"ix":1,"mn":"ADBE Vector Group","hd":false}],"ip":0,"op":25,"st":0,"bm":0},{"ddd":0,"ind":7,"ty":4,"nm":"Ã¥Â·Â¦Ã©Â³ÂÃ¦Â·Â±","sr":1,"ks":{"o":{"a":0,"k":100,"ix":11},"r":{"a":0,"k":0,"ix":10},"p":{"a":0,"k":[192,157,0],"ix":2},"a":{"a":0,"k":[-37.966,-42.918,0],"ix":1},"s":{"a":0,"k":[90.871,90.871,100],"ix":6}},"ao":0,"shapes":[{"ty":"gr","it":[{"ind":0,"ty":"sh","ix":1,"ks":{"a":1,"k":[{"i":{"x":0.833,"y":0.833},"o":{"x":0.167,"y":0.167},"t":0,"s":[{"i":[[26.5,-6],[-7,-12.5],[-18.5,6.5],[0,0],[0,0]],"o":[[-26.5,6],[4.044,7.221],[18.5,-6.5],[0,0],[0,0]],"v":[[-91,-64.5],[-126,-22],[-78,-15],[-35,-38.5],[-26.5,-52.5]],"c":true}]},{"i":{"x":0.833,"y":0.833},"o":{"x":0.167,"y":0.167},"t":4,"s":[{"i":[[26.373,6.537],[-7,-12.5],[-25.443,-0.406],[0,0],[0,0]],"o":[[-32.802,-8.13],[4.044,7.221],[19.606,0.313],[0,0],[0,0]],"v":[[-76.144,-76.055],[-119.947,-68.77],[-78.55,-32.607],[-35,-38.5],[-26.5,-52.5]],"c":true}]},{"i":{"x":0.833,"y":0.833},"o":{"x":0.167,"y":0.167},"t":8,"s":[{"i":[[26.373,6.537],[-3.854,-7.162],[-25.443,-0.406],[0,0],[0,0]],"o":[[-32.802,-8.13],[3.922,7.288],[19.606,0.313],[0,0],[0,0]],"v":[[-77.244,-91.461],[-119.947,-79.224],[-74.148,-43.612],[-35,-38.5],[-26.5,-52.5]],"c":true}]},{"i":{"x":0.833,"y":0.833},"o":{"x":0.167,"y":0.167},"t":12,"s":[{"i":[[26.5,-6],[-7,-12.5],[-18.5,6.5],[0,0],[0,0]],"o":[[-26.5,6],[4.044,7.221],[18.5,-6.5],[0,0],[0,0]],"v":[[-91,-64.5],[-126,-22],[-78,-15],[-35,-38.5],[-26.5,-52.5]],"c":true}]},{"i":{"x":0.833,"y":0.833},"o":{"x":0.167,"y":0.167},"t":16,"s":[{"i":[[26.373,6.537],[-7,-12.5],[-25.443,-0.406],[0,0],[0,0]],"o":[[-32.802,-8.13],[4.044,7.221],[19.606,0.313],[0,0],[0,0]],"v":[[-76.144,-76.055],[-119.947,-68.77],[-78.55,-32.607],[-35,-38.5],[-26.5,-52.5]],"c":true}]},{"i":{"x":0.833,"y":0.833},"o":{"x":0.167,"y":0.167},"t":20,"s":[{"i":[[26.373,6.537],[-3.854,-7.162],[-25.443,-0.406],[0,0],[0,0]],"o":[[-32.802,-8.13],[3.922,7.288],[19.606,0.313],[0,0],[0,0]],"v":[[-77.244,-91.461],[-119.947,-79.224],[-74.148,-43.612],[-35,-38.5],[-26.5,-52.5]],"c":true}]},{"t":24,"s":[{"i":[[26.5,-6],[-7,-12.5],[-18.5,6.5],[0,0],[0,0]],"o":[[-26.5,6],[4.044,7.221],[18.5,-6.5],[0,0],[0,0]],"v":[[-91,-64.5],[-126,-22],[-78,-15],[-35,-38.5],[-26.5,-52.5]],"c":true}]}],"ix":2},"nm":"Ã¨Â·Â¯Ã¥Â¾Â 1","mn":"ADBE Vector Shape - Group","hd":false},{"ty":"fl","c":{"a":0,"k":[0,0.121568634931,0.364705882353,1],"ix":4},"o":{"a":0,"k":100,"ix":5},"r":1,"bm":0,"nm":"Ã¥Â¡Â«Ã¥ÂÂ 1","mn":"ADBE Vector Graphic - Fill","hd":false},{"ty":"tr","p":{"a":0,"k":[0,0],"ix":2},"a":{"a":0,"k":[0,0],"ix":1},"s":{"a":0,"k":[100,100],"ix":3},"r":{"a":0,"k":0,"ix":6},"o":{"a":0,"k":100,"ix":7},"sk":{"a":0,"k":0,"ix":4},"sa":{"a":0,"k":0,"ix":5},"nm":"Ã¥ÂÂÃ¦ÂÂ¢"}],"nm":"Ã¥Â½Â¢Ã§ÂÂ¶ 1","np":2,"cix":2,"bm":0,"ix":1,"mn":"ADBE Vector Group","hd":false}],"ip":0,"op":25,"st":0,"bm":0},{"ddd":0,"ind":8,"ty":4,"nm":"Ã¨ÂÂÃ§ÂÂ® 2","sr":1,"ks":{"o":{"a":0,"k":100,"ix":11},"r":{"a":0,"k":0,"ix":10},"p":{"a":0,"k":[418,445,0],"ix":2},"a":{"a":0,"k":[0,0,0],"ix":1},"s":{"a":0,"k":[206.446,206.446,100],"ix":6}},"ao":0,"shapes":[{"ty":"gr","it":[{"ind":0,"ty":"sh","ix":1,"ks":{"a":1,"k":[{"i":{"x":0.833,"y":0.833},"o":{"x":0.167,"y":0.167},"t":0,"s":[{"i":[[8.447,-22.751],[-6.773,-7.182],[-1.5,1.25],[4.75,6.5],[0.5,3.25],[-31.202,8.997],[-1.697,16.894],[2.911,0.698],[43.609,-30.524]],"o":[[-1.579,4.252],[8.329,8.832],[1.5,-1.25],[-4.75,-6.5],[-0.5,-3.25],[24.482,-7.059],[0.789,-7.858],[-46.949,-11.257],[-16.465,11.524]],"v":[[-143.106,-78.486],[-130.116,-67.833],[-121.864,-53.34],[-126.114,-68.59],[-140.864,-78.34],[-87.473,-108.539],[-42.25,-146.25],[-49.091,-160.822],[-69.192,-123.192]],"c":true}]},{"i":{"x":0.833,"y":0.833},"o":{"x":0.167,"y":0.167},"t":4,"s":[{"i":[[5.189,-5.507],[-4.965,-3.997],[-0.035,-0.313],[4.75,6.5],[-1.357,3.7],[-19.819,10.693],[-3.525,18.129],[6.711,5.099],[31.796,-26.499]],"o":[[-5.195,5.514],[5.51,4.436],[1.5,-1.25],[-4.75,-6.5],[1.132,-3.087],[22.424,-12.098],[0.012,-0.03],[-4.942,-3.755],[-16.295,13.58]],"v":[[-145.077,-79.626],[-133.115,-67.083],[-123.738,-48.093],[-128.362,-66.716],[-142.363,-78.714],[-85.051,-106.601],[-42.25,-146.25],[-48.41,-163.312],[-66.374,-126.093]],"c":true}]},{"i":{"x":0.833,"y":0.833},"o":{"x":0.167,"y":0.167},"t":8,"s":[{"i":[[4.115,-5.03],[-8.722,-12.376],[-1.5,1.25],[3.649,7.176],[-1.357,3.7],[-29.507,12.872],[-1.935,14.93],[1.636,0.461],[37.779,-25.644]],"o":[[-3.672,4.488],[8.669,12.301],[1.5,-1.25],[-3.391,-6.669],[1.132,-3.087],[23.354,-10.188],[2.425,-18.709],[-13.456,-3.794],[-17.717,12.026]],"v":[[-147.084,-89.622],[-141.061,-72.7],[-135.121,-49.788],[-136.839,-70.833],[-145.996,-86.222],[-86.02,-107.691],[-42.25,-146.25],[-51.104,-167.911],[-70.858,-123.949]],"c":true}]},{"i":{"x":0.833,"y":0.833},"o":{"x":0.167,"y":0.167},"t":12,"s":[{"i":[[13.025,-2.537],[0.9,-6.31],[0.27,-0.415],[0.242,9.558],[-1.743,1.212],[-29.886,9.1],[-2.3,15.676],[0,0],[22.235,-14.971]],"o":[[-0.622,-0.336],[-1.096,7.684],[1.951,0.064],[-0.212,-8.365],[2.699,-1.878],[26.924,-8.198],[2.8,-19.084],[0,0],[-18.528,12.475]],"v":[[-155.381,-96.04],[-155.305,-75.233],[-161.52,-59.234],[-151.371,-78.826],[-153.019,-94.457],[-89.895,-105.633],[-42.25,-146.25],[-57.194,-165.981],[-70.68,-126.002]],"c":true}]},{"i":{"x":0.833,"y":0.833},"o":{"x":0.167,"y":0.167},"t":16,"s":[{"i":[[14.191,-7.386],[-4.062,-7.977],[-1.5,1.25],[3.649,7.176],[-1.357,3.7],[-29.507,12.872],[-1.676,15.711],[0,0],[29.159,-24.145]],"o":[[-1.423,0.741],[4.546,8.928],[1.5,-1.25],[-3.391,-6.669],[1.132,-3.087],[23.354,-10.188],[1.676,-15.711],[0,0],[-16.493,13.657]],"v":[[-148.208,-88.123],[-141.436,-70.826],[-135.121,-49.788],[-136.839,-70.833],[-145.996,-86.222],[-87.473,-107.691],[-42.25,-146.25],[-52.977,-164.538],[-71.607,-124.324]],"c":true}]},{"i":{"x":0.833,"y":0.833},"o":{"x":0.167,"y":0.167},"t":20,"s":[{"i":[[7.992,-13.441],[-4.261,-4.74],[-0.035,0.062],[4.75,6.5],[-1.357,3.7],[-20.044,10.265],[-0.573,15.02],[0,0],[22.427,-14.881]],"o":[[-0.058,-0.635],[9.717,10.807],[1.5,-1.25],[-4.75,-6.5],[1.132,-3.087],[24.458,-12.526],[0.542,-14.212],[0,0],[-17.674,11.728]],"v":[[-145.451,-78.127],[-133.489,-66.708],[-123.738,-48.093],[-128.362,-66.716],[-142.363,-78.714],[-84.566,-105.633],[-42.25,-146.25],[-56.28,-165.186],[-76.868,-120.846]],"c":true}]},{"t":24,"s":[{"i":[[6.212,-14.88],[-4.777,-4.22],[-1.5,1.25],[4.75,6.5],[0.5,3.25],[-31.202,8.997],[0.551,15.395],[0,0],[50.535,-21.252]],"o":[[-0.058,-0.167],[6.718,5.935],[1.5,-1.25],[-4.75,-6.5],[-0.5,-3.25],[24.482,-7.059],[-0.43,-11.993],[0,0],[-19.553,8.223]],"v":[[-143.203,-77.846],[-131.241,-68.582],[-121.864,-53.34],[-126.114,-68.59],[-140.864,-78.34],[-87.473,-108.539],[-42.25,-146.25],[-53.656,-162.937],[-87.736,-114.1]],"c":true}]}],"ix":2},"nm":"Ã¨Â·Â¯Ã¥Â¾Â 1","mn":"ADBE Vector Shape - Group","hd":false},{"ty":"fl","c":{"a":0,"k":[0.779250320734,0.805825745826,0.858976715686,1],"ix":4},"o":{"a":0,"k":100,"ix":5},"r":1,"bm":0,"nm":"Ã¥Â¡Â«Ã¥ÂÂ 1","mn":"ADBE Vector Graphic - Fill","hd":false},{"ty":"tr","p":{"a":0,"k":[0,0],"ix":2},"a":{"a":0,"k":[0,0],"ix":1},"s":{"a":0,"k":[100,100],"ix":3},"r":{"a":0,"k":0,"ix":6},"o":{"a":0,"k":100,"ix":7},"sk":{"a":0,"k":0,"ix":4},"sa":{"a":0,"k":0,"ix":5},"nm":"Ã¥ÂÂÃ¦ÂÂ¢"}],"nm":"Ã¥Â½Â¢Ã§ÂÂ¶ 1","np":2,"cix":2,"bm":0,"ix":1,"mn":"ADBE Vector Group","hd":false}],"ip":0,"op":25,"st":0,"bm":0},{"ddd":0,"ind":9,"ty":4,"nm":"Ã¨ÂÂÃ§ÂÂ®","sr":1,"ks":{"o":{"a":0,"k":100,"ix":11},"r":{"a":0,"k":0,"ix":10},"p":{"a":0,"k":[418,445,0],"ix":2},"a":{"a":0,"k":[0,0,0],"ix":1},"s":{"a":0,"k":[206.446,206.446,100],"ix":6}},"ao":0,"shapes":[{"ty":"gr","it":[{"ind":0,"ty":"sh","ix":1,"ks":{"a":1,"k":[{"i":{"x":0.833,"y":0.833},"o":{"x":0.167,"y":0.167},"t":0,"s":[{"i":[[13.842,3.691],[7.421,0.324],[6.274,-2.944],[4.711,-6.093],[7.197,-7.366],[4.465,-4.33],[0.587,-2.2],[6.5,-7.25],[-1.5,-1.25],[-4.75,3],[0,0],[-5.487,-3.243],[-1.5,1.25],[4.75,6.5],[0.5,3.25],[-31.202,8.997],[-3.525,18.129]],"o":[[-17.377,-4.634],[-7.104,-0.31],[-5.832,2.736],[-4.215,5.452],[-6.177,6.322],[-4.673,4.532],[-1,3.75],[-6.5,7.25],[1.5,1.25],[4.75,-3],[0,0],[5.5,3.25],[1.5,-1.25],[-4.75,-6.5],[-0.5,-3.25],[24.482,-7.059],[0.108,-0.277]],"v":[[-56.711,-164.75],[-87.829,-160.657],[-99.28,-147.326],[-117.766,-128.109],[-124.452,-108.357],[-140.308,-101.888],[-148.364,-78.402],[-161.364,-68.09],[-164.614,-50.09],[-150.364,-53.277],[-142.114,-64.09],[-134.614,-56.59],[-121.864,-53.34],[-126.114,-68.59],[-140.864,-78.34],[-87.473,-108.539],[-42.25,-146.25]],"c":true}]},{"i":{"x":0.833,"y":0.833},"o":{"x":0.167,"y":0.167},"t":4,"s":[{"i":[[13.842,3.691],[7.421,0.324],[6.559,-2.24],[9.263,-5.582],[7.197,-7.366],[4.465,-4.33],[0.587,-2.2],[8.649,-6.55],[-1.5,-1.25],[-4.75,3],[0,0],[-4.965,-3.997],[-1.5,1.25],[4.75,6.5],[-1.357,3.7],[-19.819,10.693],[-3.525,18.129]],"o":[[-17.377,-4.634],[-7.104,-0.31],[-8.012,2.736],[-5.903,3.557],[-6.177,6.322],[-4.673,4.532],[-1,3.75],[-7.763,5.878],[1.5,1.25],[4.75,-3],[0,0],[5.51,4.436],[1.5,-1.25],[-4.75,-6.5],[1.132,-3.087],[22.424,-12.098],[0.108,-0.277]],"v":[[-53.338,-165.875],[-87.08,-157.658],[-99.28,-147.326],[-117.766,-128.109],[-124.452,-108.357],[-140.308,-101.888],[-148.738,-82.525],[-165.861,-72.212],[-175.482,-55.711],[-156.36,-58.149],[-148.11,-66.338],[-139.86,-53.217],[-123.738,-48.093],[-128.362,-66.716],[-142.363,-78.714],[-86.02,-107.086],[-42.25,-146.25]],"c":true}]},{"i":{"x":0.833,"y":0.833},"o":{"x":0.167,"y":0.167},"t":8,"s":[{"i":[[13.842,3.691],[7.53,-2.054],[5.551,-5.078],[6.599,-4.855],[7.197,-7.366],[4.465,-4.33],[0.587,-2.2],[8.649,-6.55],[-1.5,-1.25],[-4.75,3],[0,0],[-4.128,-4.856],[-1.5,1.25],[3.649,7.176],[-1.357,3.7],[-29.507,12.872],[-3.525,18.129]],"o":[[-17.377,-4.634],[-6.861,1.871],[-4.753,4.348],[-5.551,4.084],[-6.177,6.322],[-4.673,4.532],[-1,3.75],[-7.763,5.878],[1.5,1.25],[4.75,-3],[0,0],[4.474,5.262],[1.5,-1.25],[-3.391,-6.669],[1.132,-3.087],[23.354,-10.188],[0.108,-0.277]],"v":[[-51.464,-169.248],[-84.082,-161.781],[-99.038,-149.926],[-117.766,-128.109],[-126.632,-111.505],[-142.245,-104.552],[-150.434,-88.337],[-170.705,-81.658],[-181.295,-63.946],[-165.806,-64.931],[-153.68,-73.362],[-149.306,-57.334],[-135.121,-49.788],[-136.839,-70.833],[-145.996,-86.222],[-87.473,-107.691],[-42.25,-146.25]],"c":true}]},{"i":{"x":0.833,"y":0.833},"o":{"x":0.167,"y":0.167},"t":12,"s":[{"i":[[13.842,3.691],[7.421,0.324],[5.599,-4.085],[4.711,-6.093],[9.232,-4.564],[4.465,-4.33],[2.087,-0.91],[9.577,1.154],[0.254,-1.936],[-6.394,-1.431],[0,0],[0.9,-6.31],[-2.445,0.381],[0.242,9.558],[-1.743,1.212],[-29.265,10.935],[-3.525,18.129]],"o":[[-17.377,-4.634],[-7.104,-0.31],[-6.074,4.432],[-4.215,5.452],[-7.544,3.729],[-4.673,4.532],[-2.633,1.147],[-9.73,-1.173],[-0.351,2.671],[5.483,1.227],[0,0],[-1.096,7.684],[1.929,-0.3],[-0.212,-8.365],[2.699,-1.878],[23.867,-8.918],[0.108,-0.277]],"v":[[-51.839,-165.875],[-87.829,-160.657],[-99.28,-147.326],[-121.883,-127.14],[-131.476,-112.474],[-145.152,-108.669],[-156.489,-97.298],[-174.096,-107.33],[-192.92,-101.97],[-178.884,-92.783],[-159.977,-90.073],[-165.049,-75.983],[-161.52,-59.234],[-151.371,-78.826],[-153.019,-94.457],[-89.41,-107.086],[-42.25,-146.25]],"c":true}]},{"i":{"x":0.833,"y":0.833},"o":{"x":0.167,"y":0.167},"t":16,"s":[{"i":[[13.842,3.691],[7.421,0.324],[6.274,-2.944],[4.711,-6.093],[7.197,-7.366],[4.465,-4.33],[0.587,-2.2],[8.649,-6.55],[-1.5,-1.25],[-4.75,3],[0,0],[-4.128,-4.856],[-1.5,1.25],[3.649,7.176],[-1.357,3.7],[-29.507,12.872],[-3.525,18.129]],"o":[[-17.377,-4.634],[-7.104,-0.31],[-5.832,2.736],[-4.215,5.452],[-6.177,6.322],[-4.673,4.532],[-1,3.75],[-7.763,5.878],[1.5,1.25],[4.75,-3],[0,0],[4.474,5.262],[1.5,-1.25],[-3.391,-6.669],[1.132,-3.087],[23.354,-10.188],[0.108,-0.277]],"v":[[-51.464,-164.376],[-87.829,-160.657],[-99.28,-147.326],[-117.766,-128.109],[-126.632,-111.505],[-142.245,-104.552],[-150.434,-88.337],[-170.705,-81.658],[-181.295,-63.946],[-165.806,-64.931],[-153.68,-73.362],[-149.306,-57.334],[-135.121,-49.788],[-136.839,-70.833],[-145.996,-86.222],[-87.473,-107.691],[-42.25,-146.25]],"c":true}]},{"i":{"x":0.833,"y":0.833},"o":{"x":0.167,"y":0.167},"t":20,"s":[{"i":[[13.842,3.691],[7.421,0.324],[6.274,-2.944],[4.711,-6.093],[7.197,-7.366],[4.465,-4.33],[0.587,-2.2],[8.649,-6.55],[-1.5,-1.25],[-4.75,3],[0,0],[-4.965,-3.997],[-1.5,1.25],[4.75,6.5],[-1.357,3.7],[-19.819,10.693],[-3.525,18.129]],"o":[[-17.377,-4.634],[-7.104,-0.31],[-5.832,2.736],[-4.215,5.452],[-6.177,6.322],[-4.673,4.532],[-1,3.75],[-7.763,5.878],[1.5,1.25],[4.75,-3],[0,0],[5.51,4.436],[1.5,-1.25],[-4.75,-6.5],[1.132,-3.087],[22.424,-12.098],[0.108,-0.277]],"v":[[-54.087,-165.5],[-87.829,-160.657],[-99.28,-147.326],[-117.766,-128.109],[-124.452,-108.357],[-140.308,-101.888],[-148.738,-82.525],[-165.861,-72.212],[-175.482,-55.711],[-156.36,-58.149],[-148.11,-66.338],[-139.86,-53.217],[-123.738,-48.093],[-128.362,-66.716],[-142.363,-78.714],[-86.02,-107.086],[-42.25,-146.25]],"c":true}]},{"t":24,"s":[{"i":[[13.842,3.691],[7.421,0.324],[6.274,-2.944],[4.711,-6.093],[7.197,-7.366],[4.465,-4.33],[0.587,-2.2],[6.5,-7.25],[-1.5,-1.25],[-4.75,3],[0,0],[-5.487,-3.243],[-1.5,1.25],[4.75,6.5],[0.5,3.25],[-31.202,8.997],[-3.525,18.129]],"o":[[-17.377,-4.634],[-7.104,-0.31],[-5.832,2.736],[-4.215,5.452],[-6.177,6.322],[-4.673,4.532],[-1,3.75],[-6.5,7.25],[1.5,1.25],[4.75,-3],[0,0],[5.5,3.25],[1.5,-1.25],[-4.75,-6.5],[-0.5,-3.25],[24.482,-7.059],[0.108,-0.277]],"v":[[-56.711,-164.75],[-87.829,-160.657],[-99.28,-147.326],[-117.766,-128.109],[-124.452,-108.357],[-140.308,-101.888],[-148.364,-78.402],[-161.364,-68.09],[-164.614,-50.09],[-150.364,-53.277],[-142.114,-64.09],[-134.614,-56.59],[-121.864,-53.34],[-126.114,-68.59],[-140.864,-78.34],[-87.473,-108.539],[-42.25,-146.25]],"c":true}]}],"ix":2},"nm":"Ã¨Â·Â¯Ã¥Â¾Â 1","mn":"ADBE Vector Shape - Group","hd":false},{"ty":"fl","c":{"a":0,"k":[0.862745098039,0.874509803922,0.898039215686,1],"ix":4},"o":{"a":0,"k":100,"ix":5},"r":1,"bm":0,"nm":"Ã¥Â¡Â«Ã¥ÂÂ 1","mn":"ADBE Vector Graphic - Fill","hd":false},{"ty":"tr","p":{"a":0,"k":[0,0],"ix":2},"a":{"a":0,"k":[0,0],"ix":1},"s":{"a":0,"k":[100,100],"ix":3},"r":{"a":0,"k":0,"ix":6},"o":{"a":0,"k":100,"ix":7},"sk":{"a":0,"k":0,"ix":4},"sa":{"a":0,"k":0,"ix":5},"nm":"Ã¥ÂÂÃ¦ÂÂ¢"}],"nm":"Ã¥Â½Â¢Ã§ÂÂ¶ 1","np":2,"cix":2,"bm":0,"ix":1,"mn":"ADBE Vector Group","hd":false}],"ip":0,"op":25,"st":0,"bm":0},{"ddd":0,"ind":10,"ty":4,"nm":"Ã¨ÂÂ","sr":1,"ks":{"o":{"a":0,"k":100,"ix":11},"r":{"a":0,"k":0,"ix":10},"p":{"a":0,"k":[419,448,0],"ix":2},"a":{"a":0,"k":[0,0,0],"ix":1},"s":{"a":0,"k":[209.027,209.027,100],"ix":6}},"ao":0,"shapes":[{"ty":"gr","it":[{"ind":0,"ty":"sh","ix":1,"ks":{"a":1,"k":[{"i":{"x":0.833,"y":0.833},"o":{"x":0.167,"y":0.167},"t":0,"s":[{"i":[[24.753,5.623],[17.431,-26.14],[1,-3.75],[6.5,-7.25],[-1.5,-1.25],[-4.75,3],[0,0],[-5.487,-3.243],[-1.5,1.25],[4.75,6.5],[0.5,3.25],[-33.742,9.524],[-2.25,15.25]],"o":[[-20.099,-4.566],[-21.69,32.527],[-1,3.75],[-6.5,7.25],[1.5,1.25],[4.75,-3],[0,0],[5.5,3.25],[1.5,-1.25],[-4.75,-6.5],[-0.5,-3.25],[21.914,-6.185],[1.668,-11.304]],"v":[[-64.5,-182],[-129.009,-149.259],[-148.602,-79.832],[-161.102,-69.52],[-165.102,-50.77],[-148.852,-53.957],[-141.352,-62.27],[-134.102,-55.52],[-120.352,-54.02],[-124.602,-69.27],[-139.352,-79.02],[-83.468,-109.989],[-42.489,-146.011]],"c":true}]},{"i":{"x":0.833,"y":0.833},"o":{"x":0.167,"y":0.167},"t":4,"s":[{"i":[[21.274,5.798],[20.267,-26.573],[1.872,-3.4],[7.362,-6.373],[-1.5,-1.25],[-4.75,3],[0,0],[-4.589,-4.423],[-1.5,1.25],[4.75,6.5],[-1.221,3.866],[-31.35,13.112],[-2.25,15.25]],"o":[[-20.916,-5.7],[-23.709,31.086],[-1.965,3.568],[-7.602,6.581],[1.5,1.25],[4.75,-3],[0,0],[5.744,5.536],[1.5,-1.25],[-4.75,-6.5],[0.99,-3.136],[21.007,-8.786],[1.668,-11.304]],"v":[[-62.279,-179.039],[-126.418,-151.479],[-149.342,-83.904],[-165.914,-75.442],[-175.096,-55.952],[-154.774,-59.139],[-147.229,-65.954],[-141.722,-55.087],[-124.424,-49.578],[-126.823,-66.309],[-139.352,-79.02],[-83.228,-109.272],[-42.489,-146.011]],"c":true}]},{"i":{"x":0.833,"y":0.833},"o":{"x":0.167,"y":0.167},"t":8,"s":[{"i":[[20.987,3.207],[23.312,-25.093],[3.424,-1.828],[7.362,-6.373],[-1.5,-1.25],[-4.75,3],[0,0],[-3.788,-5.126],[-1.5,1.25],[4.59,7.943],[-3.213,1.996],[-32.068,13.112],[-5.836,14.596]],"o":[[-21.43,-3.275],[-26.61,28.642],[-3.03,1.618],[-7.602,6.581],[1.5,1.25],[4.75,-3],[0,0],[3.94,5.333],[1.5,-1.25],[-4.028,-6.971],[2.793,-1.735],[21.077,-8.618],[4.242,-10.61]],"v":[[-62.649,-180.149],[-123.827,-152.59],[-152.213,-90.123],[-170.937,-84.771],[-180.358,-64.563],[-161.951,-67.272],[-153.927,-72.173],[-149.854,-57.957],[-134.47,-50.774],[-136.152,-72.767],[-143.658,-87.153],[-84.185,-109.511],[-42.489,-146.011]],"c":true}]},{"i":{"x":0.833,"y":0.833},"o":{"x":0.167,"y":0.167},"t":12,"s":[{"i":[[21.357,2.467],[22.633,-24.59],[3.424,-1.828],[10.432,3.442],[0.567,-1.869],[-7.406,-0.422],[0,0],[0.714,-6.334],[-2.354,-0.176],[-1.629,7.943],[-3.213,1.996],[-31.35,13.59],[-4.677,14.689]],"o":[[-21.535,-2.487],[-22.215,24.136],[-3.03,1.618],[-9.548,-3.15],[-0.719,2.37],[5.609,0.32],[0,0],[-0.844,7.485],[1.947,0.146],[1.618,-7.886],[2.793,-1.735],[20.892,-9.057],[4.899,-15.386]],"v":[[-61.909,-182],[-124.937,-151.479],[-155.083,-99.931],[-169.98,-108.931],[-192.079,-103.553],[-176.542,-93.106],[-160.385,-90.353],[-165.164,-77.094],[-159.826,-59.625],[-149.787,-74.92],[-150.356,-94.568],[-84.948,-110.359],[-42.489,-146.011]],"c":true}]},{"i":{"x":0.833,"y":0.833},"o":{"x":0.167,"y":0.167},"t":16,"s":[{"i":[[20.987,3.207],[23.312,-25.093],[3.424,-1.828],[7.362,-6.373],[-1.5,-1.25],[-4.75,3],[0,0],[-3.788,-5.126],[-1.5,1.25],[4.59,7.943],[-3.213,1.996],[-32.068,13.112],[-5.836,14.596]],"o":[[-21.43,-3.275],[-26.61,28.642],[-3.03,1.618],[-7.602,6.581],[1.5,1.25],[4.75,-3],[0,0],[3.94,5.333],[1.5,-1.25],[-4.028,-6.971],[2.793,-1.735],[21.077,-8.618],[4.242,-10.61]],"v":[[-62.649,-180.149],[-123.827,-152.59],[-152.213,-90.123],[-170.937,-84.771],[-180.358,-64.563],[-161.951,-67.272],[-153.927,-72.173],[-149.854,-57.479],[-134.47,-50.774],[-136.152,-72.767],[-143.658,-87.153],[-84.185,-109.511],[-42.489,-146.011]],"c":true}]},{"i":{"x":0.833,"y":0.833},"o":{"x":0.167,"y":0.167},"t":20,"s":[{"i":[[21.274,5.798],[20.267,-26.573],[1.872,-3.4],[7.362,-6.373],[-1.5,-1.25],[-4.75,3],[0,0],[-4.589,-4.423],[-1.5,1.25],[4.75,6.5],[-1.221,3.866],[-31.35,13.112],[-2.25,15.25]],"o":[[-20.916,-5.7],[-23.709,31.086],[-1.965,3.568],[-7.602,6.581],[1.5,1.25],[4.75,-3],[0,0],[5.744,5.536],[1.5,-1.25],[-4.75,-6.5],[0.99,-3.136],[21.007,-8.786],[1.668,-11.304]],"v":[[-62.279,-179.039],[-126.418,-151.479],[-149.342,-83.904],[-165.914,-75.442],[-175.096,-55.952],[-154.774,-59.139],[-147.708,-64.997],[-140.765,-54.608],[-124.424,-49.578],[-126.823,-66.309],[-139.352,-79.02],[-83.228,-109.272],[-42.489,-146.011]],"c":true}]},{"t":24,"s":[{"i":[[24.25,7.5],[17.431,-26.14],[1,-3.75],[6.5,-7.25],[-1.5,-1.25],[-4.75,3],[0,0],[-5.487,-3.243],[-1.5,1.25],[4.75,6.5],[0.5,3.25],[-33.742,9.524],[-2.25,15.25]],"o":[[-24.25,-7.5],[-21.69,32.527],[-1,3.75],[-6.5,7.25],[1.5,1.25],[4.75,-3],[0,0],[5.5,3.25],[1.5,-1.25],[-4.75,-6.5],[-0.5,-3.25],[21.914,-6.185],[1.668,-11.304]],"v":[[-64.5,-182],[-129.009,-149.259],[-148.602,-79.832],[-161.102,-69.52],[-165.102,-50.77],[-148.852,-53.957],[-141.352,-62.27],[-134.102,-55.52],[-120.352,-54.02],[-124.602,-69.27],[-139.352,-79.02],[-83.468,-109.989],[-42.489,-146.011]],"c":true}]}],"ix":2},"nm":"Ã¨Â·Â¯Ã¥Â¾Â 1","mn":"ADBE Vector Shape - Group","hd":false},{"ty":"fl","c":{"a":0,"k":[0,0.121568627451,0.364705882353,1],"ix":4},"o":{"a":0,"k":100,"ix":5},"r":1,"bm":0,"nm":"Ã¥Â¡Â«Ã¥ÂÂ 1","mn":"ADBE Vector Graphic - Fill","hd":false},{"ty":"tr","p":{"a":0,"k":[0,0],"ix":2},"a":{"a":0,"k":[0,0],"ix":1},"s":{"a":0,"k":[100,100],"ix":3},"r":{"a":0,"k":0,"ix":6},"o":{"a":0,"k":100,"ix":7},"sk":{"a":0,"k":0,"ix":4},"sa":{"a":0,"k":0,"ix":5},"nm":"Ã¥ÂÂÃ¦ÂÂ¢"}],"nm":"Ã¥Â½Â¢Ã§ÂÂ¶ 1","np":2,"cix":2,"bm":0,"ix":1,"mn":"ADBE Vector Group","hd":false}],"ip":0,"op":25,"st":0,"bm":0},{"ddd":0,"ind":11,"ty":4,"nm":"Ã¥ÂÂ³Ã©Â³Â 2","sr":1,"ks":{"o":{"a":0,"k":100,"ix":11},"r":{"a":0,"k":60,"ix":10},"p":{"a":0,"k":[239.5,193,0],"ix":2},"a":{"a":0,"k":[0,0,0],"ix":1},"s":{"a":0,"k":[-56.529,67.895,100],"ix":6}},"ao":0,"shapes":[{"ty":"gr","it":[{"ind":0,"ty":"sh","ix":1,"ks":{"a":1,"k":[{"i":{"x":0.833,"y":0.833},"o":{"x":0.167,"y":0.167},"t":0,"s":[{"i":[[27.041,-2.654],[-3.5,-7.5],[-18.5,6.5],[0,0],[0,0]],"o":[[-42.478,4.169],[3.5,7.5],[18.5,-6.5],[0,0],[0,0]],"v":[[-69.116,-59.012],[-116.889,-26.362],[-75.361,-29.427],[-35,-38.5],[-27.5,-50]],"c":true}]},{"i":{"x":0.833,"y":0.833},"o":{"x":0.167,"y":0.167},"t":4,"s":[{"i":[[26.5,-6],[-3.5,-7.5],[-18.5,6.5],[0,0],[0,0]],"o":[[-26.5,6],[3.5,7.5],[18.5,-6.5],[0,0],[0,0]],"v":[[-93.732,-70.036],[-141.044,-53.482],[-87.633,-46.935],[-35,-38.5],[-27.5,-50]],"c":true}]},{"i":{"x":0.833,"y":0.833},"o":{"x":0.167,"y":0.167},"t":8,"s":[{"i":[[26.872,4.015],[-3.5,-7.5],[-18.5,6.5],[0,0],[0,0]],"o":[[-26.523,-3.963],[3.5,7.5],[18.5,-6.5],[0,0],[0,0]],"v":[[-95.003,-82.18],[-146.15,-74.838],[-96.451,-64.805],[-35,-38.5],[-27.5,-50]],"c":true}]},{"i":{"x":0.833,"y":0.833},"o":{"x":0.167,"y":0.167},"t":12,"s":[{"i":[[26.5,-6],[-3.5,-7.5],[-18.5,6.5],[0,0],[0,0]],"o":[[-26.5,6],[3.5,7.5],[18.5,-6.5],[0,0],[0,0]],"v":[[-90,-59.5],[-123.5,-24.5],[-85.455,-34.588],[-35,-38.5],[-27.5,-50]],"c":true}]},{"i":{"x":0.833,"y":0.833},"o":{"x":0.167,"y":0.167},"t":16,"s":[{"i":[[26.5,-6],[-3.5,-7.5],[-18.5,6.5],[0,0],[0,0]],"o":[[-26.5,6],[3.5,7.5],[18.5,-6.5],[0,0],[0,0]],"v":[[-93.732,-70.036],[-141.044,-53.482],[-95.961,-55.262],[-35,-38.5],[-27.5,-50]],"c":true}]},{"i":{"x":0.833,"y":0.833},"o":{"x":0.167,"y":0.167},"t":20,"s":[{"i":[[26.872,4.015],[-3.5,-7.5],[-18.5,6.5],[0,0],[0,0]],"o":[[-26.523,-3.963],[3.5,7.5],[18.5,-6.5],[0,0],[0,0]],"v":[[-95.003,-82.18],[-146.15,-74.838],[-87.071,-59.748],[-35,-38.5],[-27.5,-50]],"c":true}]},{"t":24,"s":[{"i":[[26.5,-6],[-3.5,-7.5],[-18.5,6.5],[0,0],[0,0]],"o":[[-26.5,6],[3.5,7.5],[18.5,-6.5],[0,0],[0,0]],"v":[[-90,-59.5],[-123.5,-24.5],[-87.446,-37.458],[-35,-38.5],[-27.5,-50]],"c":true}]}],"ix":2},"nm":"Ã¨Â·Â¯Ã¥Â¾Â 1","mn":"ADBE Vector Shape - Group","hd":false},{"ty":"fl","c":{"a":0,"k":[0.780392216701,0.803921628466,0.85882358925,1],"ix":4},"o":{"a":0,"k":100,"ix":5},"r":1,"bm":0,"nm":"Ã¥Â¡Â«Ã¥ÂÂ 1","mn":"ADBE Vector Graphic - Fill","hd":false},{"ty":"tr","p":{"a":0,"k":[0,0],"ix":2},"a":{"a":0,"k":[0,0],"ix":1},"s":{"a":0,"k":[100,100],"ix":3},"r":{"a":0,"k":0,"ix":6},"o":{"a":0,"k":100,"ix":7},"sk":{"a":0,"k":0,"ix":4},"sa":{"a":0,"k":0,"ix":5},"nm":"Ã¥ÂÂÃ¦ÂÂ¢"}],"nm":"Ã¥Â½Â¢Ã§ÂÂ¶ 1","np":2,"cix":2,"bm":0,"ix":1,"mn":"ADBE Vector Group","hd":false}],"ip":0,"op":25,"st":0,"bm":0},{"ddd":0,"ind":12,"ty":4,"nm":"Ã¥ÂÂ³Ã©Â³Â","sr":1,"ks":{"o":{"a":0,"k":100,"ix":11},"r":{"a":0,"k":60,"ix":10},"p":{"a":0,"k":[239.5,193,0],"ix":2},"a":{"a":0,"k":[0,0,0],"ix":1},"s":{"a":0,"k":[-56.529,67.895,100],"ix":6}},"ao":0,"shapes":[{"ty":"gr","it":[{"ind":0,"ty":"sh","ix":1,"ks":{"a":1,"k":[{"i":{"x":0.833,"y":0.833},"o":{"x":0.167,"y":0.167},"t":0,"s":[{"i":[[26.5,-6],[-3.5,-7.5],[-18.5,6.5],[0,0],[0,0]],"o":[[-26.5,6],[3.5,7.5],[18.5,-6.5],[0,0],[0,0]],"v":[[-90,-59.5],[-123.5,-24.5],[-78,-15],[-35,-38.5],[-27.5,-50]],"c":true}]},{"i":{"x":0.833,"y":0.833},"o":{"x":0.167,"y":0.167},"t":4,"s":[{"i":[[26.5,-6],[-3.5,-7.5],[-18.5,6.5],[0,0],[0,0]],"o":[[-26.5,6],[3.5,7.5],[18.5,-6.5],[0,0],[0,0]],"v":[[-93.732,-70.036],[-141.044,-53.482],[-85.815,-29.951],[-35,-38.5],[-27.5,-50]],"c":true}]},{"i":{"x":0.833,"y":0.833},"o":{"x":0.167,"y":0.167},"t":8,"s":[{"i":[[26.872,4.015],[-3.5,-7.5],[-18.5,6.5],[0,0],[0,0]],"o":[[-26.523,-3.963],[3.5,7.5],[18.5,-6.5],[0,0],[0,0]],"v":[[-95.003,-82.18],[-146.15,-74.838],[-90.387,-43.91],[-35,-38.5],[-27.5,-50]],"c":true}]},{"i":{"x":0.833,"y":0.833},"o":{"x":0.167,"y":0.167},"t":12,"s":[{"i":[[26.5,-6],[-3.5,-7.5],[-18.5,6.5],[0,0],[0,0]],"o":[[-26.5,6],[3.5,7.5],[18.5,-6.5],[0,0],[0,0]],"v":[[-90,-59.5],[-123.5,-24.5],[-78,-15],[-35,-38.5],[-27.5,-50]],"c":true}]},{"i":{"x":0.833,"y":0.833},"o":{"x":0.167,"y":0.167},"t":16,"s":[{"i":[[26.5,-6],[-3.5,-7.5],[-18.5,6.5],[0,0],[0,0]],"o":[[-26.5,6],[3.5,7.5],[18.5,-6.5],[0,0],[0,0]],"v":[[-93.732,-70.036],[-141.044,-53.482],[-85.815,-29.951],[-35,-38.5],[-27.5,-50]],"c":true}]},{"i":{"x":0.833,"y":0.833},"o":{"x":0.167,"y":0.167},"t":20,"s":[{"i":[[26.872,4.015],[-3.5,-7.5],[-18.5,6.5],[0,0],[0,0]],"o":[[-26.523,-3.963],[3.5,7.5],[18.5,-6.5],[0,0],[0,0]],"v":[[-95.003,-82.18],[-146.15,-74.838],[-90.387,-43.91],[-35,-38.5],[-27.5,-50]],"c":true}]},{"t":24,"s":[{"i":[[26.5,-6],[-3.5,-7.5],[-18.5,6.5],[0,0],[0,0]],"o":[[-26.5,6],[3.5,7.5],[18.5,-6.5],[0,0],[0,0]],"v":[[-90,-59.5],[-123.5,-24.5],[-78,-15],[-35,-38.5],[-27.5,-50]],"c":true}]}],"ix":2},"nm":"Ã¨Â·Â¯Ã¥Â¾Â 1","mn":"ADBE Vector Shape - Group","hd":false},{"ty":"fl","c":{"a":0,"k":[0.862744978362,0.874509983437,0.898038976333,1],"ix":4},"o":{"a":0,"k":100,"ix":5},"r":1,"bm":0,"nm":"Ã¥Â¡Â«Ã¥ÂÂ 1","mn":"ADBE Vector Graphic - Fill","hd":false},{"ty":"tr","p":{"a":0,"k":[0,0],"ix":2},"a":{"a":0,"k":[0,0],"ix":1},"s":{"a":0,"k":[100,100],"ix":3},"r":{"a":0,"k":0,"ix":6},"o":{"a":0,"k":100,"ix":7},"sk":{"a":0,"k":0,"ix":4},"sa":{"a":0,"k":0,"ix":5},"nm":"Ã¥ÂÂÃ¦ÂÂ¢"}],"nm":"Ã¥Â½Â¢Ã§ÂÂ¶ 1","np":2,"cix":2,"bm":0,"ix":1,"mn":"ADBE Vector Group","hd":false}],"ip":0,"op":25,"st":0,"bm":0},{"ddd":0,"ind":13,"ty":4,"nm":"Ã¥ÂÂ³Ã©Â³ÂÃ¦Â·Â±Ã¨ÂÂ²","sr":1,"ks":{"o":{"a":0,"k":100,"ix":11},"r":{"a":0,"k":60,"ix":10},"p":{"a":0,"k":[239.5,194.5,0],"ix":2},"a":{"a":0,"k":[0,0,0],"ix":1},"s":{"a":0,"k":[-55.59,69.168,100],"ix":6}},"ao":0,"shapes":[{"ty":"gr","it":[{"ind":0,"ty":"sh","ix":1,"ks":{"a":1,"k":[{"i":{"x":0.833,"y":0.833},"o":{"x":0.167,"y":0.167},"t":0,"s":[{"i":[[26.5,-6],[-7,-12.5],[-18.5,6.5],[0,0],[0,0]],"o":[[-26.5,6],[4.044,7.221],[18.5,-6.5],[0,0],[0,0]],"v":[[-91,-64.5],[-126,-22],[-78,-15],[-35,-38.5],[-26.5,-52.5]],"c":true}]},{"i":{"x":0.833,"y":0.833},"o":{"x":0.167,"y":0.167},"t":4,"s":[{"i":[[26.5,-6],[-7,-12.5],[-18.5,6.5],[0,0],[0,0]],"o":[[-26.5,6],[4.044,7.221],[18.5,-6.5],[0,0],[0,0]],"v":[[-93.775,-71.977],[-145.459,-50.533],[-84.971,-24.703],[-35,-38.5],[-26.5,-52.5]],"c":true}]},{"i":{"x":0.833,"y":0.833},"o":{"x":0.167,"y":0.167},"t":8,"s":[{"i":[[24.92,7.935],[-7,-12.5],[-31.227,3.914],[0,0],[0,0]],"o":[[-25.89,-8.244],[4.044,7.221],[19.456,-2.439],[0,0],[0,0]],"v":[[-90.197,-80.732],[-147.684,-69.533],[-87.449,-38.996],[-35,-38.5],[-26.5,-52.5]],"c":true}]},{"i":{"x":0.833,"y":0.833},"o":{"x":0.167,"y":0.167},"t":12,"s":[{"i":[[26.5,-6],[-7,-12.5],[-18.5,6.5],[0,0],[0,0]],"o":[[-26.5,6],[4.044,7.221],[18.5,-6.5],[0,0],[0,0]],"v":[[-91,-64.5],[-126,-22],[-78,-15],[-35,-38.5],[-26.5,-52.5]],"c":true}]},{"i":{"x":0.833,"y":0.833},"o":{"x":0.167,"y":0.167},"t":16,"s":[{"i":[[26.5,-6],[-7,-12.5],[-18.5,6.5],[0,0],[0,0]],"o":[[-26.5,6],[4.044,7.221],[18.5,-6.5],[0,0],[0,0]],"v":[[-93.775,-71.977],[-145.459,-50.533],[-84.971,-24.703],[-35,-38.5],[-26.5,-52.5]],"c":true}]},{"i":{"x":0.833,"y":0.833},"o":{"x":0.167,"y":0.167},"t":20,"s":[{"i":[[24.92,7.935],[-7,-12.5],[-31.227,3.914],[0,0],[0,0]],"o":[[-25.89,-8.244],[4.044,7.221],[19.456,-2.439],[0,0],[0,0]],"v":[[-90.197,-80.732],[-147.684,-69.533],[-87.449,-38.996],[-35,-38.5],[-26.5,-52.5]],"c":true}]},{"t":24,"s":[{"i":[[26.5,-6],[-7,-12.5],[-18.5,6.5],[0,0],[0,0]],"o":[[-26.5,6],[4.044,7.221],[18.5,-6.5],[0,0],[0,0]],"v":[[-91,-64.5],[-126,-22],[-78,-15],[-35,-38.5],[-26.5,-52.5]],"c":true}]}],"ix":2},"nm":"Ã¨Â·Â¯Ã¥Â¾Â 1","mn":"ADBE Vector Shape - Group","hd":false},{"ty":"fl","c":{"a":0,"k":[0,0.121568634931,0.364705882353,1],"ix":4},"o":{"a":0,"k":100,"ix":5},"r":1,"bm":0,"nm":"Ã¥Â¡Â«Ã¥ÂÂ 1","mn":"ADBE Vector Graphic - Fill","hd":false},{"ty":"tr","p":{"a":0,"k":[0,0],"ix":2},"a":{"a":0,"k":[0,0],"ix":1},"s":{"a":0,"k":[100,100],"ix":3},"r":{"a":0,"k":0,"ix":6},"o":{"a":0,"k":100,"ix":7},"sk":{"a":0,"k":0,"ix":4},"sa":{"a":0,"k":0,"ix":5},"nm":"Ã¥ÂÂÃ¦ÂÂ¢"}],"nm":"Ã¥Â½Â¢Ã§ÂÂ¶ 1","np":2,"cix":2,"bm":0,"ix":1,"mn":"ADBE Vector Group","hd":false}],"ip":0,"op":25,"st":0,"bm":0},{"ddd":0,"ind":14,"ty":4,"nm":"Ã¨ÂÂÃ©Â³Â","sr":1,"ks":{"o":{"a":0,"k":100,"ix":11},"r":{"a":0,"k":0,"ix":10},"p":{"a":0,"k":[230,200,0],"ix":2},"a":{"a":0,"k":[0,0,0],"ix":1},"s":{"a":0,"k":[107.407,104.792,100],"ix":6}},"ao":0,"shapes":[{"ty":"gr","it":[{"ind":0,"ty":"sh","ix":1,"ks":{"a":1,"k":[{"i":{"x":0.833,"y":0.833},"o":{"x":0.167,"y":0.167},"t":0,"s":[{"i":[[12.5,1.5],[0,-4],[-5,-9],[0,0],[0,0]],"o":[[-12.5,-1.5],[0,4],[5,9],[0,0],[0,0]],"v":[[-63,-106],[-82.862,-100.137],[-69.293,-83.82],[-66.017,-64.957],[-37,-94.5]],"c":true}]},{"i":{"x":0.833,"y":0.833},"o":{"x":0.167,"y":0.167},"t":4,"s":[{"i":[[12.5,1.5],[1.69,-3.625],[-5,-9],[0,0],[0,0]],"o":[[-12.5,-1.5],[-1.862,3.995],[5,9],[0,0],[0,0]],"v":[[-62.767,-101.706],[-85.19,-97.513],[-71.853,-81.673],[-66.017,-64.957],[-37,-94.5]],"c":true}]},{"i":{"x":0.833,"y":0.833},"o":{"x":0.167,"y":0.167},"t":8,"s":[{"i":[[12.5,1.5],[1.69,-3.625],[-6.819,-8.267],[0,0],[0,0]],"o":[[-12.5,-1.5],[-1.862,3.995],[6.551,7.942],[0,0],[0,0]],"v":[[-62.069,-99.082],[-87.284,-95.843],[-73.017,-79.049],[-66.017,-64.957],[-37,-94.5]],"c":true}]},{"i":{"x":0.833,"y":0.833},"o":{"x":0.167,"y":0.167},"t":12,"s":[{"i":[[12.5,1.5],[0,-4],[-5,-9],[0,0],[0,0]],"o":[[-12.5,-1.5],[0,4],[5,9],[0,0],[0,0]],"v":[[-63,-106],[-82.862,-100.137],[-69.293,-83.82],[-66.017,-64.957],[-37,-94.5]],"c":true}]},{"i":{"x":0.833,"y":0.833},"o":{"x":0.167,"y":0.167},"t":16,"s":[{"i":[[12.5,1.5],[1.69,-3.625],[-5,-9],[0,0],[0,0]],"o":[[-12.5,-1.5],[-1.862,3.995],[5,9],[0,0],[0,0]],"v":[[-62.767,-101.706],[-85.19,-97.513],[-71.853,-81.673],[-66.017,-64.957],[-37,-94.5]],"c":true}]},{"i":{"x":0.833,"y":0.833},"o":{"x":0.167,"y":0.167},"t":20,"s":[{"i":[[12.5,1.5],[1.69,-3.625],[-6.819,-8.267],[0,0],[0,0]],"o":[[-12.5,-1.5],[-1.862,3.995],[6.551,7.942],[0,0],[0,0]],"v":[[-62.069,-99.082],[-87.284,-95.843],[-73.017,-79.049],[-66.017,-64.957],[-37,-94.5]],"c":true}]},{"t":24,"s":[{"i":[[12.5,1.5],[0,-4],[-5,-9],[0,0],[0,0]],"o":[[-12.5,-1.5],[0,4],[5,9],[0,0],[0,0]],"v":[[-63,-106],[-82.862,-100.137],[-69.293,-83.82],[-66.017,-64.957],[-37,-94.5]],"c":true}]}],"ix":2},"nm":"Ã¨Â·Â¯Ã¥Â¾Â 1","mn":"ADBE Vector Shape - Group","hd":false},{"ty":"fl","c":{"a":0,"k":[0,0.121568634931,0.364705882353,1],"ix":4},"o":{"a":0,"k":100,"ix":5},"r":1,"bm":0,"nm":"Ã¥Â¡Â«Ã¥ÂÂ 1","mn":"ADBE Vector Graphic - Fill","hd":false},{"ty":"tr","p":{"a":0,"k":[0,0],"ix":2},"a":{"a":0,"k":[0,0],"ix":1},"s":{"a":0,"k":[100,100],"ix":3},"r":{"a":0,"k":0,"ix":6},"o":{"a":0,"k":100,"ix":7},"sk":{"a":0,"k":0,"ix":4},"sa":{"a":0,"k":0,"ix":5},"nm":"Ã¥ÂÂÃ¦ÂÂ¢"}],"nm":"Ã¥Â½Â¢Ã§ÂÂ¶ 1","np":2,"cix":2,"bm":0,"ix":1,"mn":"ADBE Vector Group","hd":false}],"ip":0,"op":25,"st":0,"bm":0}]},{"id":"comp_2","layers":[{"ddd":0,"ind":1,"ty":4,"nm":"Ã©Â±Â¼ 5","sr":1,"ks":{"o":{"a":0,"k":100,"ix":11},"r":{"a":0,"k":0,"ix":10},"p":{"a":1,"k":[{"i":{"x":0.833,"y":0.833},"o":{"x":0.167,"y":0.167},"t":0,"s":[260.106,25.454,0],"to":[-0.667,0,0],"ti":[0.333,0.333,0]},{"i":{"x":0.833,"y":0.833},"o":{"x":0.167,"y":0.167},"t":4,"s":[256.106,25.454,0],"to":[-0.333,-0.333,0],"ti":[0,0.667,0]},{"i":{"x":0.833,"y":0.833},"o":{"x":0.167,"y":0.167},"t":10,"s":[258.106,23.454,0],"to":[0,-0.667,0],"ti":[-0.333,0.333,0]},{"i":{"x":0.833,"y":0.833},"o":{"x":0.167,"y":0.167},"t":14,"s":[256.106,21.454,0],"to":[0.333,-0.333,0],"ti":[-0.667,-0.667,0]},{"i":{"x":0.833,"y":0.833},"o":{"x":0.167,"y":0.167},"t":19,"s":[260.106,21.454,0],"to":[0.667,0.667,0],"ti":[0,-0.667,0]},{"t":24,"s":[260.106,25.454,0]}],"ix":2},"a":{"a":0,"k":[0,0,0],"ix":1},"s":{"a":0,"k":[74.943,77.386,100],"ix":6}},"ao":0,"shapes":[{"ty":"gr","it":[{"ind":0,"ty":"sh","ix":1,"ks":{"a":1,"k":[{"i":{"x":0.833,"y":0.833},"o":{"x":0.167,"y":0.167},"t":0,"s":[{"i":[[0,0],[4.879,-4.09],[1.615,-1.009],[2.358,-1.492],[0,0],[-2.933,0.624],[-0.115,-3.325],[0,0],[0.636,2.43],[-1.203,1.444],[-8.07,6.114],[0,0],[0,0]],"o":[[0,0],[-8.5,7.125],[-1,0.625],[-2.648,1.676],[0,0],[2.933,-0.624],[0.117,3.373],[0,0],[-0.591,-2.255],[2.5,-3],[8.25,-6.25],[0,0],[0,0]],"v":[[34.537,116.823],[19.125,122.5],[7.125,141],[0.341,142.446],[-2,147.25],[1.817,147.249],[5.247,149.991],[8,154.375],[10.807,149.05],[11.375,143.75],[28.375,135.875],[37.625,120.5],[34.216,121.107]],"c":true}]},{"i":{"x":0.833,"y":0.833},"o":{"x":0.167,"y":0.167},"t":3,"s":[{"i":[[0,0],[4.879,-4.09],[1.615,-1.009],[4.022,0.566],[0,0],[-2.988,-0.253],[2.439,-2.263],[0,0],[-1.501,2.544],[-1.203,1.444],[-8.07,6.114],[0,0],[0,0]],"o":[[0,0],[-8.5,7.125],[-1,0.625],[-3.103,-0.437],[0,0],[3.379,0.286],[-2.053,1.905],[0,0],[1.561,-2.646],[2.5,-3],[8.25,-6.25],[0,0],[0,0]],"v":[[35.204,118.276],[19.125,122.5],[6.625,139.708],[1.008,137.923],[-5.836,139.497],[0.316,143.857],[1.411,147.407],[0.995,153.567],[7.472,150.02],[11.375,143.75],[28.375,135.875],[35.457,118.4],[32.548,122.399]],"c":true}]},{"i":{"x":0.833,"y":0.833},"o":{"x":0.167,"y":0.167},"t":6,"s":[{"i":[[0,0],[4.879,-4.09],[1.615,-1.009],[2.358,-1.492],[0,0],[-2.933,0.624],[-0.115,-3.325],[0,0],[0.636,2.43],[-1.203,1.444],[-8.07,6.114],[0,0],[0,0]],"o":[[0,0],[-8.5,7.125],[-1,0.625],[-2.648,1.676],[0,0],[2.933,-0.624],[0.117,3.373],[0,0],[-0.591,-2.255],[2.5,-3],[8.25,-6.25],[0,0],[0,0]],"v":[[34.537,116.823],[19.125,122.5],[7.125,141],[0.341,142.446],[-2,147.25],[1.817,147.249],[5.247,149.991],[8,154.375],[10.807,149.05],[11.375,143.75],[28.375,135.875],[37.625,120.5],[34.216,121.107]],"c":true}]},{"i":{"x":0.833,"y":0.833},"o":{"x":0.167,"y":0.167},"t":9,"s":[{"i":[[0,0],[4.879,-4.09],[1.615,-1.009],[1.687,-3.472],[0,0],[-1.541,2.572],[-1.239,-3.088],[0,0],[1.06,1.876],[-1.203,1.444],[-8.07,6.114],[0,0],[0,0]],"o":[[0,0],[-8.5,7.125],[-1,0.625],[-1.609,3.312],[0,0],[1.377,-2.299],[1.283,3.197],[0,0],[-1.147,-2.03],[2.5,-3],[8.25,-6.25],[0,0],[0,0]],"v":[[35.872,118.438],[19.125,122.5],[7.625,141.808],[2.175,146.968],[3.171,154.519],[6.821,150.318],[11.085,150.153],[17.34,153.406],[16.478,147.435],[12.042,143.104],[28.375,135.875],[35.79,118.4],[32.215,122.238]],"c":true}]},{"i":{"x":0.833,"y":0.833},"o":{"x":0.167,"y":0.167},"t":12,"s":[{"i":[[0,0],[4.879,-4.09],[1.615,-1.009],[2.358,-1.492],[0,0],[-2.933,0.624],[-0.115,-3.325],[0,0],[0.636,2.43],[-1.203,1.444],[-8.07,6.114],[0,0],[0,0]],"o":[[0,0],[-8.5,7.125],[-1,0.625],[-2.648,1.676],[0,0],[2.933,-0.624],[0.117,3.373],[0,0],[-0.591,-2.255],[2.5,-3],[8.25,-6.25],[0,0],[0,0]],"v":[[34.537,116.823],[19.125,122.5],[7.125,141],[0.341,142.446],[-2,147.25],[1.817,147.249],[5.247,149.991],[8,154.375],[10.807,149.05],[11.375,143.75],[28.375,135.875],[37.625,120.5],[34.216,121.107]],"c":true}]},{"i":{"x":0.833,"y":0.833},"o":{"x":0.167,"y":0.167},"t":15,"s":[{"i":[[0,0],[4.879,-4.09],[1.615,-1.009],[4.022,0.566],[0,0],[-2.988,-0.253],[2.439,-2.263],[0,0],[-1.501,2.544],[-1.203,1.444],[-8.07,6.114],[0,0],[0,0]],"o":[[0,0],[-8.5,7.125],[-1,0.625],[-3.103,-0.437],[0,0],[3.379,0.286],[-2.053,1.905],[0,0],[1.561,-2.646],[2.5,-3],[8.25,-6.25],[0,0],[0,0]],"v":[[35.705,118.438],[19.125,122.5],[6.625,139.708],[1.008,137.923],[-5.836,139.497],[0.316,143.857],[1.411,147.407],[0.995,153.567],[7.472,150.02],[11.375,143.75],[28.375,135.875],[35.957,118.239],[33.049,121.107]],"c":true}]},{"i":{"x":0.833,"y":0.833},"o":{"x":0.167,"y":0.167},"t":18,"s":[{"i":[[0,0],[4.879,-4.09],[1.615,-1.009],[2.358,-1.492],[0,0],[-2.933,0.624],[-0.115,-3.325],[0,0],[0.636,2.43],[-1.203,1.444],[-8.07,6.114],[0,0],[0,0]],"o":[[0,0],[-8.5,7.125],[-1,0.625],[-2.648,1.676],[0,0],[2.933,-0.624],[0.117,3.373],[0,0],[-0.591,-2.255],[2.5,-3],[8.25,-6.25],[0,0],[0,0]],"v":[[34.537,116.823],[19.125,122.5],[7.125,141],[0.341,142.446],[-2,147.25],[1.817,147.249],[5.247,149.991],[8,154.375],[10.807,149.05],[11.375,143.75],[28.375,135.875],[37.625,120.5],[34.216,121.107]],"c":true}]},{"i":{"x":0.833,"y":0.833},"o":{"x":0.167,"y":0.167},"t":21,"s":[{"i":[[0,0],[4.879,-4.09],[1.615,-1.009],[1.687,-3.472],[0,0],[-1.541,2.572],[-1.239,-3.088],[0,0],[1.06,1.876],[-1.203,1.444],[-8.07,6.114],[0,0],[0,0]],"o":[[0,0],[-8.5,7.125],[-1,0.625],[-1.609,3.312],[0,0],[1.377,-2.299],[1.283,3.197],[0,0],[-1.147,-2.03],[2.5,-3],[8.25,-6.25],[0,0],[0,0]],"v":[[35.872,117.792],[19.125,122.5],[7.625,141.808],[2.175,146.968],[3.171,154.519],[6.821,150.318],[11.085,150.153],[17.34,153.406],[16.478,147.435],[12.042,143.104],[28.375,135.875],[36.124,117.754],[33.382,120.945]],"c":true}]},{"t":24,"s":[{"i":[[0,0],[4.879,-4.09],[1.615,-1.009],[2.358,-1.492],[0,0],[-2.933,0.624],[-0.115,-3.325],[0,0],[0.636,2.43],[-1.203,1.444],[-8.07,6.114],[0,0],[0,0]],"o":[[0,0],[-8.5,7.125],[-1,0.625],[-2.648,1.676],[0,0],[2.933,-0.624],[0.117,3.373],[0,0],[-0.591,-2.255],[2.5,-3],[8.25,-6.25],[0,0],[0,0]],"v":[[34.537,116.823],[19.125,122.5],[7.125,141],[0.341,142.446],[-2,147.25],[1.817,147.249],[5.247,149.991],[8,154.375],[10.807,149.05],[11.375,143.75],[28.375,135.875],[37.625,120.5],[34.216,121.107]],"c":true}]}],"ix":2},"nm":"Ã¨Â·Â¯Ã¥Â¾Â 1","mn":"ADBE Vector Shape - Group","hd":false},{"ty":"fl","c":{"a":0,"k":[0.523433191636,0.628688916973,0.839200367647,1],"ix":4},"o":{"a":0,"k":100,"ix":5},"r":1,"bm":0,"nm":"Ã¥Â¡Â«Ã¥ÂÂ 1","mn":"ADBE Vector Graphic - Fill","hd":false},{"ty":"tr","p":{"a":0,"k":[0,0],"ix":2},"a":{"a":0,"k":[0,0],"ix":1},"s":{"a":0,"k":[100,100],"ix":3},"r":{"a":0,"k":0,"ix":6},"o":{"a":0,"k":100,"ix":7},"sk":{"a":0,"k":0,"ix":4},"sa":{"a":0,"k":0,"ix":5},"nm":"Ã¥ÂÂÃ¦ÂÂ¢"}],"nm":"Ã¥Â½Â¢Ã§ÂÂ¶ 1","np":2,"cix":2,"bm":0,"ix":1,"mn":"ADBE Vector Group","hd":false}],"ip":0,"op":25,"st":0,"bm":0},{"ddd":0,"ind":2,"ty":4,"nm":"Ã©Â±Â¼ 4","sr":1,"ks":{"o":{"a":0,"k":100,"ix":11},"r":{"a":0,"k":0,"ix":10},"p":{"a":1,"k":[{"i":{"x":0.833,"y":0.833},"o":{"x":0.167,"y":0.167},"t":0,"s":[138.106,103.454,0],"to":[-0.333,-0.333,0],"ti":[-0.333,0.333,0]},{"i":{"x":0.833,"y":0.833},"o":{"x":0.167,"y":0.167},"t":4,"s":[136.106,101.454,0],"to":[0.333,-0.333,0],"ti":[-0.667,-0.667,0]},{"i":{"x":0.833,"y":0.833},"o":{"x":0.167,"y":0.167},"t":9,"s":[140.106,101.454,0],"to":[0.667,0.667,0],"ti":[0.667,-0.667,0]},{"i":{"x":0.833,"y":0.833},"o":{"x":0.167,"y":0.167},"t":14,"s":[140.106,105.454,0],"to":[-0.667,0.667,0],"ti":[0.333,0.333,0]},{"i":{"x":0.833,"y":0.833},"o":{"x":0.167,"y":0.167},"t":18,"s":[136.106,105.454,0],"to":[-0.333,-0.333,0],"ti":[-0.333,0.333,0]},{"t":24,"s":[138.106,103.454,0]}],"ix":2},"a":{"a":0,"k":[0,0,0],"ix":1},"s":{"a":0,"k":[74.943,77.386,100],"ix":6}},"ao":0,"shapes":[{"ty":"gr","it":[{"ind":0,"ty":"sh","ix":1,"ks":{"a":1,"k":[{"i":{"x":0.833,"y":0.833},"o":{"x":0.167,"y":0.167},"t":0,"s":[{"i":[[0,0],[4.879,-4.09],[1.615,-1.009],[2.358,-1.492],[0,0],[-2.933,0.624],[-0.115,-3.325],[0,0],[0.636,2.43],[-1.203,1.444],[-8.07,6.114],[0,0],[0,0]],"o":[[0,0],[-8.5,7.125],[-1,0.625],[-2.648,1.676],[0,0],[2.933,-0.624],[0.117,3.373],[0,0],[-0.591,-2.255],[2.5,-3],[8.25,-6.25],[0,0],[0,0]],"v":[[34.537,116.823],[19.125,122.5],[7.125,141],[0.341,142.446],[-2,147.25],[1.817,147.249],[5.247,149.991],[8,154.375],[10.807,149.05],[11.375,143.75],[28.375,135.875],[37.625,120.5],[34.216,121.107]],"c":true}]},{"i":{"x":0.833,"y":0.833},"o":{"x":0.167,"y":0.167},"t":3,"s":[{"i":[[0,0],[4.879,-4.09],[1.615,-1.009],[4.022,0.566],[0,0],[-2.988,-0.253],[2.439,-2.263],[0,0],[-1.501,2.544],[-1.203,1.444],[-8.07,6.114],[0,0],[0,0]],"o":[[0,0],[-8.5,7.125],[-1,0.625],[-3.103,-0.437],[0,0],[3.379,0.286],[-2.053,1.905],[0,0],[1.561,-2.646],[2.5,-3],[8.25,-6.25],[0,0],[0,0]],"v":[[35.204,118.276],[19.125,122.5],[6.625,139.708],[1.008,137.923],[-5.836,139.497],[0.316,143.857],[1.411,147.407],[0.995,153.567],[7.472,150.02],[11.375,143.75],[28.375,135.875],[35.457,118.4],[32.548,122.399]],"c":true}]},{"i":{"x":0.833,"y":0.833},"o":{"x":0.167,"y":0.167},"t":6,"s":[{"i":[[0,0],[4.879,-4.09],[1.615,-1.009],[2.358,-1.492],[0,0],[-2.933,0.624],[-0.115,-3.325],[0,0],[0.636,2.43],[-1.203,1.444],[-8.07,6.114],[0,0],[0,0]],"o":[[0,0],[-8.5,7.125],[-1,0.625],[-2.648,1.676],[0,0],[2.933,-0.624],[0.117,3.373],[0,0],[-0.591,-2.255],[2.5,-3],[8.25,-6.25],[0,0],[0,0]],"v":[[34.537,116.823],[19.125,122.5],[7.125,141],[0.341,142.446],[-2,147.25],[1.817,147.249],[5.247,149.991],[8,154.375],[10.807,149.05],[11.375,143.75],[28.375,135.875],[37.625,120.5],[34.216,121.107]],"c":true}]},{"i":{"x":0.833,"y":0.833},"o":{"x":0.167,"y":0.167},"t":9,"s":[{"i":[[0,0],[4.879,-4.09],[1.615,-1.009],[1.687,-3.472],[0,0],[-1.541,2.572],[-1.239,-3.088],[0,0],[1.06,1.876],[-1.203,1.444],[-8.07,6.114],[0,0],[0,0]],"o":[[0,0],[-8.5,7.125],[-1,0.625],[-1.609,3.312],[0,0],[1.377,-2.299],[1.283,3.197],[0,0],[-1.147,-2.03],[2.5,-3],[8.25,-6.25],[0,0],[0,0]],"v":[[35.872,118.438],[19.125,122.5],[7.625,141.808],[2.175,146.968],[3.171,154.519],[6.821,150.318],[11.085,150.153],[17.34,153.406],[16.478,147.435],[12.042,143.104],[28.375,135.875],[35.79,118.4],[32.215,122.238]],"c":true}]},{"i":{"x":0.833,"y":0.833},"o":{"x":0.167,"y":0.167},"t":12,"s":[{"i":[[0,0],[4.879,-4.09],[1.615,-1.009],[2.358,-1.492],[0,0],[-2.933,0.624],[-0.115,-3.325],[0,0],[0.636,2.43],[-1.203,1.444],[-8.07,6.114],[0,0],[0,0]],"o":[[0,0],[-8.5,7.125],[-1,0.625],[-2.648,1.676],[0,0],[2.933,-0.624],[0.117,3.373],[0,0],[-0.591,-2.255],[2.5,-3],[8.25,-6.25],[0,0],[0,0]],"v":[[34.537,116.823],[19.125,122.5],[7.125,141],[0.341,142.446],[-2,147.25],[1.817,147.249],[5.247,149.991],[8,154.375],[10.807,149.05],[11.375,143.75],[28.375,135.875],[37.625,120.5],[34.216,121.107]],"c":true}]},{"i":{"x":0.833,"y":0.833},"o":{"x":0.167,"y":0.167},"t":15,"s":[{"i":[[0,0],[4.879,-4.09],[1.615,-1.009],[4.022,0.566],[0,0],[-2.988,-0.253],[2.439,-2.263],[0,0],[-1.501,2.544],[-1.203,1.444],[-8.07,6.114],[0,0],[0,0]],"o":[[0,0],[-8.5,7.125],[-1,0.625],[-3.103,-0.437],[0,0],[3.379,0.286],[-2.053,1.905],[0,0],[1.561,-2.646],[2.5,-3],[8.25,-6.25],[0,0],[0,0]],"v":[[35.705,118.438],[19.125,122.5],[6.625,139.708],[1.008,137.923],[-5.836,139.497],[0.316,143.857],[1.411,147.407],[0.995,153.567],[7.472,150.02],[11.375,143.75],[28.375,135.875],[35.957,118.239],[33.049,121.107]],"c":true}]},{"i":{"x":0.833,"y":0.833},"o":{"x":0.167,"y":0.167},"t":18,"s":[{"i":[[0,0],[4.879,-4.09],[1.615,-1.009],[2.358,-1.492],[0,0],[-2.933,0.624],[-0.115,-3.325],[0,0],[0.636,2.43],[-1.203,1.444],[-8.07,6.114],[0,0],[0,0]],"o":[[0,0],[-8.5,7.125],[-1,0.625],[-2.648,1.676],[0,0],[2.933,-0.624],[0.117,3.373],[0,0],[-0.591,-2.255],[2.5,-3],[8.25,-6.25],[0,0],[0,0]],"v":[[34.537,116.823],[19.125,122.5],[7.125,141],[0.341,142.446],[-2,147.25],[1.817,147.249],[5.247,149.991],[8,154.375],[10.807,149.05],[11.375,143.75],[28.375,135.875],[37.625,120.5],[34.216,121.107]],"c":true}]},{"i":{"x":0.833,"y":0.833},"o":{"x":0.167,"y":0.167},"t":21,"s":[{"i":[[0,0],[4.879,-4.09],[1.615,-1.009],[1.687,-3.472],[0,0],[-1.541,2.572],[-1.239,-3.088],[0,0],[1.06,1.876],[-1.203,1.444],[-8.07,6.114],[0,0],[0,0]],"o":[[0,0],[-8.5,7.125],[-1,0.625],[-1.609,3.312],[0,0],[1.377,-2.299],[1.283,3.197],[0,0],[-1.147,-2.03],[2.5,-3],[8.25,-6.25],[0,0],[0,0]],"v":[[35.872,117.792],[19.125,122.5],[7.625,141.808],[2.175,146.968],[3.171,154.519],[6.821,150.318],[11.085,150.153],[17.34,153.406],[16.478,147.435],[12.042,143.104],[28.375,135.875],[36.124,117.754],[33.382,120.945]],"c":true}]},{"t":24,"s":[{"i":[[0,0],[4.879,-4.09],[1.615,-1.009],[2.358,-1.492],[0,0],[-2.933,0.624],[-0.115,-3.325],[0,0],[0.636,2.43],[-1.203,1.444],[-8.07,6.114],[0,0],[0,0]],"o":[[0,0],[-8.5,7.125],[-1,0.625],[-2.648,1.676],[0,0],[2.933,-0.624],[0.117,3.373],[0,0],[-0.591,-2.255],[2.5,-3],[8.25,-6.25],[0,0],[0,0]],"v":[[34.537,116.823],[19.125,122.5],[7.125,141],[0.341,142.446],[-2,147.25],[1.817,147.249],[5.247,149.991],[8,154.375],[10.807,149.05],[11.375,143.75],[28.375,135.875],[37.625,120.5],[34.216,121.107]],"c":true}]}],"ix":2},"nm":"Ã¨Â·Â¯Ã¥Â¾Â 1","mn":"ADBE Vector Shape - Group","hd":false},{"ty":"fl","c":{"a":0,"k":[0,0.121568634931,0.364705882353,1],"ix":4},"o":{"a":0,"k":100,"ix":5},"r":1,"bm":0,"nm":"Ã¥Â¡Â«Ã¥ÂÂ 1","mn":"ADBE Vector Graphic - Fill","hd":false},{"ty":"tr","p":{"a":0,"k":[0,0],"ix":2},"a":{"a":0,"k":[0,0],"ix":1},"s":{"a":0,"k":[100,100],"ix":3},"r":{"a":0,"k":0,"ix":6},"o":{"a":0,"k":100,"ix":7},"sk":{"a":0,"k":0,"ix":4},"sa":{"a":0,"k":0,"ix":5},"nm":"Ã¥ÂÂÃ¦ÂÂ¢"}],"nm":"Ã¥Â½Â¢Ã§ÂÂ¶ 1","np":2,"cix":2,"bm":0,"ix":1,"mn":"ADBE Vector Group","hd":false}],"ip":0,"op":25,"st":0,"bm":0},{"ddd":0,"ind":3,"ty":4,"nm":"Ã©Â±Â¼ 3","sr":1,"ks":{"o":{"a":0,"k":100,"ix":11},"r":{"a":0,"k":0,"ix":10},"p":{"a":1,"k":[{"i":{"x":0.833,"y":0.833},"o":{"x":0.167,"y":0.167},"t":0,"s":[390.106,235.454,0],"to":[-0.667,0,0],"ti":[0.333,0.333,0]},{"i":{"x":0.833,"y":0.833},"o":{"x":0.167,"y":0.167},"t":4,"s":[386.106,235.454,0],"to":[-0.333,-0.333,0],"ti":[0,0.667,0]},{"i":{"x":0.833,"y":0.833},"o":{"x":0.167,"y":0.167},"t":10,"s":[388.106,233.454,0],"to":[0,-0.667,0],"ti":[-0.333,0.333,0]},{"i":{"x":0.833,"y":0.833},"o":{"x":0.167,"y":0.167},"t":14,"s":[386.106,231.454,0],"to":[0.333,-0.333,0],"ti":[-0.667,-0.667,0]},{"i":{"x":0.833,"y":0.833},"o":{"x":0.167,"y":0.167},"t":19,"s":[390.106,231.454,0],"to":[0.667,0.667,0],"ti":[0,-0.667,0]},{"t":24,"s":[390.106,235.454,0]}],"ix":2},"a":{"a":0,"k":[0,0,0],"ix":1},"s":{"a":0,"k":[74.943,77.386,100],"ix":6}},"ao":0,"shapes":[{"ty":"gr","it":[{"ind":0,"ty":"sh","ix":1,"ks":{"a":1,"k":[{"i":{"x":0.833,"y":0.833},"o":{"x":0.167,"y":0.167},"t":0,"s":[{"i":[[0,0],[4.879,-4.09],[1.615,-1.009],[2.358,-1.492],[0,0],[-2.933,0.624],[-0.115,-3.325],[0,0],[0.636,2.43],[-1.203,1.444],[-8.07,6.114],[0,0],[0,0]],"o":[[0,0],[-8.5,7.125],[-1,0.625],[-2.648,1.676],[0,0],[2.933,-0.624],[0.117,3.373],[0,0],[-0.591,-2.255],[2.5,-3],[8.25,-6.25],[0,0],[0,0]],"v":[[34.537,116.823],[19.125,122.5],[7.125,141],[0.341,142.446],[-2,147.25],[1.817,147.249],[5.247,149.991],[8,154.375],[10.807,149.05],[11.375,143.75],[28.375,135.875],[37.625,120.5],[34.216,121.107]],"c":true}]},{"i":{"x":0.833,"y":0.833},"o":{"x":0.167,"y":0.167},"t":3,"s":[{"i":[[0,0],[4.879,-4.09],[1.615,-1.009],[4.022,0.566],[0,0],[-2.988,-0.253],[2.439,-2.263],[0,0],[-1.501,2.544],[-1.203,1.444],[-8.07,6.114],[0,0],[0,0]],"o":[[0,0],[-8.5,7.125],[-1,0.625],[-3.103,-0.437],[0,0],[3.379,0.286],[-2.053,1.905],[0,0],[1.561,-2.646],[2.5,-3],[8.25,-6.25],[0,0],[0,0]],"v":[[35.204,118.276],[19.125,122.5],[6.625,139.708],[1.008,137.923],[-5.836,139.497],[0.316,143.857],[1.411,147.407],[0.995,153.567],[7.472,150.02],[11.375,143.75],[28.375,135.875],[35.457,118.4],[32.548,122.399]],"c":true}]},{"i":{"x":0.833,"y":0.833},"o":{"x":0.167,"y":0.167},"t":6,"s":[{"i":[[0,0],[4.879,-4.09],[1.615,-1.009],[2.358,-1.492],[0,0],[-2.933,0.624],[-0.115,-3.325],[0,0],[0.636,2.43],[-1.203,1.444],[-8.07,6.114],[0,0],[0,0]],"o":[[0,0],[-8.5,7.125],[-1,0.625],[-2.648,1.676],[0,0],[2.933,-0.624],[0.117,3.373],[0,0],[-0.591,-2.255],[2.5,-3],[8.25,-6.25],[0,0],[0,0]],"v":[[34.537,116.823],[19.125,122.5],[7.125,141],[0.341,142.446],[-2,147.25],[1.817,147.249],[5.247,149.991],[8,154.375],[10.807,149.05],[11.375,143.75],[28.375,135.875],[37.625,120.5],[34.216,121.107]],"c":true}]},{"i":{"x":0.833,"y":0.833},"o":{"x":0.167,"y":0.167},"t":9,"s":[{"i":[[0,0],[4.879,-4.09],[1.615,-1.009],[1.687,-3.472],[0,0],[-1.541,2.572],[-1.239,-3.088],[0,0],[1.06,1.876],[-1.203,1.444],[-8.07,6.114],[0,0],[0,0]],"o":[[0,0],[-8.5,7.125],[-1,0.625],[-1.609,3.312],[0,0],[1.377,-2.299],[1.283,3.197],[0,0],[-1.147,-2.03],[2.5,-3],[8.25,-6.25],[0,0],[0,0]],"v":[[35.872,118.438],[19.125,122.5],[7.625,141.808],[2.175,146.968],[3.171,154.519],[6.821,150.318],[11.085,150.153],[17.34,153.406],[16.478,147.435],[12.042,143.104],[28.375,135.875],[35.79,118.4],[32.215,122.238]],"c":true}]},{"i":{"x":0.833,"y":0.833},"o":{"x":0.167,"y":0.167},"t":12,"s":[{"i":[[0,0],[4.879,-4.09],[1.615,-1.009],[2.358,-1.492],[0,0],[-2.933,0.624],[-0.115,-3.325],[0,0],[0.636,2.43],[-1.203,1.444],[-8.07,6.114],[0,0],[0,0]],"o":[[0,0],[-8.5,7.125],[-1,0.625],[-2.648,1.676],[0,0],[2.933,-0.624],[0.117,3.373],[0,0],[-0.591,-2.255],[2.5,-3],[8.25,-6.25],[0,0],[0,0]],"v":[[34.537,116.823],[19.125,122.5],[7.125,141],[0.341,142.446],[-2,147.25],[1.817,147.249],[5.247,149.991],[8,154.375],[10.807,149.05],[11.375,143.75],[28.375,135.875],[37.625,120.5],[34.216,121.107]],"c":true}]},{"i":{"x":0.833,"y":0.833},"o":{"x":0.167,"y":0.167},"t":15,"s":[{"i":[[0,0],[4.879,-4.09],[1.615,-1.009],[4.022,0.566],[0,0],[-2.988,-0.253],[2.439,-2.263],[0,0],[-1.501,2.544],[-1.203,1.444],[-8.07,6.114],[0,0],[0,0]],"o":[[0,0],[-8.5,7.125],[-1,0.625],[-3.103,-0.437],[0,0],[3.379,0.286],[-2.053,1.905],[0,0],[1.561,-2.646],[2.5,-3],[8.25,-6.25],[0,0],[0,0]],"v":[[35.705,118.438],[19.125,122.5],[6.625,139.708],[1.008,137.923],[-5.836,139.497],[0.316,143.857],[1.411,147.407],[0.995,153.567],[7.472,150.02],[11.375,143.75],[28.375,135.875],[35.957,118.239],[33.049,121.107]],"c":true}]},{"i":{"x":0.833,"y":0.833},"o":{"x":0.167,"y":0.167},"t":18,"s":[{"i":[[0,0],[4.879,-4.09],[1.615,-1.009],[2.358,-1.492],[0,0],[-2.933,0.624],[-0.115,-3.325],[0,0],[0.636,2.43],[-1.203,1.444],[-8.07,6.114],[0,0],[0,0]],"o":[[0,0],[-8.5,7.125],[-1,0.625],[-2.648,1.676],[0,0],[2.933,-0.624],[0.117,3.373],[0,0],[-0.591,-2.255],[2.5,-3],[8.25,-6.25],[0,0],[0,0]],"v":[[34.537,116.823],[19.125,122.5],[7.125,141],[0.341,142.446],[-2,147.25],[1.817,147.249],[5.247,149.991],[8,154.375],[10.807,149.05],[11.375,143.75],[28.375,135.875],[37.625,120.5],[34.216,121.107]],"c":true}]},{"i":{"x":0.833,"y":0.833},"o":{"x":0.167,"y":0.167},"t":21,"s":[{"i":[[0,0],[4.879,-4.09],[1.615,-1.009],[1.687,-3.472],[0,0],[-1.541,2.572],[-1.239,-3.088],[0,0],[1.06,1.876],[-1.203,1.444],[-8.07,6.114],[0,0],[0,0]],"o":[[0,0],[-8.5,7.125],[-1,0.625],[-1.609,3.312],[0,0],[1.377,-2.299],[1.283,3.197],[0,0],[-1.147,-2.03],[2.5,-3],[8.25,-6.25],[0,0],[0,0]],"v":[[35.872,117.792],[19.125,122.5],[7.625,141.808],[2.175,146.968],[3.171,154.519],[6.821,150.318],[11.085,150.153],[17.34,153.406],[16.478,147.435],[12.042,143.104],[28.375,135.875],[36.124,117.754],[33.382,120.945]],"c":true}]},{"t":24,"s":[{"i":[[0,0],[4.879,-4.09],[1.615,-1.009],[2.358,-1.492],[0,0],[-2.933,0.624],[-0.115,-3.325],[0,0],[0.636,2.43],[-1.203,1.444],[-8.07,6.114],[0,0],[0,0]],"o":[[0,0],[-8.5,7.125],[-1,0.625],[-2.648,1.676],[0,0],[2.933,-0.624],[0.117,3.373],[0,0],[-0.591,-2.255],[2.5,-3],[8.25,-6.25],[0,0],[0,0]],"v":[[34.537,116.823],[19.125,122.5],[7.125,141],[0.341,142.446],[-2,147.25],[1.817,147.249],[5.247,149.991],[8,154.375],[10.807,149.05],[11.375,143.75],[28.375,135.875],[37.625,120.5],[34.216,121.107]],"c":true}]}],"ix":2},"nm":"Ã¨Â·Â¯Ã¥Â¾Â 1","mn":"ADBE Vector Shape - Group","hd":false},{"ty":"fl","c":{"a":0,"k":[0.270025156059,0.399236551921,0.657659313725,1],"ix":4},"o":{"a":0,"k":100,"ix":5},"r":1,"bm":0,"nm":"Ã¥Â¡Â«Ã¥ÂÂ 1","mn":"ADBE Vector Graphic - Fill","hd":false},{"ty":"tr","p":{"a":0,"k":[0,0],"ix":2},"a":{"a":0,"k":[0,0],"ix":1},"s":{"a":0,"k":[100,100],"ix":3},"r":{"a":0,"k":0,"ix":6},"o":{"a":0,"k":100,"ix":7},"sk":{"a":0,"k":0,"ix":4},"sa":{"a":0,"k":0,"ix":5},"nm":"Ã¥ÂÂÃ¦ÂÂ¢"}],"nm":"Ã¥Â½Â¢Ã§ÂÂ¶ 1","np":2,"cix":2,"bm":0,"ix":1,"mn":"ADBE Vector Group","hd":false}],"ip":0,"op":25,"st":0,"bm":0},{"ddd":0,"ind":4,"ty":4,"nm":"Ã©Â±Â¼ 2","sr":1,"ks":{"o":{"a":0,"k":100,"ix":11},"r":{"a":0,"k":0,"ix":10},"p":{"a":1,"k":[{"i":{"x":0.833,"y":0.833},"o":{"x":0.167,"y":0.167},"t":0,"s":[286.106,225.454,0],"to":[0.333,-0.333,0],"ti":[0,0.667,0]},{"i":{"x":0.833,"y":0.833},"o":{"x":0.167,"y":0.167},"t":4,"s":[288.106,223.454,0],"to":[0,-0.667,0],"ti":[-0.333,0.333,0]},{"i":{"x":0.833,"y":0.833},"o":{"x":0.167,"y":0.167},"t":9,"s":[286.106,221.454,0],"to":[0.333,-0.333,0],"ti":[-0.667,-0.667,0]},{"i":{"x":0.833,"y":0.833},"o":{"x":0.167,"y":0.167},"t":14,"s":[290.106,221.454,0],"to":[0.667,0.667,0],"ti":[0.667,-0.667,0]},{"i":{"x":0.833,"y":0.833},"o":{"x":0.167,"y":0.167},"t":19,"s":[290.106,225.454,0],"to":[-0.667,0.667,0],"ti":[0.667,0,0]},{"t":24,"s":[286.106,225.454,0]}],"ix":2},"a":{"a":0,"k":[0,0,0],"ix":1},"s":{"a":0,"k":[74.943,77.386,100],"ix":6}},"ao":0,"shapes":[{"ty":"gr","it":[{"ind":0,"ty":"sh","ix":1,"ks":{"a":1,"k":[{"i":{"x":0.833,"y":0.833},"o":{"x":0.167,"y":0.167},"t":0,"s":[{"i":[[0,0],[4.879,-4.09],[1.615,-1.009],[2.358,-1.492],[0,0],[-2.933,0.624],[-0.115,-3.325],[0,0],[0.636,2.43],[-1.203,1.444],[-8.07,6.114],[0,0],[0,0]],"o":[[0,0],[-8.5,7.125],[-1,0.625],[-2.648,1.676],[0,0],[2.933,-0.624],[0.117,3.373],[0,0],[-0.591,-2.255],[2.5,-3],[8.25,-6.25],[0,0],[0,0]],"v":[[34.537,116.823],[19.125,122.5],[7.125,141],[0.341,142.446],[-2,147.25],[1.817,147.249],[5.247,149.991],[8,154.375],[10.807,149.05],[11.375,143.75],[28.375,135.875],[37.625,120.5],[34.216,121.107]],"c":true}]},{"i":{"x":0.833,"y":0.833},"o":{"x":0.167,"y":0.167},"t":3,"s":[{"i":[[0,0],[4.879,-4.09],[1.615,-1.009],[4.022,0.566],[0,0],[-2.988,-0.253],[2.439,-2.263],[0,0],[-1.501,2.544],[-1.203,1.444],[-8.07,6.114],[0,0],[0,0]],"o":[[0,0],[-8.5,7.125],[-1,0.625],[-3.103,-0.437],[0,0],[3.379,0.286],[-2.053,1.905],[0,0],[1.561,-2.646],[2.5,-3],[8.25,-6.25],[0,0],[0,0]],"v":[[35.204,118.276],[19.125,122.5],[6.625,139.708],[1.008,137.923],[-5.836,139.497],[0.316,143.857],[1.411,147.407],[0.995,153.567],[7.472,150.02],[11.375,143.75],[28.375,135.875],[35.457,118.4],[32.548,122.399]],"c":true}]},{"i":{"x":0.833,"y":0.833},"o":{"x":0.167,"y":0.167},"t":6,"s":[{"i":[[0,0],[4.879,-4.09],[1.615,-1.009],[2.358,-1.492],[0,0],[-2.933,0.624],[-0.115,-3.325],[0,0],[0.636,2.43],[-1.203,1.444],[-8.07,6.114],[0,0],[0,0]],"o":[[0,0],[-8.5,7.125],[-1,0.625],[-2.648,1.676],[0,0],[2.933,-0.624],[0.117,3.373],[0,0],[-0.591,-2.255],[2.5,-3],[8.25,-6.25],[0,0],[0,0]],"v":[[34.537,116.823],[19.125,122.5],[7.125,141],[0.341,142.446],[-2,147.25],[1.817,147.249],[5.247,149.991],[8,154.375],[10.807,149.05],[11.375,143.75],[28.375,135.875],[37.625,120.5],[34.216,121.107]],"c":true}]},{"i":{"x":0.833,"y":0.833},"o":{"x":0.167,"y":0.167},"t":9,"s":[{"i":[[0,0],[4.879,-4.09],[1.615,-1.009],[1.687,-3.472],[0,0],[-1.541,2.572],[-1.239,-3.088],[0,0],[1.06,1.876],[-1.203,1.444],[-8.07,6.114],[0,0],[0,0]],"o":[[0,0],[-8.5,7.125],[-1,0.625],[-1.609,3.312],[0,0],[1.377,-2.299],[1.283,3.197],[0,0],[-1.147,-2.03],[2.5,-3],[8.25,-6.25],[0,0],[0,0]],"v":[[35.872,118.438],[19.125,122.5],[7.625,141.808],[2.175,146.968],[3.171,154.519],[6.821,150.318],[11.085,150.153],[17.34,153.406],[16.478,147.435],[12.042,143.104],[28.375,135.875],[35.79,118.4],[32.215,122.238]],"c":true}]},{"i":{"x":0.833,"y":0.833},"o":{"x":0.167,"y":0.167},"t":12,"s":[{"i":[[0,0],[4.879,-4.09],[1.615,-1.009],[2.358,-1.492],[0,0],[-2.933,0.624],[-0.115,-3.325],[0,0],[0.636,2.43],[-1.203,1.444],[-8.07,6.114],[0,0],[0,0]],"o":[[0,0],[-8.5,7.125],[-1,0.625],[-2.648,1.676],[0,0],[2.933,-0.624],[0.117,3.373],[0,0],[-0.591,-2.255],[2.5,-3],[8.25,-6.25],[0,0],[0,0]],"v":[[34.537,116.823],[19.125,122.5],[7.125,141],[0.341,142.446],[-2,147.25],[1.817,147.249],[5.247,149.991],[8,154.375],[10.807,149.05],[11.375,143.75],[28.375,135.875],[37.625,120.5],[34.216,121.107]],"c":true}]},{"i":{"x":0.833,"y":0.833},"o":{"x":0.167,"y":0.167},"t":15,"s":[{"i":[[0,0],[4.879,-4.09],[1.615,-1.009],[4.022,0.566],[0,0],[-2.988,-0.253],[2.439,-2.263],[0,0],[-1.501,2.544],[-1.203,1.444],[-8.07,6.114],[0,0],[0,0]],"o":[[0,0],[-8.5,7.125],[-1,0.625],[-3.103,-0.437],[0,0],[3.379,0.286],[-2.053,1.905],[0,0],[1.561,-2.646],[2.5,-3],[8.25,-6.25],[0,0],[0,0]],"v":[[35.705,118.438],[19.125,122.5],[6.625,139.708],[1.008,137.923],[-5.836,139.497],[0.316,143.857],[1.411,147.407],[0.995,153.567],[7.472,150.02],[11.375,143.75],[28.375,135.875],[35.957,118.239],[33.049,121.107]],"c":true}]},{"i":{"x":0.833,"y":0.833},"o":{"x":0.167,"y":0.167},"t":18,"s":[{"i":[[0,0],[4.879,-4.09],[1.615,-1.009],[2.358,-1.492],[0,0],[-2.933,0.624],[-0.115,-3.325],[0,0],[0.636,2.43],[-1.203,1.444],[-8.07,6.114],[0,0],[0,0]],"o":[[0,0],[-8.5,7.125],[-1,0.625],[-2.648,1.676],[0,0],[2.933,-0.624],[0.117,3.373],[0,0],[-0.591,-2.255],[2.5,-3],[8.25,-6.25],[0,0],[0,0]],"v":[[34.537,116.823],[19.125,122.5],[7.125,141],[0.341,142.446],[-2,147.25],[1.817,147.249],[5.247,149.991],[8,154.375],[10.807,149.05],[11.375,143.75],[28.375,135.875],[37.625,120.5],[34.216,121.107]],"c":true}]},{"i":{"x":0.833,"y":0.833},"o":{"x":0.167,"y":0.167},"t":21,"s":[{"i":[[0,0],[4.879,-4.09],[1.615,-1.009],[1.687,-3.472],[0,0],[-1.541,2.572],[-1.239,-3.088],[0,0],[1.06,1.876],[-1.203,1.444],[-8.07,6.114],[0,0],[0,0]],"o":[[0,0],[-8.5,7.125],[-1,0.625],[-1.609,3.312],[0,0],[1.377,-2.299],[1.283,3.197],[0,0],[-1.147,-2.03],[2.5,-3],[8.25,-6.25],[0,0],[0,0]],"v":[[35.872,117.792],[19.125,122.5],[7.625,141.808],[2.175,146.968],[3.171,154.519],[6.821,150.318],[11.085,150.153],[17.34,153.406],[16.478,147.435],[12.042,143.104],[28.375,135.875],[36.124,117.754],[33.382,120.945]],"c":true}]},{"t":24,"s":[{"i":[[0,0],[4.879,-4.09],[1.615,-1.009],[2.358,-1.492],[0,0],[-2.933,0.624],[-0.115,-3.325],[0,0],[0.636,2.43],[-1.203,1.444],[-8.07,6.114],[0,0],[0,0]],"o":[[0,0],[-8.5,7.125],[-1,0.625],[-2.648,1.676],[0,0],[2.933,-0.624],[0.117,3.373],[0,0],[-0.591,-2.255],[2.5,-3],[8.25,-6.25],[0,0],[0,0]],"v":[[34.537,116.823],[19.125,122.5],[7.125,141],[0.341,142.446],[-2,147.25],[1.817,147.249],[5.247,149.991],[8,154.375],[10.807,149.05],[11.375,143.75],[28.375,135.875],[37.625,120.5],[34.216,121.107]],"c":true}]}],"ix":2},"nm":"Ã¨Â·Â¯Ã¥Â¾Â 1","mn":"ADBE Vector Shape - Group","hd":false},{"ty":"fl","c":{"a":0,"k":[0,0.121568634931,0.364705882353,1],"ix":4},"o":{"a":0,"k":100,"ix":5},"r":1,"bm":0,"nm":"Ã¥Â¡Â«Ã¥ÂÂ 1","mn":"ADBE Vector Graphic - Fill","hd":false},{"ty":"tr","p":{"a":0,"k":[0,0],"ix":2},"a":{"a":0,"k":[0,0],"ix":1},"s":{"a":0,"k":[100,100],"ix":3},"r":{"a":0,"k":0,"ix":6},"o":{"a":0,"k":100,"ix":7},"sk":{"a":0,"k":0,"ix":4},"sa":{"a":0,"k":0,"ix":5},"nm":"Ã¥ÂÂÃ¦ÂÂ¢"}],"nm":"Ã¥Â½Â¢Ã§ÂÂ¶ 1","np":2,"cix":2,"bm":0,"ix":1,"mn":"ADBE Vector Group","hd":false}],"ip":0,"op":25,"st":0,"bm":0},{"ddd":0,"ind":5,"ty":4,"nm":"Ã©Â±Â¼","sr":1,"ks":{"o":{"a":0,"k":100,"ix":11},"r":{"a":0,"k":0,"ix":10},"p":{"a":1,"k":[{"i":{"x":0.833,"y":0.833},"o":{"x":0.167,"y":0.167},"t":0,"s":[288.106,283.454,0],"to":[-0.333,-0.333,0],"ti":[-0.333,0.333,0]},{"i":{"x":0.833,"y":0.833},"o":{"x":0.167,"y":0.167},"t":4,"s":[286.106,281.454,0],"to":[0.333,-0.333,0],"ti":[-0.667,-0.667,0]},{"i":{"x":0.833,"y":0.833},"o":{"x":0.167,"y":0.167},"t":9,"s":[290.106,281.454,0],"to":[0.667,0.667,0],"ti":[0.667,-0.667,0]},{"i":{"x":0.833,"y":0.833},"o":{"x":0.167,"y":0.167},"t":14,"s":[290.106,285.454,0],"to":[-0.667,0.667,0],"ti":[0.333,0.333,0]},{"i":{"x":0.833,"y":0.833},"o":{"x":0.167,"y":0.167},"t":19,"s":[286.106,285.454,0],"to":[-0.333,-0.333,0],"ti":[-0.333,0.333,0]},{"t":24,"s":[288.106,283.454,0]}],"ix":2},"a":{"a":0,"k":[0,0,0],"ix":1},"s":{"a":0,"k":[74.943,77.386,100],"ix":6}},"ao":0,"shapes":[{"ty":"gr","it":[{"ind":0,"ty":"sh","ix":1,"ks":{"a":1,"k":[{"i":{"x":0.833,"y":0.833},"o":{"x":0.167,"y":0.167},"t":0,"s":[{"i":[[0,0],[4.879,-4.09],[1.615,-1.009],[2.358,-1.492],[0,0],[-2.933,0.624],[-0.115,-3.325],[0,0],[0.636,2.43],[-1.203,1.444],[-8.07,6.114],[0,0],[0,0]],"o":[[0,0],[-8.5,7.125],[-1,0.625],[-2.648,1.676],[0,0],[2.933,-0.624],[0.117,3.373],[0,0],[-0.591,-2.255],[2.5,-3],[8.25,-6.25],[0,0],[0,0]],"v":[[34.537,116.823],[19.125,122.5],[7.125,141],[0.341,142.446],[-2,147.25],[1.817,147.249],[5.247,149.991],[8,154.375],[10.807,149.05],[11.375,143.75],[28.375,135.875],[37.625,120.5],[34.216,121.107]],"c":true}]},{"i":{"x":0.833,"y":0.833},"o":{"x":0.167,"y":0.167},"t":3,"s":[{"i":[[0,0],[4.879,-4.09],[1.615,-1.009],[4.022,0.566],[0,0],[-2.988,-0.253],[2.439,-2.263],[0,0],[-1.501,2.544],[-1.203,1.444],[-8.07,6.114],[0,0],[0,0]],"o":[[0,0],[-8.5,7.125],[-1,0.625],[-3.103,-0.437],[0,0],[3.379,0.286],[-2.053,1.905],[0,0],[1.561,-2.646],[2.5,-3],[8.25,-6.25],[0,0],[0,0]],"v":[[35.204,118.276],[19.125,122.5],[6.625,139.708],[1.008,137.923],[-5.836,139.497],[0.316,143.857],[1.411,147.407],[0.995,153.567],[7.472,150.02],[11.375,143.75],[28.375,135.875],[35.457,118.4],[32.548,122.399]],"c":true}]},{"i":{"x":0.833,"y":0.833},"o":{"x":0.167,"y":0.167},"t":6,"s":[{"i":[[0,0],[4.879,-4.09],[1.615,-1.009],[2.358,-1.492],[0,0],[-2.933,0.624],[-0.115,-3.325],[0,0],[0.636,2.43],[-1.203,1.444],[-8.07,6.114],[0,0],[0,0]],"o":[[0,0],[-8.5,7.125],[-1,0.625],[-2.648,1.676],[0,0],[2.933,-0.624],[0.117,3.373],[0,0],[-0.591,-2.255],[2.5,-3],[8.25,-6.25],[0,0],[0,0]],"v":[[34.537,116.823],[19.125,122.5],[7.125,141],[0.341,142.446],[-2,147.25],[1.817,147.249],[5.247,149.991],[8,154.375],[10.807,149.05],[11.375,143.75],[28.375,135.875],[37.625,120.5],[34.216,121.107]],"c":true}]},{"i":{"x":0.833,"y":0.833},"o":{"x":0.167,"y":0.167},"t":9,"s":[{"i":[[0,0],[4.879,-4.09],[1.615,-1.009],[1.687,-3.472],[0,0],[-1.541,2.572],[-1.239,-3.088],[0,0],[1.06,1.876],[-1.203,1.444],[-8.07,6.114],[0,0],[0,0]],"o":[[0,0],[-8.5,7.125],[-1,0.625],[-1.609,3.312],[0,0],[1.377,-2.299],[1.283,3.197],[0,0],[-1.147,-2.03],[2.5,-3],[8.25,-6.25],[0,0],[0,0]],"v":[[35.872,118.438],[19.125,122.5],[7.625,141.808],[2.175,146.968],[3.171,154.519],[6.821,150.318],[11.085,150.153],[17.34,153.406],[16.478,147.435],[12.042,143.104],[28.375,135.875],[35.79,118.4],[32.215,122.238]],"c":true}]},{"i":{"x":0.833,"y":0.833},"o":{"x":0.167,"y":0.167},"t":12,"s":[{"i":[[0,0],[4.879,-4.09],[1.615,-1.009],[2.358,-1.492],[0,0],[-2.933,0.624],[-0.115,-3.325],[0,0],[0.636,2.43],[-1.203,1.444],[-8.07,6.114],[0,0],[0,0]],"o":[[0,0],[-8.5,7.125],[-1,0.625],[-2.648,1.676],[0,0],[2.933,-0.624],[0.117,3.373],[0,0],[-0.591,-2.255],[2.5,-3],[8.25,-6.25],[0,0],[0,0]],"v":[[34.537,116.823],[19.125,122.5],[7.125,141],[0.341,142.446],[-2,147.25],[1.817,147.249],[5.247,149.991],[8,154.375],[10.807,149.05],[11.375,143.75],[28.375,135.875],[37.625,120.5],[34.216,121.107]],"c":true}]},{"i":{"x":0.833,"y":0.833},"o":{"x":0.167,"y":0.167},"t":15,"s":[{"i":[[0,0],[4.879,-4.09],[1.615,-1.009],[4.022,0.566],[0,0],[-2.988,-0.253],[2.439,-2.263],[0,0],[-1.501,2.544],[-1.203,1.444],[-8.07,6.114],[0,0],[0,0]],"o":[[0,0],[-8.5,7.125],[-1,0.625],[-3.103,-0.437],[0,0],[3.379,0.286],[-2.053,1.905],[0,0],[1.561,-2.646],[2.5,-3],[8.25,-6.25],[0,0],[0,0]],"v":[[35.705,118.438],[19.125,122.5],[6.625,139.708],[1.008,137.923],[-5.836,139.497],[0.316,143.857],[1.411,147.407],[0.995,153.567],[7.472,150.02],[11.375,143.75],[28.375,135.875],[35.957,118.239],[33.049,121.107]],"c":true}]},{"i":{"x":0.833,"y":0.833},"o":{"x":0.167,"y":0.167},"t":18,"s":[{"i":[[0,0],[4.879,-4.09],[1.615,-1.009],[2.358,-1.492],[0,0],[-2.933,0.624],[-0.115,-3.325],[0,0],[0.636,2.43],[-1.203,1.444],[-8.07,6.114],[0,0],[0,0]],"o":[[0,0],[-8.5,7.125],[-1,0.625],[-2.648,1.676],[0,0],[2.933,-0.624],[0.117,3.373],[0,0],[-0.591,-2.255],[2.5,-3],[8.25,-6.25],[0,0],[0,0]],"v":[[34.537,116.823],[19.125,122.5],[7.125,141],[0.341,142.446],[-2,147.25],[1.817,147.249],[5.247,149.991],[8,154.375],[10.807,149.05],[11.375,143.75],[28.375,135.875],[37.625,120.5],[34.216,121.107]],"c":true}]},{"i":{"x":0.833,"y":0.833},"o":{"x":0.167,"y":0.167},"t":21,"s":[{"i":[[0,0],[4.879,-4.09],[1.615,-1.009],[1.687,-3.472],[0,0],[-1.541,2.572],[-1.239,-3.088],[0,0],[1.06,1.876],[-1.203,1.444],[-8.07,6.114],[0,0],[0,0]],"o":[[0,0],[-8.5,7.125],[-1,0.625],[-1.609,3.312],[0,0],[1.377,-2.299],[1.283,3.197],[0,0],[-1.147,-2.03],[2.5,-3],[8.25,-6.25],[0,0],[0,0]],"v":[[35.872,117.792],[19.125,122.5],[7.625,141.808],[2.175,146.968],[3.171,154.519],[6.821,150.318],[11.085,150.153],[17.34,153.406],[16.478,147.435],[12.042,143.104],[28.375,135.875],[36.124,117.754],[33.382,120.945]],"c":true}]},{"t":24,"s":[{"i":[[0,0],[4.879,-4.09],[1.615,-1.009],[2.358,-1.492],[0,0],[-2.933,0.624],[-0.115,-3.325],[0,0],[0.636,2.43],[-1.203,1.444],[-8.07,6.114],[0,0],[0,0]],"o":[[0,0],[-8.5,7.125],[-1,0.625],[-2.648,1.676],[0,0],[2.933,-0.624],[0.117,3.373],[0,0],[-0.591,-2.255],[2.5,-3],[8.25,-6.25],[0,0],[0,0]],"v":[[34.537,116.823],[19.125,122.5],[7.125,141],[0.341,142.446],[-2,147.25],[1.817,147.249],[5.247,149.991],[8,154.375],[10.807,149.05],[11.375,143.75],[28.375,135.875],[37.625,120.5],[34.216,121.107]],"c":true}]}],"ix":2},"nm":"Ã¨Â·Â¯Ã¥Â¾Â 1","mn":"ADBE Vector Shape - Group","hd":false},{"ty":"fl","c":{"a":0,"k":[0.241029178395,0.360640163048,0.599862132353,1],"ix":4},"o":{"a":0,"k":100,"ix":5},"r":1,"bm":0,"nm":"Ã¥Â¡Â«Ã¥ÂÂ 1","mn":"ADBE Vector Graphic - Fill","hd":false},{"ty":"tr","p":{"a":0,"k":[0,0],"ix":2},"a":{"a":0,"k":[0,0],"ix":1},"s":{"a":0,"k":[100,100],"ix":3},"r":{"a":0,"k":0,"ix":6},"o":{"a":0,"k":100,"ix":7},"sk":{"a":0,"k":0,"ix":4},"sa":{"a":0,"k":0,"ix":5},"nm":"Ã¥ÂÂÃ¦ÂÂ¢"}],"nm":"Ã¥Â½Â¢Ã§ÂÂ¶ 1","np":2,"cix":2,"bm":0,"ix":1,"mn":"ADBE Vector Group","hd":false}],"ip":0,"op":25,"st":0,"bm":0},{"ddd":0,"ind":6,"ty":4,"nm":"bg 3","sr":1,"ks":{"o":{"a":0,"k":30,"ix":11},"r":{"a":0,"k":0,"ix":10},"p":{"a":0,"k":[275,275,0],"ix":2},"a":{"a":0,"k":[0,0,0],"ix":1},"s":{"a":0,"k":[44.295,44.295,100],"ix":6}},"ao":0,"shapes":[{"ty":"gr","it":[{"d":1,"ty":"el","s":{"a":0,"k":[326.654,326.654],"ix":2},"p":{"a":0,"k":[0,0],"ix":3},"nm":"Ã¦Â¤Â­Ã¥ÂÂÃ¨Â·Â¯Ã¥Â¾Â 1","mn":"ADBE Vector Shape - Ellipse","hd":false},{"ty":"fl","c":{"a":0,"k":[0.633103553922,0.755402389227,1,1],"ix":4},"o":{"a":0,"k":100,"ix":5},"r":1,"bm":0,"nm":"Ã¥Â¡Â«Ã¥ÂÂ 1","mn":"ADBE Vector Graphic - Fill","hd":false},{"ty":"tr","p":{"a":0,"k":[1.093,-8.482],"ix":2},"a":{"a":0,"k":[0,0],"ix":1},"s":{"a":0,"k":[100,100],"ix":3},"r":{"a":0,"k":0,"ix":6},"o":{"a":0,"k":100,"ix":7},"sk":{"a":0,"k":0,"ix":4},"sa":{"a":0,"k":0,"ix":5},"nm":"Ã¥ÂÂÃ¦ÂÂ¢"}],"nm":"Ã¦Â¤Â­Ã¥ÂÂ 1","np":2,"cix":2,"bm":0,"ix":1,"mn":"ADBE Vector Group","hd":false}],"ip":0,"op":25,"st":0,"bm":0},{"ddd":0,"ind":7,"ty":4,"nm":"bg 4","sr":1,"ks":{"o":{"a":0,"k":30,"ix":11},"r":{"a":0,"k":0,"ix":10},"p":{"a":0,"k":[275,275,0],"ix":2},"a":{"a":0,"k":[0,0,0],"ix":1},"s":{"a":0,"k":[73.115,73.115,100],"ix":6}},"ao":0,"shapes":[{"ty":"gr","it":[{"d":1,"ty":"el","s":{"a":0,"k":[326.654,326.654],"ix":2},"p":{"a":0,"k":[0,0],"ix":3},"nm":"Ã¦Â¤Â­Ã¥ÂÂÃ¨Â·Â¯Ã¥Â¾Â 1","mn":"ADBE Vector Shape - Ellipse","hd":false},{"ty":"fl","c":{"a":0,"k":[0.633103553922,0.755402389227,1,1],"ix":4},"o":{"a":0,"k":100,"ix":5},"r":1,"bm":0,"nm":"Ã¥Â¡Â«Ã¥ÂÂ 1","mn":"ADBE Vector Graphic - Fill","hd":false},{"ty":"tr","p":{"a":0,"k":[1.093,-8.482],"ix":2},"a":{"a":0,"k":[0,0],"ix":1},"s":{"a":0,"k":[100,100],"ix":3},"r":{"a":0,"k":0,"ix":6},"o":{"a":0,"k":100,"ix":7},"sk":{"a":0,"k":0,"ix":4},"sa":{"a":0,"k":0,"ix":5},"nm":"Ã¥ÂÂÃ¦ÂÂ¢"}],"nm":"Ã¦Â¤Â­Ã¥ÂÂ 1","np":2,"cix":2,"bm":0,"ix":1,"mn":"ADBE Vector Group","hd":false}],"ip":0,"op":25,"st":0,"bm":0},{"ddd":0,"ind":8,"ty":4,"nm":"bg 2","sr":1,"ks":{"o":{"a":0,"k":30,"ix":11},"r":{"a":0,"k":0,"ix":10},"p":{"a":0,"k":[275,275,0],"ix":2},"a":{"a":0,"k":[0,0,0],"ix":1},"s":{"a":0,"k":[102.518,102.518,100],"ix":6}},"ao":0,"shapes":[{"ty":"gr","it":[{"d":1,"ty":"el","s":{"a":0,"k":[326.654,326.654],"ix":2},"p":{"a":0,"k":[0,0],"ix":3},"nm":"Ã¦Â¤Â­Ã¥ÂÂÃ¨Â·Â¯Ã¥Â¾Â 1","mn":"ADBE Vector Shape - Ellipse","hd":false},{"ty":"fl","c":{"a":0,"k":[0.633103553922,0.755402389227,1,1],"ix":4},"o":{"a":0,"k":100,"ix":5},"r":1,"bm":0,"nm":"Ã¥Â¡Â«Ã¥ÂÂ 1","mn":"ADBE Vector Graphic - Fill","hd":false},{"ty":"tr","p":{"a":0,"k":[1.093,-8.482],"ix":2},"a":{"a":0,"k":[0,0],"ix":1},"s":{"a":0,"k":[100,100],"ix":3},"r":{"a":0,"k":0,"ix":6},"o":{"a":0,"k":100,"ix":7},"sk":{"a":0,"k":0,"ix":4},"sa":{"a":0,"k":0,"ix":5},"nm":"Ã¥ÂÂÃ¦ÂÂ¢"}],"nm":"Ã¦Â¤Â­Ã¥ÂÂ 1","np":2,"cix":2,"bm":0,"ix":1,"mn":"ADBE Vector Group","hd":false}],"ip":0,"op":25,"st":0,"bm":0},{"ddd":0,"ind":9,"ty":4,"nm":"bg 5","sr":1,"ks":{"o":{"a":0,"k":30,"ix":11},"r":{"a":0,"k":0,"ix":10},"p":{"a":0,"k":[275,275,0],"ix":2},"a":{"a":0,"k":[0,0,0],"ix":1},"s":{"a":0,"k":[129.645,129.645,100],"ix":6}},"ao":0,"shapes":[{"ty":"gr","it":[{"d":1,"ty":"el","s":{"a":0,"k":[326.654,326.654],"ix":2},"p":{"a":0,"k":[0,0],"ix":3},"nm":"Ã¦Â¤Â­Ã¥ÂÂÃ¨Â·Â¯Ã¥Â¾Â 1","mn":"ADBE Vector Shape - Ellipse","hd":false},{"ty":"fl","c":{"a":0,"k":[0.633103553922,0.755402389227,1,1],"ix":4},"o":{"a":0,"k":100,"ix":5},"r":1,"bm":0,"nm":"Ã¥Â¡Â«Ã¥ÂÂ 1","mn":"ADBE Vector Graphic - Fill","hd":false},{"ty":"tr","p":{"a":0,"k":[1.093,-8.482],"ix":2},"a":{"a":0,"k":[0,0],"ix":1},"s":{"a":0,"k":[100,100],"ix":3},"r":{"a":0,"k":0,"ix":6},"o":{"a":0,"k":100,"ix":7},"sk":{"a":0,"k":0,"ix":4},"sa":{"a":0,"k":0,"ix":5},"nm":"Ã¥ÂÂÃ¦ÂÂ¢"}],"nm":"Ã¦Â¤Â­Ã¥ÂÂ 1","np":2,"cix":2,"bm":0,"ix":1,"mn":"ADBE Vector Group","hd":false}],"ip":0,"op":25,"st":0,"bm":0},{"ddd":0,"ind":10,"ty":4,"nm":"bg","sr":1,"ks":{"o":{"a":0,"k":30,"ix":11},"r":{"a":0,"k":0,"ix":10},"p":{"a":0,"k":[275,275,0],"ix":2},"a":{"a":0,"k":[0,0,0],"ix":1},"s":{"a":0,"k":[155.366,155.366,100],"ix":6}},"ao":0,"shapes":[{"ty":"gr","it":[{"d":1,"ty":"el","s":{"a":0,"k":[326.654,326.654],"ix":2},"p":{"a":0,"k":[0,0],"ix":3},"nm":"Ã¦Â¤Â­Ã¥ÂÂÃ¨Â·Â¯Ã¥Â¾Â 1","mn":"ADBE Vector Shape - Ellipse","hd":false},{"ty":"fl","c":{"a":0,"k":[0.633103553922,0.755402389227,1,1],"ix":4},"o":{"a":0,"k":100,"ix":5},"r":1,"bm":0,"nm":"Ã¥Â¡Â«Ã¥ÂÂ 1","mn":"ADBE Vector Graphic - Fill","hd":false},{"ty":"tr","p":{"a":0,"k":[1.093,-8.482],"ix":2},"a":{"a":0,"k":[0,0],"ix":1},"s":{"a":0,"k":[100,100],"ix":3},"r":{"a":0,"k":0,"ix":6},"o":{"a":0,"k":100,"ix":7},"sk":{"a":0,"k":0,"ix":4},"sa":{"a":0,"k":0,"ix":5},"nm":"Ã¥ÂÂÃ¦ÂÂ¢"}],"nm":"Ã¦Â¤Â­Ã¥ÂÂ 1","np":2,"cix":2,"bm":0,"ix":1,"mn":"ADBE Vector Group","hd":false}],"ip":0,"op":25,"st":0,"bm":0}]}],"layers":[{"ddd":0,"ind":1,"ty":0,"nm":"loading","refId":"comp_0","sr":0.6,"ks":{"o":{"a":0,"k":100,"ix":11},"r":{"a":0,"k":0,"ix":10},"p":{"a":0,"k":[275,275,0],"ix":2},"a":{"a":0,"k":[275,275,0],"ix":1},"s":{"a":0,"k":[100,100,100],"ix":6}},"ao":0,"w":550,"h":550,"ip":0,"op":15,"st":0,"bm":0}],"markers":[]}