{"v":"5.7.3","fr":60,"ip":52,"op":202,"w":182,"h":182,"nm":"Loading","ddd":0,"assets":[{"id":"comp_0","layers":[{"ddd":0,"ind":1,"ty":3,"nm":"Eye_L","parent":3,"sr":1,"ks":{"o":{"a":0,"k":0,"ix":11},"r":{"a":0,"k":3.982,"ix":10},"p":{"a":0,"k":[10.726,0.594,0],"ix":2},"a":{"a":0,"k":[0,0,0],"ix":1},"s":{"a":1,"k":[{"i":{"x":[0.667,0.667,0.667],"y":[1,1,1]},"o":{"x":[0.333,0.333,0.333],"y":[0,0,0]},"t":52,"s":[100,100,100]},{"i":{"x":[0.667,0.667,0.667],"y":[1,1,1]},"o":{"x":[0.333,0.333,0.333],"y":[0,0,0]},"t":127,"s":[118,100,100]},{"t":202,"s":[100,100,100]}],"ix":6}},"ao":0,"ip":0,"op":628,"st":0,"bm":0},{"ddd":0,"ind":2,"ty":3,"nm":"Body","sr":1,"ks":{"o":{"a":0,"k":0,"ix":11},"r":{"a":1,"k":[{"i":{"x":[0.667],"y":[1]},"o":{"x":[0.333],"y":[0]},"t":52,"s":[0]},{"i":{"x":[0.667],"y":[1]},"o":{"x":[0.333],"y":[0]},"t":90,"s":[4]},{"i":{"x":[0.667],"y":[1]},"o":{"x":[0.333],"y":[0]},"t":127,"s":[-2]},{"i":{"x":[0.667],"y":[1]},"o":{"x":[0.333],"y":[0]},"t":165,"s":[4]},{"t":202,"s":[0]}],"ix":10},"p":{"a":0,"k":[39.028,81.388,0],"ix":2},"a":{"a":0,"k":[0,0,0],"ix":1},"s":{"a":0,"k":[100,100,100],"ix":6}},"ao":0,"ip":0,"op":628,"st":0,"bm":0},{"ddd":0,"ind":3,"ty":3,"nm":"Face","parent":2,"sr":1,"ks":{"o":{"a":0,"k":0,"ix":11},"r":{"a":0,"k":-4.995,"ix":10},"p":{"a":1,"k":[{"i":{"x":0.667,"y":1},"o":{"x":0.333,"y":0},"t":52,"s":[5.281,-40.39,0],"to":[-0.621,-0.126,0],"ti":[0,0,0]},{"i":{"x":0.667,"y":1},"o":{"x":0.333,"y":0},"t":127,"s":[1.555,-41.146,0],"to":[0,0,0],"ti":[-0.621,-0.126,0]},{"t":202,"s":[5.281,-40.39,0]}],"ix":2},"a":{"a":0,"k":[0,0,0],"ix":1},"s":{"a":0,"k":[100,100,100],"ix":6}},"ao":0,"ip":0,"op":628,"st":0,"bm":0},{"ddd":0,"ind":4,"ty":4,"nm":"MKF_Cir Outlines","parent":7,"sr":1,"ks":{"o":{"a":0,"k":100,"ix":11},"r":{"a":0,"k":0,"ix":10},"p":{"a":0,"k":[75.711,68.682,0],"ix":2},"a":{"a":0,"k":[75.711,68.682,0],"ix":1},"s":{"a":0,"k":[100,100,100],"ix":6}},"ao":0,"shapes":[{"ty":"gr","it":[{"ind":0,"ty":"sh","ix":1,"ks":{"a":0,"k":{"i":[[-0.424,-1.579],[0,0],[1.579,-0.424],[0,0],[0.423,1.579],[-1.58,0.424],[0,0]],"o":[[0,0],[0.423,1.58],[0,0],[-1.579,0.423],[-0.424,-1.58],[0,0],[1.58,-0.424]],"v":[[12.123,-3.249],[12.123,-3.249],[10.029,0.379],[-8.496,5.342],[-12.122,3.249],[-10.028,-0.378],[8.496,-5.341]],"c":true},"ix":2},"nm":"Path 1","mn":"ADBE Vector Shape - Group","hd":false},{"ty":"fl","c":{"a":0,"k":[1,0.689999988032,0.165000002992,1],"ix":4},"o":{"a":0,"k":100,"ix":5},"r":1,"bm":0,"nm":"Fill 1","mn":"ADBE Vector Graphic - Fill","hd":false},{"ty":"tr","p":{"a":0,"k":[75.711,68.682],"ix":2},"a":{"a":0,"k":[0,0],"ix":1},"s":{"a":0,"k":[100,100],"ix":3},"r":{"a":0,"k":0,"ix":6},"o":{"a":0,"k":100,"ix":7},"sk":{"a":0,"k":0,"ix":4},"sa":{"a":0,"k":0,"ix":5},"nm":"Transform"}],"nm":"Group 1","np":2,"cix":2,"bm":0,"ix":1,"mn":"ADBE Vector Group","hd":false}],"ip":0,"op":628,"st":0,"bm":0},{"ddd":0,"ind":5,"ty":4,"nm":"MKF_Light Outlines","parent":6,"sr":1,"ks":{"o":{"a":0,"k":100,"ix":11},"r":{"a":0,"k":0,"ix":10},"p":{"a":0,"k":[77.051,67.573,0],"ix":2},"a":{"a":0,"k":[77.051,67.573,0],"ix":1},"s":{"a":0,"k":[100,100,100],"ix":6}},"ao":0,"shapes":[{"ty":"gr","it":[{"ind":0,"ty":"sh","ix":1,"ks":{"a":0,"k":{"i":[[-5.907,1.582],[-0.844,0.497],[0.994,3.714],[5.907,-1.583],[0.843,-0.497],[-0.995,-3.713]],"o":[[0.991,-0.267],[2.359,-2.688],[-1.583,-5.907],[-0.992,0.266],[-2.359,2.688],[1.584,5.908]],"v":[[4.215,9.587],[6.967,8.422],[9.35,-1.756],[-4.214,-9.586],[-6.965,-8.422],[-9.349,1.756]],"c":true},"ix":2},"nm":"Path 1","mn":"ADBE Vector Shape - Group","hd":false},{"ty":"fl","c":{"a":0,"k":[1,0.830999995213,0.149000010771,1],"ix":4},"o":{"a":0,"k":100,"ix":5},"r":1,"bm":0,"nm":"Fill 1","mn":"ADBE Vector Graphic - Fill","hd":false},{"ty":"tr","p":{"a":0,"k":[77.051,67.572],"ix":2},"a":{"a":0,"k":[0,0],"ix":1},"s":{"a":0,"k":[100,100],"ix":3},"r":{"a":0,"k":0,"ix":6},"o":{"a":0,"k":100,"ix":7},"sk":{"a":0,"k":0,"ix":4},"sa":{"a":0,"k":0,"ix":5},"nm":"Transform"}],"nm":"Group 1","np":2,"cix":2,"bm":0,"ix":1,"mn":"ADBE Vector Group","hd":false}],"ip":0,"op":628,"st":0,"bm":0},{"ddd":0,"ind":6,"ty":4,"nm":"MKF_BG Outlines","parent":7,"sr":1,"ks":{"o":{"a":0,"k":100,"ix":11},"r":{"a":1,"k":[{"i":{"x":[0.667],"y":[1]},"o":{"x":[0.333],"y":[0]},"t":52,"s":[0]},{"i":{"x":[0.667],"y":[1]},"o":{"x":[0.333],"y":[0]},"t":127,"s":[-16]},{"t":201,"s":[0]}],"ix":10},"p":{"a":0,"k":[75.703,68.683,0],"ix":2},"a":{"a":0,"k":[75.703,68.683,0],"ix":1},"s":{"a":0,"k":[100,100,100],"ix":6}},"ao":0,"shapes":[{"ty":"gr","it":[{"ind":0,"ty":"sh","ix":1,"ks":{"a":0,"k":{"i":[[-5.908,1.583],[-1.583,-5.907],[5.909,-1.583],[1.583,5.907]],"o":[[5.907,-1.583],[1.583,5.907],[-5.907,1.583],[-1.583,-5.908]],"v":[[-2.866,-10.697],[10.697,-2.867],[2.865,10.697],[-10.697,2.867]],"c":true},"ix":2},"nm":"Path 1","mn":"ADBE Vector Shape - Group","hd":false},{"ty":"fl","c":{"a":0,"k":[1,0.74900004069,0.165000002992,1],"ix":4},"o":{"a":0,"k":100,"ix":5},"r":1,"bm":0,"nm":"Fill 1","mn":"ADBE Vector Graphic - Fill","hd":false},{"ty":"tr","p":{"a":0,"k":[75.703,68.683],"ix":2},"a":{"a":0,"k":[0,0],"ix":1},"s":{"a":0,"k":[100,100],"ix":3},"r":{"a":0,"k":0,"ix":6},"o":{"a":0,"k":100,"ix":7},"sk":{"a":0,"k":0,"ix":4},"sa":{"a":0,"k":0,"ix":5},"nm":"Transform"}],"nm":"Group 1","np":2,"cix":2,"bm":0,"ix":1,"mn":"ADBE Vector Group","hd":false}],"ip":0,"op":628,"st":0,"bm":0},{"ddd":0,"ind":7,"ty":4,"nm":"MKF_Handle Outlines","parent":24,"sr":1,"ks":{"o":{"a":0,"k":100,"ix":11},"r":{"a":1,"k":[{"i":{"x":[0.667],"y":[1]},"o":{"x":[0.333],"y":[0]},"t":52,"s":[0]},{"i":{"x":[0.667],"y":[1]},"o":{"x":[0.333],"y":[0]},"t":90,"s":[5]},{"i":{"x":[0.667],"y":[1]},"o":{"x":[0.333],"y":[0]},"t":127,"s":[0]},{"i":{"x":[0.667],"y":[1]},"o":{"x":[0.333],"y":[0]},"t":165,"s":[5]},{"t":202,"s":[0]}],"ix":10},"p":{"a":1,"k":[{"i":{"x":0.667,"y":1},"o":{"x":0.333,"y":0},"t":52,"s":[78.748,78.436,0],"to":[0,0,0],"ti":[0,0,0]},{"i":{"x":0.667,"y":1},"o":{"x":0.333,"y":0},"t":90,"s":[78.227,77.802,0],"to":[0,0,0],"ti":[0,0,0]},{"i":{"x":0.667,"y":1},"o":{"x":0.333,"y":0},"t":127,"s":[78.748,78.436,0],"to":[0,0,0],"ti":[0,0,0]},{"i":{"x":0.667,"y":1},"o":{"x":0.333,"y":0},"t":165,"s":[78.227,77.802,0],"to":[0,0,0],"ti":[0,0,0]},{"t":202,"s":[78.748,78.436,0]}],"ix":2},"a":{"a":0,"k":[78.748,79.686,0],"ix":1},"s":{"a":0,"k":[100,100,100],"ix":6}},"ao":0,"shapes":[{"ty":"gr","it":[{"ind":0,"ty":"sh","ix":1,"ks":{"a":0,"k":{"i":[[0,0],[0,0],[2.44,-0.653],[1.013,2.314],[0,0]],"o":[[0,0],[0.281,2.51],[-2.44,0.654],[0,0],[0,0]],"v":[[5.468,-7.13],[6.373,0.975],[2.618,6.477],[-3.386,3.59],[-6.654,-3.882]],"c":true},"ix":2},"nm":"Path 1","mn":"ADBE Vector Shape - Group","hd":false},{"ty":"fl","c":{"a":0,"k":[0.510000011968,0.525,0.917999985639,1],"ix":4},"o":{"a":0,"k":100,"ix":5},"r":1,"bm":0,"nm":"Fill 1","mn":"ADBE Vector Graphic - Fill","hd":false},{"ty":"tr","p":{"a":0,"k":[78.061,80.745],"ix":2},"a":{"a":0,"k":[0,0],"ix":1},"s":{"a":0,"k":[100,100],"ix":3},"r":{"a":0,"k":0,"ix":6},"o":{"a":0,"k":100,"ix":7},"sk":{"a":0,"k":0,"ix":4},"sa":{"a":0,"k":0,"ix":5},"nm":"Transform"}],"nm":"Group 1","np":2,"cix":2,"bm":0,"ix":1,"mn":"ADBE Vector Group","hd":false}],"ip":0,"op":628,"st":0,"bm":0},{"ddd":0,"ind":8,"ty":4,"nm":"Ear_R Outlines","parent":2,"sr":1,"ks":{"o":{"a":0,"k":100,"ix":11},"r":{"a":0,"k":2,"ix":10},"p":{"a":0,"k":[-25.765,-52.095,0],"ix":2},"a":{"a":0,"k":[26.183,39.961,0],"ix":1},"s":{"a":0,"k":[100,100,100],"ix":6}},"ao":0,"shapes":[{"ty":"gr","it":[{"ind":0,"ty":"sh","ix":1,"ks":{"a":1,"k":[{"i":{"x":0.667,"y":1},"o":{"x":0.333,"y":0},"t":52,"s":[{"i":[[0.142,3.449],[-6.125,0.635],[-2.264,-1.68],[-0.01,-0.007],[5.212,-7.247],[1.088,0.248]],"o":[[-0.255,-6.152],[3.048,-0.315],[0.007,0.006],[0.706,1.176],[-6.022,8.375],[-2.434,-2.041]],"v":[[-9.974,1.695],[0.533,-10.451],[8.791,-8.183],[8.816,-8.163],[5.017,1.585],[-5.415,10.518]],"c":true}]},{"i":{"x":0.667,"y":1},"o":{"x":0.333,"y":0},"t":127,"s":[{"i":[[0.142,3.449],[-6.125,0.635],[-2.264,-1.68],[-0.01,-0.007],[4.432,-5.726],[1.088,0.248]],"o":[[-0.255,-6.152],[3.048,-0.315],[0.007,0.006],[0.706,1.176],[-4.432,5.726],[-2.434,-2.041]],"v":[[-9.974,1.695],[0.533,-10.451],[8.791,-8.183],[8.816,-8.163],[2.767,1.022],[-5.415,10.518]],"c":true}]},{"t":202,"s":[{"i":[[0.142,3.449],[-6.125,0.635],[-2.264,-1.68],[-0.01,-0.007],[5.212,-7.247],[1.088,0.248]],"o":[[-0.255,-6.152],[3.048,-0.315],[0.007,0.006],[0.706,1.176],[-6.022,8.375],[-2.434,-2.041]],"v":[[-9.974,1.695],[0.533,-10.451],[8.791,-8.183],[8.816,-8.163],[5.017,1.585],[-5.415,10.518]],"c":true}]}],"ix":2},"nm":"Path 1","mn":"ADBE Vector Shape - Group","hd":false},{"ty":"fl","c":{"a":0,"k":[0.187999994615,0.19199999641,0.20800000359,1],"ix":4},"o":{"a":0,"k":100,"ix":5},"r":1,"bm":0,"nm":"Fill 1","mn":"ADBE Vector Graphic - Fill","hd":false},{"ty":"tr","p":{"a":0,"k":[26.523,39.94],"ix":2},"a":{"a":0,"k":[0,0],"ix":1},"s":{"a":0,"k":[100,100],"ix":3},"r":{"a":0,"k":0,"ix":6},"o":{"a":0,"k":100,"ix":7},"sk":{"a":0,"k":0,"ix":4},"sa":{"a":0,"k":0,"ix":5},"nm":"Transform"}],"nm":"Group 1","np":2,"cix":2,"bm":0,"ix":1,"mn":"ADBE Vector Group","hd":false}],"ip":0,"op":628,"st":0,"bm":0},{"ddd":0,"ind":9,"ty":4,"nm":"Mouth Outlines","parent":3,"sr":1,"ks":{"o":{"a":0,"k":100,"ix":11},"r":{"a":0,"k":6.995,"ix":10},"p":{"a":1,"k":[{"i":{"x":0.667,"y":1},"o":{"x":0.333,"y":0},"t":52,"s":[-0.833,7.557,0],"to":[-0.063,0.003,0],"ti":[0,0,0]},{"i":{"x":0.667,"y":1},"o":{"x":0.333,"y":0},"t":127,"s":[-1.213,7.573,0],"to":[0,0,0],"ti":[-0.063,0.003,0]},{"t":202,"s":[-0.833,7.557,0]}],"ix":2},"a":{"a":0,"k":[57.711,58.177,0],"ix":1},"s":{"a":1,"k":[{"i":{"x":[0.667,0.667,0.667],"y":[1,1,1]},"o":{"x":[0.76,0.76,0.76],"y":[0,0,0]},"t":52,"s":[100,100,100]},{"i":{"x":[0.667,0.667,0.667],"y":[1,1,1]},"o":{"x":[0.76,0.76,0.76],"y":[0,0,0]},"t":63,"s":[115,115,100]},{"i":{"x":[0.667,0.667,0.667],"y":[1,1,1]},"o":{"x":[0.76,0.76,0.76],"y":[0,0,0]},"t":73,"s":[86,86,100]},{"i":{"x":[0.667,0.667,0.667],"y":[1,1,1]},"o":{"x":[0.76,0.76,0.76],"y":[0,0,0]},"t":85,"s":[142,142,100]},{"i":{"x":[0.667,0.667,0.667],"y":[1,1,1]},"o":{"x":[0.76,0.76,0.76],"y":[0,0,0]},"t":96,"s":[124,124,100]},{"i":{"x":[0.667,0.667,0.667],"y":[1,1,1]},"o":{"x":[0.76,0.76,0.76],"y":[0,0,0]},"t":106,"s":[100,100,100]},{"i":{"x":[0.667,0.667,0.667],"y":[1,1,1]},"o":{"x":[0.76,0.76,0.76],"y":[0,0,0]},"t":114,"s":[100,100,100]},{"i":{"x":[0.667,0.667,0.667],"y":[1,1,1]},"o":{"x":[0.76,0.76,0.76],"y":[0,0,0]},"t":127,"s":[76,76,100]},{"i":{"x":[0.667,0.667,0.667],"y":[1,1,1]},"o":{"x":[0.76,0.76,0.76],"y":[0,0,0]},"t":139,"s":[128,128,100]},{"i":{"x":[0.667,0.667,0.667],"y":[1,1,1]},"o":{"x":[0.76,0.76,0.76],"y":[0,0,0]},"t":150,"s":[138,138,100]},{"i":{"x":[0.667,0.667,0.667],"y":[1,1,1]},"o":{"x":[0.76,0.76,0.76],"y":[0,0,0]},"t":160,"s":[87,87,100]},{"i":{"x":[0.667,0.667,0.667],"y":[1,1,1]},"o":{"x":[0.76,0.76,0.76],"y":[0,0,0]},"t":171,"s":[106,106,100]},{"i":{"x":[0.667,0.667,0.667],"y":[1,1,1]},"o":{"x":[0.76,0.76,0.76],"y":[0,0,0]},"t":181,"s":[91,91,100]},{"i":{"x":[0.667,0.667,0.667],"y":[1,1,1]},"o":{"x":[0.76,0.76,0.76],"y":[0,0,0]},"t":193,"s":[132,132,100]},{"t":202,"s":[100,100,100]}],"ix":6}},"ao":0,"shapes":[{"ty":"gr","it":[{"ind":0,"ty":"sh","ix":1,"ks":{"a":1,"k":[{"i":{"x":0.667,"y":1},"o":{"x":0.76,"y":0},"t":52,"s":[{"i":[[1.772,-0.231],[0.697,-0.482],[-1.613,0.114],[-0.691,1.168]],"o":[[-0.96,0.125],[0.901,1.516],[1.197,-0.087],[-0.963,-1.026]],"v":[[-0.923,-1.625],[-3.441,-0.674],[0.514,1.742],[3.441,-0.256]],"c":true}]},{"i":{"x":0.667,"y":1},"o":{"x":0.76,"y":0},"t":63,"s":[{"i":[[1.474,-0.192],[0.58,-0.401],[-1.342,0.095],[-0.575,0.972]],"o":[[-0.799,0.104],[0.749,1.261],[0.996,-0.072],[-0.801,-0.853]],"v":[[-0.769,-1.895],[-2.863,-1.104],[0.427,0.906],[2.86,-0.756]],"c":true}]},{"i":{"x":0.667,"y":1},"o":{"x":0.76,"y":0},"t":73,"s":[{"i":[[1.181,-0.154],[0.465,-0.321],[-1.075,0.076],[-0.461,0.779]],"o":[[-0.64,0.083],[0.619,1.111],[0.798,-0.058],[-0.642,-0.684]],"v":[[-0.667,-3.509],[-2.363,-2.786],[0.291,-1.265],[2.241,-2.597]],"c":true}]},{"i":{"x":0.667,"y":1},"o":{"x":0.76,"y":0},"t":85,"s":[{"i":[[1.181,-0.154],[0.465,-0.321],[-1.075,0.076],[-0.461,0.779]],"o":[[-0.64,0.083],[0.619,1.111],[0.798,-0.058],[-0.642,-0.684]],"v":[[-0.667,-3.509],[-2.363,-2.786],[0.291,-1.265],[2.241,-2.597]],"c":true}]},{"i":{"x":0.667,"y":1},"o":{"x":0.76,"y":0},"t":96,"s":[{"i":[[1.313,-0.184],[0.508,-0.304],[-1.221,0.072],[-0.704,0.711]],"o":[[-0.712,0.1],[0.79,0.841],[1.221,-0.072],[-0.738,-0.581]],"v":[[-0.817,-3.661],[-2.887,-2.925],[0.083,-1.75],[2.627,-2.952]],"c":true}]},{"i":{"x":0.667,"y":1},"o":{"x":0.76,"y":0},"t":106,"s":[{"i":[[1.772,-0.231],[0.697,-0.482],[-1.613,0.114],[-0.691,1.168]],"o":[[-0.96,0.125],[0.901,1.516],[1.197,-0.087],[-0.963,-1.026]],"v":[[-0.923,-1.625],[-3.441,-0.674],[0.514,1.742],[3.441,-0.256]],"c":true}]},{"i":{"x":0.667,"y":1},"o":{"x":0.76,"y":0},"t":114,"s":[{"i":[[0.962,-0.128],[0.378,-0.268],[-0.876,0.063],[-0.375,0.648]],"o":[[-0.521,0.069],[0.489,0.841],[0.65,-0.048],[-0.523,-0.569]],"v":[[-0.39,-1.874],[-1.757,-1.346],[0.391,-0.005],[1.979,-1.114]],"c":true}]},{"i":{"x":0.667,"y":1},"o":{"x":0.76,"y":0},"t":127,"s":[{"i":[[1.181,-0.154],[0.465,-0.321],[-1.075,0.076],[-0.461,0.779]],"o":[[-0.64,0.083],[0.619,1.111],[0.798,-0.058],[-0.642,-0.684]],"v":[[-0.667,-3.509],[-2.363,-2.786],[0.291,-1.265],[2.241,-2.597]],"c":true}]},{"i":{"x":0.667,"y":1},"o":{"x":0.76,"y":0},"t":139,"s":[{"i":[[1.181,-0.154],[0.465,-0.321],[-1.075,0.076],[-0.461,0.779]],"o":[[-0.64,0.083],[0.619,1.111],[0.798,-0.058],[-0.642,-0.684]],"v":[[-0.667,-3.509],[-2.363,-2.786],[0.291,-1.265],[2.241,-2.597]],"c":true}]},{"i":{"x":0.667,"y":1},"o":{"x":0.76,"y":0},"t":150,"s":[{"i":[[1.313,-0.184],[0.508,-0.304],[-1.221,0.072],[-0.704,0.711]],"o":[[-0.712,0.1],[0.79,0.841],[1.221,-0.072],[-0.738,-0.581]],"v":[[-0.817,-3.661],[-2.887,-2.925],[0.083,-1.75],[2.627,-2.952]],"c":true}]},{"i":{"x":0.667,"y":1},"o":{"x":0.76,"y":0},"t":160,"s":[{"i":[[0.962,-0.128],[0.378,-0.268],[-0.876,0.063],[-0.375,0.648]],"o":[[-0.521,0.069],[0.489,0.841],[0.65,-0.048],[-0.523,-0.569]],"v":[[-0.39,-1.874],[-1.757,-1.346],[0.391,-0.005],[1.979,-1.114]],"c":true}]},{"i":{"x":0.667,"y":1},"o":{"x":0.76,"y":0},"t":171,"s":[{"i":[[1.474,-0.192],[0.58,-0.401],[-1.342,0.095],[-0.575,0.972]],"o":[[-0.799,0.104],[0.749,1.261],[0.996,-0.072],[-0.801,-0.853]],"v":[[-0.769,-1.895],[-2.863,-1.104],[0.427,0.906],[2.86,-0.756]],"c":true}]},{"i":{"x":0.667,"y":1},"o":{"x":0.76,"y":0},"t":181,"s":[{"i":[[1.181,-0.154],[0.465,-0.321],[-1.075,0.076],[-0.461,0.779]],"o":[[-0.64,0.083],[0.619,1.111],[0.798,-0.058],[-0.642,-0.684]],"v":[[-0.667,-3.509],[-2.363,-2.786],[0.291,-1.265],[2.241,-2.597]],"c":true}]},{"i":{"x":0.667,"y":1},"o":{"x":0.76,"y":0},"t":193,"s":[{"i":[[1.181,-0.154],[0.465,-0.321],[-1.075,0.076],[-0.461,0.779]],"o":[[-0.64,0.083],[0.619,1.111],[0.798,-0.058],[-0.642,-0.684]],"v":[[-0.667,-3.509],[-2.363,-2.786],[0.291,-1.265],[2.241,-2.597]],"c":true}]},{"t":202,"s":[{"i":[[1.772,-0.231],[0.697,-0.482],[-1.613,0.114],[-0.691,1.168]],"o":[[-0.96,0.125],[0.901,1.516],[1.197,-0.087],[-0.963,-1.026]],"v":[[-0.923,-1.625],[-3.441,-0.674],[0.514,1.742],[3.441,-0.256]],"c":true}]}],"ix":2},"nm":"Path 1","mn":"ADBE Vector Shape - Group","hd":false},{"ty":"fl","c":{"a":0,"k":[1,0.26699999641,0.2,1],"ix":4},"o":{"a":0,"k":100,"ix":5},"r":1,"bm":0,"nm":"Fill 1","mn":"ADBE Vector Graphic - Fill","hd":false},{"ty":"tr","p":{"a":0,"k":[57.75,60.986],"ix":2},"a":{"a":0,"k":[0,0],"ix":1},"s":{"a":0,"k":[100,100],"ix":3},"r":{"a":0,"k":0,"ix":6},"o":{"a":0,"k":100,"ix":7},"sk":{"a":0,"k":0,"ix":4},"sa":{"a":0,"k":0,"ix":5},"nm":"Transform"}],"nm":"Group 1","np":2,"cix":2,"bm":0,"ix":1,"mn":"ADBE Vector Group","hd":false},{"ty":"gr","it":[{"ind":0,"ty":"sh","ix":1,"ks":{"a":1,"k":[{"i":{"x":0.667,"y":1},"o":{"x":0.76,"y":0},"t":52,"s":[{"i":[[-0.73,3.649],[-1.687,0.074],[-0.565,-2.616],[2.604,-0.188]],"o":[[0.53,-2.645],[1.686,-0.091],[0.881,4.079],[-3.06,0.217]],"v":[[-4.27,-2.294],[0.357,-3.676],[4.118,-2.57],[0.523,4.969]],"c":true}]},{"i":{"x":0.667,"y":1},"o":{"x":0.76,"y":0},"t":63,"s":[{"i":[[-0.608,3.035],[-1.402,0.076],[-0.47,-2.176],[2.166,-0.154]],"o":[[0.441,-2.2],[1.402,-0.076],[0.733,3.393],[-2.545,0.18]],"v":[[-3.551,-1.908],[0.297,-3.058],[3.426,-2.138],[0.435,4.134]],"c":true}]},{"i":{"x":0.667,"y":1},"o":{"x":0.76,"y":0},"t":73,"s":[{"i":[[0,1.516],[-1.512,0.001],[-0.034,-1.437],[1.735,-0.131]],"o":[[0,-1.775],[1.512,-0.001],[0.034,1.437],[-1.873,0.142]],"v":[[-2.742,-1.133],[0.069,-3.439],[2.652,-1.275],[0.26,1.941]],"c":true}]},{"i":{"x":0.667,"y":1},"o":{"x":0.76,"y":0},"t":85,"s":[{"i":[[0,1.516],[-1.512,0.001],[-0.034,-1.437],[1.735,-0.131]],"o":[[0,-1.775],[1.512,-0.001],[0.034,1.437],[-1.873,0.142]],"v":[[-2.742,-1.133],[0.069,-3.439],[2.652,-1.275],[0.26,1.941]],"c":true}]},{"i":{"x":0.667,"y":1},"o":{"x":0.76,"y":0},"t":96,"s":[{"i":[[0.048,1.346],[-1.148,0.042],[-0.088,-1.275],[1.722,-0.092]],"o":[[-0.056,-1.576],[1.148,-0.042],[0.088,1.275],[-1.722,0.092]],"v":[[-3.419,-0.94],[-0.109,-2.314],[3.275,-1.308],[0.083,1.48]],"c":true}]},{"i":{"x":0.667,"y":1},"o":{"x":0.76,"y":0},"t":106,"s":[{"i":[[-0.73,3.649],[-1.687,0.074],[-0.565,-2.616],[2.604,-0.188]],"o":[[0.53,-2.645],[1.686,-0.091],[0.881,4.079],[-3.06,0.217]],"v":[[-4.27,-2.294],[0.357,-3.676],[4.118,-2.57],[0.523,4.969]],"c":true}]},{"i":{"x":0.667,"y":1},"o":{"x":0.76,"y":0},"t":114,"s":[{"i":[[-0.397,2.025],[-1.072,0.04],[-0.307,-1.452],[1.414,-0.102]],"o":[[0.288,-1.468],[1.072,-0.04],[0.478,2.264],[-1.661,0.12]],"v":[[-2.203,-0.808],[-0.029,-3.255],[2.351,-0.962],[0.399,3.223]],"c":true}]},{"i":{"x":0.667,"y":1},"o":{"x":0.76,"y":0},"t":127,"s":[{"i":[[0,1.516],[-1.512,0.001],[-0.034,-1.437],[1.735,-0.131]],"o":[[0,-1.775],[1.512,-0.001],[0.034,1.437],[-1.873,0.142]],"v":[[-2.742,-1.133],[0.069,-3.439],[2.652,-1.275],[0.26,1.941]],"c":true}]},{"i":{"x":0.667,"y":1},"o":{"x":0.76,"y":0},"t":139,"s":[{"i":[[0,1.516],[-1.512,0.001],[-0.034,-1.437],[1.735,-0.131]],"o":[[0,-1.775],[1.512,-0.001],[0.034,1.437],[-1.873,0.142]],"v":[[-2.742,-1.133],[0.069,-3.439],[2.652,-1.275],[0.26,1.941]],"c":true}]},{"i":{"x":0.667,"y":1},"o":{"x":0.76,"y":0},"t":150,"s":[{"i":[[0.048,1.347],[-1.148,0.042],[-0.088,-1.275],[1.722,-0.092]],"o":[[-0.056,-1.576],[1.148,-0.042],[0.088,1.275],[-1.722,0.092]],"v":[[-3.419,-0.94],[-0.109,-2.314],[3.275,-1.308],[0.083,1.48]],"c":true}]},{"i":{"x":0.667,"y":1},"o":{"x":0.76,"y":0},"t":160,"s":[{"i":[[-0.397,2.025],[-1.072,0.04],[-0.307,-1.452],[1.414,-0.102]],"o":[[0.288,-1.468],[1.072,-0.04],[0.478,2.264],[-1.661,0.12]],"v":[[-2.203,-0.808],[-0.029,-3.255],[2.351,-0.962],[0.399,3.223]],"c":true}]},{"i":{"x":0.667,"y":1},"o":{"x":0.76,"y":0},"t":171,"s":[{"i":[[-0.608,3.035],[-1.402,0.076],[-0.47,-2.176],[2.166,-0.154]],"o":[[0.441,-2.2],[1.402,-0.076],[0.733,3.393],[-2.545,0.18]],"v":[[-3.551,-1.908],[0.297,-3.058],[3.426,-2.138],[0.435,4.134]],"c":true}]},{"i":{"x":0.667,"y":1},"o":{"x":0.76,"y":0},"t":181,"s":[{"i":[[0,1.516],[-1.512,0.001],[-0.034,-1.437],[1.735,-0.131]],"o":[[0,-1.775],[1.512,-0.001],[0.034,1.437],[-1.873,0.142]],"v":[[-2.742,-1.133],[0.069,-3.439],[2.652,-1.275],[0.26,1.941]],"c":true}]},{"i":{"x":0.667,"y":1},"o":{"x":0.76,"y":0},"t":193,"s":[{"i":[[0,1.516],[-1.512,0.001],[-0.034,-1.437],[1.735,-0.131]],"o":[[0,-1.775],[1.512,-0.001],[0.034,1.437],[-1.873,0.142]],"v":[[-2.742,-1.133],[0.069,-3.439],[2.652,-1.275],[0.26,1.941]],"c":true}]},{"t":202,"s":[{"i":[[-0.73,3.649],[-1.687,0.074],[-0.565,-2.616],[2.604,-0.188]],"o":[[0.53,-2.645],[1.686,-0.091],[0.881,4.079],[-3.06,0.217]],"v":[[-4.27,-2.294],[0.357,-3.676],[4.118,-2.57],[0.523,4.969]],"c":true}]}],"ix":2},"nm":"Path 1","mn":"ADBE Vector Shape - Group","hd":false},{"ty":"fl","c":{"a":0,"k":[0.187999994615,0.19199999641,0.20800000359,1],"ix":4},"o":{"a":0,"k":100,"ix":5},"r":1,"bm":0,"nm":"Fill 1","mn":"ADBE Vector Graphic - Fill","hd":false},{"ty":"tr","p":{"a":0,"k":[57.741,57.759],"ix":2},"a":{"a":0,"k":[0,0],"ix":1},"s":{"a":0,"k":[100,100],"ix":3},"r":{"a":0,"k":0,"ix":6},"o":{"a":0,"k":100,"ix":7},"sk":{"a":0,"k":0,"ix":4},"sa":{"a":0,"k":0,"ix":5},"nm":"Transform"}],"nm":"Group 2","np":2,"cix":2,"bm":0,"ix":2,"mn":"ADBE Vector Group","hd":false}],"ip":0,"op":628,"st":0,"bm":0},{"ddd":0,"ind":10,"ty":4,"nm":"Nose Outlines","parent":3,"sr":1,"ks":{"o":{"a":0,"k":100,"ix":11},"r":{"a":0,"k":6.995,"ix":10},"p":{"a":1,"k":[{"i":{"x":0.667,"y":1},"o":{"x":0.333,"y":0},"t":52,"s":[0.055,-0.312,0],"to":[-0.18,0.009,0],"ti":[0,0,0]},{"i":{"x":0.667,"y":1},"o":{"x":0.333,"y":0},"t":127,"s":[-1.022,-0.255,0],"to":[0,0,0],"ti":[-0.18,0.009,0]},{"t":202,"s":[0.055,-0.312,0]}],"ix":2},"a":{"a":0,"k":[57.635,50.259,0],"ix":1},"s":{"a":0,"k":[100,100,100],"ix":6}},"ao":0,"shapes":[{"ty":"gr","it":[{"ind":0,"ty":"sh","ix":1,"ks":{"a":0,"k":{"i":[[-1.445,0.104],[-0.059,-0.82],[1.207,-0.087],[0.059,0.82]],"o":[[1.447,-0.104],[0.058,0.82],[-1.206,0.086],[-0.056,-0.82]],"v":[[-0.102,-1.472],[2.211,-0.225],[0.11,1.49],[-2.213,0.092]],"c":true},"ix":2},"nm":"Path 1","mn":"ADBE Vector Shape - Group","hd":false},{"ty":"fl","c":{"a":0,"k":[0.187999994615,0.19199999641,0.20800000359,1],"ix":4},"o":{"a":0,"k":100,"ix":5},"r":1,"bm":0,"nm":"Fill 1","mn":"ADBE Vector Graphic - Fill","hd":false},{"ty":"tr","p":{"a":0,"k":[57.636,50.252],"ix":2},"a":{"a":0,"k":[0,0],"ix":1},"s":{"a":0,"k":[100,100],"ix":3},"r":{"a":0,"k":0,"ix":6},"o":{"a":0,"k":100,"ix":7},"sk":{"a":0,"k":0,"ix":4},"sa":{"a":0,"k":0,"ix":5},"nm":"Transform"}],"nm":"Group 1","np":2,"cix":2,"bm":0,"ix":1,"mn":"ADBE Vector Group","hd":false}],"ip":0,"op":628,"st":0,"bm":0},{"ddd":0,"ind":11,"ty":4,"nm":"EyeLip","parent":3,"sr":1,"ks":{"o":{"a":0,"k":100,"ix":11},"r":{"a":0,"k":4.966,"ix":10},"p":{"a":0,"k":[-4.226,-1.372,0],"ix":2},"a":{"a":0,"k":[0,0,0],"ix":1},"s":{"a":0,"k":[100,100,100],"ix":6}},"ao":0,"shapes":[{"ty":"gr","it":[{"ind":0,"ty":"sh","ix":1,"ks":{"a":1,"k":[{"i":{"x":0.667,"y":1},"o":{"x":0.333,"y":0},"t":63,"s":[{"i":[[3.714,0.118],[0,0],[-3.743,-0.243],[0,0]],"o":[[-3.714,-0.118],[0,0],[3.743,0.243],[0,0]],"v":[[-14.656,-8.08],[-21.126,-3.322],[-14.83,-7.024],[-9.817,-2.59]],"c":true}]},{"i":{"x":0.667,"y":1},"o":{"x":0.333,"y":0},"t":69,"s":[{"i":[[3.714,0.118],[0,0],[-5.257,-0.163],[0,0]],"o":[[-3.714,-0.118],[0,0],[5.257,0.163],[0,0]],"v":[[-14.656,-8.08],[-21.257,-1.638],[-15.993,7.693],[-9.949,-0.906]],"c":true}]},{"i":{"x":0.667,"y":1},"o":{"x":0.333,"y":0},"t":73,"s":[{"i":[[3.714,0.118],[0,0],[-5.257,-0.163],[0,0]],"o":[[-3.714,-0.118],[0,0],[5.257,0.163],[0,0]],"v":[[-14.656,-8.08],[-21.257,-1.638],[-15.993,7.693],[-9.949,-0.906]],"c":true}]},{"i":{"x":0.667,"y":1},"o":{"x":0.167,"y":0},"t":79,"s":[{"i":[[3.714,0.118],[0,0],[-3.743,-0.243],[0,0]],"o":[[-3.714,-0.118],[0,0],[3.743,0.243],[0,0]],"v":[[-14.656,-8.08],[-21.126,-3.322],[-14.83,-7.024],[-9.817,-2.59]],"c":true}]},{"i":{"x":0.667,"y":1},"o":{"x":0.333,"y":0},"t":146,"s":[{"i":[[3.714,0.118],[0,0],[-3.743,-0.243],[0,0]],"o":[[-3.714,-0.118],[0,0],[3.743,0.243],[0,0]],"v":[[-14.656,-8.08],[-21.126,-3.322],[-14.83,-7.024],[-9.817,-2.59]],"c":true}]},{"i":{"x":0.667,"y":1},"o":{"x":0.333,"y":0},"t":152,"s":[{"i":[[3.714,0.118],[0,0],[-5.257,-0.163],[0,0]],"o":[[-3.714,-0.118],[0,0],[5.257,0.163],[0,0]],"v":[[-14.656,-8.08],[-21.257,-1.638],[-15.993,7.693],[-9.949,-0.906]],"c":true}]},{"i":{"x":0.667,"y":1},"o":{"x":0.333,"y":0},"t":156,"s":[{"i":[[3.714,0.118],[0,0],[-5.257,-0.163],[0,0]],"o":[[-3.714,-0.118],[0,0],[5.257,0.163],[0,0]],"v":[[-14.656,-8.08],[-21.257,-1.638],[-15.993,7.693],[-9.949,-0.906]],"c":true}]},{"t":162,"s":[{"i":[[3.714,0.118],[0,0],[-3.743,-0.243],[0,0]],"o":[[-3.714,-0.118],[0,0],[3.743,0.243],[0,0]],"v":[[-14.656,-8.08],[-21.126,-3.322],[-14.83,-7.024],[-9.817,-2.59]],"c":true}]}],"ix":2},"nm":"Path 1","mn":"ADBE Vector Shape - Group","hd":false},{"ty":"fl","c":{"a":0,"k":[0.1882353127,0.192156881094,0.207843154669,1],"ix":4},"o":{"a":0,"k":100,"ix":5},"r":1,"bm":0,"nm":"Fill 1","mn":"ADBE Vector Graphic - Fill","hd":false},{"ty":"tr","p":{"a":0,"k":[0,0],"ix":2},"a":{"a":0,"k":[0,0],"ix":1},"s":{"a":0,"k":[-96.646,100],"ix":3},"r":{"a":0,"k":0,"ix":6},"o":{"a":0,"k":100,"ix":7},"sk":{"a":0,"k":0,"ix":4},"sa":{"a":0,"k":0,"ix":5},"nm":"Transform"}],"nm":"Shape 2","np":2,"cix":2,"bm":0,"ix":1,"mn":"ADBE Vector Group","hd":false},{"ty":"gr","it":[{"ind":0,"ty":"sh","ix":1,"ks":{"a":1,"k":[{"i":{"x":0.667,"y":1},"o":{"x":0.333,"y":0},"t":63,"s":[{"i":[[5.803,-0.343],[0,0],[-5.874,0.223],[0,0]],"o":[[-5.803,0.343],[0,0],[5.874,-0.223],[0,0]],"v":[[-11.439,-7.783],[-20.513,-2.261],[-11.489,-6.714],[-2.767,-2.938]],"c":true}]},{"i":{"x":0.667,"y":1},"o":{"x":0.333,"y":0},"t":69,"s":[{"i":[[5.803,-0.343],[0,0],[-8.518,0.307],[0,0]],"o":[[-5.803,0.343],[0,0],[8.518,-0.307],[0,0]],"v":[[-11.439,-7.783],[-20.404,0.612],[-10.92,9.839],[-2.658,-0.065]],"c":true}]},{"i":{"x":0.667,"y":1},"o":{"x":0.333,"y":0},"t":73,"s":[{"i":[[5.803,-0.343],[0,0],[-8.518,0.307],[0,0]],"o":[[-5.803,0.343],[0,0],[8.518,-0.307],[0,0]],"v":[[-11.439,-7.783],[-20.404,0.612],[-10.92,9.839],[-2.658,-0.065]],"c":true}]},{"i":{"x":0.667,"y":1},"o":{"x":0.167,"y":0},"t":79,"s":[{"i":[[5.803,-0.343],[0,0],[-5.874,0.223],[0,0]],"o":[[-5.803,0.343],[0,0],[5.874,-0.223],[0,0]],"v":[[-11.439,-7.783],[-20.513,-2.261],[-11.489,-6.714],[-2.767,-2.938]],"c":true}]},{"i":{"x":0.667,"y":1},"o":{"x":0.333,"y":0},"t":146,"s":[{"i":[[5.803,-0.343],[0,0],[-5.874,0.223],[0,0]],"o":[[-5.803,0.343],[0,0],[5.874,-0.223],[0,0]],"v":[[-11.439,-7.783],[-20.513,-2.261],[-11.489,-6.714],[-2.767,-2.938]],"c":true}]},{"i":{"x":0.667,"y":1},"o":{"x":0.333,"y":0},"t":152,"s":[{"i":[[5.803,-0.343],[0,0],[-8.518,0.307],[0,0]],"o":[[-5.803,0.343],[0,0],[8.518,-0.307],[0,0]],"v":[[-11.439,-7.783],[-20.404,0.612],[-10.92,9.839],[-2.658,-0.065]],"c":true}]},{"i":{"x":0.667,"y":1},"o":{"x":0.333,"y":0},"t":156,"s":[{"i":[[5.803,-0.343],[0,0],[-8.518,0.307],[0,0]],"o":[[-5.803,0.343],[0,0],[8.518,-0.307],[0,0]],"v":[[-11.439,-7.783],[-20.404,0.612],[-10.92,9.839],[-2.658,-0.065]],"c":true}]},{"t":162,"s":[{"i":[[5.803,-0.343],[0,0],[-5.874,0.223],[0,0]],"o":[[-5.803,0.343],[0,0],[5.874,-0.223],[0,0]],"v":[[-11.439,-7.783],[-20.513,-2.261],[-11.489,-6.714],[-2.767,-2.938]],"c":true}]}],"ix":2},"nm":"Path 1","mn":"ADBE Vector Shape - Group","hd":false},{"ty":"fl","c":{"a":0,"k":[0.1882353127,0.192156881094,0.207843154669,1],"ix":4},"o":{"a":0,"k":100,"ix":5},"r":1,"bm":0,"nm":"Fill 1","mn":"ADBE Vector Graphic - Fill","hd":false},{"ty":"tr","p":{"a":0,"k":[0,0],"ix":2},"a":{"a":0,"k":[0,0],"ix":1},"s":{"a":0,"k":[100,100],"ix":3},"r":{"a":0,"k":0,"ix":6},"o":{"a":0,"k":100,"ix":7},"sk":{"a":0,"k":0,"ix":4},"sa":{"a":0,"k":0,"ix":5},"nm":"Transform"}],"nm":"Shape 1","np":2,"cix":2,"bm":0,"ix":2,"mn":"ADBE Vector Group","hd":false}],"ip":0,"op":628,"st":0,"bm":0},{"ddd":0,"ind":12,"ty":4,"nm":"Iris_R Outlines","parent":3,"sr":1,"ks":{"o":{"a":0,"k":100,"ix":11},"r":{"a":0,"k":6.995,"ix":10},"p":{"a":0,"k":[-15.051,-0.615,0],"ix":2},"a":{"a":0,"k":[42.604,51.797,0],"ix":1},"s":{"a":0,"k":[100,100,100],"ix":6}},"ao":0,"shapes":[{"ty":"gr","it":[{"ind":0,"ty":"sh","ix":1,"ks":{"a":0,"k":{"i":[[0.451,0.016],[-0.019,0.526],[-0.451,-0.017],[0.019,-0.527]],"o":[[-0.451,-0.017],[0.019,-0.527],[0.452,0.016],[-0.019,0.527]],"v":[[-0.035,0.954],[-0.817,-0.029],[0.034,-0.953],[0.817,0.03]],"c":true},"ix":2},"nm":"Path 1","mn":"ADBE Vector Shape - Group","hd":false},{"ty":"fl","c":{"a":0,"k":[1,1,1,1],"ix":4},"o":{"a":0,"k":100,"ix":5},"r":1,"bm":0,"nm":"Fill 1","mn":"ADBE Vector Graphic - Fill","hd":false},{"ty":"tr","p":{"a":0,"k":[44.814,50.137],"ix":2},"a":{"a":0,"k":[0,0],"ix":1},"s":{"a":0,"k":[100,100],"ix":3},"r":{"a":0,"k":0,"ix":6},"o":{"a":0,"k":100,"ix":7},"sk":{"a":0,"k":0,"ix":4},"sa":{"a":0,"k":0,"ix":5},"nm":"Transform"}],"nm":"Group 1","np":2,"cix":2,"bm":0,"ix":1,"mn":"ADBE Vector Group","hd":false},{"ty":"gr","it":[{"ind":0,"ty":"sh","ix":1,"ks":{"a":0,"k":{"i":[[1.532,0.298],[-0.327,1.684],[-1.532,-0.298],[0.327,-1.684]],"o":[[-1.532,-0.298],[0.328,-1.684],[1.532,0.298],[-0.328,1.684]],"v":[[-0.593,3.049],[-2.774,-0.54],[0.593,-3.049],[2.774,0.54]],"c":true},"ix":2},"nm":"Path 1","mn":"ADBE Vector Shape - Group","hd":false},{"ty":"fl","c":{"a":0,"k":[0.187999994615,0.19199999641,0.20800000359,1],"ix":4},"o":{"a":0,"k":100,"ix":5},"r":1,"bm":0,"nm":"Fill 1","mn":"ADBE Vector Graphic - Fill","hd":false},{"ty":"tr","p":{"a":0,"k":[42.557,51.625],"ix":2},"a":{"a":0,"k":[0,0],"ix":1},"s":{"a":0,"k":[100,100],"ix":3},"r":{"a":0,"k":0,"ix":6},"o":{"a":0,"k":100,"ix":7},"sk":{"a":0,"k":0,"ix":4},"sa":{"a":0,"k":0,"ix":5},"nm":"Transform"}],"nm":"Group 2","np":2,"cix":2,"bm":0,"ix":2,"mn":"ADBE Vector Group","hd":false},{"ty":"gr","it":[{"ind":0,"ty":"sh","ix":1,"ks":{"a":0,"k":{"i":[[2.298,0.447],[-0.491,2.526],[-2.299,-0.447],[0.491,-2.526]],"o":[[-2.298,-0.447],[0.491,-2.526],[2.298,0.447],[-0.491,2.526]],"v":[[-0.889,4.574],[-4.161,-0.809],[0.889,-4.574],[4.161,0.809]],"c":true},"ix":2},"nm":"Path 1","mn":"ADBE Vector Shape - Group","hd":false},{"ty":"fl","c":{"a":0,"k":[0.270999983245,0.275,0.282000014361,1],"ix":4},"o":{"a":0,"k":100,"ix":5},"r":1,"bm":0,"nm":"Fill 1","mn":"ADBE Vector Graphic - Fill","hd":false},{"ty":"tr","p":{"a":0,"k":[42.604,51.797],"ix":2},"a":{"a":0,"k":[0,0],"ix":1},"s":{"a":0,"k":[100,100],"ix":3},"r":{"a":0,"k":0,"ix":6},"o":{"a":0,"k":100,"ix":7},"sk":{"a":0,"k":0,"ix":4},"sa":{"a":0,"k":0,"ix":5},"nm":"Transform"}],"nm":"Group 3","np":2,"cix":2,"bm":0,"ix":3,"mn":"ADBE Vector Group","hd":false}],"ip":0,"op":628,"st":0,"bm":0},{"ddd":0,"ind":13,"ty":4,"nm":"EyeDif_R Outlines","parent":3,"sr":1,"ks":{"o":{"a":0,"k":100,"ix":11},"r":{"a":0,"k":6.995,"ix":10},"p":{"a":0,"k":[-15.327,-0.397,0],"ix":2},"a":{"a":0,"k":[42.357,52.047,0],"ix":1},"s":{"a":0,"k":[100,100,100],"ix":6}},"ao":0,"shapes":[{"ty":"gr","it":[{"ind":0,"ty":"sh","ix":1,"ks":{"a":0,"k":{"i":[[3.305,-0.236],[0.248,3.468],[-3.305,0.237],[-0.249,-3.469]],"o":[[-3.305,0.237],[-0.249,-3.469],[3.305,-0.237],[0.248,3.468]],"v":[[0.451,6.28],[-5.984,0.429],[-0.45,-6.28],[5.984,-0.428]],"c":true},"ix":2},"nm":"Path 1","mn":"ADBE Vector Shape - Group","hd":false},{"ty":"fl","c":{"a":0,"k":[1,1,1,1],"ix":4},"o":{"a":0,"k":100,"ix":5},"r":1,"bm":0,"nm":"Fill 1","mn":"ADBE Vector Graphic - Fill","hd":false},{"ty":"tr","p":{"a":0,"k":[42.357,52.047],"ix":2},"a":{"a":0,"k":[0,0],"ix":1},"s":{"a":0,"k":[100,100],"ix":3},"r":{"a":0,"k":0,"ix":6},"o":{"a":0,"k":100,"ix":7},"sk":{"a":0,"k":0,"ix":4},"sa":{"a":0,"k":0,"ix":5},"nm":"Transform"}],"nm":"Group 1","np":2,"cix":2,"bm":0,"ix":1,"mn":"ADBE Vector Group","hd":false}],"ip":0,"op":628,"st":0,"bm":0},{"ddd":0,"ind":14,"ty":4,"nm":"EyeBlack_R Outlines","parent":3,"sr":1,"ks":{"o":{"a":0,"k":100,"ix":11},"r":{"a":0,"k":6.995,"ix":10},"p":{"a":0,"k":[-17.211,1.064,0],"ix":2},"a":{"a":0,"k":[40.665,53.727,0],"ix":1},"s":{"a":0,"k":[100,100,100],"ix":6}},"ao":0,"shapes":[{"ty":"gr","it":[{"ind":0,"ty":"sh","ix":1,"ks":{"a":0,"k":{"i":[[-0.202,-4.606],[7.313,-0.524],[0.512,7.146],[-6.442,0.271]],"o":[[0.328,7.469],[-5.537,0.397],[-0.544,-7.591],[7.296,-0.304]],"v":[[11.493,-1.984],[0.792,12.867],[-11.277,1.917],[1.077,-12.96]],"c":true},"ix":2},"nm":"Path 1","mn":"ADBE Vector Shape - Group","hd":false},{"ty":"fl","c":{"a":0,"k":[0.187999994615,0.19199999641,0.20800000359,1],"ix":4},"o":{"a":0,"k":100,"ix":5},"r":1,"bm":0,"nm":"Fill 1","mn":"ADBE Vector Graphic - Fill","hd":false},{"ty":"tr","p":{"a":0,"k":[40.563,53.766],"ix":2},"a":{"a":0,"k":[0,0],"ix":1},"s":{"a":0,"k":[100,100],"ix":3},"r":{"a":0,"k":0,"ix":6},"o":{"a":0,"k":100,"ix":7},"sk":{"a":0,"k":0,"ix":4},"sa":{"a":0,"k":0,"ix":5},"nm":"Transform"}],"nm":"Group 1","np":2,"cix":2,"bm":0,"ix":1,"mn":"ADBE Vector Group","hd":false}],"ip":0,"op":628,"st":0,"bm":0},{"ddd":0,"ind":15,"ty":4,"nm":"Iris_L Outlines","parent":1,"sr":1,"ks":{"o":{"a":0,"k":100,"ix":11},"r":{"a":0,"k":3.013,"ix":10},"p":{"a":0,"k":[-0.49,-0.298,0],"ix":2},"a":{"a":0,"k":[67.832,49.587,0],"ix":1},"s":{"a":0,"k":[100,100,100],"ix":6}},"ao":0,"shapes":[{"ty":"gr","it":[{"ind":0,"ty":"sh","ix":1,"ks":{"a":0,"k":{"i":[[0.205,0.47],[-0.306,0.134],[-0.205,-0.47],[0.305,-0.134]],"o":[[-0.206,-0.47],[0.305,-0.134],[0.207,0.47],[-0.306,0.134]],"v":[[-0.553,0.242],[-0.372,-0.851],[0.552,-0.242],[0.372,0.851]],"c":true},"ix":2},"nm":"Path 1","mn":"ADBE Vector Shape - Group","hd":false},{"ty":"fl","c":{"a":0,"k":[1,1,1,1],"ix":4},"o":{"a":0,"k":100,"ix":5},"r":1,"bm":0,"nm":"Fill 1","mn":"ADBE Vector Graphic - Fill","hd":false},{"ty":"tr","p":{"a":0,"k":[69.1,47.573],"ix":2},"a":{"a":0,"k":[0,0],"ix":1},"s":{"a":0,"k":[100,100],"ix":3},"r":{"a":0,"k":0,"ix":6},"o":{"a":0,"k":100,"ix":7},"sk":{"a":0,"k":0,"ix":4},"sa":{"a":0,"k":0,"ix":5},"nm":"Transform"}],"nm":"Group 1","np":2,"cix":2,"bm":0,"ix":1,"mn":"ADBE Vector Group","hd":false},{"ty":"gr","it":[{"ind":0,"ty":"sh","ix":1,"ks":{"a":0,"k":{"i":[[0.295,1.62],[-1.151,0.21],[-0.295,-1.62],[1.151,-0.209]],"o":[[-0.296,-1.62],[1.151,-0.209],[0.295,1.62],[-1.15,0.21]],"v":[[-2.083,0.38],[-0.535,-2.934],[2.083,-0.38],[0.535,2.933]],"c":true},"ix":2},"nm":"Path 1","mn":"ADBE Vector Shape - Group","hd":false},{"ty":"fl","c":{"a":0,"k":[0.187999994615,0.19199999641,0.20800000359,1],"ix":4},"o":{"a":0,"k":100,"ix":5},"r":1,"bm":0,"nm":"Fill 1","mn":"ADBE Vector Graphic - Fill","hd":false},{"ty":"tr","p":{"a":0,"k":[67.821,49.412],"ix":2},"a":{"a":0,"k":[0,0],"ix":1},"s":{"a":0,"k":[100,100],"ix":3},"r":{"a":0,"k":0,"ix":6},"o":{"a":0,"k":100,"ix":7},"sk":{"a":0,"k":0,"ix":4},"sa":{"a":0,"k":0,"ix":5},"nm":"Transform"}],"nm":"Group 2","np":2,"cix":2,"bm":0,"ix":2,"mn":"ADBE Vector Group","hd":false},{"ty":"gr","it":[{"ind":0,"ty":"sh","ix":1,"ks":{"a":0,"k":{"i":[[0.442,2.43],[-1.724,0.315],[-0.442,-2.429],[1.724,-0.315]],"o":[[-0.443,-2.429],[1.725,-0.314],[0.443,2.43],[-1.725,0.314]],"v":[[-3.122,0.568],[-0.802,-4.4],[3.122,-0.57],[0.802,4.4]],"c":true},"ix":2},"nm":"Path 1","mn":"ADBE Vector Shape - Group","hd":false},{"ty":"fl","c":{"a":0,"k":[0.270999983245,0.275,0.282000014361,1],"ix":4},"o":{"a":0,"k":100,"ix":5},"r":1,"bm":0,"nm":"Fill 1","mn":"ADBE Vector Graphic - Fill","hd":false},{"ty":"tr","p":{"a":0,"k":[67.832,49.587],"ix":2},"a":{"a":0,"k":[0,0],"ix":1},"s":{"a":0,"k":[100,100],"ix":3},"r":{"a":0,"k":0,"ix":6},"o":{"a":0,"k":100,"ix":7},"sk":{"a":0,"k":0,"ix":4},"sa":{"a":0,"k":0,"ix":5},"nm":"Transform"}],"nm":"Group 3","np":2,"cix":2,"bm":0,"ix":3,"mn":"ADBE Vector Group","hd":false}],"ip":0,"op":628,"st":0,"bm":0},{"ddd":0,"ind":16,"ty":4,"nm":"EyeDif_L Outlines","parent":1,"sr":1,"ks":{"o":{"a":0,"k":100,"ix":11},"r":{"a":0,"k":3.013,"ix":10},"p":{"a":0,"k":[-0.289,-0.074,0],"ix":2},"a":{"a":0,"k":[68.044,49.801,0],"ix":1},"s":{"a":0,"k":[100,100,100],"ix":6}},"ao":0,"shapes":[{"ty":"gr","it":[{"ind":0,"ty":"sh","ix":1,"ks":{"a":0,"k":{"i":[[2.438,-0.175],[0.242,3.376],[-2.439,0.175],[-0.242,-3.377]],"o":[[-2.439,0.175],[-0.243,-3.377],[2.438,-0.175],[0.242,3.376]],"v":[[0.439,6.113],[-4.415,0.316],[-0.438,-6.113],[4.417,-0.316]],"c":true},"ix":2},"nm":"Path 1","mn":"ADBE Vector Shape - Group","hd":false},{"ty":"fl","c":{"a":0,"k":[1,1,1,1],"ix":4},"o":{"a":0,"k":100,"ix":5},"r":1,"bm":0,"nm":"Fill 1","mn":"ADBE Vector Graphic - Fill","hd":false},{"ty":"tr","p":{"a":0,"k":[68.044,49.801],"ix":2},"a":{"a":0,"k":[0,0],"ix":1},"s":{"a":0,"k":[100,100],"ix":3},"r":{"a":0,"k":0,"ix":6},"o":{"a":0,"k":100,"ix":7},"sk":{"a":0,"k":0,"ix":4},"sa":{"a":0,"k":0,"ix":5},"nm":"Transform"}],"nm":"Group 1","np":2,"cix":2,"bm":0,"ix":1,"mn":"ADBE Vector Group","hd":false}],"ip":0,"op":628,"st":0,"bm":0},{"ddd":0,"ind":17,"ty":4,"nm":"EyeBlack_L Outlines","parent":1,"sr":1,"ks":{"o":{"a":0,"k":100,"ix":11},"r":{"a":0,"k":3.013,"ix":10},"p":{"a":0,"k":[1.42,1.49,0],"ix":2},"a":{"a":0,"k":[69.833,51.273,0],"ix":1},"s":{"a":0,"k":[100,100,100],"ix":6}},"ao":0,"shapes":[{"ty":"gr","it":[{"ind":0,"ty":"sh","ix":1,"ks":{"a":0,"k":{"i":[[-0.41,-4.468],[-5.162,0.37],[0.498,6.957],[4.526,-0.511]],"o":[[0.666,7.247],[3.908,-0.28],[-0.53,-7.392],[-5.126,0.579]],"v":[[-8.218,-0.536],[1.023,12.516],[8.13,0.504],[-2.267,-12.375]],"c":true},"ix":2},"nm":"Path 1","mn":"ADBE Vector Shape - Group","hd":false},{"ty":"fl","c":{"a":0,"k":[0.187999994615,0.19199999641,0.20800000359,1],"ix":4},"o":{"a":0,"k":100,"ix":5},"r":1,"bm":0,"nm":"Fill 1","mn":"ADBE Vector Graphic - Fill","hd":false},{"ty":"tr","p":{"a":0,"k":[69.891,51.209],"ix":2},"a":{"a":0,"k":[0,0],"ix":1},"s":{"a":0,"k":[100,100],"ix":3},"r":{"a":0,"k":0,"ix":6},"o":{"a":0,"k":100,"ix":7},"sk":{"a":0,"k":0,"ix":4},"sa":{"a":0,"k":0,"ix":5},"nm":"Transform"}],"nm":"Group 1","np":2,"cix":2,"bm":0,"ix":1,"mn":"ADBE Vector Group","hd":false}],"ip":0,"op":628,"st":0,"bm":0},{"ddd":0,"ind":18,"ty":4,"nm":"Ear_L Outlines 2","parent":2,"sr":1,"ks":{"o":{"a":0,"k":100,"ix":11},"r":{"a":0,"k":2,"ix":10},"p":{"a":0,"k":[15.324,-52.888,0],"ix":2},"a":{"a":0,"k":[67.219,37.734,0],"ix":1},"s":{"a":0,"k":[100,100,100],"ix":6}},"ao":0,"shapes":[{"ty":"gr","it":[{"ind":0,"ty":"sh","ix":1,"ks":{"a":1,"k":[{"i":{"x":0.667,"y":1},"o":{"x":0.333,"y":0},"t":52,"s":[{"i":[[9.06,1.586],[-1.775,0.127],[-0.453,-6.319],[1.096,-1.911]],"o":[[1.448,-0.829],[6.319,-0.453],[0.169,2.363],[-1.653,-8.265]],"v":[[-6.382,-9.524],[-0.82,-11.443],[11.443,-0.82],[9.957,5.7]],"c":true}]},{"i":{"x":0.667,"y":1},"o":{"x":0.333,"y":0},"t":127,"s":[{"i":[[7.073,3.027],[-1.775,0.127],[-0.453,-6.319],[1.096,-1.911]],"o":[[1.448,-0.829],[6.319,-0.453],[0.169,2.363],[-3.016,-6.573]],"v":[[-7.476,-9.118],[-0.82,-11.443],[11.443,-0.82],[9.769,7.45]],"c":true}]},{"t":202,"s":[{"i":[[9.06,1.586],[-1.775,0.127],[-0.453,-6.319],[1.096,-1.911]],"o":[[1.448,-0.829],[6.319,-0.453],[0.169,2.363],[-1.653,-8.265]],"v":[[-6.382,-9.524],[-0.82,-11.443],[11.443,-0.82],[9.957,5.7]],"c":true}]}],"ix":2},"nm":"Path 1","mn":"ADBE Vector Shape - Group","hd":false},{"ty":"fl","c":{"a":0,"k":[0.187999994615,0.19199999641,0.20800000359,1],"ix":4},"o":{"a":0,"k":100,"ix":5},"r":1,"bm":0,"nm":"Fill 1","mn":"ADBE Vector Graphic - Fill","hd":false},{"ty":"tr","p":{"a":0,"k":[67.219,37.734],"ix":2},"a":{"a":0,"k":[0,0],"ix":1},"s":{"a":0,"k":[100,100],"ix":3},"r":{"a":0,"k":0,"ix":6},"o":{"a":0,"k":100,"ix":7},"sk":{"a":0,"k":0,"ix":4},"sa":{"a":0,"k":0,"ix":5},"nm":"Transform"}],"nm":"Group 1","np":2,"cix":2,"bm":0,"ix":1,"mn":"ADBE Vector Group","hd":false}],"ip":0,"op":628,"st":0,"bm":0},{"ddd":0,"ind":19,"ty":4,"nm":"FaceBG Outlines","parent":2,"sr":1,"ks":{"o":{"a":0,"k":100,"ix":11},"r":{"a":0,"k":2,"ix":10},"p":{"a":0,"k":[-2.152,-41.975,0],"ix":2},"a":{"a":0,"k":[50.134,49.25,0],"ix":1},"s":{"a":0,"k":[100,100,100],"ix":6}},"ao":0,"shapes":[{"ty":"gr","it":[{"ind":0,"ty":"sh","ix":1,"ks":{"a":0,"k":{"i":[[1.008,14.068],[-12.102,1.454],[0,0],[-2.959,-15.406],[-0.307,-0.835],[14.77,-1.284],[0,0],[0.184,-0.012],[0.183,-0.012],[0,0]],"o":[[-1.002,-13.982],[0,0],[11.853,-0.28],[0.167,0.875],[5.42,14.769],[0,0],[-0.183,0.014],[-0.182,0.016],[0,0],[-15.205,0.858]],"v":[[-30.836,4.382],[-3.839,-22.342],[-2.744,-22.42],[25.696,-2.692],[26.418,-0.125],[0.422,21.764],[0.423,21.773],[-0.127,21.81],[-0.675,21.852],[-0.676,21.842]],"c":true},"ix":2},"nm":"Path 1","mn":"ADBE Vector Shape - Group","hd":false},{"ty":"fl","c":{"a":0,"k":[1,1,1,1],"ix":4},"o":{"a":0,"k":100,"ix":5},"r":1,"bm":0,"nm":"Fill 1","mn":"ADBE Vector Graphic - Fill","hd":false},{"ty":"tr","p":{"a":0,"k":[51.842,49.493],"ix":2},"a":{"a":0,"k":[0,0],"ix":1},"s":{"a":0,"k":[100,100],"ix":3},"r":{"a":0,"k":0,"ix":6},"o":{"a":0,"k":100,"ix":7},"sk":{"a":0,"k":0,"ix":4},"sa":{"a":0,"k":0,"ix":5},"nm":"Transform"}],"nm":"Group 1","np":2,"cix":2,"bm":0,"ix":1,"mn":"ADBE Vector Group","hd":false}],"ip":0,"op":628,"st":0,"bm":0},{"ddd":0,"ind":20,"ty":4,"nm":"Hand_R Outlines","parent":21,"sr":1,"ks":{"o":{"a":0,"k":100,"ix":11},"r":{"a":0,"k":0,"ix":10},"p":{"a":0,"k":[28.236,77.965,0],"ix":2},"a":{"a":0,"k":[28.082,77.989,0],"ix":1},"s":{"a":0,"k":[100,100,100],"ix":6}},"ao":0,"shapes":[{"ty":"gr","it":[{"ind":0,"ty":"sh","ix":1,"ks":{"a":1,"k":[{"i":{"x":0.833,"y":0.833},"o":{"x":0.333,"y":0},"t":113,"s":[{"i":[[1.453,0.462],[-0.534,1.679],[-1.453,-0.463],[0.534,-1.678]],"o":[[-1.453,-0.463],[0.535,-1.678],[1.452,0.462],[-0.534,1.679]],"v":[[-0.967,3.039],[-2.631,-0.837],[0.967,-3.038],[2.63,0.837]],"c":true}]},{"i":{"x":0.667,"y":1},"o":{"x":0.167,"y":0.167},"t":114,"s":[{"i":[[0.395,0.012],[-0.15,1.212],[-0.396,-0.016],[0.147,-1.189]],"o":[[-0.395,-0.012],[0.15,-1.212],[0.396,0.016],[-0.147,1.189]],"v":[[3.419,3.493],[3.011,1.054],[4.003,-1.272],[4.416,1.079]],"c":true}]},{"i":{"x":0.667,"y":1},"o":{"x":0.167,"y":0},"t":116,"s":[{"i":[[0.219,0.038],[-0.18,0.817],[-0.241,-0.067],[0.155,-0.707]],"o":[[-0.219,-0.038],[0.18,-0.817],[0.241,0.067],[-0.155,0.707]],"v":[[7.015,2.596],[7.352,0.042],[8.155,-2.117],[7.877,0.013]],"c":true}]},{"i":{"x":0.667,"y":1},"o":{"x":0.167,"y":0},"t":119,"s":[{"i":[[0.628,0.121],[-0.105,0.833],[-0.702,-0.161],[0.089,-0.721]],"o":[[-0.628,-0.121],[0.105,-0.833],[0.702,0.161],[-0.089,0.721]],"v":[[4.763,3.755],[4.463,1.069],[5.652,-1.014],[5.908,1.227]],"c":true}]},{"i":{"x":0.833,"y":1},"o":{"x":0.167,"y":0},"t":194.883,"s":[{"i":[[0.628,0.121],[-0.105,0.833],[-0.702,-0.161],[0.089,-0.721]],"o":[[-0.628,-0.121],[0.105,-0.833],[0.702,0.161],[-0.089,0.721]],"v":[[-0.219,2.339],[-0.519,-0.347],[0.671,-2.43],[0.927,-0.19]],"c":true}]},{"t":202,"s":[{"i":[[1.453,0.462],[-0.534,1.679],[-1.453,-0.463],[0.534,-1.678]],"o":[[-1.453,-0.463],[0.535,-1.678],[1.452,0.462],[-0.534,1.679]],"v":[[-0.967,3.039],[-2.631,-0.837],[0.967,-3.038],[2.63,0.837]],"c":true}]}],"ix":2},"nm":"Path 1","mn":"ADBE Vector Shape - Group","hd":false},{"ty":"fl","c":{"a":0,"k":[0.270999983245,0.275,0.282000014361,1],"ix":4},"o":{"a":0,"k":100,"ix":5},"r":1,"bm":0,"nm":"Fill 1","mn":"ADBE Vector Graphic - Fill","hd":false},{"ty":"tr","p":{"a":1,"k":[{"i":{"x":0.667,"y":1},"o":{"x":0.333,"y":0},"t":113,"s":[25.396,77.409],"to":[3.833,0.167],"ti":[-3.833,-0.167]},{"i":{"x":0.667,"y":0.667},"o":{"x":0.167,"y":0.167},"t":125,"s":[48.396,78.409],"to":[0,0],"ti":[0,0]},{"i":{"x":0.833,"y":1},"o":{"x":0.167,"y":0},"t":191,"s":[48.396,78.409],"to":[-3.833,-0.167],"ti":[3.833,0.167]},{"t":202,"s":[25.396,77.409]}],"ix":2},"a":{"a":0,"k":[0,0],"ix":1},"s":{"a":1,"k":[{"t":113,"s":[100,100],"h":1},{"t":121,"s":[0,0],"h":1},{"t":194.8828125,"s":[100,100],"h":1}],"ix":3},"r":{"a":0,"k":0,"ix":6},"o":{"a":0,"k":100,"ix":7},"sk":{"a":0,"k":0,"ix":4},"sa":{"a":0,"k":0,"ix":5},"nm":"Transform"}],"nm":"Group 1","np":2,"cix":2,"bm":0,"ix":1,"mn":"ADBE Vector Group","hd":false},{"ty":"gr","it":[{"ind":0,"ty":"sh","ix":1,"ks":{"a":1,"k":[{"i":{"x":0.833,"y":0.833},"o":{"x":0.333,"y":0},"t":113,"s":[{"i":[[-0.553,1.328],[-0.796,0.035],[-1.468,1.581],[0.027,0.788],[-0.412,0.357],[-1.895,-0.732],[-0.455,-2.486],[5.519,2.049],[-0.701,1.043],[0.112,0.256],[0,0]],"o":[[0.293,-0.619],[1.194,-0.391],[1.23,-1.326],[-0.146,-0.545],[1.582,-1.38],[2.249,0.696],[0.98,6.171],[-2.118,-0.786],[0.375,-0.557],[-0.066,-0.132],[-1.349,-0.763]],"v":[[-7.827,-0.786],[-6.066,-1.717],[-6.089,-4.736],[-2.973,-5.348],[-2.617,-6.766],[2.902,-6.023],[7.4,-0.943],[-3.04,6.097],[-6.413,2.963],[-5.854,2.229],[-6.16,1.949]],"c":true}]},{"i":{"x":0.833,"y":0.833},"o":{"x":0.167,"y":0.167},"t":114,"s":[{"i":[[-0.618,0.18],[-0.687,0.845],[-0.336,1.234],[-0.073,1.098],[0.42,0.714],[0.81,0.082],[0.899,-0.554],[0.612,-1.254],[0.19,-1.588],[-0.666,-0.639],[-0.743,-0.098]],"o":[[0.618,-0.18],[0.687,-0.845],[0.336,-1.234],[0.073,-1.098],[-0.42,-0.714],[-0.81,-0.082],[-0.899,0.554],[-0.612,1.254],[-0.19,1.588],[0.666,0.639],[0.743,0.098]],"v":[[3.271,6.584],[5.208,5.245],[6.65,2.189],[7.156,-1.114],[6.554,-3.814],[4.722,-4.83],[2.274,-4.197],[-0.093,-1.372],[-1.248,2.711],[-0.338,5.761],[1.432,6.617]],"c":true}]},{"i":{"x":0.833,"y":0.833},"o":{"x":0.167,"y":0.167},"t":115,"s":[{"i":[[-0.42,0.128],[-0.452,0.733],[-0.203,1.111],[-0.025,1.002],[0.305,0.68],[0.558,0.124],[0.605,-0.454],[0.392,-1.113],[0.094,-1.444],[-0.472,-0.626],[-0.513,-0.135]],"o":[[0.42,-0.128],[0.452,-0.733],[0.203,-1.111],[0.025,-1.002],[-0.305,-0.68],[-0.558,-0.124],[-0.605,0.454],[-0.392,1.113],[-0.094,1.444],[0.472,0.626],[0.513,0.135]],"v":[[5.558,6.241],[6.857,5.131],[7.778,2.418],[8.051,-0.58],[7.576,-3.09],[6.295,-4.132],[4.628,-3.699],[3.067,-1.252],[2.367,2.42],[3.061,5.27],[4.295,6.161]],"c":true}]},{"i":{"x":0.833,"y":0.833},"o":{"x":0.167,"y":0.167},"t":116,"s":[{"i":[[-0.879,0.195],[-0.787,0.857],[-0.142,1.234],[0.214,1.092],[0.845,0.698],[1.247,0.06],[1.193,-0.574],[0.553,-1.261],[-0.183,-1.581],[-1.193,-0.617],[-1.15,-0.078]],"o":[[0.879,-0.195],[0.787,-0.857],[0.142,-1.234],[-0.214,-1.092],[-0.845,-0.698],[-1.247,-0.06],[-1.193,0.574],[-0.553,1.261],[0.183,1.581],[1.193,0.617],[1.15,0.078]],"v":[[13.597,5.995],[16.123,4.615],[17.397,1.543],[17.184,-1.749],[15.478,-4.413],[12.414,-5.373],[8.906,-4.678],[6.17,-1.811],[5.634,2.272],[7.908,5.275],[10.831,6.077]],"c":true}]},{"i":{"x":0.667,"y":1},"o":{"x":0.167,"y":0.167},"t":119,"s":[{"i":[[-0.879,0.195],[-0.787,0.857],[-0.142,1.234],[0.214,1.092],[0.845,0.698],[1.247,0.06],[1.193,-0.574],[0.553,-1.261],[-0.183,-1.581],[-1.193,-0.617],[-1.15,-0.078]],"o":[[0.879,-0.195],[0.787,-0.857],[0.142,-1.234],[-0.214,-1.092],[-0.845,-0.698],[-1.247,-0.06],[-1.193,0.574],[-0.553,1.261],[0.183,1.581],[1.193,0.617],[1.15,0.078]],"v":[[13.597,5.995],[16.123,4.615],[17.397,1.543],[17.184,-1.749],[15.478,-4.413],[12.414,-5.373],[8.906,-4.678],[6.17,-1.811],[5.634,2.272],[7.908,5.275],[10.831,6.077]],"c":true}]},{"i":{"x":0.667,"y":1},"o":{"x":0.167,"y":0},"t":125,"s":[{"i":[[-0.058,1.396],[0.573,0.251],[0.525,1.884],[-0.295,0.731],[0.177,0.448],[1.963,-0.378],[1.129,-2.93],[-5.725,-1.373],[0.151,1.169],[-0.172,0.209],[0,0]],"o":[[0.001,-0.66],[-0.741,-0.694],[-0.441,-1.579],[0.298,-0.471],[-0.68,-1.727],[-2.022,0.389],[-1.129,2.93],[4.334,1.04],[-0.081,-0.625],[0.095,-0.106],[1.258,-0.345]],"v":[[30.281,3.222],[29.312,1.867],[30.383,-0.956],[28.308,-2.383],[28.541,-3.809],[20.885,-5.749],[15.531,-1.379],[20.937,7.749],[27.932,6.347],[27.777,5.506],[28.099,5.327]],"c":true}]},{"i":{"x":0.833,"y":1},"o":{"x":0.167,"y":0},"t":191,"s":[{"i":[[-0.058,1.396],[0.573,0.251],[0.525,1.884],[-0.295,0.731],[0.177,0.448],[1.963,-0.378],[1.129,-2.93],[-5.725,-1.373],[0.151,1.169],[-0.172,0.209],[0,0]],"o":[[0.001,-0.66],[-0.741,-0.694],[-0.441,-1.579],[0.298,-0.471],[-0.68,-1.727],[-2.022,0.389],[-1.129,2.93],[4.334,1.04],[-0.081,-0.625],[0.095,-0.106],[1.258,-0.345]],"v":[[30.281,3.222],[29.312,1.867],[30.383,-0.956],[28.308,-2.383],[28.541,-3.809],[20.885,-5.749],[15.531,-1.379],[20.937,7.749],[27.932,6.347],[27.777,5.506],[28.099,5.327]],"c":true}]},{"t":202,"s":[{"i":[[-0.553,1.328],[-0.796,0.035],[-1.468,1.581],[0.027,0.788],[-0.412,0.357],[-1.895,-0.732],[-0.455,-2.486],[5.519,2.049],[-0.701,1.043],[0.112,0.256],[0,0]],"o":[[0.293,-0.619],[1.194,-0.391],[1.23,-1.326],[-0.146,-0.545],[1.582,-1.38],[2.249,0.696],[0.98,6.171],[-2.118,-0.786],[0.375,-0.557],[-0.066,-0.132],[-1.349,-0.763]],"v":[[-7.827,-0.786],[-6.066,-1.717],[-6.089,-4.736],[-2.973,-5.348],[-2.617,-6.766],[2.902,-6.023],[7.4,-0.943],[-3.04,6.097],[-6.413,2.963],[-5.854,2.229],[-6.16,1.949]],"c":true}]}],"ix":2},"nm":"Path 1","mn":"ADBE Vector Shape - Group","hd":false},{"ty":"fl","c":{"a":0,"k":[0.187999994615,0.19199999641,0.20800000359,1],"ix":4},"o":{"a":0,"k":100,"ix":5},"r":1,"bm":0,"nm":"Fill 1","mn":"ADBE Vector Graphic - Fill","hd":false},{"ty":"tr","p":{"a":0,"k":[25.904,77.333],"ix":2},"a":{"a":0,"k":[0,0],"ix":1},"s":{"a":0,"k":[100,100],"ix":3},"r":{"a":0,"k":0,"ix":6},"o":{"a":0,"k":100,"ix":7},"sk":{"a":0,"k":0,"ix":4},"sa":{"a":0,"k":0,"ix":5},"nm":"Transform"}],"nm":"Group 2","np":2,"cix":2,"bm":0,"ix":2,"mn":"ADBE Vector Group","hd":false}],"ip":0,"op":628,"st":0,"bm":0},{"ddd":0,"ind":21,"ty":4,"nm":"Arm_R Outlines","parent":2,"sr":1,"ks":{"o":{"a":0,"k":100,"ix":11},"r":{"a":1,"k":[{"i":{"x":[0.667],"y":[1]},"o":{"x":[0.333],"y":[0.296]},"t":52,"s":[4.172]},{"i":{"x":[0.667],"y":[1]},"o":{"x":[0.333],"y":[0]},"t":82,"s":[21]},{"i":{"x":[0.667],"y":[1.275]},"o":{"x":[0.333],"y":[0]},"t":115,"s":[2]},{"i":{"x":[0.667],"y":[1]},"o":{"x":[0.333],"y":[0.696]},"t":139,"s":[-19.751]},{"i":{"x":[0.667],"y":[1]},"o":{"x":[0.333],"y":[0]},"t":169,"s":[-9]},{"i":{"x":[0.667],"y":[0.388]},"o":{"x":[0.333],"y":[0]},"t":194,"s":[2]},{"t":202,"s":[4.172]}],"ix":10},"p":{"a":0,"k":[-11.612,-19.277,0],"ix":2},"a":{"a":0,"k":[41.472,72.265,0],"ix":1},"s":{"a":0,"k":[100,100,100],"ix":6}},"ao":0,"shapes":[{"ty":"gr","it":[{"ind":0,"ty":"sh","ix":1,"ks":{"a":1,"k":[{"i":{"x":0.833,"y":0.833},"o":{"x":0.333,"y":0},"t":113,"s":[{"i":[[-0.565,0.062],[-3.049,1.235],[-0.411,-1.684],[0,0],[0.313,-0.584],[8.187,-2.5],[0.006,-0.001],[-0.712,1.95],[0,0],[-1.377,-0.053]],"o":[[2.76,-0.304],[3.049,-1.235],[0,0],[0.155,0.635],[-1.148,2.146],[-1.106,0.338],[-2.238,0.216],[0,0],[0.437,-1.194],[0.455,0.016]],"v":[[-2.872,-4.832],[4.926,-6.614],[10.411,-5.035],[10.42,-5.006],[10.172,-3.127],[-2.654,6.613],[-6.607,7.467],[-9.863,3.744],[-7.46,-2.839],[-4.406,-4.773]],"c":true}]},{"i":{"x":0.833,"y":0.833},"o":{"x":0.167,"y":0.167},"t":116,"s":[{"i":[[-1.397,1.109],[-3.007,1.331],[-0.464,-1.669],[0,0],[0.22,-0.617],[1.122,-1.804],[1.304,-0.255],[0.662,0.45],[0.3,0.948],[-0.155,1.33]],"o":[[1.397,-1.109],[3.007,-1.331],[0,0],[0.175,0.629],[-0.717,1.803],[-1.122,1.804],[-1.304,0.255],[-0.662,-0.45],[-0.302,-0.979],[0.155,-1.33]],"v":[[-1.494,-3.607],[3.972,-7.103],[9.503,-5.7],[9.512,-5.672],[9.382,-3.666],[5.266,3.813],[1.616,6.647],[-1.938,5.82],[-3.544,3.588],[-3.892,-0.038]],"c":true}]},{"i":{"x":0.833,"y":0.833},"o":{"x":0.167,"y":0.167},"t":119,"s":[{"i":[[-0.454,2.285],[-2.964,1.427],[-0.518,-1.654],[0,0],[0.127,-0.65],[0.15,-1.104],[0.026,-1.554],[1.29,-0.319],[0,0],[0.582,1.395]],"o":[[0.454,-2.285],[2.964,-1.427],[0,0],[0.195,0.624],[-0.286,1.461],[-0.15,1.104],[-0.026,1.554],[-1.29,0.319],[-1.262,-0.155],[-0.582,-1.395]],"v":[[-2.257,0.15],[3.019,-7.592],[8.595,-6.366],[8.605,-6.338],[8.592,-4.206],[7.18,-0.416],[7.519,4.237],[4.959,7.314],[2.079,7.563],[-1.534,5.367]],"c":true}]},{"i":{"x":0.667,"y":1},"o":{"x":0.167,"y":0.167},"t":122,"s":[{"i":[[1.119,1.76],[-0.212,2.341],[-1.37,0.334],[-0.748,-0.236],[-0.535,-0.648],[-0.715,-0.583],[-0.3,-1.069],[0.581,-1.065],[0.617,-0.58],[1.491,0.423]],"o":[[-1.119,-1.76],[0.212,-2.341],[1.37,-0.334],[0.819,0.462],[0.477,0.942],[0.715,0.583],[0.3,1.069],[-0.581,1.065],[-1.075,0.524],[-1.491,-0.423]],"v":[[3.054,3.552],[0.875,-2.539],[3.531,-6.542],[6.924,-6.341],[8.731,-4.697],[11.961,-1.391],[15.211,1.948],[14.795,5.149],[12.82,7.392],[9.056,7.527]],"c":true}]},{"i":{"x":0.833,"y":1},"o":{"x":0.333,"y":0},"t":125,"s":[{"i":[[2.015,1.46],[0.992,1.533],[-1.651,1.971],[-0.856,-0.756],[-0.912,-0.647],[-1.209,-0.286],[-0.485,-0.792],[0.177,-1.49],[0.968,-0.91],[2.009,-0.131]],"o":[[-2.015,-1.46],[-0.992,-1.533],[1.453,-1.735],[0.856,0.756],[0.912,0.647],[1.209,0.286],[0.485,0.792],[-0.177,1.49],[-0.968,0.91],[-2.009,0.131]],"v":[[6.079,5.491],[2.176,1.774],[2.237,-6.309],[7.083,-7.099],[8.811,-4.977],[14.685,-1.947],[19.593,0.643],[20.399,3.916],[18.94,7.295],[15.089,8.757]],"c":true}]},{"i":{"x":0.833,"y":0.742},"o":{"x":0.167,"y":0},"t":157,"s":[{"i":[[2.015,1.46],[0.891,2.411],[-1.767,0.684],[-1.182,-0.574],[-1.002,-0.681],[-1.209,-0.286],[-0.485,-0.792],[0.177,-1.49],[0.968,-0.91],[2.009,-0.131]],"o":[[-2.015,-1.46],[-0.891,-2.411],[1.767,-0.684],[1.182,0.574],[1.002,0.681],[1.209,0.286],[0.485,0.792],[-0.177,1.49],[-0.968,0.91],[-2.009,0.131]],"v":[[6.079,5.491],[0.908,-0.49],[2.363,-6.668],[5.99,-6.656],[10.284,-4.13],[14.685,-1.947],[19.593,0.643],[20.399,3.916],[18.94,7.295],[15.089,8.757]],"c":true}]},{"i":{"x":0.833,"y":0.833},"o":{"x":0.167,"y":0.258},"t":191,"s":[{"i":[[2.015,1.46],[0.994,2.973],[-1.767,0.684],[-1.013,-0.362],[-0.915,-0.648],[-1.209,-0.286],[-0.485,-0.792],[0.177,-1.49],[0.968,-0.91],[2.009,-0.131]],"o":[[-2.015,-1.46],[-0.994,-2.973],[1.767,-0.684],[1.013,0.362],[0.915,0.648],[1.209,0.286],[0.485,0.792],[-0.177,1.49],[-0.968,0.91],[-2.009,0.131]],"v":[[6.079,5.491],[1.23,-0.272],[2.363,-6.668],[5.99,-6.656],[8.86,-4.949],[14.685,-1.947],[19.593,0.643],[20.399,3.916],[18.94,7.295],[15.089,8.757]],"c":true}]},{"i":{"x":0.667,"y":1},"o":{"x":0.167,"y":0.167},"t":196.176,"s":[{"i":[[-0.454,2.285],[-2.964,1.427],[-0.518,-1.654],[0,0],[0.127,-0.65],[0.15,-1.104],[0.026,-1.554],[1.29,-0.319],[0,0],[0.582,1.395]],"o":[[0.454,-2.285],[2.964,-1.427],[0,0],[0.195,0.624],[-0.286,1.461],[-0.15,1.104],[-0.026,1.554],[-1.29,0.319],[-1.262,-0.155],[-0.582,-1.395]],"v":[[-2.257,0.15],[3.019,-7.592],[8.595,-6.366],[8.605,-6.338],[8.592,-4.206],[7.18,-0.416],[7.519,4.237],[4.959,7.314],[2.079,7.563],[-1.534,5.367]],"c":true}]},{"t":202,"s":[{"i":[[-0.565,0.062],[-3.049,1.235],[-0.411,-1.684],[0,0],[0.313,-0.584],[8.187,-2.5],[0.006,-0.001],[-0.712,1.95],[0,0],[-1.377,-0.053]],"o":[[2.76,-0.304],[3.049,-1.235],[0,0],[0.155,0.635],[-1.148,2.146],[-1.106,0.338],[-2.238,0.216],[0,0],[0.437,-1.194],[0.455,0.016]],"v":[[-2.872,-4.832],[4.926,-6.614],[10.411,-5.035],[10.42,-5.006],[10.172,-3.127],[-2.654,6.613],[-6.607,7.467],[-9.863,3.744],[-7.46,-2.839],[-4.406,-4.773]],"c":true}]}],"ix":2},"nm":"Path 1","mn":"ADBE Vector Shape - Group","hd":false},{"ty":"fl","c":{"a":0,"k":[0.187999994615,0.19199999641,0.20800000359,1],"ix":4},"o":{"a":0,"k":100,"ix":5},"r":1,"bm":0,"nm":"Fill 1","mn":"ADBE Vector Graphic - Fill","hd":false},{"ty":"tr","p":{"a":0,"k":[34.025,76.597],"ix":2},"a":{"a":0,"k":[0,0],"ix":1},"s":{"a":0,"k":[100,100],"ix":3},"r":{"a":0,"k":0,"ix":6},"o":{"a":0,"k":100,"ix":7},"sk":{"a":0,"k":0,"ix":4},"sa":{"a":0,"k":0,"ix":5},"nm":"Transform"}],"nm":"Group 1","np":2,"cix":2,"bm":0,"ix":1,"mn":"ADBE Vector Group","hd":false}],"ip":0,"op":620,"st":-8,"bm":0},{"ddd":0,"ind":22,"ty":4,"nm":"Body Outlines","parent":2,"sr":1,"ks":{"o":{"a":0,"k":100,"ix":11},"r":{"a":0,"k":2,"ix":10},"p":{"a":0,"k":[-1.481,-9.499,0],"ix":2},"a":{"a":0,"k":[51.938,81.684,0],"ix":1},"s":{"a":0,"k":[100,100,100],"ix":6}},"ao":0,"shapes":[{"ty":"gr","it":[{"ind":0,"ty":"sh","ix":1,"ks":{"a":0,"k":{"i":[[1.046,5.845],[5.455,-0.39],[1.279,-4.255],[-0.635,-0.935],[-11.334,1.917]],"o":[[-1.419,-1.635],[-11.851,0.85],[0.328,1.066],[2.301,3.047],[8.882,-1.504]],"v":[[14.392,-6.126],[4.724,-8.564],[-15.438,1.259],[-13.973,4.286],[4.852,7.037]],"c":true},"ix":2},"nm":"Path 1","mn":"ADBE Vector Shape - Group","hd":false},{"ty":"fl","c":{"a":0,"k":[1,1,1,1],"ix":4},"o":{"a":0,"k":100,"ix":5},"r":1,"bm":0,"nm":"Fill 1","mn":"ADBE Vector Graphic - Fill","hd":false},{"ty":"tr","p":{"a":0,"k":[52.583,87.473],"ix":2},"a":{"a":0,"k":[0,0],"ix":1},"s":{"a":0,"k":[100,100],"ix":3},"r":{"a":0,"k":0,"ix":6},"o":{"a":0,"k":100,"ix":7},"sk":{"a":0,"k":0,"ix":4},"sa":{"a":0,"k":0,"ix":5},"nm":"Transform"}],"nm":"Group 1","np":2,"cix":2,"bm":0,"ix":1,"mn":"ADBE Vector Group","hd":false},{"ty":"gr","it":[{"ind":0,"ty":"sh","ix":1,"ks":{"a":0,"k":{"i":[[0,0],[-1.048,2.73],[-0.07,1.619],[0,0],[-0.189,-0.157],[-0.945,-5.877]],"o":[[-0.919,-2.746],[1.821,-4.738],[0,0],[0.237,0.064],[2.107,1.745],[0,0]],"v":[[-14.42,10.55],[-14.188,1.996],[-12.268,-8.445],[6.205,-10.229],[8.49,-10.393],[15.339,3.22]],"c":true},"ix":2},"nm":"Path 1","mn":"ADBE Vector Shape - Group","hd":false},{"ty":"fl","c":{"a":0,"k":[0.187999994615,0.19199999641,0.20800000359,1],"ix":4},"o":{"a":0,"k":100,"ix":5},"r":1,"bm":0,"nm":"Fill 1","mn":"ADBE Vector Graphic - Fill","hd":false},{"ty":"tr","p":{"a":0,"k":[51.675,78.462],"ix":2},"a":{"a":0,"k":[0,0],"ix":1},"s":{"a":0,"k":[100,100],"ix":3},"r":{"a":0,"k":0,"ix":6},"o":{"a":0,"k":100,"ix":7},"sk":{"a":0,"k":0,"ix":4},"sa":{"a":0,"k":0,"ix":5},"nm":"Transform"}],"nm":"Group 2","np":2,"cix":2,"bm":0,"ix":2,"mn":"ADBE Vector Group","hd":false}],"ip":0,"op":628,"st":0,"bm":0},{"ddd":0,"ind":23,"ty":4,"nm":"Ear_L Outlines","parent":2,"sr":1,"ks":{"o":{"a":0,"k":100,"ix":11},"r":{"a":0,"k":2,"ix":10},"p":{"a":0,"k":[15.324,-52.888,0],"ix":2},"a":{"a":0,"k":[67.219,37.734,0],"ix":1},"s":{"a":0,"k":[100,100,100],"ix":6}},"ao":0,"shapes":[{"ty":"gr","it":[{"ind":0,"ty":"sh","ix":1,"ks":{"a":0,"k":{"i":[[6.462,-0.463],[0.463,6.463],[-6.463,0.463],[-0.464,-6.462]],"o":[[-6.463,0.463],[-0.463,-6.463],[6.462,-0.463],[0.463,6.463]],"v":[[0.839,11.702],[-11.702,0.839],[-0.839,-11.702],[11.702,-0.839]],"c":true},"ix":2},"nm":"Path 1","mn":"ADBE Vector Shape - Group","hd":false},{"ty":"fl","c":{"a":0,"k":[0.187999994615,0.19199999641,0.20800000359,1],"ix":4},"o":{"a":0,"k":100,"ix":5},"r":1,"bm":0,"nm":"Fill 1","mn":"ADBE Vector Graphic - Fill","hd":false},{"ty":"tr","p":{"a":0,"k":[67.219,37.734],"ix":2},"a":{"a":0,"k":[0,0],"ix":1},"s":{"a":0,"k":[100,100],"ix":3},"r":{"a":0,"k":0,"ix":6},"o":{"a":0,"k":100,"ix":7},"sk":{"a":0,"k":0,"ix":4},"sa":{"a":0,"k":0,"ix":5},"nm":"Transform"}],"nm":"Group 1","np":2,"cix":2,"bm":0,"ix":1,"mn":"ADBE Vector Group","hd":false}],"ip":0,"op":628,"st":0,"bm":0},{"ddd":0,"ind":24,"ty":4,"nm":"Arm_L Outlines","parent":2,"sr":1,"ks":{"o":{"a":0,"k":100,"ix":11},"r":{"a":1,"k":[{"i":{"x":[0.667],"y":[1]},"o":{"x":[0.333],"y":[0.296]},"t":52,"s":[0.514]},{"i":{"x":[0.667],"y":[1]},"o":{"x":[0.333],"y":[0]},"t":82,"s":[-11]},{"i":{"x":[0.667],"y":[1]},"o":{"x":[0.333],"y":[0]},"t":119,"s":[2]},{"i":{"x":[0.667],"y":[1]},"o":{"x":[0.333],"y":[0]},"t":157,"s":[-11]},{"i":{"x":[0.667],"y":[0.388]},"o":{"x":[0.333],"y":[0]},"t":194,"s":[2]},{"t":202,"s":[0.514]}],"ix":10},"p":{"a":0,"k":[6.738,-19.541,0],"ix":2},"a":{"a":0,"k":[59.802,71.361,0],"ix":1},"s":{"a":0,"k":[100,100,100],"ix":6}},"ao":0,"shapes":[{"ty":"gr","it":[{"ind":0,"ty":"sh","ix":1,"ks":{"a":0,"k":{"i":[[0,0],[-4.794,1.918],[-1.188,-0.48],[-0.705,0.479],[1.566,-2.085],[-0.268,-0.025],[-0.29,-0.952],[0.959,-0.6],[-0.414,-0.235],[4.291,-0.988],[0.87,3.271]],"o":[[3.6,2.456],[2.293,-0.918],[1.022,0.412],[2.362,-1.612],[-0.093,0.119],[0.975,-0.056],[0.3,0.845],[-0.663,0.414],[1.738,0.99],[-10.22,2.242],[-0.002,0]],"v":[[-12.622,-7.689],[2.283,-5.983],[6.154,-7.195],[7.445,-5.814],[10.076,-3.198],[10.251,-2.885],[12.309,-1.984],[11.204,0.27],[11.146,1.113],[6.16,5.447],[-12.883,-2.632]],"c":true},"ix":2},"nm":"Path 1","mn":"ADBE Vector Shape - Group","hd":false},{"ty":"fl","c":{"a":0,"k":[0.187999994615,0.19199999641,0.20800000359,1],"ix":4},"o":{"a":0,"k":100,"ix":5},"r":1,"bm":0,"nm":"Fill 1","mn":"ADBE Vector Graphic - Fill","hd":false},{"ty":"tr","p":{"a":0,"k":[68.842,74.055],"ix":2},"a":{"a":0,"k":[0,0],"ix":1},"s":{"a":0,"k":[100,100],"ix":3},"r":{"a":0,"k":0,"ix":6},"o":{"a":0,"k":100,"ix":7},"sk":{"a":0,"k":0,"ix":4},"sa":{"a":0,"k":0,"ix":5},"nm":"Transform"}],"nm":"Group 1","np":2,"cix":2,"bm":0,"ix":1,"mn":"ADBE Vector Group","hd":false}],"ip":0,"op":620,"st":-8,"bm":0},{"ddd":0,"ind":25,"ty":4,"nm":"WifiButtom Outlines","parent":2,"sr":1,"ks":{"o":{"a":0,"k":100,"ix":11},"r":{"a":0,"k":2,"ix":10},"p":{"a":0,"k":[-6.434,-63.793,0],"ix":2},"a":{"a":0,"k":[45.093,27.596,0],"ix":1},"s":{"a":0,"k":[100,100,100],"ix":6}},"ao":0,"shapes":[{"ty":"gr","it":[{"ind":0,"ty":"sh","ix":1,"ks":{"a":0,"k":{"i":[[-0.186,-0.804],[0.057,0.212],[2.505,-0.54]],"o":[[0.044,0.185],[-0.218,-0.795],[-2.506,0.541]],"v":[[-4.475,1.522],[4.604,-0.532],[-0.249,-1.167]],"c":true},"ix":2},"nm":"Path 1","mn":"ADBE Vector Shape - Group","hd":false},{"ty":"fl","c":{"a":0,"k":[0.187999994615,0.19199999641,0.20800000359,1],"ix":4},"o":{"a":0,"k":100,"ix":5},"r":1,"bm":0,"nm":"Fill 1","mn":"ADBE Vector Graphic - Fill","hd":false},{"ty":"tr","p":{"a":0,"k":[45.035,27.539],"ix":2},"a":{"a":0,"k":[0,0],"ix":1},"s":{"a":0,"k":[100,100],"ix":3},"r":{"a":0,"k":0,"ix":6},"o":{"a":0,"k":100,"ix":7},"sk":{"a":0,"k":0,"ix":4},"sa":{"a":0,"k":0,"ix":5},"nm":"Transform"}],"nm":"Group 1","np":2,"cix":2,"bm":0,"ix":1,"mn":"ADBE Vector Group","hd":false}],"ip":0,"op":628,"st":0,"bm":0},{"ddd":0,"ind":26,"ty":4,"nm":"Wifi Outlines","parent":2,"sr":1,"ks":{"o":{"a":0,"k":100,"ix":11},"r":{"a":1,"k":[{"i":{"x":[0.667],"y":[1]},"o":{"x":[0.333],"y":[0]},"t":52,"s":[-6]},{"i":{"x":[0.667],"y":[1]},"o":{"x":[0.333],"y":[0]},"t":89.5,"s":[29]},{"i":{"x":[0.667],"y":[1]},"o":{"x":[0.333],"y":[0]},"t":127,"s":[-6]},{"i":{"x":[0.667],"y":[1]},"o":{"x":[0.333],"y":[0]},"t":164.5,"s":[29]},{"t":202,"s":[-6]}],"ix":10},"p":{"a":0,"k":[-6.573,-63.584,0],"ix":2},"a":{"a":0,"k":[44.962,27.809,0],"ix":1},"s":{"a":0,"k":[100,100,100],"ix":6}},"ao":0,"shapes":[{"ty":"gr","it":[{"ind":0,"ty":"sh","ix":1,"ks":{"a":0,"k":{"i":[[0,0],[0,0],[0,0],[0,0]],"o":[[0,0],[0,0],[0,0],[0,0]],"v":[[0.523,-2.693],[1.73,2.13],[-0.523,2.693],[-1.73,-2.13]],"c":true},"ix":2},"nm":"Path 1","mn":"ADBE Vector Shape - Group","hd":false},{"ty":"fl","c":{"a":0,"k":[1,0.352999997606,0.180000005984,1],"ix":4},"o":{"a":0,"k":100,"ix":5},"r":1,"bm":0,"nm":"Fill 1","mn":"ADBE Vector Graphic - Fill","hd":false},{"ty":"tr","p":{"a":0,"k":[44.428,25.733],"ix":2},"a":{"a":0,"k":[0,0],"ix":1},"s":{"a":0,"k":[100,100],"ix":3},"r":{"a":0,"k":0,"ix":6},"o":{"a":0,"k":100,"ix":7},"sk":{"a":0,"k":0,"ix":4},"sa":{"a":0,"k":0,"ix":5},"nm":"Transform"}],"nm":"Group 1","np":2,"cix":2,"bm":0,"ix":1,"mn":"ADBE Vector Group","hd":false},{"ty":"gr","it":[{"ind":0,"ty":"sh","ix":1,"ks":{"a":0,"k":{"i":[[-1.253,0.09],[-0.094,-1.318],[1.251,-0.09],[0.094,1.317]],"o":[[1.25,-0.089],[0.095,1.317],[-1.25,0.09],[-0.095,-1.318]],"v":[[-0.171,-2.39],[2.269,-0.161],[0.171,2.391],[-2.269,0.163]],"c":true},"ix":2},"nm":"Path 1","mn":"ADBE Vector Shape - Group","hd":false},{"ind":1,"ty":"sh","ix":2,"ks":{"a":0,"k":{"i":[[-2.844,0.203],[0.215,2.996],[2.843,-0.204],[-0.215,-2.996]],"o":[[2.843,-0.204],[-0.214,-2.997],[-2.844,0.204],[0.215,2.997]],"v":[[0.39,5.434],[5.157,-0.368],[-0.389,-5.433],[-5.157,0.37]],"c":true},"ix":2},"nm":"Path 2","mn":"ADBE Vector Shape - Group","hd":false},{"ty":"mm","mm":1,"nm":"Merge Paths 1","mn":"ADBE Vector Filter - Merge","hd":false},{"ty":"fl","c":{"a":0,"k":[1,0.352999997606,0.180000005984,1],"ix":4},"o":{"a":0,"k":100,"ix":5},"r":1,"bm":0,"nm":"Fill 1","mn":"ADBE Vector Graphic - Fill","hd":false},{"ty":"tr","p":{"a":0,"k":[42.859,19.652],"ix":2},"a":{"a":0,"k":[0,0],"ix":1},"s":{"a":0,"k":[100,100],"ix":3},"r":{"a":0,"k":0,"ix":6},"o":{"a":0,"k":100,"ix":7},"sk":{"a":0,"k":0,"ix":4},"sa":{"a":0,"k":0,"ix":5},"nm":"Transform"}],"nm":"Group 2","np":4,"cix":2,"bm":0,"ix":2,"mn":"ADBE Vector Group","hd":false}],"ip":0,"op":628,"st":0,"bm":0}]}],"layers":[{"ddd":0,"ind":1,"ty":3,"nm":"Null 4","sr":1,"ks":{"o":{"a":0,"k":0,"ix":11},"r":{"a":1,"k":[{"i":{"x":[0.667],"y":[1]},"o":{"x":[0.333],"y":[0]},"t":52,"s":[0]},{"i":{"x":[0.667],"y":[1]},"o":{"x":[0.333],"y":[0]},"t":127,"s":[13]},{"t":202,"s":[0]}],"ix":10},"p":{"a":0,"k":[91.98,92.804,0],"ix":2},"a":{"a":0,"k":[0,0,0],"ix":1},"s":{"a":0,"k":[100,100,100],"ix":6}},"ao":0,"ip":0,"op":628,"st":0,"bm":0},{"ddd":0,"ind":2,"ty":4,"nm":"Shape Layer 1","td":1,"sr":1,"ks":{"o":{"a":0,"k":100,"ix":11},"r":{"a":0,"k":0,"ix":10},"p":{"a":0,"k":[90.058,160.865,0],"ix":2},"a":{"a":0,"k":[93.808,162.115,0],"ix":1},"s":{"a":0,"k":[100,100,100],"ix":6}},"ao":0,"shapes":[{"ty":"gr","it":[{"ind":0,"ty":"sh","ix":1,"ks":{"a":0,"k":{"i":[[12.346,19.676],[9.302,0],[7.847,4.507],[0,0],[0,0]],"o":[[-7.623,4.171],[-9.698,0],[-18.088,25.468],[0,0],[0,0]],"v":[[121.404,141.074],[95.73,147.617],[69.088,140.532],[39.1,183.583],[148.515,183.699]],"c":true},"ix":2},"nm":"Path 1","mn":"ADBE Vector Shape - Group","hd":false},{"ty":"tr","p":{"a":0,"k":[0,0],"ix":2},"a":{"a":0,"k":[0,0],"ix":1},"s":{"a":0,"k":[100,100],"ix":3},"r":{"a":0,"k":0,"ix":6},"o":{"a":0,"k":100,"ix":7},"sk":{"a":0,"k":0,"ix":4},"sa":{"a":0,"k":0,"ix":5},"nm":"Transform"}],"nm":"Group 1","np":1,"cix":2,"bm":0,"ix":1,"mn":"ADBE Vector Group","hd":false},{"ty":"fl","c":{"a":0,"k":[1,0,0,1],"ix":4},"o":{"a":0,"k":100,"ix":5},"r":1,"bm":0,"nm":"Fill 1","mn":"ADBE Vector Graphic - Fill","hd":false}],"ip":0,"op":628,"st":0,"bm":0},{"ddd":0,"ind":3,"ty":0,"nm":"Panda","tt":2,"refId":"comp_0","sr":1,"ks":{"o":{"a":0,"k":100,"ix":11},"r":{"a":0,"k":0,"ix":10},"p":{"a":0,"k":[94.25,89.25,0],"ix":2},"a":{"a":0,"k":[40,40,0],"ix":1},"s":{"a":0,"k":[153,153,100],"ix":6}},"ao":0,"w":80,"h":80,"ip":0,"op":636,"st":0,"bm":0},{"ddd":0,"ind":4,"ty":4,"nm":"Line_E Outlines","parent":1,"sr":1,"ks":{"o":{"a":0,"k":50,"ix":11},"r":{"a":0,"k":0,"ix":10},"p":{"a":0,"k":[-65.909,4.844,0],"ix":2},"a":{"a":0,"k":[29.821,98.899,0],"ix":1},"s":{"a":0,"k":[100,100,100],"ix":6}},"ao":0,"shapes":[{"ty":"gr","it":[{"ind":0,"ty":"sh","ix":1,"ks":{"a":0,"k":{"i":[[0,0],[-0.089,-0.945]],"o":[[0.049,0.955],[0,0]],"v":[[-0.104,-1.425],[0.104,1.424]],"c":false},"ix":2},"nm":"Path 1","mn":"ADBE Vector Shape - Group","hd":false},{"ty":"st","c":{"a":0,"k":[0.375999989229,0.732999973671,1,1],"ix":3},"o":{"a":0,"k":100,"ix":4},"w":{"a":0,"k":9.117,"ix":5},"lc":1,"lj":1,"ml":4,"bm":0,"nm":"Stroke 1","mn":"ADBE Vector Graphic - Stroke","hd":false},{"ty":"tr","p":{"a":0,"k":[29.821,98.899],"ix":2},"a":{"a":0,"k":[0,0],"ix":1},"s":{"a":0,"k":[100,100],"ix":3},"r":{"a":0,"k":0,"ix":6},"o":{"a":0,"k":100,"ix":7},"sk":{"a":0,"k":0,"ix":4},"sa":{"a":0,"k":0,"ix":5},"nm":"Transform"}],"nm":"Group 1","np":2,"cix":2,"bm":0,"ix":1,"mn":"ADBE Vector Group","hd":false}],"ip":0,"op":628,"st":0,"bm":0},{"ddd":0,"ind":5,"ty":4,"nm":"Line_D Outlines","parent":1,"sr":1,"ks":{"o":{"a":0,"k":50,"ix":11},"r":{"a":0,"k":0,"ix":10},"p":{"a":0,"k":[-64.803,12.821,0],"ix":2},"a":{"a":0,"k":[30.927,106.875,0],"ix":1},"s":{"a":0,"k":[100,100,100],"ix":6}},"ao":0,"shapes":[{"ty":"gr","it":[{"ind":0,"ty":"sh","ix":1,"ks":{"a":0,"k":{"i":[[0,0],[-0.152,-0.755]],"o":[[0.126,0.764],[0,0]],"v":[[-0.413,-1.994],[0.413,1.994]],"c":false},"ix":2},"nm":"Path 1","mn":"ADBE Vector Shape - Group","hd":false},{"ty":"st","c":{"a":0,"k":[0.375999989229,0.732999973671,1,1],"ix":3},"o":{"a":0,"k":100,"ix":4},"w":{"a":0,"k":9.117,"ix":5},"lc":1,"lj":1,"ml":4,"bm":0,"nm":"Stroke 1","mn":"ADBE Vector Graphic - Stroke","hd":false},{"ty":"tr","p":{"a":0,"k":[30.927,106.875],"ix":2},"a":{"a":0,"k":[0,0],"ix":1},"s":{"a":0,"k":[100,100],"ix":3},"r":{"a":0,"k":0,"ix":6},"o":{"a":0,"k":100,"ix":7},"sk":{"a":0,"k":0,"ix":4},"sa":{"a":0,"k":0,"ix":5},"nm":"Transform"}],"nm":"Group 1","np":2,"cix":2,"bm":0,"ix":1,"mn":"ADBE Vector Group","hd":false}],"ip":0,"op":628,"st":0,"bm":0},{"ddd":0,"ind":6,"ty":4,"nm":"Line_C Outlines","parent":1,"sr":1,"ks":{"o":{"a":0,"k":100,"ix":11},"r":{"a":0,"k":0,"ix":10},"p":{"a":0,"k":[15.564,43.876,0],"ix":2},"a":{"a":0,"k":[111.294,137.93,0],"ix":1},"s":{"a":0,"k":[100,100,100],"ix":6}},"ao":0,"shapes":[{"ty":"gr","it":[{"ind":0,"ty":"sh","ix":1,"ks":{"a":0,"k":{"i":[[0,0],[-11.339,0],[-8.966,25.871]],"o":[[9.326,5.032],[28.921,0],[0,0]],"v":[[-46.905,14.335],[-15.566,22.223],[46.904,-22.223]],"c":false},"ix":2},"nm":"Path 1","mn":"ADBE Vector Shape - Group","hd":false},{"ty":"st","c":{"a":0,"k":[0.375999989229,0.732999973671,1,1],"ix":3},"o":{"a":0,"k":100,"ix":4},"w":{"a":0,"k":9.117,"ix":5},"lc":1,"lj":1,"ml":4,"bm":0,"nm":"Stroke 1","mn":"ADBE Vector Graphic - Stroke","hd":false},{"ty":"tr","p":{"a":0,"k":[111.294,137.93],"ix":2},"a":{"a":0,"k":[0,0],"ix":1},"s":{"a":0,"k":[100,100],"ix":3},"r":{"a":0,"k":0,"ix":6},"o":{"a":0,"k":100,"ix":7},"sk":{"a":0,"k":0,"ix":4},"sa":{"a":0,"k":0,"ix":5},"nm":"Transform"}],"nm":"Group 1","np":2,"cix":2,"bm":0,"ix":1,"mn":"ADBE Vector Group","hd":false}],"ip":0,"op":628,"st":0,"bm":0},{"ddd":0,"ind":7,"ty":4,"nm":"Line_B Outlines","parent":1,"sr":1,"ks":{"o":{"a":0,"k":100,"ix":11},"r":{"a":0,"k":0,"ix":10},"p":{"a":0,"k":[34.928,-32.996,0],"ix":2},"a":{"a":0,"k":[130.657,61.058,0],"ix":1},"s":{"a":0,"k":[100,100,100],"ix":6}},"ao":0,"shapes":[{"ty":"gr","it":[{"ind":0,"ty":"sh","ix":1,"ks":{"a":0,"k":{"i":[[0,0],[33.017,3.683],[1.226,0.069]],"o":[[0,-34.001],[-1.207,-0.134],[0,0]],"v":[[31.17,32.997],[-27.52,-32.692],[-31.17,-32.997]],"c":false},"ix":2},"nm":"Path 1","mn":"ADBE Vector Shape - Group","hd":false},{"ty":"st","c":{"a":0,"k":[0.375999989229,0.732999973671,1,1],"ix":3},"o":{"a":0,"k":100,"ix":4},"w":{"a":0,"k":4.559,"ix":5},"lc":1,"lj":1,"ml":4,"bm":0,"nm":"Stroke 1","mn":"ADBE Vector Graphic - Stroke","hd":false},{"ty":"tr","p":{"a":0,"k":[130.657,61.058],"ix":2},"a":{"a":0,"k":[0,0],"ix":1},"s":{"a":0,"k":[100,100],"ix":3},"r":{"a":0,"k":0,"ix":6},"o":{"a":0,"k":100,"ix":7},"sk":{"a":0,"k":0,"ix":4},"sa":{"a":0,"k":0,"ix":5},"nm":"Transform"}],"nm":"Group 1","np":2,"cix":2,"bm":0,"ix":1,"mn":"ADBE Vector Group","hd":false}],"ip":0,"op":628,"st":0,"bm":0},{"ddd":0,"ind":8,"ty":4,"nm":"Line_A Outlines","parent":1,"sr":1,"ks":{"o":{"a":0,"k":100,"ix":11},"r":{"a":0,"k":0,"ix":10},"p":{"a":0,"k":[-36.754,-32.843,0],"ix":2},"a":{"a":0,"k":[58.976,61.211,0],"ix":1},"s":{"a":0,"k":[100,100,100],"ix":6}},"ao":0,"shapes":[{"ty":"gr","it":[{"ind":0,"ty":"sh","ix":1,"ks":{"a":0,"k":{"i":[[0,0],[-33.019,3.682]],"o":[[0,-34.001],[0,0]],"v":[[-29.346,32.844],[29.346,-32.844]],"c":false},"ix":2},"nm":"Path 1","mn":"ADBE Vector Shape - Group","hd":false},{"ty":"st","c":{"a":0,"k":[0.375999989229,0.732999973671,1,1],"ix":3},"o":{"a":0,"k":100,"ix":4},"w":{"a":0,"k":9.117,"ix":5},"lc":1,"lj":1,"ml":4,"bm":0,"nm":"Stroke 1","mn":"ADBE Vector Graphic - Stroke","hd":false},{"ty":"tr","p":{"a":0,"k":[58.976,61.211],"ix":2},"a":{"a":0,"k":[0,0],"ix":1},"s":{"a":0,"k":[100,100],"ix":3},"r":{"a":0,"k":0,"ix":6},"o":{"a":0,"k":100,"ix":7},"sk":{"a":0,"k":0,"ix":4},"sa":{"a":0,"k":0,"ix":5},"nm":"Transform"}],"nm":"Group 1","np":2,"cix":2,"bm":0,"ix":1,"mn":"ADBE Vector Group","hd":false}],"ip":0,"op":628,"st":0,"bm":0},{"ddd":0,"ind":9,"ty":4,"nm":"Star_D Outlines","sr":1,"ks":{"o":{"a":0,"k":100,"ix":11},"r":{"a":0,"k":0,"ix":10},"p":{"a":0,"k":[174.032,96.98,0],"ix":2},"a":{"a":0,"k":[177.782,98.23,0],"ix":1},"s":{"a":1,"k":[{"i":{"x":[0.667,0.667,0.667],"y":[1,1,1]},"o":{"x":[0.333,0.333,0.333],"y":[0,0,0]},"t":52,"s":[100,100,100]},{"i":{"x":[0.667,0.667,0.667],"y":[1,1,1]},"o":{"x":[0.333,0.333,0.333],"y":[0,0,0]},"t":67,"s":[147,147,100]},{"i":{"x":[0.667,0.667,0.667],"y":[1,1,1]},"o":{"x":[0.333,0.333,0.333],"y":[0,0,0]},"t":82,"s":[100,100,100]},{"i":{"x":[0.667,0.667,0.667],"y":[1,1,1]},"o":{"x":[0.333,0.333,0.333],"y":[0,0,0]},"t":97,"s":[147,147,100]},{"i":{"x":[0.667,0.667,0.667],"y":[1,1,1]},"o":{"x":[0.333,0.333,0.333],"y":[0,0,0]},"t":112,"s":[100,100,100]},{"i":{"x":[0.667,0.667,0.667],"y":[1,1,1]},"o":{"x":[0.333,0.333,0.333],"y":[0,0,0]},"t":127,"s":[147,147,100]},{"i":{"x":[0.667,0.667,0.667],"y":[1,1,1]},"o":{"x":[0.333,0.333,0.333],"y":[0,0,0]},"t":142,"s":[100,100,100]},{"i":{"x":[0.667,0.667,0.667],"y":[1,1,1]},"o":{"x":[0.333,0.333,0.333],"y":[0,0,0]},"t":157,"s":[147,147,100]},{"i":{"x":[0.667,0.667,0.667],"y":[1,1,1]},"o":{"x":[0.333,0.333,0.333],"y":[0,0,0]},"t":172,"s":[100,100,100]},{"i":{"x":[0.667,0.667,0.667],"y":[1,1,1]},"o":{"x":[0.333,0.333,0.333],"y":[0,0,0]},"t":187,"s":[147,147,100]},{"i":{"x":[0.667,0.667,0.667],"y":[1,1,1]},"o":{"x":[0.333,0.333,0.333],"y":[0,0,0]},"t":202,"s":[100,100,100]},{"i":{"x":[0.667,0.667,0.667],"y":[1,1,1]},"o":{"x":[0.333,0.333,0.333],"y":[0,0,0]},"t":217,"s":[147,147,100]},{"i":{"x":[0.667,0.667,0.667],"y":[1,1,1]},"o":{"x":[0.333,0.333,0.333],"y":[0,0,0]},"t":232,"s":[100,100,100]},{"t":247,"s":[147,147,100]}],"ix":6}},"ao":0,"shapes":[{"ty":"gr","it":[{"ind":0,"ty":"sh","ix":1,"ks":{"a":0,"k":{"i":[[0,0],[-0.634,-0.925],[0,0],[-0.351,-0.104],[0,0],[0.685,-0.888],[0,0],[-0.009,-0.366],[0,0],[1.056,0.376],[0,0],[0.346,-0.123],[0,0],[-0.031,1.121],[0,0],[0.225,0.291],[0,0],[-1.075,0.317],[0,0],[-0.207,0.303]],"o":[[0.634,-0.925],[0,0],[0.207,0.303],[0,0],[1.075,0.317],[0,0],[-0.223,0.291],[0,0],[0.031,1.121],[0,0],[-0.346,-0.123],[0,0],[-1.056,0.376],[0,0],[0.011,-0.366],[0,0],[-0.682,-0.888],[0,0],[0.353,-0.104],[0,0]],"v":[[-1.316,-4.56],[1.316,-4.56],[2.091,-3.43],[2.955,-2.801],[4.27,-2.414],[5.082,0.089],[4.247,1.175],[3.916,2.192],[3.955,3.562],[1.826,5.109],[0.535,4.65],[-0.535,4.65],[-1.826,5.109],[-3.955,3.562],[-3.918,2.192],[-4.249,1.175],[-5.085,0.089],[-4.27,-2.414],[-2.957,-2.801],[-2.091,-3.43]],"c":true},"ix":2},"nm":"Path 1","mn":"ADBE Vector Shape - Group","hd":false},{"ty":"fl","c":{"a":0,"k":[0.234999997008,0.658999992819,1,1],"ix":4},"o":{"a":0,"k":100,"ix":5},"r":1,"bm":0,"nm":"Fill 1","mn":"ADBE Vector Graphic - Fill","hd":false},{"ty":"tr","p":{"a":0,"k":[177.782,98.256],"ix":2},"a":{"a":0,"k":[0,0],"ix":1},"s":{"a":0,"k":[100,100],"ix":3},"r":{"a":0,"k":0,"ix":6},"o":{"a":0,"k":100,"ix":7},"sk":{"a":0,"k":0,"ix":4},"sa":{"a":0,"k":0,"ix":5},"nm":"Transform"}],"nm":"Group 1","np":2,"cix":2,"bm":0,"ix":1,"mn":"ADBE Vector Group","hd":false}],"ip":0,"op":628,"st":0,"bm":0},{"ddd":0,"ind":10,"ty":4,"nm":"Star_C Outlines","sr":1,"ks":{"o":{"a":0,"k":100,"ix":11},"r":{"a":0,"k":0,"ix":10},"p":{"a":0,"k":[160.356,141.445,0],"ix":2},"a":{"a":0,"k":[164.106,142.695,0],"ix":1},"s":{"a":1,"k":[{"i":{"x":[0.667,0.667,0.667],"y":[1,1,1]},"o":{"x":[0.333,0.333,0.333],"y":[0,0,0]},"t":52,"s":[100,100,100]},{"i":{"x":[0.667,0.667,0.667],"y":[1,1,1]},"o":{"x":[0.333,0.333,0.333],"y":[0,0,0]},"t":67,"s":[147,147,100]},{"i":{"x":[0.667,0.667,0.667],"y":[1,1,1]},"o":{"x":[0.333,0.333,0.333],"y":[0,0,0]},"t":82,"s":[100,100,100]},{"i":{"x":[0.667,0.667,0.667],"y":[1,1,1]},"o":{"x":[0.333,0.333,0.333],"y":[0,0,0]},"t":97,"s":[147,147,100]},{"i":{"x":[0.667,0.667,0.667],"y":[1,1,1]},"o":{"x":[0.333,0.333,0.333],"y":[0,0,0]},"t":112,"s":[100,100,100]},{"i":{"x":[0.667,0.667,0.667],"y":[1,1,1]},"o":{"x":[0.333,0.333,0.333],"y":[0,0,0]},"t":127,"s":[147,147,100]},{"i":{"x":[0.667,0.667,0.667],"y":[1,1,1]},"o":{"x":[0.333,0.333,0.333],"y":[0,0,0]},"t":142,"s":[100,100,100]},{"i":{"x":[0.667,0.667,0.667],"y":[1,1,1]},"o":{"x":[0.333,0.333,0.333],"y":[0,0,0]},"t":157,"s":[147,147,100]},{"i":{"x":[0.667,0.667,0.667],"y":[1,1,1]},"o":{"x":[0.333,0.333,0.333],"y":[0,0,0]},"t":172,"s":[100,100,100]},{"i":{"x":[0.667,0.667,0.667],"y":[1,1,1]},"o":{"x":[0.333,0.333,0.333],"y":[0,0,0]},"t":187,"s":[147,147,100]},{"i":{"x":[0.667,0.667,0.667],"y":[1,1,1]},"o":{"x":[0.333,0.333,0.333],"y":[0,0,0]},"t":202,"s":[100,100,100]},{"i":{"x":[0.667,0.667,0.667],"y":[1,1,1]},"o":{"x":[0.333,0.333,0.333],"y":[0,0,0]},"t":217,"s":[147,147,100]},{"i":{"x":[0.667,0.667,0.667],"y":[1,1,1]},"o":{"x":[0.333,0.333,0.333],"y":[0,0,0]},"t":232,"s":[100,100,100]},{"t":247,"s":[147,147,100]}],"ix":6}},"ao":0,"shapes":[{"ty":"gr","it":[{"ind":0,"ty":"sh","ix":1,"ks":{"a":0,"k":{"i":[[0,0],[-0.678,-0.99],[0,0],[-0.377,-0.112],[0,0],[0.732,-0.953],[0,0],[-0.011,-0.392],[0,0],[1.132,0.401],[0,0],[0.37,-0.132],[0,0],[-0.032,1.202],[0,0],[0.239,0.312],[0,0],[-1.153,0.341],[0,0],[-0.224,0.324]],"o":[[0.68,-0.99],[0,0],[0.222,0.324],[0,0],[1.153,0.341],[0,0],[-0.241,0.312],[0,0],[0.034,1.202],[0,0],[-0.37,-0.132],[0,0],[-1.131,0.401],[0,0],[0.011,-0.392],[0,0],[-0.733,-0.953],[0,0],[0.377,-0.112],[0,0]],"v":[[-1.41,-4.445],[1.41,-4.445],[2.068,-3.484],[2.995,-2.811],[4.111,-2.482],[4.982,0.201],[4.273,1.122],[3.919,2.212],[3.951,3.374],[1.669,5.033],[0.572,4.643],[-0.572,4.643],[-1.669,5.033],[-3.951,3.374],[-3.919,2.212],[-4.271,1.122],[-4.982,0.201],[-4.109,-2.482],[-2.995,-2.811],[-2.066,-3.484]],"c":true},"ix":2},"nm":"Path 1","mn":"ADBE Vector Shape - Group","hd":false},{"ty":"fl","c":{"a":0,"k":[0.375999989229,0.732999973671,1,1],"ix":4},"o":{"a":0,"k":100,"ix":5},"r":1,"bm":0,"nm":"Fill 1","mn":"ADBE Vector Graphic - Fill","hd":false},{"ty":"tr","p":{"a":0,"k":[164.106,142.722],"ix":2},"a":{"a":0,"k":[0,0],"ix":1},"s":{"a":0,"k":[100,100],"ix":3},"r":{"a":0,"k":0,"ix":6},"o":{"a":0,"k":100,"ix":7},"sk":{"a":0,"k":0,"ix":4},"sa":{"a":0,"k":0,"ix":5},"nm":"Transform"}],"nm":"Group 1","np":2,"cix":2,"bm":0,"ix":1,"mn":"ADBE Vector Group","hd":false}],"ip":0,"op":628,"st":0,"bm":0},{"ddd":0,"ind":11,"ty":4,"nm":"Star_B Outlines","sr":1,"ks":{"o":{"a":0,"k":100,"ix":11},"r":{"a":0,"k":0,"ix":10},"p":{"a":0,"k":[29.299,129.807,0],"ix":2},"a":{"a":0,"k":[33.049,131.057,0],"ix":1},"s":{"a":1,"k":[{"i":{"x":[0.667,0.667,0.667],"y":[1,1,1]},"o":{"x":[0.333,0.333,0.333],"y":[0,0,0]},"t":37,"s":[57,57,100]},{"i":{"x":[0.667,0.667,0.667],"y":[1,1,1]},"o":{"x":[0.333,0.333,0.333],"y":[0,0,0]},"t":52,"s":[83,83,100]},{"i":{"x":[0.667,0.667,0.667],"y":[1,1,1]},"o":{"x":[0.333,0.333,0.333],"y":[0,0,0]},"t":67,"s":[57,57,100]},{"i":{"x":[0.667,0.667,0.667],"y":[1,1,1]},"o":{"x":[0.333,0.333,0.333],"y":[0,0,0]},"t":82,"s":[83,83,100]},{"i":{"x":[0.667,0.667,0.667],"y":[1,1,1]},"o":{"x":[0.333,0.333,0.333],"y":[0,0,0]},"t":97,"s":[57,57,100]},{"i":{"x":[0.667,0.667,0.667],"y":[1,1,1]},"o":{"x":[0.333,0.333,0.333],"y":[0,0,0]},"t":112,"s":[83,83,100]},{"i":{"x":[0.667,0.667,0.667],"y":[1,1,1]},"o":{"x":[0.333,0.333,0.333],"y":[0,0,0]},"t":127,"s":[57,57,100]},{"i":{"x":[0.667,0.667,0.667],"y":[1,1,1]},"o":{"x":[0.333,0.333,0.333],"y":[0,0,0]},"t":142,"s":[83,83,100]},{"i":{"x":[0.667,0.667,0.667],"y":[1,1,1]},"o":{"x":[0.333,0.333,0.333],"y":[0,0,0]},"t":157,"s":[57,57,100]},{"i":{"x":[0.667,0.667,0.667],"y":[1,1,1]},"o":{"x":[0.333,0.333,0.333],"y":[0,0,0]},"t":172,"s":[83,83,100]},{"i":{"x":[0.667,0.667,0.667],"y":[1,1,1]},"o":{"x":[0.333,0.333,0.333],"y":[0,0,0]},"t":187,"s":[57,57,100]},{"i":{"x":[0.667,0.667,0.667],"y":[1,1,1]},"o":{"x":[0.333,0.333,0.333],"y":[0,0,0]},"t":202,"s":[83,83,100]},{"i":{"x":[0.667,0.667,0.667],"y":[1,1,1]},"o":{"x":[0.333,0.333,0.333],"y":[0,0,0]},"t":217,"s":[57,57,100]},{"t":232,"s":[83,83,100]}],"ix":6}},"ao":0,"shapes":[{"ty":"gr","it":[{"ind":0,"ty":"sh","ix":1,"ks":{"a":0,"k":{"i":[[0,0],[-1.132,-1.65],[0,0],[-0.629,-0.186],[0,0],[1.221,-1.586],[0,0],[-0.018,-0.656],[0,0],[1.886,0.672],[0,0],[0.617,-0.22],[0,0],[-0.055,2.001],[0,0],[0.4,0.52],[0,0],[-1.92,0.565],[0,0],[-0.371,0.54]],"o":[[1.132,-1.65],[0,0],[0.371,0.54],[0,0],[1.92,0.565],[0,0],[-0.4,0.52],[0,0],[0.054,2.001],[0,0],[-0.618,-0.22],[0,0],[-1.886,0.672],[0,0],[0.018,-0.656],[0,0],[-1.221,-1.586],[0,0],[0.629,-0.186],[0,0]],"v":[[-2.35,-7.408],[2.35,-7.408],[3.446,-5.807],[4.991,-4.685],[6.851,-4.137],[8.303,0.332],[7.121,1.869],[6.531,3.686],[6.585,5.624],[2.782,8.386],[0.955,7.738],[-0.954,7.738],[-2.782,8.386],[-6.584,5.624],[-6.531,3.686],[-7.121,1.869],[-8.303,0.332],[-6.851,-4.137],[-4.991,-4.685],[-3.446,-5.807]],"c":true},"ix":2},"nm":"Path 1","mn":"ADBE Vector Shape - Group","hd":false},{"ty":"fl","c":{"a":0,"k":[0.375999989229,0.732999973671,1,1],"ix":4},"o":{"a":0,"k":100,"ix":5},"r":1,"bm":0,"nm":"Fill 1","mn":"ADBE Vector Graphic - Fill","hd":false},{"ty":"tr","p":{"a":0,"k":[33.049,131.103],"ix":2},"a":{"a":0,"k":[0,0],"ix":1},"s":{"a":0,"k":[100,100],"ix":3},"r":{"a":0,"k":0,"ix":6},"o":{"a":0,"k":100,"ix":7},"sk":{"a":0,"k":0,"ix":4},"sa":{"a":0,"k":0,"ix":5},"nm":"Transform"}],"nm":"Group 1","np":2,"cix":2,"bm":0,"ix":1,"mn":"ADBE Vector Group","hd":false}],"ip":-15,"op":613,"st":-15,"bm":0},{"ddd":0,"ind":12,"ty":4,"nm":"Star_A Outlines","sr":1,"ks":{"o":{"a":0,"k":100,"ix":11},"r":{"a":0,"k":0,"ix":10},"p":{"a":0,"k":[8.786,132.389,0],"ix":2},"a":{"a":0,"k":[12.536,133.639,0],"ix":1},"s":{"a":1,"k":[{"i":{"x":[0.667,0.667,0.667],"y":[1,1,1]},"o":{"x":[0.333,0.333,0.333],"y":[0,0,0]},"t":52,"s":[100,100,100]},{"i":{"x":[0.667,0.667,0.667],"y":[1,1,1]},"o":{"x":[0.333,0.333,0.333],"y":[0,0,0]},"t":67,"s":[147,147,100]},{"i":{"x":[0.667,0.667,0.667],"y":[1,1,1]},"o":{"x":[0.333,0.333,0.333],"y":[0,0,0]},"t":82,"s":[100,100,100]},{"i":{"x":[0.667,0.667,0.667],"y":[1,1,1]},"o":{"x":[0.333,0.333,0.333],"y":[0,0,0]},"t":97,"s":[147,147,100]},{"i":{"x":[0.667,0.667,0.667],"y":[1,1,1]},"o":{"x":[0.333,0.333,0.333],"y":[0,0,0]},"t":112,"s":[100,100,100]},{"i":{"x":[0.667,0.667,0.667],"y":[1,1,1]},"o":{"x":[0.333,0.333,0.333],"y":[0,0,0]},"t":127,"s":[147,147,100]},{"i":{"x":[0.667,0.667,0.667],"y":[1,1,1]},"o":{"x":[0.333,0.333,0.333],"y":[0,0,0]},"t":142,"s":[100,100,100]},{"i":{"x":[0.667,0.667,0.667],"y":[1,1,1]},"o":{"x":[0.333,0.333,0.333],"y":[0,0,0]},"t":157,"s":[147,147,100]},{"i":{"x":[0.667,0.667,0.667],"y":[1,1,1]},"o":{"x":[0.333,0.333,0.333],"y":[0,0,0]},"t":172,"s":[100,100,100]},{"i":{"x":[0.667,0.667,0.667],"y":[1,1,1]},"o":{"x":[0.333,0.333,0.333],"y":[0,0,0]},"t":187,"s":[147,147,100]},{"i":{"x":[0.667,0.667,0.667],"y":[1,1,1]},"o":{"x":[0.333,0.333,0.333],"y":[0,0,0]},"t":202,"s":[100,100,100]},{"i":{"x":[0.667,0.667,0.667],"y":[1,1,1]},"o":{"x":[0.333,0.333,0.333],"y":[0,0,0]},"t":217,"s":[147,147,100]},{"i":{"x":[0.667,0.667,0.667],"y":[1,1,1]},"o":{"x":[0.333,0.333,0.333],"y":[0,0,0]},"t":232,"s":[100,100,100]},{"t":247,"s":[147,147,100]}],"ix":6}},"ao":0,"shapes":[{"ty":"gr","it":[{"ind":0,"ty":"sh","ix":1,"ks":{"a":0,"k":{"i":[[0,0],[-0.565,-0.826],[0,0],[-0.315,-0.092],[0,0],[0.61,-0.793],[0,0],[-0.008,-0.327],[0,0],[0.943,0.335],[0,0],[0.309,-0.109],[0,0],[-0.028,1.001],[0,0],[0.199,0.259],[0,0],[-0.96,0.283],[0,0],[-0.185,0.27]],"o":[[0.566,-0.826],[0,0],[0.185,0.27],[0,0],[0.96,0.283],[0,0],[-0.2,0.259],[0,0],[0.028,1.001],[0,0],[-0.308,-0.109],[0,0],[-0.943,0.335],[0,0],[0.009,-0.327],[0,0],[-0.61,-0.793],[0,0],[0.314,-0.092],[0,0]],"v":[[-1.175,-3.703],[1.175,-3.703],[1.723,-2.904],[2.496,-2.343],[3.426,-2.068],[4.152,0.167],[3.561,0.935],[3.265,1.843],[3.292,2.813],[1.391,4.193],[0.477,3.868],[-0.477,3.868],[-1.391,4.193],[-3.292,2.813],[-3.265,1.843],[-3.56,0.935],[-4.152,0.167],[-3.425,-2.068],[-2.495,-2.343],[-1.723,-2.904]],"c":true},"ix":2},"nm":"Path 1","mn":"ADBE Vector Shape - Group","hd":false},{"ty":"fl","c":{"a":0,"k":[0.375999989229,0.732999973671,1,1],"ix":4},"o":{"a":0,"k":100,"ix":5},"r":1,"bm":0,"nm":"Fill 1","mn":"ADBE Vector Graphic - Fill","hd":false},{"ty":"tr","p":{"a":0,"k":[12.536,133.661],"ix":2},"a":{"a":0,"k":[0,0],"ix":1},"s":{"a":0,"k":[100,100],"ix":3},"r":{"a":0,"k":0,"ix":6},"o":{"a":0,"k":100,"ix":7},"sk":{"a":0,"k":0,"ix":4},"sa":{"a":0,"k":0,"ix":5},"nm":"Transform"}],"nm":"Group 1","np":2,"cix":2,"bm":0,"ix":1,"mn":"ADBE Vector Group","hd":false}],"ip":0,"op":628,"st":0,"bm":0},{"ddd":0,"ind":13,"ty":4,"nm":"Circle_E Outlines","sr":1,"ks":{"o":{"a":0,"k":100,"ix":11},"r":{"a":0,"k":0,"ix":10},"p":{"a":0,"k":[164.915,130.413,0],"ix":2},"a":{"a":0,"k":[168.665,131.663,0],"ix":1},"s":{"a":0,"k":[100,100,100],"ix":6}},"ao":0,"shapes":[{"ty":"gr","it":[{"ind":0,"ty":"sh","ix":1,"ks":{"a":0,"k":{"i":[[-1.259,0],[0,-1.258],[1.259,0],[0,1.259]],"o":[[1.259,0],[0,1.259],[-1.259,0],[0,-1.258]],"v":[[0,-2.28],[2.279,-0.001],[0,2.279],[-2.279,-0.001]],"c":true},"ix":2},"nm":"Path 1","mn":"ADBE Vector Shape - Group","hd":false},{"ty":"fl","c":{"a":0,"k":[0.234999997008,0.658999992819,1,1],"ix":4},"o":{"a":0,"k":100,"ix":5},"r":1,"bm":0,"nm":"Fill 1","mn":"ADBE Vector Graphic - Fill","hd":false},{"ty":"tr","p":{"a":0,"k":[168.665,131.663],"ix":2},"a":{"a":0,"k":[0,0],"ix":1},"s":{"a":0,"k":[100,100],"ix":3},"r":{"a":0,"k":0,"ix":6},"o":{"a":0,"k":100,"ix":7},"sk":{"a":0,"k":0,"ix":4},"sa":{"a":0,"k":0,"ix":5},"nm":"Transform"}],"nm":"Group 1","np":2,"cix":2,"bm":0,"ix":1,"mn":"ADBE Vector Group","hd":false}],"ip":0,"op":628,"st":0,"bm":0},{"ddd":0,"ind":14,"ty":4,"nm":"Circle_D Outlines","parent":1,"sr":1,"ks":{"o":{"a":0,"k":100,"ix":11},"r":{"a":0,"k":0,"ix":10},"p":{"a":0,"k":[65.416,11.025,0],"ix":2},"a":{"a":0,"k":[161.827,104.311,0],"ix":1},"s":{"a":0,"k":[100,100,100],"ix":6}},"ao":0,"shapes":[{"ty":"gr","it":[{"ind":0,"ty":"sh","ix":1,"ks":{"a":0,"k":{"i":[[-2.519,0],[0,-2.518],[2.518,0],[0,2.517]],"o":[[2.518,0],[0,2.517],[-2.519,0],[0,-2.518]],"v":[[0.001,-4.558],[4.559,0.001],[0.001,4.558],[-4.559,0.001]],"c":true},"ix":2},"nm":"Path 1","mn":"ADBE Vector Shape - Group","hd":false},{"ty":"fl","c":{"a":0,"k":[0.234999997008,0.658999992819,1,1],"ix":4},"o":{"a":0,"k":100,"ix":5},"r":1,"bm":0,"nm":"Fill 1","mn":"ADBE Vector Graphic - Fill","hd":false},{"ty":"tr","p":{"a":0,"k":[161.827,104.311],"ix":2},"a":{"a":0,"k":[0,0],"ix":1},"s":{"a":0,"k":[100,100],"ix":3},"r":{"a":0,"k":0,"ix":6},"o":{"a":0,"k":100,"ix":7},"sk":{"a":0,"k":0,"ix":4},"sa":{"a":0,"k":0,"ix":5},"nm":"Transform"}],"nm":"Group 1","np":2,"cix":2,"bm":0,"ix":1,"mn":"ADBE Vector Group","hd":false}],"ip":0,"op":628,"st":0,"bm":0},{"ddd":0,"ind":15,"ty":4,"nm":"Circle_C Outlines","sr":1,"ks":{"o":{"a":0,"k":100,"ix":11},"r":{"a":0,"k":0,"ix":10},"p":{"a":0,"k":[149.53,144.658,0],"ix":2},"a":{"a":0,"k":[153.28,145.908,0],"ix":1},"s":{"a":0,"k":[100,100,100],"ix":6}},"ao":0,"shapes":[{"ty":"gr","it":[{"ind":0,"ty":"sh","ix":1,"ks":{"a":0,"k":{"i":[[-0.943,0],[0,-0.943],[0.944,0],[0,0.944]],"o":[[0.944,0],[0,0.944],[-0.943,0],[0,-0.943]],"v":[[0,-1.71],[1.71,-0.001],[0,1.71],[-1.71,-0.001]],"c":true},"ix":2},"nm":"Path 1","mn":"ADBE Vector Shape - Group","hd":false},{"ty":"fl","c":{"a":0,"k":[0.234999997008,0.658999992819,1,1],"ix":4},"o":{"a":0,"k":100,"ix":5},"r":1,"bm":0,"nm":"Fill 1","mn":"ADBE Vector Graphic - Fill","hd":false},{"ty":"tr","p":{"a":0,"k":[153.28,145.908],"ix":2},"a":{"a":0,"k":[0,0],"ix":1},"s":{"a":0,"k":[100,100],"ix":3},"r":{"a":0,"k":0,"ix":6},"o":{"a":0,"k":100,"ix":7},"sk":{"a":0,"k":0,"ix":4},"sa":{"a":0,"k":0,"ix":5},"nm":"Transform"}],"nm":"Group 1","np":2,"cix":2,"bm":0,"ix":1,"mn":"ADBE Vector Group","hd":false}],"ip":0,"op":628,"st":0,"bm":0},{"ddd":0,"ind":16,"ty":4,"nm":"Circle_B Outlines","sr":1,"ks":{"o":{"a":0,"k":100,"ix":11},"r":{"a":0,"k":0,"ix":10},"p":{"a":1,"k":[{"i":{"x":0.833,"y":0.827},"o":{"x":0.167,"y":0.167},"t":15,"s":[22.924,153.171,0],"to":[-0.865,-0.265,0],"ti":[-0.635,0.853,0]},{"i":{"x":0.833,"y":0.835},"o":{"x":0.167,"y":0.161},"t":65,"s":[21.548,150.486,0],"to":[0.635,-0.853,0],"ti":[-0.146,-0.921,0]},{"i":{"x":0.833,"y":0.838},"o":{"x":0.167,"y":0.169},"t":117,"s":[24.826,151.083,0],"to":[0.146,0.921,0],"ti":[1.31,0.402,0]},{"i":{"x":0.833,"y":0.827},"o":{"x":0.167,"y":0.171},"t":164,"s":[22.924,153.171,0],"to":[-0.865,-0.265,0],"ti":[-0.635,0.853,0]},{"i":{"x":0.833,"y":0.839},"o":{"x":0.167,"y":0.161},"t":214,"s":[21.548,150.486,0],"to":[0.635,-0.853,0],"ti":[-0.146,-0.921,0]},{"i":{"x":0.833,"y":0.833},"o":{"x":0.167,"y":0.173},"t":266,"s":[24.826,151.083,0],"to":[0.146,0.921,0],"ti":[0.978,0.209,0]},{"t":313,"s":[22.924,153.171,0]}],"ix":2},"a":{"a":0,"k":[27.352,148.757,0],"ix":1},"s":{"a":0,"k":[100,100,100],"ix":6}},"ao":0,"shapes":[{"ty":"gr","it":[{"ind":0,"ty":"sh","ix":1,"ks":{"a":0,"k":{"i":[[-2.518,0],[0,-2.518],[2.518,0],[0,2.517]],"o":[[2.518,0],[0,2.517],[-2.518,0],[0,-2.518]],"v":[[-0.001,-4.559],[4.559,0.001],[-0.001,4.559],[-4.559,0.001]],"c":true},"ix":2},"nm":"Path 1","mn":"ADBE Vector Shape - Group","hd":false},{"ty":"fl","c":{"a":0,"k":[0.234999997008,0.658999992819,1,1],"ix":4},"o":{"a":0,"k":100,"ix":5},"r":1,"bm":0,"nm":"Fill 1","mn":"ADBE Vector Graphic - Fill","hd":false},{"ty":"tr","p":{"a":0,"k":[27.352,148.757],"ix":2},"a":{"a":0,"k":[0,0],"ix":1},"s":{"a":0,"k":[100,100],"ix":3},"r":{"a":0,"k":0,"ix":6},"o":{"a":0,"k":100,"ix":7},"sk":{"a":0,"k":0,"ix":4},"sa":{"a":0,"k":0,"ix":5},"nm":"Transform"}],"nm":"Group 1","np":2,"cix":2,"bm":0,"ix":1,"mn":"ADBE Vector Group","hd":false}],"ip":-37,"op":591,"st":-37,"bm":0},{"ddd":0,"ind":17,"ty":4,"nm":"Circle_A Outlines","sr":1,"ks":{"o":{"a":0,"k":100,"ix":11},"r":{"a":0,"k":0,"ix":10},"p":{"a":1,"k":[{"i":{"x":0.833,"y":0.827},"o":{"x":0.167,"y":0.167},"t":52,"s":[12.424,119.671,0],"to":[-0.865,-0.265,0],"ti":[-0.635,0.853,0]},{"i":{"x":0.833,"y":0.84},"o":{"x":0.167,"y":0.161},"t":102,"s":[11.048,116.986,0],"to":[0.635,-0.853,0],"ti":[-0.146,-0.921,0]},{"i":{"x":0.833,"y":0.833},"o":{"x":0.167,"y":0.175},"t":154,"s":[14.326,117.583,0],"to":[0.146,0.921,0],"ti":[0.978,0.209,0]},{"t":202,"s":[12.424,119.671,0]}],"ix":2},"a":{"a":0,"k":[15.955,122.546,0],"ix":1},"s":{"a":0,"k":[100,100,100],"ix":6}},"ao":0,"shapes":[{"ty":"gr","it":[{"ind":0,"ty":"sh","ix":1,"ks":{"a":0,"k":{"i":[[-1.259,0],[0,-1.258],[1.259,0],[0,1.259]],"o":[[1.259,0],[0,1.259],[-1.259,0],[0,-1.258]],"v":[[0,-2.28],[2.279,-0.001],[0,2.28],[-2.279,-0.001]],"c":true},"ix":2},"nm":"Path 1","mn":"ADBE Vector Shape - Group","hd":false},{"ty":"fl","c":{"a":0,"k":[0.234999997008,0.658999992819,1,1],"ix":4},"o":{"a":0,"k":100,"ix":5},"r":1,"bm":0,"nm":"Fill 1","mn":"ADBE Vector Graphic - Fill","hd":false},{"ty":"tr","p":{"a":0,"k":[15.955,122.546],"ix":2},"a":{"a":0,"k":[0,0],"ix":1},"s":{"a":0,"k":[100,100],"ix":3},"r":{"a":0,"k":0,"ix":6},"o":{"a":0,"k":100,"ix":7},"sk":{"a":0,"k":0,"ix":4},"sa":{"a":0,"k":0,"ix":5},"nm":"Transform"}],"nm":"Group 1","np":2,"cix":2,"bm":0,"ix":1,"mn":"ADBE Vector Group","hd":false}],"ip":0,"op":628,"st":0,"bm":0},{"ddd":0,"ind":18,"ty":4,"nm":"BG Outlines","sr":1,"ks":{"o":{"a":0,"k":100,"ix":11},"r":{"a":0,"k":0,"ix":10},"p":{"a":0,"k":[91.98,92.804,0],"ix":2},"a":{"a":0,"k":[95.73,94.054,0],"ix":1},"s":{"a":0,"k":[99.5,99.5,100],"ix":6}},"ao":0,"shapes":[{"ty":"gr","it":[{"ind":0,"ty":"sh","ix":1,"ks":{"a":0,"k":{"i":[[-29.582,0],[0,-29.582],[29.581,0],[0,29.582]],"o":[[29.581,0],[0,29.582],[-29.582,0],[0,-29.582]],"v":[[0,-53.563],[53.563,0.001],[0,53.563],[-53.563,0.001]],"c":true},"ix":2},"nm":"Path 1","mn":"ADBE Vector Shape - Group","hd":false},{"ty":"fl","c":{"a":0,"k":[0.375999989229,0.732999973671,1,1],"ix":4},"o":{"a":0,"k":100,"ix":5},"r":1,"bm":0,"nm":"Fill 1","mn":"ADBE Vector Graphic - Fill","hd":false},{"ty":"tr","p":{"a":0,"k":[95.73,94.054],"ix":2},"a":{"a":0,"k":[0,0],"ix":1},"s":{"a":0,"k":[100,100],"ix":3},"r":{"a":0,"k":0,"ix":6},"o":{"a":0,"k":100,"ix":7},"sk":{"a":0,"k":0,"ix":4},"sa":{"a":0,"k":0,"ix":5},"nm":"Transform"}],"nm":"Group 1","np":2,"cix":2,"bm":0,"ix":1,"mn":"ADBE Vector Group","hd":false}],"ip":0,"op":628,"st":0,"bm":0}],"markers":[{"tm":52,"cm":"1","dr":0},{"tm":201,"cm":"2","dr":0}]}